"TOA5","ALA2","CR6","26376","CR6.14.4.0","CPU:Settings_jan13_final_2minoffa.CR6","60205","ExoDirect1Data"
"TIMESTAMP","RECORD","Batt_V","Cable_V","Date","Time","Depth","Temp","Cond","SpCond","Sal_psu","DO_prct","DO_mgL","Chl_RFU","Chl_ugL","PC_RFU","PC_ugL","PE_RFU","PE_ugL","pH","ORP","fDOM_RFU","Turb_FNU","WipePos_V","WiperPeak_mA","ExoDirectParams(1,24)","ExoDirectParams(1,25)","ExoDirectSamplesCounter"
"TS","RN","","","","","","","","","","","","","","","","","","","","","","","","","",""
"","","Smp","Smp","Smp","Smp","Smp","Smp","Smp","Smp","Smp","Smp","Smp","Smp","Smp","Smp","Smp","Smp","Smp","Smp","Smp","Smp","Smp","Smp","Smp","Smp","Smp","Smp"
"2026-01-20 16:17:00",4,5.49,13.07,0,0,-0.01,21.82,105.96,112.8,0.05,80.64,7.07,0.03,0.15,0.06,-0.02,-99.9,-99.9,7.37,-99.9,3.1,0.75,1.23,39.37,0,0,2
"2026-01-20 16:32:00",5,5.49,13.08,0,0,-0.01,21.94,106.3,112.9,0.05,80.72,7.06,0.05,0.21,0.08,-0,-99.9,-99.9,7.37,-99.9,3.09,0.77,1.23,39.37,0,0,3
"2026-01-20 16:47:00",6,5.49,13.07,0,0,-0.01,21.97,106.41,112.95,0.05,80.41,7.03,0.05,0.2,0.04,-0.04,-99.9,-99.9,7.36,-99.9,3.1,0.77,1.22,35.03,0,0,4
"2026-01-20 17:02:00",7,5.49,13.08,0,0,-0.01,22.06,106.67,113.03,0.05,80.37,7.02,0.03,0.15,0.03,-0.05,-99.9,-99.9,7.36,-99.9,3.08,0.77,1.22,35.03,0,0,5
"2026-01-20 17:17:00",8,5.49,13.08,0,0,-0.01,22.07,106.79,113.13,0.05,79.97,6.98,0.03,0.15,0.04,-0.04,-99.9,-99.9,7.35,-99.9,3.1,0.76,1.24,39.82,0,0,6
"2026-01-20 17:32:00",9,5.49,13.08,0,0,-0.01,22.13,106.94,113.13,0.05,79.85,6.96,0.04,0.18,0.05,-0.03,-99.9,-99.9,7.35,-99.9,3.09,0.78,1.24,39.82,0,0,7
"2026-01-20 17:47:00",10,5.49,13.09,0,0,-0.01,22.12,107.01,113.24,0.05,79.44,6.93,0.06,0.25,0.04,-0.04,-99.9,-99.9,7.34,-99.9,3.09,0.76,1.23,34.74,0,0,8
"2026-01-20 18:02:00",11,5.5,13.08,0,0,-0.02,22.14,107.02,113.2,0.05,79.37,6.92,0.05,0.22,0.04,-0.03,-99.9,-99.9,7.35,-99.9,3.08,0.77,1.23,34.74,0,0,9
"2026-01-20 18:17:00",12,5.5,13.08,0,0,-0.02,22.09,107,113.29,0.05,78.76,6.87,0.04,0.18,0.04,-0.03,-99.9,-99.9,7.34,-99.9,3.11,0.76,1.23,35.27,0,0,10
"2026-01-20 18:32:00",13,5.5,13.08,0,0,-0.02,22.08,106.93,113.24,0.05,78.64,6.86,0.03,0.13,0.04,-0.04,-99.9,-99.9,7.34,-99.9,3.09,0.78,1.23,35.27,0,0,11
"2026-01-20 18:47:00",14,5.5,13.09,0,0,-0.02,22.02,106.93,113.39,0.05,78.13,6.83,0.04,0.19,0.04,-0.04,-99.9,-99.9,7.33,-99.9,3.11,0.76,1.22,35.13,0,0,12
"2026-01-20 19:02:00",15,5.5,13.08,0,0,-0.01,21.99,106.79,113.3,0.05,77.63,6.79,0.04,0.17,0.05,-0.02,-99.9,-99.9,7.34,-99.9,3.11,0.77,1.22,35.13,0,0,13
"2026-01-20 19:17:00",16,5.5,13.08,0,0,-0.02,21.92,106.74,113.41,0.05,77.52,6.79,0.03,0.14,0.03,-0.05,-99.9,-99.9,7.32,-99.9,3.08,0.8,1.23,39.17,0,0,14
"2026-01-20 19:32:00",17,5.5,13.08,0,0,-0.02,21.89,106.61,113.35,0.05,77.1,6.76,0.03,0.15,0.06,-0.02,-99.9,-99.9,7.33,-99.9,3.09,0.79,1.23,39.17,0,0,15
"2026-01-20 19:47:00",18,5.5,13.08,0,0,-0.02,21.81,106.56,113.48,0.05,76.55,6.72,0.05,0.23,0.03,-0.05,-99.9,-99.9,7.31,-99.9,3.09,0.8,1.22,34.65,0,0,16
"2026-01-20 20:02:00",19,5.5,13.08,0,0,-0.01,21.77,106.47,113.47,0.05,76.22,6.69,0.04,0.17,0.05,-0.03,-99.9,-99.9,7.32,-99.9,3.12,0.78,1.22,34.65,0,0,17
"2026-01-20 20:17:00",20,5.5,13.08,0,0,-0.02,21.69,106.33,113.51,0.05,75.78,6.66,0.03,0.12,0.07,-0.01,-99.9,-99.9,7.31,-99.9,3.11,0.82,1.23,34.3,0,0,18
"2026-01-20 20:32:00",21,5.5,13.08,0,0,-0.02,21.65,106.21,113.47,0.05,75.52,6.65,0.06,0.25,0.03,-0.05,-99.9,-99.9,7.32,-99.9,3.09,0.79,1.23,34.3,0,0,19
"2026-01-20 20:47:00",22,5.5,13.08,0,0,-0.01,21.57,106.2,113.65,0.05,74.91,6.6,0.03,0.12,0.02,-0.05,-99.9,-99.9,7.3,-99.9,3.11,0.82,1.23,39.86,0,0,20
"2026-01-20 21:02:00",23,5.5,13.08,0,0,-0.01,21.53,106.11,113.64,0.05,74.62,6.58,0.05,0.23,0.05,-0.03,-99.9,-99.9,7.31,-99.9,3.11,0.81,1.23,39.86,0,0,21
"2026-01-20 21:17:00",24,5.51,13.07,0,0,-0.01,21.44,105.97,113.69,0.05,74.2,6.56,0.05,0.21,0.04,-0.04,-99.9,-99.9,7.29,-99.9,3.1,0.82,1.22,35.41,0,0,22
"2026-01-20 21:32:00",25,5.5,13.08,0,0,-0.02,21.41,105.86,113.66,0.05,73.92,6.54,0.04,0.16,0.06,-0.02,-99.9,-99.9,7.3,-99.9,3.13,0.81,1.22,35.41,0,0,23
"2026-01-20 21:47:00",26,5.51,13.07,0,0,-0.02,21.32,105.78,113.78,0.05,73.48,6.51,0.03,0.14,0.06,-0.02,-99.9,-99.9,7.29,-99.9,3.1,0.79,1.24,39.78,0,0,24
"2026-01-20 22:02:00",27,5.51,13.08,0,0,-0.02,21.28,105.66,113.74,0.05,73.21,6.49,0.05,0.2,0.05,-0.03,-99.9,-99.9,7.27,-99.9,3.13,0.84,1.24,39.78,0,0,25
"2026-01-20 22:17:00",28,5.51,13.08,0,0,-0.02,21.19,105.57,113.84,0.05,72.89,6.47,0.03,0.14,0.04,-0.04,-99.9,-99.9,7.27,-99.9,3.12,0.85,1.22,35.46,0,0,26
"2026-01-20 22:32:00",29,5.51,13.07,0,0,-0.02,21.16,105.45,113.81,0.05,72.56,6.45,0.04,0.19,0.06,-0.02,-99.9,-99.9,7.29,-99.9,3.13,0.83,1.22,35.46,0,0,27
"2026-01-20 22:47:00",30,5.51,13.07,0,0,-0.02,21.07,105.4,113.95,0.05,72.16,6.42,0.03,0.14,0.07,-0.01,-99.9,-99.9,7.27,-99.9,3.14,0.85,1.22,36.12,0,0,28
"2026-01-20 23:02:00",31,5.51,13.07,0,0,-0.02,21.03,105.26,113.89,0.05,71.67,6.38,0.04,0.18,0.05,-0.03,-99.9,-99.9,7.27,-99.9,3.14,0.85,1.22,36.12,0,0,29
"2026-01-20 23:17:00",32,5.51,13.07,0,0,-0.02,20.95,105.24,114.05,0.05,71.33,6.36,0.05,0.23,0.04,-0.04,-99.9,-99.9,7.26,-99.9,3.15,0.85,1.23,39.26,0,0,30
"2026-01-20 23:32:00",33,5.51,13.08,0,0,-0.02,20.92,105.09,113.98,0.05,70.97,6.34,0.04,0.19,0.05,-0.03,-99.9,-99.9,7.27,-99.9,3.14,0.85,1.23,39.26,0,0,31
"2026-01-20 23:47:00",34,5.51,13.07,0,0,-0.02,20.84,105.03,114.1,0.05,70.54,6.31,0.05,0.2,0.05,-0.02,-99.9,-99.9,7.25,-99.9,3.15,0.87,1.22,35.88,0,0,32
"2026-01-21 00:02:00",35,5.51,13.07,0,0,-0.02,20.8,104.93,114.08,0.05,70.14,6.28,0.04,0.18,0.07,-0.01,-99.9,-99.9,7.24,-99.9,3.15,0.87,1.22,35.88,0,0,33
"2026-01-21 00:17:00",36,5.51,13.07,0,0,-0.02,20.72,104.88,114.21,0.05,69.87,6.26,0.04,0.16,0.04,-0.03,-99.9,-99.9,7.24,-99.9,3.15,0.88,1.23,39.53,0,0,34
"2026-01-21 00:32:00",37,5.52,13.08,0,0,-0.02,20.69,104.75,114.16,0.05,69.28,6.21,0.05,0.2,0.05,-0.03,-99.9,-99.9,7.24,-99.9,3.14,0.86,1.23,39.53,0,0,35
"2026-01-21 00:47:00",38,5.51,13.07,0,0,-0.02,20.61,104.73,114.3,0.05,69.09,6.2,0.04,0.18,0.05,-0.03,-99.9,-99.9,7.24,-99.9,3.16,0.89,1.22,36.16,0,0,36
"2026-01-21 01:02:00",39,5.51,13.07,0,0,-0.02,20.58,104.59,114.23,0.05,68.66,6.17,0.06,0.25,0.05,-0.03,-99.9,-99.9,7.24,-99.9,3.16,0.9,1.22,36.16,0,0,37
"2026-01-21 01:17:00",40,5.51,13.08,0,0,-0.02,20.51,104.6,114.41,0.05,68.18,6.14,0.04,0.18,0.07,-0.01,-99.9,-99.9,7.23,-99.9,3.16,0.91,1.23,36.97,0,0,38
"2026-01-21 01:32:00",41,5.51,13.07,0,0,-0.02,20.48,104.45,114.32,0.05,67.75,6.1,0.03,0.12,0.05,-0.03,-99.9,-99.9,7.23,-99.9,3.15,0.9,1.23,36.97,0,0,39
"2026-01-21 01:47:00",42,5.51,13.07,0,0,-0.02,20.41,104.37,114.41,0.05,67.42,6.08,0.03,0.13,0.07,-0.01,-99.9,-99.9,7.22,-99.9,3.17,0.9,1.23,39.8,0,0,40
"2026-01-21 02:02:00",43,5.51,13.08,0,0,-0.02,20.38,104.32,114.42,0.05,67.11,6.06,0.02,0.11,0.04,-0.04,-99.9,-99.9,7.22,-99.9,3.17,0.9,1.23,39.8,0,0,41
"2026-01-21 02:17:00",44,5.52,13.08,0,0,-0.02,20.31,104.28,114.54,0.05,66.68,6.02,0.04,0.19,0.05,-0.03,-99.9,-99.9,7.21,-99.9,3.15,0.9,1.22,36.56,0,0,42
"2026-01-21 02:32:00",45,5.52,13.07,0,0,-0.02,20.29,104.23,114.54,0.05,66.36,6,0.04,0.19,0.07,-0,-99.9,-99.9,7.21,-99.9,3.21,0.92,1.22,36.56,0,0,43
"2026-01-21 02:47:00",46,5.52,13.07,0,0,-0.02,20.21,104.15,114.63,0.05,66.06,5.98,0.04,0.17,0.05,-0.03,-99.9,-99.9,7.2,-99.9,3.17,0.92,1.23,39.6,0,0,44
"2026-01-21 03:02:00",47,5.52,13.07,0,0,-0.02,20.19,104.06,114.59,0.05,65.64,5.94,0.04,0.17,0.05,-0.02,-99.9,-99.9,7.2,-99.9,3.2,0.94,1.23,39.6,0,0,45
"2026-01-21 03:17:00",48,5.52,13.07,0,0,-0.02,20.13,104.03,114.71,0.05,65.53,5.94,0.04,0.17,0.06,-0.02,-99.9,-99.9,7.2,-99.9,3.17,0.94,1.23,36.3,0,0,46
"2026-01-21 03:32:00",49,5.52,13.07,0,0,-0.02,20.1,103.94,114.67,0.05,65.24,5.92,0.03,0.15,0.06,-0.01,-99.9,-99.9,7.2,-99.9,3.19,0.95,1.23,36.3,0,0,47
"2026-01-21 03:47:00",50,5.52,13.07,0,0,-0.02,20.04,103.95,114.83,0.05,65.04,5.91,0.04,0.19,0.04,-0.03,-99.9,-99.9,7.19,-99.9,3.18,0.96,1.22,37.41,0,0,48
"2026-01-21 04:02:02",51,5.52,13.07,0,0,-0.02,20.01,103.82,114.75,0.05,64.86,5.89,0.03,0.13,0.06,-0.02,-99.9,-99.9,7.2,-99.9,3.19,0.97,1.22,37.41,0,0,49
"2026-01-21 04:17:00",52,5.52,13.08,0,0,-0.02,19.95,103.82,114.89,0.05,64.65,5.88,0.04,0.18,0.05,-0.03,-99.9,-99.9,7.19,-99.9,3.2,0.99,1.23,35.76,0,0,50
"2026-01-21 04:32:00",53,5.52,13.08,0,0,-0.03,19.93,103.74,114.86,0.05,64.51,5.87,0.05,0.21,0.07,-0.01,-99.9,-99.9,7.2,-99.9,3.2,0.99,1.23,35.76,0,0,51
"2026-01-21 04:47:00",54,5.52,13.08,0,0,-0.02,19.87,103.71,114.98,0.05,64.54,5.88,0.04,0.18,0.05,-0.02,-99.9,-99.9,7.19,-99.9,3.19,0.97,1.23,40.1,0,0,52
"2026-01-21 05:02:00",55,5.52,13.08,0,0,-0.02,19.85,103.64,114.96,0.05,64.38,5.87,0.05,0.21,0.05,-0.02,-99.9,-99.9,7.2,-99.9,3.2,1,1.23,40.1,0,0,53
"2026-01-21 05:17:00",56,5.52,13.08,0,0,-0.02,19.79,103.62,115.08,0.05,64.26,5.87,0.04,0.19,0.05,-0.03,-99.9,-99.9,7.19,-99.9,3.19,1.01,1.22,36.65,0,0,54
"2026-01-21 05:32:00",57,5.52,13.08,0,0,-0.02,19.77,103.52,115.02,0.05,64.22,5.86,0.04,0.19,0.08,0,-99.9,-99.9,7.19,-99.9,3.19,1.03,1.22,36.65,0,0,55
"2026-01-21 05:47:00",58,5.52,13.08,0,0,-0.03,19.71,103.52,115.16,0.05,64.23,5.87,0.04,0.17,0.05,-0.02,-99.9,-99.9,7.18,-99.9,3.21,0.99,1.24,39.46,0,0,56
"2026-01-21 06:02:00",59,5.52,13.08,0,0,-0.03,19.69,103.43,115.11,0.05,64.17,5.87,0.05,0.2,0.06,-0.01,-99.9,-99.9,7.2,-99.9,3.2,1.01,1.24,39.46,0,0,57
"2026-01-21 06:17:00",60,5.52,13.08,0,0,-0.02,19.63,103.47,115.29,0.05,64.14,5.87,0.03,0.12,0.04,-0.04,-99.9,-99.9,7.18,-99.9,3.19,1.03,1.22,37.03,0,0,58
"2026-01-21 06:32:00",61,5.53,13.08,0,0,-0.02,19.61,103.33,115.18,0.05,64.09,5.87,0.05,0.21,0.07,-0,-99.9,-99.9,7.19,-99.9,3.21,1.02,1.22,37.03,0,0,59
"2026-01-21 06:47:00",62,5.52,13.08,0,0,-0.02,19.56,103.37,115.35,0.05,64.12,5.88,0.03,0.13,0.05,-0.03,-99.9,-99.9,7.18,-99.9,3.2,1.04,1.22,37.69,0,0,60
"2026-01-21 07:02:00",63,5.52,13.08,0,0,-0.02,19.54,103.27,115.29,0.05,64.12,5.88,0.05,0.23,0.06,-0.02,-99.9,-99.9,7.2,-99.9,3.18,1.02,1.22,37.69,0,0,61
"2026-01-21 07:17:00",64,5.52,13.07,0,0,-0.02,19.47,103.24,115.43,0.05,64.12,5.89,0.06,0.24,0.09,0.01,-99.9,-99.9,7.19,-99.9,3.18,1.02,1.23,39.65,0,0,62
"2026-01-21 07:32:00",65,5.52,13.08,0,0,-0.02,19.45,103.13,115.36,0.05,64.13,5.89,0.04,0.17,0.06,-0.02,-99.9,-99.9,7.2,-99.9,3.18,1.01,1.23,39.65,0,0,63
"2026-01-21 07:47:00",66,5.52,13.08,0,0,-0.02,19.39,103.13,115.51,0.05,64.12,5.9,0.05,0.2,0.05,-0.03,-99.9,-99.9,7.19,-99.9,3.2,1.03,1.22,36.52,0,0,64
"2026-01-21 08:02:00",67,5.52,13.08,0,0,-0.03,19.36,103.04,115.48,0.05,64.06,5.9,0.04,0.19,0.05,-0.03,-99.9,-99.9,7.2,-99.9,3.19,1.02,1.22,36.52,0,0,65
"2026-01-21 08:17:00",68,5.52,13.08,0,0,-0.03,19.32,103.05,115.59,0.05,64.07,5.9,0.03,0.14,0.08,0,-99.9,-99.9,7.19,-99.9,3.19,1.05,1.23,39.73,0,0,66
"2026-01-21 08:32:00",69,5.52,13.08,0,0,-0.03,19.31,103,115.56,0.05,64.02,5.9,0.04,0.18,0.07,-0.01,-99.9,-99.9,7.2,-99.9,3.19,1.04,1.23,39.73,0,0,67
"2026-01-21 08:47:00",70,5.52,13.08,0,0,-0.03,19.28,102.98,115.63,0.05,64.03,5.91,0.05,0.2,0.07,-0.01,-99.9,-99.9,7.19,-99.9,3.22,1.05,1.22,37.11,0,0,68
"2026-01-21 09:02:00",71,5.53,13.08,0,0,-0.03,19.27,102.99,115.64,0.05,64.06,5.91,0.05,0.2,0.06,-0.01,-99.9,-99.9,7.2,-99.9,3.19,1.05,1.22,37.11,0,0,69
"2026-01-21 09:17:00",72,5.52,13.08,0,0,-0.02,19.25,103.07,115.77,0.05,64.04,5.91,0.05,0.23,0.08,-0,-99.9,-99.9,7.19,-99.9,3.18,1.02,1.24,39.2,0,0,70
"2026-01-21 09:32:00",73,5.53,13.07,0,0,-0.02,19.26,103.07,115.75,0.05,64.02,5.91,0.06,0.24,0.07,-0.01,-99.9,-99.9,7.2,-99.9,3.19,1.04,1.24,39.2,0,0,71
"2026-01-21 09:47:00",74,5.53,13.08,0,0,-0.02,19.25,103.18,115.9,0.05,64.03,5.91,0.04,0.19,0.05,-0.03,-99.9,-99.9,7.19,-99.9,3.19,1.03,1.24,37.34,0,0,72
"2026-01-21 10:02:00",75,5.53,13.08,0,0,-0.02,19.27,103.21,115.9,0.05,64.02,5.91,0.02,0.11,0.07,-0.01,-99.9,-99.9,7.2,-99.9,3.18,1.02,1.24,37.34,0,0,73
"2026-01-21 10:17:00",76,5.53,13.08,0,0,-0.03,19.27,103.35,116.05,0.05,64,5.9,0.04,0.16,0.09,0.01,-99.9,-99.9,7.18,-99.9,3.18,1.07,1.24,37.75,0,0,74
"2026-01-21 10:32:00",77,5.53,13.07,0,0,-0.03,19.3,103.38,116.02,0.05,64.02,5.9,0.05,0.22,0.11,0.03,-99.9,-99.9,7.19,-99.9,3.19,1.04,1.24,37.75,0,0,75
"2026-01-21 10:47:00",78,5.53,13.07,0,0,-0.02,19.33,103.55,116.13,0.05,64.19,5.91,0.02,0.11,0.08,0,-99.9,-99.9,7.19,-99.9,3.18,1.05,1.24,37.22,0,0,76
"2026-01-21 11:02:00",79,5.53,13.08,0,0,-0.02,19.4,103.7,116.11,0.05,64.16,5.9,0.04,0.19,0.06,-0.02,-99.9,-99.9,7.21,-99.9,3.17,1.03,1.24,37.22,0,0,77
"2026-01-21 11:17:00",80,5.52,13.08,0,0,-0.02,19.46,103.88,116.18,0.05,64.17,5.9,0.03,0.15,0.05,-0.02,-99.9,-99.9,7.19,-99.9,3.17,1.05,1.24,38.08,0,0,78
"2026-01-21 11:32:00",81,5.53,13.07,0,0,-0.02,19.54,104.12,116.25,0.05,64.31,5.9,0.04,0.19,0.04,-0.04,-99.9,-99.9,7.2,-99.9,3.15,1.05,1.24,38.08,0,0,79
"2026-01-21 11:47:00",82,5.53,13.08,0,0,-0.02,19.59,104.3,116.32,0.05,64.5,5.91,0.04,0.17,0.05,-0.03,-99.9,-99.9,7.19,-99.9,3.15,1.05,1.24,36.5,0,0,80
"2026-01-21 12:02:00",83,5.53,13.07,0,0,-0.03,19.7,104.58,116.36,0.05,64.48,5.9,0.03,0.13,0.08,0,-99.9,-99.9,7.2,-99.9,3.16,1.02,1.24,36.5,0,0,81
"2026-01-21 12:17:00",84,5.53,13.07,0,0,-0.02,19.76,104.75,116.39,0.05,64.81,5.92,0.05,0.22,0.07,-0.01,-99.9,-99.9,7.2,-99.9,3.13,1.05,1.24,35.94,0,0,82
"2026-01-21 12:32:00",85,5.53,13.07,0,0,-0.02,19.91,105.22,116.55,0.05,64.68,5.89,0.04,0.19,0.05,-0.02,-99.9,-99.9,7.21,-99.9,3.13,1.06,1.24,35.94,0,0,83
"2026-01-21 12:47:00",86,5.53,13.07,0,0,-0.02,20.03,105.47,116.54,0.05,65.34,5.94,0.03,0.15,0.09,0.01,-99.9,-99.9,7.2,-99.9,3.11,1.04,1.24,37.13,0,0,84
"2026-01-21 13:02:00",87,5.53,13.07,0,0,-0.03,20.24,106.12,116.72,0.05,65.14,5.89,0.04,0.18,0.05,-0.03,-99.9,-99.9,7.21,-99.9,3.11,1.02,1.24,37.13,0,0,85
"2026-01-21 13:17:00",88,5.53,13.07,0,0,-0.03,20.39,106.47,116.75,0.05,65.93,5.95,0.05,0.23,0.1,0.02,-99.9,-99.9,7.19,-99.9,3.1,1.05,1.24,35.89,0,0,86
"2026-01-21 13:32:00",89,5.53,13.07,0,0,-0.02,20.63,107.13,116.89,0.05,65.98,5.92,0.05,0.2,0.05,-0.03,-99.9,-99.9,7.2,-99.9,3.1,1.03,1.24,35.89,0,0,87
"2026-01-21 13:47:00",90,5.53,13.07,0,0,-0.02,20.76,107.47,116.94,0.05,66.75,5.98,0.05,0.23,0.07,-0.01,-99.9,-99.9,7.18,-99.9,3.11,1.04,1.23,35.98,0,0,88
"2026-01-21 14:02:00",91,5.53,13.07,0,0,-0.02,20.99,108.17,117.13,0.05,66.81,5.96,0.04,0.19,0.03,-0.05,-99.9,-99.9,7.19,-99.9,3.17,1.02,1.23,35.98,0,0,89
"2026-01-21 14:17:00",92,5.53,13.07,0,0,-0.03,21.08,108.36,117.14,0.05,67.21,5.98,0.03,0.14,0.08,-0,-99.9,-99.9,7.18,-99.9,3.11,1.06,1.23,35.68,0,0,90
"2026-01-21 14:32:00",93,5.53,13.07,0,0,-0.03,21.3,109,117.3,0.05,67.2,5.95,0.05,0.22,0.06,-0.02,-99.9,-99.9,7.18,-99.9,3.11,1.04,1.23,35.68,0,0,91
"2026-01-21 14:47:00",94,5.53,13.08,0,0,-0.03,21.38,109.17,117.29,0.05,67.43,5.97,0.04,0.18,0.04,-0.04,-99.9,-99.9,7.17,-99.9,3.1,1.05,1.23,34.84,0,0,92
"2026-01-21 15:02:00",95,5.53,13.08,0,0,-0.03,21.56,109.71,117.42,0.05,67.53,5.95,0.03,0.14,0.04,-0.03,-99.9,-99.9,7.18,-99.9,3.1,1.03,1.23,34.84,0,0,93
"2026-01-21 15:17:00",96,5.53,13.07,0,0,-0.03,21.6,109.91,117.54,0.05,67.44,5.94,0.03,0.14,0.05,-0.03,-99.9,-99.9,7.17,-99.9,3.09,1.04,1.22,35.2,0,0,94
"2026-01-21 15:32:00",97,5.53,13.08,0,0,-0.02,21.76,110.29,117.57,0.05,67.55,5.93,0.03,0.12,0.04,-0.04,-99.9,-99.9,7.17,-99.9,3.09,1.02,1.22,35.2,0,0,95
"2026-01-21 15:47:00",98,5.53,13.08,0,0,-0.02,21.78,110.42,117.66,0.05,67.43,5.92,0.05,0.22,0.06,-0.02,-99.9,-99.9,7.17,-99.9,3.07,1.05,1.22,35.56,0,0,96
"2026-01-21 16:02:00",99,5.53,13.08,0,0,-0.02,21.89,110.73,117.71,0.05,67.59,5.92,0.05,0.22,0.04,-0.04,-99.9,-99.9,7.16,-99.9,3.07,1.03,1.22,35.56,0,0,97
"2026-01-21 16:17:00",100,5.53,13.08,0,0,-0.02,21.92,110.89,117.82,0.05,67.64,5.92,0.05,0.24,0.04,-0.04,-99.9,-99.9,7.16,-99.9,3.09,1.03,1.23,39.93,0,0,98
"2026-01-21 16:32:00",101,5.53,13.08,0,0,-0.02,22.02,111.13,117.84,0.05,67.7,5.92,0.05,0.2,0.06,-0.02,-99.9,-99.9,7.16,-99.9,3.07,1.03,1.23,39.93,0,0,99
"2026-01-21 16:47:00",102,5.53,13.08,0,0,-0.02,22,111.14,117.88,0.05,67.45,5.9,0.05,0.21,0.05,-0.03,-99.9,-99.9,7.15,-99.9,3.08,1.03,1.22,34.57,0,0,100
"2026-01-21 17:02:00",103,5.53,13.08,0,0,-0.02,22.07,111.35,117.94,0.05,67.46,5.89,0.06,0.25,0.04,-0.04,-99.9,-99.9,7.16,-99.9,3.07,1.04,1.22,34.57,0,0,101
"2026-01-21 17:17:00",104,5.53,13.08,0,0,-0.03,22.05,111.38,118.03,0.05,67.25,5.87,0.04,0.16,0.04,-0.03,-99.9,-99.9,7.15,-99.9,3.07,1.04,1.23,39.61,0,0,102
"2026-01-21 17:32:00",105,5.53,13.08,0,0,-0.03,22.09,111.46,118.02,0.05,67.2,5.86,0.04,0.19,0.06,-0.02,-99.9,-99.9,7.16,-99.9,3.06,1.05,1.23,39.61,0,0,103
"2026-01-21 17:47:00",106,5.53,13.08,0,0,-0.03,22.05,111.52,118.17,0.05,67.03,5.85,0.06,0.27,0.02,-0.06,-99.9,-99.9,7.15,-99.9,3.08,1.07,1.23,35.43,0,0,104
"2026-01-21 18:02:00",107,5.53,13.08,0,0,-0.03,22.07,111.49,118.1,0.05,67.14,5.86,0.04,0.16,0.05,-0.03,-99.9,-99.9,7.16,-99.9,3.07,1.05,1.23,35.43,0,0,105
"2026-01-21 18:17:00",108,5.53,13.08,0,0,-0.02,22.02,111.44,118.17,0.05,66.94,5.85,0.05,0.21,0.02,-0.05,-99.9,-99.9,7.15,-99.9,3.06,1.03,1.22,36.27,0,0,106
"2026-01-21 18:32:00",109,5.53,13.08,0,0,-0.02,22.01,111.39,118.13,0.05,67.16,5.87,0.03,0.15,0.02,-0.06,-99.9,-99.9,7.16,-99.9,3.08,1.03,1.22,36.27,0,0,107
"2026-01-21 18:47:00",110,5.53,13.08,0,0,-0.02,21.96,111.35,118.22,0.05,66.89,5.85,0.06,0.26,0.04,-0.04,-99.9,-99.9,7.15,-99.9,3.06,1.02,1.23,39.19,0,0,108
"2026-01-21 19:02:00",111,5.53,13.08,0,0,-0.02,21.94,111.32,118.23,0.05,66.98,5.86,0.05,0.22,0.05,-0.02,-99.9,-99.9,7.16,-99.9,3.07,1.02,1.23,39.19,0,0,109
"2026-01-21 19:17:00",112,5.53,13.08,0,0,-0.02,21.88,111.2,118.25,0.05,67.05,5.87,0.06,0.26,0.05,-0.03,-99.9,-99.9,7.14,-99.9,3.08,1.03,1.22,35.1,0,0,110
"2026-01-21 19:32:00",113,5.53,13.08,0,0,-0.02,21.85,111.14,118.24,0.05,67.03,5.88,0.04,0.19,0.05,-0.03,-99.9,-99.9,7.16,-99.9,3.06,1.03,1.22,35.1,0,0,111
"2026-01-21 19:47:00",114,5.53,13.07,0,0,-0.02,21.78,111.08,118.35,0.05,66.96,5.88,0.03,0.14,0.05,-0.03,-99.9,-99.9,7.15,-99.9,3.06,1.03,1.23,39.51,0,0,112
"2026-01-21 20:02:00",115,5.53,13.08,0,0,-0.02,21.76,110.96,118.29,0.05,66.79,5.87,0.05,0.21,0.05,-0.03,-99.9,-99.9,7.16,-99.9,3.07,1.03,1.23,39.51,0,0,113
"2026-01-21 20:17:00",116,5.53,13.08,0,0,-0.02,21.68,110.88,118.39,0.06,66.86,5.88,0.04,0.19,0.03,-0.04,-99.9,-99.9,7.14,-99.9,3.06,1.03,1.22,35.82,0,0,114
"2026-01-21 20:32:00",117,5.53,13.08,0,0,-0.02,21.65,110.8,118.37,0.06,66.68,5.87,0.05,0.23,0.04,-0.04,-99.9,-99.9,7.16,-99.9,3.07,1.05,1.22,35.82,0,0,115
"2026-01-21 20:47:00",118,5.53,13.08,0,0,-0.02,21.57,110.73,118.49,0.06,66.66,5.88,0.04,0.19,0.05,-0.03,-99.9,-99.9,7.15,-99.9,3.09,1.03,1.24,39.52,0,0,116
"2026-01-21 21:02:00",119,5.53,13.08,0,0,-0.02,21.54,110.61,118.45,0.06,66.68,5.88,0.06,0.26,0.06,-0.02,-99.9,-99.9,7.16,-99.9,3.06,1.02,1.24,39.52,0,0,117
"2026-01-21 21:17:00",120,5.53,13.08,0,0,-0.02,21.45,110.5,118.53,0.06,66.55,5.88,0.04,0.18,0.06,-0.01,-99.9,-99.9,7.15,-99.9,3.08,1.01,1.23,35.93,0,0,118
"2026-01-21 21:32:00",121,5.53,13.07,0,0,-0.02,21.42,110.38,118.49,0.06,66.58,5.89,0.05,0.23,0.04,-0.04,-99.9,-99.9,7.16,-99.9,3.06,1.03,1.23,35.93,0,0,119
"2026-01-21 21:47:00",122,5.53,13.07,0,0,-0.02,21.33,110.32,118.63,0.06,66.48,5.89,0.04,0.17,0.04,-0.04,-99.9,-99.9,7.15,-99.9,3.06,1.03,1.23,35.1,0,0,120
"2026-01-21 22:02:00",123,5.53,13.08,0,0,-0.02,21.3,110.21,118.6,0.06,66.29,5.87,0.04,0.17,0.06,-0.02,-99.9,-99.9,7.16,-99.9,3.08,1.02,1.23,35.1,0,0,121
"2026-01-21 22:17:00",124,5.53,13.08,0,0,-0.02,21.21,110.12,118.71,0.06,66.52,5.9,0.04,0.19,0.06,-0.02,-99.9,-99.9,7.15,-99.9,3.07,1.04,1.23,36.38,0,0,122
"2026-01-21 22:32:00",125,5.53,13.08,0,0,-0.02,21.17,110.07,118.75,0.06,66.31,5.89,0.05,0.22,0.07,-0.01,-99.9,-99.9,7.16,-99.9,3.06,1.02,1.23,36.38,0,0,123
"2026-01-21 22:47:00",126,5.53,13.08,0,0,-0.03,21.09,109.92,118.79,0.06,66.3,5.9,0.05,0.23,0.07,-0,-99.9,-99.9,7.15,-99.9,3.1,1.02,1.23,35.62,0,0,124
"2026-01-21 23:02:00",127,5.53,13.08,0,0,-0.03,21.06,109.78,118.72,0.06,66.19,5.89,0.05,0.21,0.07,-0.01,-99.9,-99.9,7.16,-99.9,3.08,1,1.23,35.62,0,0,125
"2026-01-21 23:17:00",128,5.53,13.08,0,0,-0.02,20.98,109.71,118.84,0.06,66.18,5.9,0.05,0.23,0.03,-0.05,-99.9,-99.9,7.15,-99.9,3.08,1.03,1.23,35.9,0,0,126
"2026-01-21 23:32:00",129,5.53,13.08,0,0,-0.02,20.94,109.56,118.77,0.06,66.05,5.89,0.05,0.23,0.06,-0.02,-99.9,-99.9,7.17,-99.9,3.08,1.05,1.23,35.9,0,0,127
"2026-01-21 23:47:00",130,5.53,13.08,0,0,-0.02,20.86,109.48,118.88,0.06,66.13,5.91,0.02,0.08,0.05,-0.03,-99.9,-99.9,7.16,-99.9,3.08,1.04,1.23,35.29,0,0,128
"2026-01-22 00:02:00",131,5.53,13.08,0,0,-0.03,20.83,109.4,118.87,0.06,65.93,5.9,0.05,0.2,0.06,-0.02,-99.9,-99.9,7.16,-99.9,3.1,1.02,1.23,35.29,0,0,129
"2026-01-22 00:17:00",132,5.54,13.08,0,0,-0.03,20.74,109.31,118.98,0.06,65.86,5.9,0.05,0.2,0.04,-0.04,-99.9,-99.9,7.16,-99.9,3.09,1.06,1.23,35.34,0,0,130
"2026-01-22 00:32:00",133,5.54,13.08,0,0,-0.03,20.72,109.25,118.98,0.06,65.8,5.9,0.06,0.25,0.07,-0.01,-99.9,-99.9,7.17,-99.9,3.08,1.03,1.23,35.34,0,0,131
"2026-01-22 00:47:00",134,5.53,13.08,0,0,-0.03,20.65,109.16,119.06,0.06,65.9,5.91,0.06,0.25,0.07,-0.01,-99.9,-99.9,7.16,-99.9,3.11,1.03,1.23,35.93,0,0,132
"2026-01-22 01:02:00",135,5.54,13.08,0,0,-0.03,20.61,109.08,119.06,0.06,65.74,5.9,0.05,0.24,0.04,-0.03,-99.9,-99.9,7.17,-99.9,3.09,1.02,1.23,35.93,0,0,133
"2026-01-22 01:17:00",136,5.54,13.08,0,0,-0.03,20.54,109,119.15,0.06,65.8,5.92,0.03,0.15,0.02,-0.05,-99.9,-99.9,7.16,-99.9,3.09,1.03,1.23,37.47,0,0,134
"2026-01-22 01:32:00",137,5.54,13.07,0,0,-0.04,20.51,108.89,119.1,0.06,65.69,5.91,0.05,0.22,0.06,-0.02,-99.9,-99.9,7.17,-99.9,3.09,1,1.23,37.47,0,0,135
"2026-01-22 01:47:00",138,5.53,13.08,0,0,-0.03,20.44,108.82,119.21,0.06,65.76,5.93,0.04,0.18,0.06,-0.02,-99.9,-99.9,7.16,-99.9,3.09,1.04,1.23,35.81,0,0,136
"2026-01-22 02:02:00",139,5.54,13.08,0,0,-0.04,20.41,108.74,119.18,0.06,65.59,5.91,0.05,0.22,0.02,-0.06,-99.9,-99.9,7.17,-99.9,3.1,1.04,1.23,35.81,0,0,137
"2026-01-22 02:17:00",140,5.54,13.08,0,0,-0.04,20.35,108.66,119.27,0.06,65.71,5.93,0.03,0.14,0.05,-0.02,-99.9,-99.9,7.16,-99.9,3.1,1.04,1.22,38,0,0,138
"2026-01-22 02:32:00",141,5.54,13.08,0,0,-0.04,20.32,108.58,119.23,0.06,65.62,5.93,0.04,0.19,0.05,-0.02,-99.9,-99.9,7.18,-99.9,3.09,1.04,1.22,38,0,0,139
"2026-01-22 02:47:00",142,5.54,13.07,0,0,-0.04,20.26,108.52,119.32,0.06,65.55,5.93,0.04,0.19,0.06,-0.02,-99.9,-99.9,7.17,-99.9,3.1,1.04,1.22,36.72,0,0,140
"2026-01-22 03:02:00",143,5.54,13.07,0,0,-0.04,20.24,108.44,119.3,0.06,65.58,5.93,0.03,0.13,0.08,-0,-99.9,-99.9,7.17,-99.9,3.11,1.06,1.22,36.72,0,0,141
"2026-01-22 03:17:00",144,5.54,13.07,0,0,-0.05,20.17,108.32,119.33,0.06,65.76,5.96,0.06,0.24,0.06,-0.02,-99.9,-99.9,7.16,-99.9,3.09,1.04,1.22,36.25,0,0,142
"2026-01-22 03:32:00",145,5.54,13.07,0,0,-0.05,20.15,108.28,119.34,0.06,65.56,5.94,0.05,0.21,0.06,-0.02,-99.9,-99.9,7.18,-99.9,3.08,1.04,1.22,36.25,0,0,143
"2026-01-22 03:47:00",146,5.54,13.08,0,0,-0.05,20.09,108.24,119.44,0.06,65.65,5.96,0.05,0.2,0.06,-0.02,-99.9,-99.9,7.16,-99.9,3.09,1.03,1.23,36.6,0,0,144
"2026-01-22 04:02:00",147,5.54,13.07,0,0,-0.05,20.07,108.16,119.41,0.06,65.51,5.95,0.04,0.17,0.03,-0.04,-99.9,-99.9,7.18,-99.9,3.11,1.01,1.23,36.6,0,0,145
"2026-01-22 04:17:00",148,5.54,13.07,0,0,-0.05,20,108.07,119.47,0.06,65.52,5.96,0.04,0.17,0.05,-0.03,-99.9,-99.9,7.17,-99.9,3.09,1.05,1.23,36.17,0,0,146
"2026-01-22 04:32:00",149,5.54,13.07,0,0,-0.05,19.99,108.03,119.46,0.06,65.46,5.95,0.05,0.22,0.07,-0.01,-99.9,-99.9,7.18,-99.9,3.09,1.04,1.23,36.17,0,0,147
"2026-01-22 04:47:00",150,5.54,13.08,0,0,-0.05,19.93,107.97,119.55,0.06,65.42,5.96,0.04,0.16,0.06,-0.02,-99.9,-99.9,7.17,-99.9,3.1,1.03,1.24,36.9,0,0,148
"2026-01-22 05:02:00",151,5.54,13.08,0,0,-0.05,19.91,107.94,119.56,0.06,65.45,5.96,0.05,0.22,0.06,-0.02,-99.9,-99.9,7.18,-99.9,3.1,1.04,1.24,36.9,0,0,149
"2026-01-22 05:17:00",152,5.54,13.07,0,0,-0.05,19.85,107.88,119.64,0.06,65.5,5.97,0.05,0.21,0.06,-0.02,-99.9,-99.9,7.17,-99.9,3.09,1.05,1.24,37.96,0,0,150
"2026-01-22 05:32:00",153,5.54,13.07,0,0,-0.05,19.84,107.82,119.61,0.06,65.43,5.97,0.05,0.2,0.05,-0.03,-99.9,-99.9,7.18,-99.9,3.12,1.02,1.24,37.96,0,0,151
"2026-01-22 05:47:00",154,5.54,13.07,0,0,-0.05,19.78,107.73,119.67,0.06,65.43,5.97,0.04,0.17,0.07,-0.01,-99.9,-99.9,7.17,-99.9,3.11,1.03,1.22,37.39,0,0,152
"2026-01-22 06:02:00",155,5.54,13.07,0,0,-0.05,19.77,107.71,119.67,0.06,65.39,5.97,0.04,0.17,0.07,-0.01,-99.9,-99.9,7.18,-99.9,3.11,1.05,1.22,37.39,0,0,153
"2026-01-22 06:17:00",156,5.54,13.08,0,0,-0.05,19.72,107.71,119.79,0.06,65.37,5.98,0.06,0.26,0.07,-0.01,-99.9,-99.9,7.18,-99.9,3.09,1.04,1.23,39.75,0,0,154
"2026-01-22 06:32:00",157,5.54,13.07,0,0,-0.05,19.7,107.62,119.73,0.06,65.36,5.98,0.04,0.18,0.09,0.01,-99.9,-99.9,7.18,-99.9,3.1,1.03,1.23,39.75,0,0,155
"2026-01-22 06:47:00",158,5.54,13.07,0,0,-0.05,19.65,107.62,119.86,0.06,65.37,5.98,0.04,0.18,0.04,-0.04,-99.9,-99.9,7.18,-99.9,3.1,1.05,1.22,36.46,0,0,156
"2026-01-22 07:02:00",159,5.54,13.07,0,0,-0.05,19.64,107.55,119.81,0.06,65.38,5.99,0.05,0.21,0.06,-0.02,-99.9,-99.9,7.18,-99.9,3.11,1.03,1.22,36.46,0,0,157
"2026-01-22 07:17:00",160,5.54,13.07,0,0,-0.05,19.58,107.5,119.9,0.06,65.4,5.99,0.04,0.16,0.04,-0.03,-99.9,-99.9,7.18,-99.9,3.1,1.04,1.22,36.61,0,0,158
"2026-01-22 07:32:00",161,5.54,13.08,0,0,-0.05,19.56,107.41,119.87,0.06,65.38,6,0.04,0.19,0.06,-0.01,-99.9,-99.9,7.19,-99.9,3.09,1.04,1.22,36.61,0,0,159
"2026-01-22 07:47:00",162,5.54,13.07,0,0,-0.05,19.49,107.35,119.98,0.06,65.33,6,0.05,0.22,0.07,-0.01,-99.9,-99.9,7.18,-99.9,3.11,1.09,1.23,39.71,0,0,160
"2026-01-22 08:02:00",163,5.54,13.08,0,0,-0.05,19.46,107.24,119.94,0.06,65.25,6,0.05,0.22,0.09,0.01,-99.9,-99.9,7.19,-99.9,3.09,1.03,1.23,39.71,0,0,161
"2026-01-22 08:17:00",164,5.54,13.08,0,0,-0.05,19.39,107.2,120.07,0.06,65.4,6.02,0.05,0.2,0.07,-0.01,-99.9,-99.9,7.18,-99.9,3.09,1.06,1.22,37,0,0,162
"2026-01-22 08:32:00",165,5.54,13.08,0,0,-0.05,19.36,107.11,120.03,0.06,65.23,6.01,0.06,0.24,0.08,0,-99.9,-99.9,7.19,-99.9,3.1,1.03,1.22,37,0,0,163
"2026-01-22 08:47:00",166,5.54,13.08,0,0,-0.05,19.33,107.13,120.14,0.06,65.26,6.01,0.04,0.18,0.08,0.01,-99.9,-99.9,7.18,-99.9,3.12,1.03,1.23,39.98,0,0,164
"2026-01-22 09:02:00",167,5.54,13.08,0,0,-0.05,19.34,107.15,120.13,0.06,65.27,6.01,0.05,0.2,0.05,-0.02,-99.9,-99.9,7.19,-99.9,3.09,1.04,1.23,39.98,0,0,165
"2026-01-22 09:17:00",168,5.54,13.08,0,0,-0.04,19.35,107.27,120.24,0.06,65.32,6.01,0.05,0.23,0.04,-0.03,-99.9,-99.9,7.18,-99.9,3.11,1.06,1.22,37.67,0,0,166
"2026-01-22 09:32:00",169,5.54,13.08,0,0,-0.04,19.42,107.48,120.29,0.06,65.33,6.01,0.04,0.19,0.05,-0.03,-99.9,-99.9,7.21,-99.9,3.09,1.02,1.22,37.67,0,0,167
"2026-01-22 09:47:00",170,5.54,13.08,0,0,-0.04,19.52,107.76,120.36,0.06,65.46,6.01,0.05,0.22,0.07,-0,-99.9,-99.9,7.19,-99.9,3.1,1.04,1.23,37.82,0,0,168
"2026-01-22 10:02:00",171,5.54,13.08,0,0,-0.04,19.69,108.25,120.48,0.06,65.32,5.97,0.04,0.19,0.06,-0.01,-99.9,-99.9,7.21,-99.9,3.07,1.05,1.23,37.82,0,0,169
"2026-01-22 10:17:00",172,5.54,13.08,0,0,-0.04,19.83,108.56,120.47,0.06,66.41,6.06,0.05,0.22,0.05,-0.02,-99.9,-99.9,7.19,-99.9,3.08,1.07,1.23,39.57,0,0,170
"2026-01-22 10:32:00",173,5.54,13.07,0,0,-0.04,20.07,109.24,120.6,0.06,66.21,6.01,0.05,0.2,0.05,-0.03,-99.9,-99.9,7.2,-99.9,3.06,0.97,1.23,39.57,0,0,171
"2026-01-22 10:47:00",174,5.54,13.08,0,0,-0.03,20.22,109.64,120.66,0.06,66.79,6.05,0.05,0.21,0.08,0,-99.9,-99.9,7.18,-99.9,3.06,1.03,1.22,36.26,0,0,172
"2026-01-22 11:02:00",175,5.54,13.08,0,0,-0.03,20.45,110.31,120.8,0.06,67.06,6.04,0.06,0.24,0.07,-0.01,-99.9,-99.9,7.2,-99.9,3.09,1.03,1.22,36.26,0,0,173
"2026-01-22 11:17:00",176,5.54,13.08,0,0,-0.04,20.56,110.6,120.83,0.06,67.5,6.07,0.04,0.17,0.07,-0.01,-99.9,-99.9,7.18,-99.9,3.06,1.04,1.23,39.17,0,0,174
"2026-01-22 11:32:00",177,5.54,13.08,0,0,-0.04,20.79,111.22,120.96,0.06,67.69,6.06,0.05,0.23,0.07,-0.01,-99.9,-99.9,7.19,-99.9,3.05,1.04,1.23,39.17,0,0,175
"2026-01-22 11:47:00",178,5.54,13.08,0,0,-0.04,20.89,111.52,121.03,0.06,67.96,6.07,0.05,0.23,0.06,-0.02,-99.9,-99.9,7.18,-99.9,3.05,1.06,1.22,35.86,0,0,176
"2026-01-22 12:02:00",179,5.54,13.08,0,0,-0.04,21.1,112.09,121.11,0.06,68.09,6.06,0.03,0.14,0.04,-0.03,-99.9,-99.9,7.18,-99.9,3.04,1.03,1.22,35.86,0,0,177
"2026-01-22 12:17:00",180,5.54,13.08,0,0,-0.04,21.2,112.34,121.13,0.06,68.67,6.1,0.04,0.19,0.08,-0,-99.9,-99.9,7.17,-99.9,3.04,1.04,1.23,39.41,0,0,178
"2026-01-22 12:32:00",181,5.54,13.08,0,0,-0.04,21.43,112.99,121.27,0.06,68.72,6.07,0.06,0.28,0.07,-0.01,-99.9,-99.9,7.18,-99.9,3.03,1.01,1.23,39.41,0,0,179
"2026-01-22 12:47:00",182,5.54,13.07,0,0,-0.04,21.5,113.21,121.31,0.06,68.83,6.07,0.06,0.25,0.08,-0,-99.9,-99.9,7.17,-99.9,3.04,1.04,1.22,36.2,0,0,180
"2026-01-22 13:02:00",183,5.54,13.08,0,0,-0.04,21.69,113.73,121.4,0.06,68.98,6.07,0.05,0.22,0.04,-0.04,-99.9,-99.9,7.17,-99.9,3.03,1.04,1.22,36.2,0,0,181
"2026-01-22 13:17:00",184,5.54,13.08,0,0,-0.04,21.76,113.96,121.48,0.06,69.06,6.07,0.04,0.17,0.05,-0.03,-99.9,-99.9,7.17,-99.9,3.03,1.06,1.23,35.92,0,0,182
"2026-01-22 13:32:00",185,5.54,13.08,0,0,-0.04,21.94,114.46,121.56,0.06,69.27,6.06,0.06,0.24,0.05,-0.03,-99.9,-99.9,7.18,-99.9,3,1.05,1.23,35.92,0,0,183
"2026-01-22 13:47:00",186,5.54,13.08,0,0,-0.04,21.99,114.65,121.64,0.06,69.42,6.07,0.04,0.17,0.06,-0.02,-99.9,-99.9,7.16,-99.9,3.01,1.06,1.23,39.51,0,0,184
"2026-01-22 14:02:00",187,5.54,13.08,0,0,-0.04,22.13,114.99,121.67,0.06,69.48,6.06,0.05,0.2,0.05,-0.03,-99.9,-99.9,7.17,-99.9,3.02,1.04,1.23,39.51,0,0,185
"2026-01-22 14:17:00",188,5.54,13.09,0,0,-0.05,22.15,115.12,121.74,0.06,69.36,6.05,0.04,0.19,0.04,-0.03,-99.9,-99.9,7.16,-99.9,3.01,1.04,1.22,35.03,0,0,186
"2026-01-22 14:32:00",189,5.54,13.08,0,0,-0.04,22.27,115.42,121.77,0.06,69.47,6.04,0.05,0.21,0.06,-0.01,-99.9,-99.9,7.16,-99.9,2.99,1.04,1.22,35.03,0,0,187
"2026-01-22 14:47:00",190,5.54,13.09,0,0,-0.04,22.29,115.58,121.89,0.06,69.53,6.04,0.05,0.21,0.05,-0.03,-99.9,-99.9,7.16,-99.9,3,1.04,1.23,39.58,0,0,188
"2026-01-22 15:02:00",191,5.54,13.08,0,0,-0.05,22.39,115.88,121.95,0.06,69.68,6.05,0.06,0.26,0.05,-0.03,-99.9,-99.9,7.16,-99.9,2.98,1.04,1.23,39.58,0,0,189
"2026-01-22 15:17:00",192,5.54,13.09,0,0,-0.05,22.4,115.93,121.99,0.06,69.5,6.03,0.06,0.25,0.03,-0.04,-99.9,-99.9,7.16,-99.9,3,1.05,1.22,35.35,0,0,190
"2026-01-22 15:32:00",193,5.54,13.08,0,0,-0.05,22.49,116.18,122.02,0.06,69.54,6.02,0.04,0.19,0.05,-0.03,-99.9,-99.9,7.16,-99.9,3,1.04,1.22,35.35,0,0,191
"2026-01-22 15:47:00",194,5.54,13.08,0,0,-0.05,22.5,116.25,122.08,0.06,69.44,6.01,0.05,0.22,0.03,-0.05,-99.9,-99.9,7.15,-99.9,2.98,1.04,1.23,39.81,0,0,192
"2026-01-22 16:02:00",195,5.54,13.09,0,0,-0.05,22.59,116.5,122.13,0.06,69.53,6.01,0.06,0.25,0.07,-0,-99.9,-99.9,7.16,-99.9,2.99,1.04,1.23,39.81,0,0,193
"2026-01-22 16:17:00",196,5.54,13.08,0,0,-0.05,22.6,116.6,122.21,0.06,69.57,6.01,0.05,0.21,0.07,-0.01,-99.9,-99.9,7.15,-99.9,2.99,1.05,1.23,34.82,0,0,194
"2026-01-22 16:32:00",197,5.54,13.09,0,0,-0.05,22.66,116.75,122.22,0.06,69.61,6.01,0.05,0.2,0.04,-0.04,-99.9,-99.9,7.16,-99.9,3,1.06,1.23,34.82,0,0,195
"2026-01-22 16:47:00",198,5.54,13.08,0,0,-0.05,22.63,116.73,122.26,0.06,69.36,5.99,0.08,0.32,0.03,-0.05,-99.9,-99.9,7.15,-99.9,2.98,1.03,1.22,35.47,0,0,196
"2026-01-22 17:02:00",199,5.54,13.09,0,0,-0.05,22.66,116.84,122.3,0.06,69.39,5.99,0.05,0.22,0.03,-0.05,-99.9,-99.9,7.16,-99.9,3,1.01,1.22,35.47,0,0,197
"2026-01-22 17:17:00",200,5.54,13.09,0,0,-0.05,22.62,116.83,122.39,0.06,69.35,5.99,0.05,0.22,0.05,-0.03,-99.9,-99.9,7.14,-99.9,2.99,1.05,1.22,34.8,0,0,198
"2026-01-22 17:32:00",201,5.54,13.08,0,0,-0.05,22.63,116.85,122.38,0.06,69.32,5.99,0.05,0.23,0.04,-0.04,-99.9,-99.9,7.15,-99.9,2.99,1.07,1.22,34.8,0,0,199
"2026-01-22 17:47:02",202,5.54,13.07,0,0,-0.05,22.58,116.75,122.41,0.06,69.29,5.99,0.06,0.24,0.03,-0.05,-99.9,-99.9,7.14,-99.9,2.99,1.07,1.22,34.75,0,0,200
"2026-01-22 18:02:00",203,5.54,13.08,0,0,-0.05,22.57,116.75,122.42,0.06,69.25,5.99,0.06,0.25,0.05,-0.03,-99.9,-99.9,7.16,-99.9,3,1.03,1.22,34.75,0,0,201
"2026-01-22 18:17:00",204,5.54,13.07,0,0,-0.05,22.51,116.7,122.52,0.06,69.13,5.98,0.05,0.22,0.05,-0.03,-99.9,-99.9,7.14,-99.9,2.98,1.05,1.23,39.4,0,0,202
"2026-01-22 18:32:00",205,5.54,13.08,0,0,-0.05,22.49,116.58,122.45,0.06,68.95,5.97,0.05,0.2,0.03,-0.05,-99.9,-99.9,7.15,-99.9,2.99,1.06,1.23,39.4,0,0,203
"2026-01-22 18:47:00",206,5.54,13.08,0,0,-0.05,22.42,116.52,122.57,0.06,69.11,5.99,0.05,0.21,0.06,-0.02,-99.9,-99.9,7.14,-99.9,2.99,1.07,1.22,35.02,0,0,204
"2026-01-22 19:02:00",207,5.54,13.08,0,0,-0.05,22.39,116.38,122.5,0.06,68.9,5.98,0.03,0.15,0.06,-0.02,-99.9,-99.9,7.15,-99.9,3,1.07,1.22,35.02,0,0,205
"2026-01-22 19:17:00",208,5.54,13.08,0,0,-0.05,22.31,116.33,122.64,0.06,68.88,5.99,0.05,0.2,0.06,-0.02,-99.9,-99.9,7.15,-99.9,2.98,1.07,1.23,39.85,0,0,206
"2026-01-22 19:32:00",209,5.54,13.08,0,0,-0.05,22.27,116.17,122.57,0.06,68.69,5.97,0.04,0.19,0.06,-0.02,-99.9,-99.9,7.16,-99.9,3.01,1.06,1.23,39.85,0,0,207
"2026-01-22 19:47:00",210,5.54,13.08,0,0,-0.05,22.18,116.07,122.69,0.06,68.57,5.97,0.05,0.22,0.05,-0.03,-99.9,-99.9,7.15,-99.9,3,1.06,1.23,34.3,0,0,208
"2026-01-22 20:02:00",211,5.54,13.08,0,0,-0.05,22.13,115.9,122.62,0.06,68.53,5.98,0.03,0.15,0.05,-0.03,-99.9,-99.9,7.14,-99.9,3.02,1.06,1.23,34.3,0,0,209
"2026-01-22 20:17:00",212,5.54,13.08,0,0,-0.05,22.03,115.78,122.74,0.06,68.52,5.99,0.05,0.21,0.05,-0.03,-99.9,-99.9,7.14,-99.9,3.02,1.05,1.22,34.68,0,0,210
"2026-01-22 20:32:00",213,5.54,13.08,0,0,-0.05,21.99,115.63,122.69,0.06,68.27,5.97,0.05,0.24,0.07,-0.01,-99.9,-99.9,7.16,-99.9,3.03,1.05,1.22,34.68,0,0,211
"2026-01-22 20:47:00",214,5.55,13.08,0,0,-0.05,21.89,115.51,122.8,0.06,68.19,5.97,0.07,0.29,0.04,-0.04,-99.9,-99.9,7.15,-99.9,3.02,1.06,1.23,39.57,0,0,212
"2026-01-22 21:02:00",215,5.54,13.08,0,0,-0.05,21.85,115.37,122.77,0.06,68.19,5.98,0.04,0.17,0.05,-0.03,-99.9,-99.9,7.16,-99.9,3.03,1.06,1.23,39.57,0,0,213
"2026-01-22 21:17:00",216,5.55,13.08,0,0,-0.05,21.75,115.18,122.82,0.06,68.1,5.98,0.04,0.16,0.05,-0.03,-99.9,-99.9,7.15,-99.9,3.01,1.06,1.22,35.39,0,0,214
"2026-01-22 21:32:00",217,5.55,13.08,0,0,-0.05,21.7,115.09,122.83,0.06,67.95,5.97,0.05,0.23,0.06,-0.01,-99.9,-99.9,7.16,-99.9,3.01,1.06,1.22,35.39,0,0,215
"2026-01-22 21:47:00",218,5.55,13.08,0,0,-0.05,21.61,114.95,122.92,0.06,67.8,5.97,0.04,0.18,0.07,-0,-99.9,-99.9,7.15,-99.9,3.04,1.06,1.23,35.66,0,0,216
"2026-01-22 22:02:00",219,5.55,13.07,0,0,-0.05,21.56,114.78,122.86,0.06,67.73,5.97,0.03,0.15,0.04,-0.04,-99.9,-99.9,7.16,-99.9,3.03,1.03,1.23,35.66,0,0,217
"2026-01-22 22:17:00",220,5.54,13.08,0,0,-0.05,21.46,114.67,122.98,0.06,67.75,5.99,0.06,0.27,0.07,-0.01,-99.9,-99.9,7.15,-99.9,3.02,1.05,1.23,39.71,0,0,218
"2026-01-22 22:32:00",221,5.54,13.08,0,0,-0.05,21.41,114.51,122.94,0.06,67.56,5.97,0.05,0.23,0.08,-0,-99.9,-99.9,7.16,-99.9,3.05,1.06,1.23,39.71,0,0,219
"2026-01-22 22:47:00",222,5.55,13.08,0,0,-0.05,21.32,114.4,123.06,0.06,67.51,5.98,0.06,0.25,0.05,-0.03,-99.9,-99.9,7.16,-99.9,3.05,1.06,1.22,36.27,0,0,220
"2026-01-22 23:02:00",223,5.54,13.08,0,0,-0.05,21.27,114.2,122.97,0.06,67.52,5.99,0.06,0.25,0.07,-0.01,-99.9,-99.9,7.16,-99.9,3.05,1.08,1.22,36.27,0,0,221
"2026-01-22 23:17:00",224,5.54,13.08,0,0,-0.05,21.18,114.1,123.09,0.06,67.38,5.99,0.05,0.21,0.08,-0,-99.9,-99.9,7.16,-99.9,3.06,1.06,1.23,39.19,0,0,222
"2026-01-22 23:32:00",225,5.55,13.08,0,0,-0.05,21.13,113.97,123.05,0.06,67.38,5.99,0.04,0.16,0.05,-0.03,-99.9,-99.9,7.16,-99.9,3.05,1.05,1.23,39.19,0,0,223
"2026-01-22 23:47:00",226,5.55,13.08,0,0,-0.05,21.05,113.87,123.17,0.06,67.28,5.99,0.05,0.21,0.07,-0.01,-99.9,-99.9,7.16,-99.9,3.06,1.05,1.22,35.7,0,0,224
"2026-01-23 00:02:00",227,5.54,13.08,0,0,-0.05,21.01,113.7,123.1,0.06,67.26,5.99,0.05,0.2,0.09,0.02,-99.9,-99.9,7.17,-99.9,3.04,1.06,1.22,35.7,0,0,225
"2026-01-23 00:17:00",228,5.55,13.08,0,0,-0.05,20.92,113.58,123.18,0.06,67.18,6,0.06,0.24,0.05,-0.02,-99.9,-99.9,7.16,-99.9,3.07,1.05,1.22,36.15,0,0,226
"2026-01-23 00:32:00",229,5.55,13.08,0,0,-0.05,20.88,113.47,123.15,0.06,67.04,5.99,0.05,0.22,0.07,-0.01,-99.9,-99.9,7.17,-99.9,3.05,1.06,1.22,36.15,0,0,227
"2026-01-23 00:47:00",230,5.55,13.08,0,0,-0.05,20.8,113.36,123.23,0.06,67.01,6,0.07,0.3,0.07,-0.01,-99.9,-99.9,7.16,-99.9,3.07,1.06,1.22,36.59,0,0,228
"2026-01-23 01:02:00",231,5.55,13.08,0,0,-0.06,20.77,113.24,123.2,0.06,66.9,5.99,0.04,0.19,0.06,-0.02,-99.9,-99.9,7.17,-99.9,3.07,1.06,1.22,36.59,0,0,229
"2026-01-23 01:17:00",232,5.55,13.08,0,0,-0.06,20.69,113.16,123.31,0.06,67,6.01,0.05,0.2,0.06,-0.02,-99.9,-99.9,7.17,-99.9,3.06,1.08,1.23,39.68,0,0,230
"2026-01-23 01:32:00",233,5.55,13.08,0,0,-0.06,20.66,113.08,123.3,0.06,66.93,6.01,0.04,0.19,0.07,-0.01,-99.9,-99.9,7.17,-99.9,3.07,1.05,1.23,39.68,0,0,231
"2026-01-23 01:47:00",234,5.55,13.08,0,0,-0.06,20.59,112.94,123.33,0.06,66.88,6.01,0.05,0.22,0.09,0.01,-99.9,-99.9,7.17,-99.9,3.07,1.06,1.22,37.38,0,0,232
"2026-01-23 02:02:00",235,5.55,13.08,0,0,-0.06,20.56,112.87,123.32,0.06,66.87,6.01,0.05,0.22,0.06,-0.02,-99.9,-99.9,7.17,-99.9,3.05,1.04,1.22,37.38,0,0,233
"2026-01-23 02:17:00",236,5.55,13.08,0,0,-0.06,20.49,112.79,123.42,0.06,66.81,6.01,0.06,0.25,0.06,-0.02,-99.9,-99.9,7.17,-99.9,3.08,1.08,1.23,39.06,0,0,234
"2026-01-23 02:32:00",237,5.55,13.08,0,0,-0.06,20.46,112.69,123.37,0.06,66.79,6.02,0.05,0.2,0.07,-0.01,-99.9,-99.9,7.17,-99.9,3.08,1.07,1.23,39.06,0,0,235
"2026-01-23 02:47:00",238,5.55,13.08,0,0,-0.06,20.39,112.55,123.41,0.06,66.71,6.02,0.06,0.27,0.06,-0.02,-99.9,-99.9,7.17,-99.9,3.09,1.06,1.22,36.11,0,0,236
"2026-01-23 03:02:00",239,5.55,13.08,0,0,-0.06,20.37,112.51,123.42,0.06,66.59,6.01,0.04,0.17,0.05,-0.03,-99.9,-99.9,7.18,-99.9,3.07,1.08,1.22,36.11,0,0,237
"2026-01-23 03:17:00",240,5.55,13.07,0,0,-0.06,20.32,112.47,123.52,0.06,66.68,6.02,0.05,0.2,0.06,-0.02,-99.9,-99.9,7.17,-99.9,3.08,1.09,1.23,36.95,0,0,238
"2026-01-23 03:32:00",241,5.55,13.08,0,0,-0.06,20.3,112.41,123.5,0.06,66.62,6.02,0.08,0.33,0.04,-0.04,-99.9,-99.9,7.18,-99.9,3.09,1.08,1.23,36.95,0,0,239
"2026-01-23 03:47:00",242,5.55,13.08,0,0,-0.06,20.24,112.32,123.57,0.06,66.67,6.03,0.05,0.22,0.06,-0.02,-99.9,-99.9,7.17,-99.9,3.08,1.07,1.23,39.41,0,0,240
"2026-01-23 04:02:00",243,5.55,13.07,0,0,-0.06,20.22,112.24,123.52,0.06,66.54,6.02,0.07,0.28,0.08,-0,-99.9,-99.9,7.18,-99.9,3.09,1.06,1.23,39.41,0,0,241
"2026-01-23 04:17:00",244,5.55,13.08,0,0,-0.06,20.16,112.21,123.63,0.06,66.59,6.03,0.03,0.14,0.06,-0.02,-99.9,-99.9,7.17,-99.9,3.06,1.07,1.22,38.42,0,0,242
"2026-01-23 04:32:00",245,5.55,13.07,0,0,-0.06,20.15,112.13,123.58,0.06,66.5,6.03,0.06,0.24,0.04,-0.04,-99.9,-99.9,7.18,-99.9,3.07,1.07,1.22,38.42,0,0,243
"2026-01-23 04:47:00",246,5.55,13.08,0,0,-0.06,20.09,112.07,123.67,0.06,66.52,6.04,0.05,0.24,0.05,-0.03,-99.9,-99.9,7.17,-99.9,3.08,1.08,1.23,39.79,0,0,244
"2026-01-23 05:02:00",247,5.55,13.08,0,0,-0.06,20.08,112.05,123.67,0.06,66.48,6.03,0.05,0.22,0.07,-0.01,-99.9,-99.9,7.18,-99.9,3.06,1.08,1.23,39.79,0,0,245
"2026-01-23 05:17:00",248,5.55,13.08,0,0,-0.07,20.03,112.03,123.77,0.06,66.52,6.04,0.04,0.19,0.07,-0,-99.9,-99.9,7.18,-99.9,3.07,1.08,1.22,37.52,0,0,246
"2026-01-23 05:32:00",249,5.55,13.08,0,0,-0.06,20.02,111.96,123.72,0.06,66.54,6.05,0.05,0.21,0.09,0.01,-99.9,-99.9,7.18,-99.9,3.1,1.08,1.22,37.52,0,0,247
"2026-01-23 05:47:00",250,5.55,13.08,0,0,-0.07,19.98,111.92,123.8,0.06,66.53,6.05,0.04,0.18,0.07,-0.01,-99.9,-99.9,7.17,-99.9,3.08,1.06,1.23,39.86,0,0,248
"2026-01-23 06:02:00",251,5.55,13.08,0,0,-0.06,19.97,111.89,123.79,0.06,66.47,6.05,0.05,0.23,0.06,-0.02,-99.9,-99.9,7.19,-99.9,3.09,1.06,1.23,39.86,0,0,249
"2026-01-23 06:17:00",252,5.55,13.08,0,0,-0.06,19.92,111.88,123.89,0.06,66.44,6.05,0.06,0.25,0.09,0.01,-99.9,-99.9,7.18,-99.9,3.08,1.07,1.23,36.92,0,0,250
"2026-01-23 06:32:00",253,5.55,13.08,0,0,-0.06,19.92,111.83,123.85,0.06,66.45,6.05,0.05,0.21,0.09,0.01,-99.9,-99.9,7.18,-99.9,3.08,1.08,1.23,36.92,0,0,251
"2026-01-23 06:47:00",254,5.55,13.07,0,0,-0.06,19.88,111.83,123.95,0.06,66.38,6.05,0.06,0.25,0.07,-0,-99.9,-99.9,7.18,-99.9,3.08,1.08,1.23,39.44,0,0,252
"2026-01-23 07:02:00",255,5.55,13.07,0,0,-0.06,19.88,111.81,123.94,0.06,66.39,6.05,0.06,0.25,0.06,-0.02,-99.9,-99.9,7.19,-99.9,3.08,1.06,1.23,39.44,0,0,253
"2026-01-23 07:17:00",256,5.55,13.08,0,0,-0.06,19.84,111.79,124.01,0.06,66.43,6.06,0.05,0.21,0.09,0.01,-99.9,-99.9,7.18,-99.9,3.08,1.07,1.22,38.49,0,0,254
"2026-01-23 07:32:00",257,5.55,13.08,0,0,-0.06,19.82,111.71,123.97,0.06,66.37,6.05,0.04,0.19,0.07,-0,-99.9,-99.9,7.19,-99.9,3.08,1.08,1.22,38.49,0,0,255
"2026-01-23 07:47:00",258,5.55,13.08,0,0,-0.06,19.77,111.68,124.07,0.06,66.35,6.06,0.07,0.28,0.07,-0,-99.9,-99.9,7.18,-99.9,3.08,1.09,1.24,39.43,0,0,256
"2026-01-23 08:02:00",259,5.55,13.07,0,0,-0.07,19.76,111.59,124.01,0.06,66.31,6.06,0.07,0.31,0.06,-0.01,-99.9,-99.9,7.19,-99.9,3.09,1.1,1.24,39.43,0,0,257
"2026-01-23 08:17:00",260,5.55,13.07,0,0,-0.06,19.71,111.58,124.12,0.06,66.41,6.07,0.06,0.28,0.07,-0.01,-99.9,-99.9,7.18,-99.9,3.08,1.08,1.23,37.5,0,0,258
"2026-01-23 08:32:00",261,5.55,13.08,0,0,-0.06,19.73,111.65,124.16,0.06,66.39,6.07,0.07,0.3,0.09,0.01,-99.9,-99.9,7.19,-99.9,3.08,1.05,1.23,37.5,0,0,259
"2026-01-23 08:47:00",262,5.55,13.08,0,0,-0.06,19.76,111.84,124.27,0.06,66.37,6.06,0.06,0.24,0.08,-0,-99.9,-99.9,7.18,-99.9,3.07,1.08,1.23,39.75,0,0,260
"2026-01-23 09:02:00",263,5.55,13.08,0,0,-0.06,19.86,112.16,124.37,0.06,66.22,6.04,0.06,0.27,0.09,0.01,-99.9,-99.9,7.21,-99.9,3.09,1.08,1.23,39.75,0,0,261
"2026-01-23 09:17:00",264,5.55,13.08,0,0,-0.05,19.95,112.33,124.33,0.06,66.61,6.06,0.05,0.22,0.07,-0.01,-99.9,-99.9,7.19,-99.9,3.07,1.09,1.22,36.44,0,0,262
"2026-01-23 09:32:00",265,5.55,13.08,0,0,-0.05,20.11,112.86,124.48,0.06,66.56,6.04,0.06,0.25,0.07,-0.01,-99.9,-99.9,7.2,-99.9,3.06,1.07,1.22,36.44,0,0,263
"2026-01-23 09:47:00",266,5.55,13.08,0,0,-0.05,20.23,113.18,124.54,0.06,67.23,6.08,0.04,0.18,0.06,-0.02,-99.9,-99.9,7.19,-99.9,3.07,1.09,1.23,39.44,0,0,264
"2026-01-23 10:02:00",267,5.55,13.08,0,0,-0.05,20.4,113.68,124.62,0.06,67.32,6.07,0.07,0.28,0.07,-0.01,-99.9,-99.9,7.2,-99.9,3.05,1.07,1.23,39.44,0,0,265
"2026-01-23 10:17:00",268,5.55,13.08,0,0,-0.05,20.5,113.96,124.67,0.06,67.69,6.09,0.04,0.19,0.06,-0.01,-99.9,-99.9,7.18,-99.9,3.07,1.07,1.22,37.31,0,0,266
"2026-01-23 10:32:00",269,5.55,13.08,0,0,-0.05,20.7,114.51,124.77,0.06,67.77,6.08,0.06,0.27,0.05,-0.03,-99.9,-99.9,7.2,-99.9,3.06,1.04,1.22,37.31,0,0,267
"2026-01-23 10:47:00",270,5.55,13.08,0,0,-0.04,20.81,114.8,124.79,0.06,68.18,6.1,0.05,0.23,0.07,-0.01,-99.9,-99.9,7.18,-99.9,3.06,1.08,1.23,39.27,0,0,268
"2026-01-23 11:02:00",271,5.55,13.08,0,0,-0.04,21.01,115.37,124.9,0.06,68.29,6.09,0.04,0.17,0.05,-0.02,-99.9,-99.9,7.2,-99.9,3.06,1.07,1.23,39.27,0,0,269
"2026-01-23 11:17:00",272,5.55,13.08,0,0,-0.05,21.1,115.65,124.97,0.06,68.76,6.12,0.05,0.23,0.08,-0,-99.9,-99.9,7.18,-99.9,3.04,1.11,1.22,35.81,0,0,270
"2026-01-23 11:32:00",273,5.55,13.08,0,0,-0.05,21.28,116.14,125.02,0.06,68.99,6.12,0.06,0.26,0.07,-0.01,-99.9,-99.9,7.19,-99.9,3.03,1.09,1.22,35.81,0,0,271
"2026-01-23 11:47:00",274,5.55,13.08,0,0,-0.05,21.32,116.28,125.07,0.06,69.01,6.11,0.05,0.2,0.05,-0.03,-99.9,-99.9,7.18,-99.9,3.04,1.11,1.23,39.77,0,0,272
"2026-01-23 12:02:00",275,5.55,13.08,0,0,-0.05,21.47,116.71,125.14,0.06,69.05,6.1,0.07,0.3,0.05,-0.03,-99.9,-99.9,7.18,-99.9,3.01,1.07,1.23,39.77,0,0,273
"2026-01-23 12:17:00",276,5.54,13.08,0,0,-0.05,21.49,116.79,125.18,0.06,68.92,6.08,0.06,0.25,0.05,-0.03,-99.9,-99.9,7.17,-99.9,3.03,1.07,1.23,35.7,0,0,274
"2026-01-23 12:32:00",277,5.55,13.08,0,0,-0.06,21.61,117.16,125.26,0.06,69.02,6.08,0.05,0.23,0.06,-0.01,-99.9,-99.9,7.18,-99.9,3.03,1.07,1.23,35.7,0,0,275
"2026-01-23 12:47:00",278,5.55,13.08,0,0,-0.06,21.62,117.28,125.36,0.06,68.93,6.07,0.05,0.22,0.05,-0.02,-99.9,-99.9,7.17,-99.9,3.01,1.1,1.22,36.04,0,0,276
"2026-01-23 13:02:00",279,5.55,13.08,0,0,-0.06,21.72,117.53,125.38,0.06,69.06,6.07,0.06,0.27,0.04,-0.04,-99.9,-99.9,7.18,-99.9,3.02,1.08,1.22,36.04,0,0,277
"2026-01-23 13:17:00",280,5.55,13.08,0,0,-0.06,21.72,117.58,125.43,0.06,68.98,6.06,0.06,0.27,0.05,-0.03,-99.9,-99.9,7.17,-99.9,3,1.09,1.22,36.21,0,0,278
"2026-01-23 13:32:00",281,5.55,13.07,0,0,-0.06,21.81,117.84,125.48,0.06,69.07,6.06,0.05,0.23,0.03,-0.05,-99.9,-99.9,7.17,-99.9,3.03,1.07,1.22,36.21,0,0,279
"2026-01-23 13:47:00",282,5.55,13.08,0,0,-0.07,21.81,117.91,125.56,0.06,68.92,6.05,0.06,0.26,0.06,-0.02,-99.9,-99.9,7.17,-99.9,3.01,1.1,1.22,36.05,0,0,280
"2026-01-23 14:02:00",283,5.55,13.08,0,0,-0.07,21.88,118.1,125.57,0.06,69,6.05,0.08,0.32,0.05,-0.02,-99.9,-99.9,7.17,-99.9,3.02,1.08,1.22,36.05,0,0,281
"2026-01-23 14:17:00",284,5.55,13.07,0,0,-0.07,21.88,118.15,125.63,0.06,68.91,6.04,0.07,0.28,0.06,-0.02,-99.9,-99.9,7.16,-99.9,3.03,1.1,1.22,35.29,0,0,282
"2026-01-23 14:32:00",285,5.55,13.08,0,0,-0.07,21.95,118.38,125.7,0.06,69.02,6.04,0.05,0.2,0.07,-0.01,-99.9,-99.9,7.17,-99.9,3,1.08,1.22,35.29,0,0,283
"2026-01-23 14:47:00",286,5.55,13.08,0,0,-0.07,21.96,118.5,125.8,0.06,69.47,6.08,0.07,0.31,0.06,-0.02,-99.9,-99.9,7.16,-99.9,3.05,1.12,1.22,35.08,0,0,284
"2026-01-23 15:02:00",287,5.55,13.08,0,0,-0.07,22.03,118.67,125.81,0.06,69.45,6.07,0.05,0.22,0.08,0,-99.9,-99.9,7.17,-99.9,3.04,1.11,1.22,35.08,0,0,285
"2026-01-23 15:17:00",288,5.55,13.08,0,0,-0.07,22.04,118.81,125.92,0.06,69.27,6.05,0.05,0.23,0.06,-0.02,-99.9,-99.9,7.15,-99.9,3.04,1.12,1.23,35.39,0,0,286
"2026-01-23 15:32:00",289,5.55,13.08,0,0,-0.07,22.1,118.94,125.92,0.06,69.25,6.04,0.06,0.24,0.09,0.01,-99.9,-99.9,7.17,-99.9,3.02,1.1,1.23,35.39,0,0,287
"2026-01-23 15:47:00",290,5.55,13.08,0,0,-0.07,22.09,118.95,125.96,0.06,69.14,6.03,0.06,0.27,0.05,-0.03,-99.9,-99.9,7.15,-99.9,3.02,1.1,1.23,35.94,0,0,288
"2026-01-23 16:02:00",291,5.55,13.08,0,0,-0.06,22.14,119.18,126.07,0.06,69.11,6.03,0.06,0.26,0.04,-0.04,-99.9,-99.9,7.16,-99.9,3.04,1.09,1.23,35.94,0,0,289
"2026-01-23 16:17:00",292,5.55,13.08,0,0,-0.07,22.13,119.23,126.15,0.06,69.08,6.02,0.06,0.25,0.07,-0.01,-99.9,-99.9,7.15,-99.9,3.04,1.12,1.23,35.87,0,0,290
"2026-01-23 16:32:00",293,5.55,13.09,0,0,-0.07,22.16,119.31,126.15,0.06,69.1,6.02,0.06,0.26,0.04,-0.04,-99.9,-99.9,7.16,-99.9,3.04,1.08,1.23,35.87,0,0,291
"2026-01-23 16:47:00",294,5.55,13.08,0,0,-0.07,22.14,119.31,126.2,0.06,69.05,6.02,0.06,0.24,0.08,-0,-99.9,-99.9,7.15,-99.9,3.04,1.11,1.23,36.96,0,0,292
"2026-01-23 17:02:00",295,5.55,13.09,0,0,-0.07,22.17,119.39,126.21,0.06,69,6.01,0.04,0.16,0.04,-0.04,-99.9,-99.9,7.16,-99.9,3.02,1.1,1.23,36.96,0,0,293
"2026-01-23 17:17:00",296,5.55,13.08,0,0,-0.07,22.14,119.45,126.34,0.06,68.98,6.01,0.05,0.2,0.03,-0.05,-99.9,-99.9,7.15,-99.9,3.02,1.12,1.23,34.54,0,0,294
"2026-01-23 17:32:00",297,5.55,13.08,0,0,-0.07,22.17,119.47,126.31,0.06,69,6.01,0.07,0.29,0.04,-0.04,-99.9,-99.9,7.17,-99.9,3.02,1.12,1.23,34.54,0,0,295
"2026-01-23 17:47:00",298,5.55,13.08,0,0,-0.07,22.13,119.47,126.39,0.06,69.09,6.02,0.06,0.27,0.04,-0.04,-99.9,-99.9,7.15,-99.9,3.03,1.13,1.24,39.46,0,0,296
"2026-01-23 18:02:00",299,5.55,13.08,0,0,-0.07,22.15,119.55,126.43,0.06,69.06,6.02,0.06,0.27,0.06,-0.01,-99.9,-99.9,7.17,-99.9,3.02,1.09,1.24,39.46,0,0,297
"2026-01-23 18:17:00",300,5.55,13.09,0,0,-0.07,22.12,119.49,126.46,0.06,68.84,6,0.06,0.24,0.04,-0.04,-99.9,-99.9,7.15,-99.9,3.04,1.1,1.23,34.73,0,0,298
"2026-01-23 18:32:00",301,5.55,13.08,0,0,-0.07,22.12,119.48,126.44,0.06,68.83,6,0.06,0.25,0.08,-0,-99.9,-99.9,7.16,-99.9,3.01,1.09,1.23,34.73,0,0,299
"2026-01-23 18:47:00",302,5.55,13.08,0,0,-0.07,22.06,119.41,126.5,0.06,68.79,6.01,0.06,0.26,0.06,-0.02,-99.9,-99.9,7.15,-99.9,3.03,1.1,1.24,39.49,0,0,300
"2026-01-23 19:02:00",303,5.55,13.09,0,0,-0.07,22.05,119.33,126.46,0.06,68.77,6.01,0.06,0.24,0.05,-0.03,-99.9,-99.9,7.15,-99.9,3,1.11,1.24,39.49,0,0,301
"2026-01-23 19:17:00",304,5.55,13.08,0,0,-0.07,21.97,119.23,126.55,0.06,68.65,6,0.08,0.32,0.04,-0.04,-99.9,-99.9,7.15,-99.9,3.02,1.12,1.22,34.6,0,0,302
"2026-01-23 19:32:00",305,5.55,13.08,0,0,-0.07,21.95,119.15,126.52,0.06,68.59,6,0.06,0.28,0.05,-0.03,-99.9,-99.9,7.17,-99.9,3.03,1.11,1.22,34.6,0,0,303
"2026-01-23 19:47:00",306,5.55,13.08,0,0,-0.07,21.87,119.08,126.66,0.06,68.52,6.01,0.04,0.19,0.04,-0.04,-99.9,-99.9,7.15,-99.9,3.03,1.12,1.22,36.5,0,0,304
"2026-01-23 20:02:00",307,5.55,13.08,0,0,-0.07,21.83,118.91,126.58,0.06,68.44,6,0.05,0.2,0.07,-0.01,-99.9,-99.9,7.17,-99.9,3.03,1.11,1.22,36.5,0,0,305
"2026-01-23 20:17:00",308,5.55,13.08,0,0,-0.07,21.73,118.79,126.69,0.06,68.39,6.01,0.05,0.23,0.05,-0.03,-99.9,-99.9,7.16,-99.9,3.05,1.1,1.23,39.57,0,0,306
"2026-01-23 20:32:00",309,5.55,13.08,0,0,-0.07,21.69,118.63,126.63,0.06,68.28,6,0.06,0.28,0.06,-0.01,-99.9,-99.9,7.17,-99.9,3.03,1.1,1.23,39.57,0,0,307
"2026-01-23 20:47:00",310,5.56,13.08,0,0,-0.07,21.59,118.51,126.76,0.06,68.18,6.01,0.04,0.18,0.07,-0.01,-99.9,-99.9,7.16,-99.9,3.05,1.1,1.23,35.47,0,0,308
"2026-01-23 21:02:00",311,5.55,13.08,0,0,-0.07,21.55,118.32,126.67,0.06,68.1,6.01,0.06,0.24,0.08,-0,-99.9,-99.9,7.17,-99.9,3.05,1.11,1.23,35.47,0,0,309
"2026-01-23 21:17:00",312,5.55,13.08,0,0,-0.07,21.45,118.21,126.8,0.06,68.09,6.02,0.05,0.2,0.06,-0.02,-99.9,-99.9,7.16,-99.9,3.05,1.12,1.23,39.37,0,0,310
"2026-01-23 21:32:00",313,5.55,13.08,0,0,-0.06,21.41,118.03,126.73,0.06,67.98,6.01,0.05,0.23,0.05,-0.02,-99.9,-99.9,7.17,-99.9,3.06,1.12,1.23,39.37,0,0,311
"2026-01-23 21:47:00",314,5.55,13.07,0,0,-0.07,21.31,117.91,126.85,0.06,67.81,6.01,0.06,0.24,0.07,-0.01,-99.9,-99.9,7.16,-99.9,3.08,1.1,1.22,36.26,0,0,312
"2026-01-23 22:02:00",315,5.55,13.07,0,0,-0.06,21.27,117.75,126.79,0.06,67.72,6,0.08,0.34,0.06,-0.02,-99.9,-99.9,7.17,-99.9,3.1,1.1,1.22,36.26,0,0,313
"2026-01-23 22:17:00",316,5.55,13.08,0,0,-0.07,21.18,117.61,126.87,0.06,67.75,6.02,0.07,0.3,0.05,-0.02,-99.9,-99.9,7.16,-99.9,3.08,1.12,1.23,40.1,0,0,314
"2026-01-23 22:32:00",317,5.56,13.09,0,0,-0.07,21.14,117.51,126.86,0.06,67.63,6.01,0.05,0.22,0.08,0,-99.9,-99.9,7.18,-99.9,3.07,1.12,1.23,40.1,0,0,315
"2026-01-23 22:47:00",318,5.55,13.08,0,0,-0.07,21.05,117.4,126.96,0.06,67.6,6.02,0.06,0.26,0.05,-0.02,-99.9,-99.9,7.16,-99.9,3.07,1.13,1.22,36.02,0,0,316
"2026-01-23 23:02:00",319,5.55,13.08,0,0,-0.06,21.02,117.25,126.91,0.06,67.48,6.01,0.05,0.22,0.08,-0,-99.9,-99.9,7.18,-99.9,3.08,1.1,1.22,36.02,0,0,317
"2026-01-23 23:17:00",320,5.56,13.07,0,0,-0.07,20.93,117.12,127,0.06,67.65,6.04,0.06,0.24,0.05,-0.03,-99.9,-99.9,7.17,-99.9,3.1,1.12,1.22,35.61,0,0,318
"2026-01-23 23:32:00",321,5.55,13.08,0,0,-0.06,20.89,116.99,126.95,0.06,67.44,6.02,0.05,0.22,0.04,-0.03,-99.9,-99.9,7.18,-99.9,3.08,1.11,1.22,35.61,0,0,319
"2026-01-23 23:47:00",322,5.55,13.08,0,0,-0.07,20.81,116.89,127.05,0.06,67.29,6.02,0.06,0.26,0.07,-0.01,-99.9,-99.9,7.17,-99.9,3.08,1.11,1.23,39.43,0,0,320
"2026-01-24 00:02:00",323,5.55,13.08,0,0,-0.07,20.78,116.76,126.99,0.06,67.22,6.02,0.05,0.2,0.05,-0.03,-99.9,-99.9,7.18,-99.9,3.09,1.1,1.23,39.43,0,0,321
"2026-01-24 00:17:00",324,5.55,13.08,0,0,-0.07,20.71,116.68,127.1,0.06,67.23,6.03,0.06,0.24,0.06,-0.02,-99.9,-99.9,7.17,-99.9,3.09,1.11,1.22,36.49,0,0,322
"2026-01-24 00:32:00",325,5.55,13.07,0,0,-0.07,20.68,116.56,127.05,0.06,67.15,6.02,0.05,0.22,0.08,-0,-99.9,-99.9,7.18,-99.9,3.08,1.13,1.22,36.49,0,0,323
"2026-01-24 00:47:00",326,5.56,13.08,0,0,-0.07,20.61,116.5,127.17,0.06,67.18,6.03,0.06,0.24,0.09,0.01,-99.9,-99.9,7.17,-99.9,3.09,1.14,1.23,39.42,0,0,324
"2026-01-24 01:02:00",327,5.56,13.08,0,0,-0.06,20.58,116.39,127.12,0.06,67.1,6.03,0.06,0.27,0.05,-0.02,-99.9,-99.9,7.18,-99.9,3.1,1.11,1.23,39.42,0,0,325
"2026-01-24 01:17:00",328,5.56,13.07,0,0,-0.07,20.51,116.29,127.2,0.06,67.02,6.03,0.07,0.29,0.09,0.01,-99.9,-99.9,7.17,-99.9,3.1,1.14,1.22,36.34,0,0,326
"2026-01-24 01:32:00",329,5.55,13.08,0,0,-0.06,20.48,116.34,127.32,0.06,66.98,6.03,0.05,0.22,0.06,-0.02,-99.9,-99.9,7.18,-99.9,3.09,1.12,1.22,36.34,0,0,327
"2026-01-24 01:47:00",330,5.55,13.08,0,0,-0.07,20.42,116.1,127.24,0.06,66.99,6.04,0.05,0.23,0.05,-0.03,-99.9,-99.9,7.18,-99.9,3.1,1.12,1.23,37.76,0,0,328
"2026-01-24 02:02:00",331,5.55,13.08,0,0,-0.06,20.39,116.03,127.23,0.06,66.88,6.03,0.07,0.3,0.07,-0.01,-99.9,-99.9,7.18,-99.9,3.1,1.14,1.23,37.76,0,0,329
"2026-01-24 02:17:00",332,5.56,13.07,0,0,-0.07,20.32,115.91,127.28,0.06,66.88,6.04,0.06,0.26,0.09,0.01,-99.9,-99.9,7.18,-99.9,3.1,1.11,1.23,39.63,0,0,330
"2026-01-24 02:32:00",333,5.55,13.07,0,0,-0.07,20.3,115.89,127.31,0.06,66.96,6.05,0.04,0.18,0.06,-0.02,-99.9,-99.9,7.18,-99.9,3.09,1.12,1.23,39.63,0,0,331
"2026-01-24 02:47:00",334,5.55,13.08,0,0,-0.07,20.24,115.79,127.37,0.06,66.74,6.04,0.07,0.28,0.06,-0.02,-99.9,-99.9,7.18,-99.9,3.1,1.13,1.22,36.68,0,0,332
"2026-01-24 03:02:00",335,5.55,13.08,0,0,-0.06,20.21,115.67,127.31,0.06,66.85,6.05,0.06,0.25,0.07,-0.01,-99.9,-99.9,7.18,-99.9,3.12,1.14,1.22,36.68,0,0,333
"2026-01-24 03:17:00",336,5.56,13.07,0,0,-0.08,20.15,115.59,127.4,0.06,66.71,6.05,0.08,0.33,0.07,-0.01,-99.9,-99.9,7.18,-99.9,3.1,1.13,1.24,39.3,0,0,334
"2026-01-24 03:32:00",337,5.56,13.07,0,0,-0.07,20.13,115.54,127.38,0.06,66.71,6.05,0.07,0.29,0.07,-0.01,-99.9,-99.9,7.19,-99.9,3.12,1.13,1.24,39.3,0,0,335
"2026-01-24 03:47:00",338,5.55,13.08,0,0,-0.07,20.07,115.49,127.48,0.06,66.66,6.05,0.07,0.28,0.07,-0.01,-99.9,-99.9,7.18,-99.9,3.1,1.11,1.22,37.73,0,0,336
"2026-01-24 04:02:00",339,5.56,13.07,0,0,-0.07,20.05,115.37,127.41,0.06,66.65,6.05,0.05,0.22,0.04,-0.04,-99.9,-99.9,7.19,-99.9,3.11,1.13,1.22,37.73,0,0,337
"2026-01-24 04:17:00",340,5.55,13.08,0,0,-0.08,19.99,115.31,127.52,0.06,66.6,6.06,0.06,0.24,0.09,0.01,-99.9,-99.9,7.18,-99.9,3.1,1.12,1.23,39.61,0,0,338
"2026-01-24 04:32:00",341,5.56,13.08,0,0,-0.07,19.97,115.23,127.47,0.06,66.53,6.05,0.07,0.31,0.07,-0.01,-99.9,-99.9,7.19,-99.9,3.12,1.16,1.23,39.61,0,0,339
"2026-01-24 04:47:00",342,5.56,13.07,0,0,-0.08,19.91,115.18,127.58,0.06,66.59,6.06,0.06,0.25,0.06,-0.02,-99.9,-99.9,7.18,-99.9,3.11,1.13,1.22,37.9,0,0,340
"2026-01-24 05:02:00",343,5.56,13.08,0,0,-0.07,19.9,115.12,127.54,0.06,66.59,6.07,0.05,0.23,0.07,-0,-99.9,-99.9,7.19,-99.9,3.12,1.13,1.22,37.9,0,0,341
"2026-01-24 05:17:00",344,5.56,13.08,0,0,-0.08,19.85,115.09,127.65,0.06,66.53,6.07,0.05,0.24,0.07,-0.01,-99.9,-99.9,7.18,-99.9,3.1,1.14,1.22,37.26,0,0,342
"2026-01-24 05:32:00",345,5.56,13.08,0,0,-0.07,19.84,115.04,127.62,0.06,66.51,6.07,0.06,0.27,0.05,-0.03,-99.9,-99.9,7.19,-99.9,3.12,1.15,1.22,37.26,0,0,343
"2026-01-24 05:47:00",346,5.56,13.07,0,0,-0.07,19.79,115,127.7,0.06,66.51,6.07,0.06,0.26,0.05,-0.02,-99.9,-99.9,7.18,-99.9,3.11,1.12,1.23,37.96,0,0,344
"2026-01-24 06:02:00",347,5.56,13.07,0,0,-0.06,19.78,114.93,127.66,0.06,66.41,6.06,0.06,0.28,0.08,0,-99.9,-99.9,7.19,-99.9,3.11,1.14,1.23,37.96,0,0,345
"2026-01-24 06:17:00",348,5.56,13.08,0,0,-0.07,19.73,114.89,127.74,0.06,66.48,6.08,0.06,0.25,0.08,0,-99.9,-99.9,7.17,-99.9,3.12,1.16,1.23,39.41,0,0,346
"2026-01-24 06:32:00",349,5.56,13.08,0,0,-0.06,19.72,114.84,127.72,0.06,66.47,6.08,0.06,0.25,0.07,-0.01,-99.9,-99.9,7.18,-99.9,3.11,1.14,1.23,39.41,0,0,347
"2026-01-24 06:47:00",350,5.56,13.07,0,0,-0.06,19.68,114.78,127.78,0.06,66.45,6.08,0.07,0.3,0.07,-0.01,-99.9,-99.9,7.17,-99.9,3.12,1.15,1.23,37.15,0,0,348
"2026-01-24 07:02:00",351,5.56,13.07,0,0,-0.06,19.66,114.72,127.75,0.06,66.45,6.08,0.07,0.29,0.08,0,-99.9,-99.9,7.17,-99.9,3.1,1.12,1.23,37.15,0,0,349
"2026-01-24 07:17:00",352,5.56,13.08,0,0,-0.06,19.61,114.66,127.82,0.06,66.4,6.08,0.05,0.21,0.05,-0.03,-99.9,-99.9,7.17,-99.9,3.13,1.16,1.23,39.28,0,0,350
"2026-01-24 07:32:02",353,5.55,13.08,0,0,-0.05,19.6,114.58,127.77,0.06,66.47,6.09,0.07,0.28,0.06,-0.02,-99.9,-99.9,7.18,-99.9,3.12,1.11,1.23,39.28,0,0,351
"2026-01-24 07:47:00",354,5.55,13.08,0,0,-0.06,19.55,114.54,127.86,0.06,66.41,6.09,0.06,0.27,0.08,-0,-99.9,-99.9,7.18,-99.9,3.12,1.16,1.23,37.63,0,0,352
"2026-01-24 08:02:00",355,5.56,13.08,0,0,-0.05,19.53,114.47,127.83,0.06,66.35,6.09,0.05,0.23,0.1,0.02,-99.9,-99.9,7.19,-99.9,3.12,1.14,1.23,37.63,0,0,353
"2026-01-24 08:17:00",356,5.56,13.07,0,0,-0.06,19.48,114.41,127.91,0.06,66.38,6.1,0.05,0.22,0.05,-0.03,-99.9,-99.9,7.18,-99.9,3.12,1.15,1.23,37.49,0,0,354
"2026-01-24 08:32:00",357,5.55,13.08,0,0,-0.06,19.46,114.33,127.87,0.06,66.22,6.08,0.06,0.27,0.07,-0.01,-99.9,-99.9,7.19,-99.9,3.12,1.15,1.23,37.49,0,0,355
"2026-01-24 08:47:00",358,5.56,13.07,0,0,-0.06,19.4,114.25,127.92,0.06,66.27,6.1,0.05,0.22,0.06,-0.01,-99.9,-99.9,7.18,-99.9,3.12,1.15,1.23,37.75,0,0,356
"2026-01-24 09:02:00",359,5.56,13.08,0,0,-0.05,19.39,114.22,127.92,0.06,66.24,6.1,0.06,0.27,0.05,-0.02,-99.9,-99.9,7.19,-99.9,3.12,1.15,1.23,37.75,0,0,357
"2026-01-24 09:17:00",360,5.56,13.07,0,0,-0.06,19.35,114.19,128.01,0.06,66.22,6.1,0.05,0.23,0.06,-0.02,-99.9,-99.9,7.18,-99.9,3.12,1.14,1.23,37.46,0,0,358
"2026-01-24 09:32:00",361,5.56,13.07,0,0,-0.05,19.34,114.16,127.98,0.06,66.21,6.1,0.08,0.35,0.08,0,-99.9,-99.9,7.19,-99.9,3.11,1.13,1.23,37.46,0,0,359
"2026-01-24 09:47:00",362,5.55,13.08,0,0,-0.06,19.32,114.14,128.05,0.06,66.17,6.1,0.07,0.29,0.1,0.03,-99.9,-99.9,7.18,-99.9,3.13,1.16,1.23,38.21,0,0,360
"2026-01-24 10:02:00",363,5.56,13.08,0,0,-0.05,19.32,114.17,128.05,0.06,66.19,6.1,0.07,0.29,0.07,-0.01,-99.9,-99.9,7.19,-99.9,3.12,1.15,1.23,38.21,0,0,361
"2026-01-24 10:17:00",364,5.56,13.07,0,0,-0.05,19.31,114.2,128.12,0.06,66.25,6.11,0.04,0.19,0.07,-0.01,-99.9,-99.9,7.19,-99.9,3.11,1.16,1.23,38.25,0,0,362
"2026-01-24 10:32:00",365,5.56,13.07,0,0,-0.05,19.33,114.24,128.1,0.06,66.26,6.1,0.06,0.27,0.06,-0.02,-99.9,-99.9,7.2,-99.9,3.13,1.13,1.23,38.25,0,0,363
"2026-01-24 10:47:00",366,5.56,13.08,0,0,-0.05,19.34,114.32,128.19,0.06,66.23,6.1,0.06,0.26,0.05,-0.02,-99.9,-99.9,7.19,-99.9,3.13,1.16,1.23,37.6,0,0,364
"2026-01-24 11:02:00",367,5.56,13.08,0,0,-0.05,19.37,114.43,128.22,0.06,66.28,6.1,0.06,0.26,0.08,0.01,-99.9,-99.9,7.2,-99.9,3.12,1.13,1.23,37.6,0,0,365
"2026-01-24 11:17:00",368,5.56,13.08,0,0,-0.06,19.38,114.47,128.23,0.06,66.22,6.09,0.06,0.25,0.07,-0.01,-99.9,-99.9,7.19,-99.9,3.11,1.13,1.23,38.99,0,0,366
"2026-01-24 11:32:00",369,5.56,13.07,0,0,-0.05,19.42,114.59,128.25,0.06,66.36,6.1,0.05,0.21,0.1,0.02,-99.9,-99.9,7.2,-99.9,3.1,1.14,1.23,38.99,0,0,367
"2026-01-24 11:47:00",370,5.56,13.08,0,0,-0.06,19.44,114.66,128.28,0.06,66.35,6.1,0.07,0.28,0.06,-0.02,-99.9,-99.9,7.19,-99.9,3.12,1.16,1.23,38.4,0,0,368
"2026-01-24 12:02:00",371,5.56,13.08,0,0,-0.05,19.49,114.8,128.3,0.06,66.39,6.1,0.06,0.26,0.07,-0.01,-99.9,-99.9,7.2,-99.9,3.1,1.14,1.23,38.4,0,0,369
"2026-01-24 12:17:00",372,5.56,13.07,0,0,-0.06,19.51,114.92,128.38,0.06,66.41,6.1,0.06,0.26,0.06,-0.01,-99.9,-99.9,7.19,-99.9,3.1,1.14,1.22,39.17,0,0,370
"2026-01-24 12:32:00",373,5.56,13.07,0,0,-0.06,19.57,115.08,128.4,0.06,66.55,6.1,0.06,0.27,0.07,-0.01,-99.9,-99.9,7.2,-99.9,3.11,1.15,1.22,39.17,0,0,371
"2026-01-24 12:47:00",374,5.56,13.08,0,0,-0.07,19.59,115.15,128.43,0.06,66.64,6.11,0.05,0.22,0.07,-0.01,-99.9,-99.9,7.19,-99.9,3.1,1.15,1.22,37.89,0,0,372
"2026-01-24 13:02:00",375,5.56,13.08,0,0,-0.06,19.65,115.33,128.45,0.06,66.72,6.11,0.05,0.23,0.09,0.01,-99.9,-99.9,7.2,-99.9,3.1,1.14,1.22,37.89,0,0,373
"2026-01-24 13:17:00",376,5.56,13.07,0,0,-0.07,19.67,115.46,128.53,0.06,66.72,6.1,0.06,0.27,0.08,0.01,-99.9,-99.9,7.19,-99.9,3.09,1.17,1.22,38.01,0,0,374
"2026-01-24 13:32:00",377,5.55,13.08,0,0,-0.06,19.74,115.63,128.54,0.06,66.79,6.1,0.06,0.28,0.08,0,-99.9,-99.9,7.2,-99.9,3.08,1.15,1.22,38.01,0,0,375
"2026-01-24 13:47:00",378,5.56,13.07,0,0,-0.07,19.76,115.74,128.61,0.06,66.75,6.1,0.06,0.27,0.06,-0.02,-99.9,-99.9,7.19,-99.9,3.09,1.15,1.22,37.75,0,0,376
"2026-01-24 14:02:00",379,5.56,13.08,0,0,-0.06,19.83,115.92,128.62,0.06,66.86,6.1,0.05,0.23,0.07,-0.01,-99.9,-99.9,7.2,-99.9,3.08,1.15,1.22,37.75,0,0,377
"2026-01-24 14:17:00",380,5.56,13.07,0,0,-0.07,19.85,116.04,128.69,0.06,66.88,6.1,0.07,0.29,0.09,0.01,-99.9,-99.9,7.19,-99.9,3.09,1.17,1.22,37.34,0,0,378
"2026-01-24 14:32:00",381,5.55,13.08,0,0,-0.06,19.92,116.21,128.69,0.06,66.95,6.1,0.06,0.25,0.07,-0,-99.9,-99.9,7.2,-99.9,3.11,1.16,1.22,37.34,0,0,379
"2026-01-24 14:47:00",382,5.56,13.08,0,0,-0.07,19.94,116.31,128.75,0.06,67.05,6.1,0.06,0.27,0.09,0.01,-99.9,-99.9,7.19,-99.9,3.08,1.15,1.23,37.61,0,0,380
"2026-01-24 15:02:00",383,5.56,13.08,0,0,-0.06,20.01,116.51,128.79,0.06,67.02,6.09,0.06,0.27,0.08,0,-99.9,-99.9,7.2,-99.9,3.08,1.16,1.23,37.61,0,0,381
"2026-01-24 15:17:00",384,5.56,13.07,0,0,-0.06,20.02,116.56,128.82,0.06,66.97,6.08,0.06,0.24,0.06,-0.02,-99.9,-99.9,7.19,-99.9,3.06,1.17,1.23,36.96,0,0,382
"2026-01-24 15:32:00",385,5.56,13.07,0,0,-0.06,20.09,116.79,128.89,0.06,67.03,6.08,0.05,0.23,0.08,0,-99.9,-99.9,7.2,-99.9,3.06,1.15,1.23,36.96,0,0,383
"2026-01-24 15:47:00",386,5.56,13.08,0,0,-0.07,20.09,116.87,128.96,0.06,67.02,6.08,0.07,0.3,0.05,-0.03,-99.9,-99.9,7.19,-99.9,3.08,1.16,1.23,36.9,0,0,384
"2026-01-24 16:02:00",387,5.56,13.08,0,0,-0.06,20.16,117.03,128.95,0.06,67.12,6.08,0.04,0.17,0.08,0,-99.9,-99.9,7.2,-99.9,3.07,1.16,1.23,36.9,0,0,385
"2026-01-24 16:17:00",388,5.56,13.07,0,0,-0.06,20.15,117.02,128.96,0.06,67.17,6.09,0.04,0.19,0.06,-0.02,-99.9,-99.9,7.19,-99.9,3.06,1.17,1.22,37.41,0,0,386
"2026-01-24 16:32:00",389,5.56,13.08,0,0,-0.05,20.23,117.27,129.03,0.06,67.09,6.07,0.05,0.24,0.05,-0.03,-99.9,-99.9,7.2,-99.9,3.07,1.14,1.22,37.41,0,0,387
"2026-01-24 16:47:00",390,5.56,13.07,0,0,-0.06,20.23,117.34,129.12,0.06,67.15,6.08,0.06,0.25,0.06,-0.02,-99.9,-99.9,7.19,-99.9,3.07,1.16,1.22,38.06,0,0,388
"2026-01-24 17:02:00",391,5.56,13.07,0,0,-0.05,20.28,117.49,129.13,0.06,67.19,6.07,0.07,0.28,0.06,-0.02,-99.9,-99.9,7.2,-99.9,3.05,1.15,1.22,38.06,0,0,389
"2026-01-24 17:17:00",392,5.56,13.07,0,0,-0.06,20.27,117.48,129.16,0.06,67.14,6.07,0.04,0.18,0.05,-0.03,-99.9,-99.9,7.19,-99.9,3.06,1.18,1.22,39.45,0,0,390
"2026-01-24 17:32:00",393,5.56,13.07,0,0,-0.05,20.32,117.68,129.23,0.06,67.17,6.07,0.05,0.23,0.06,-0.02,-99.9,-99.9,7.2,-99.9,3.06,1.16,1.22,39.45,0,0,391
"2026-01-24 17:47:00",394,5.56,13.08,0,0,-0.06,20.31,117.69,129.26,0.06,67.24,6.07,0.06,0.26,0.09,0.01,-99.9,-99.9,7.19,-99.9,3.07,1.18,1.22,37.22,0,0,392
"2026-01-24 18:02:00",395,5.56,13.08,0,0,-0.05,20.35,117.82,129.3,0.06,67.19,6.07,0.06,0.26,0.07,-0.01,-99.9,-99.9,7.2,-99.9,3.04,1.16,1.22,37.22,0,0,393
"2026-01-24 18:17:00",396,5.56,13.07,0,0,-0.05,20.34,117.82,129.34,0.06,67.18,6.07,0.05,0.23,0.08,0,-99.9,-99.9,7.19,-99.9,3.07,1.16,1.22,37.56,0,0,394
"2026-01-24 18:32:00",397,5.56,13.08,0,0,-0.04,20.37,117.92,129.36,0.06,67.31,6.07,0.07,0.31,0.07,-0,-99.9,-99.9,7.2,-99.9,3.05,1.14,1.22,37.56,0,0,395
"2026-01-24 18:47:00",398,5.56,13.08,0,0,-0.05,20.34,117.87,129.4,0.06,67.21,6.07,0.08,0.33,0.05,-0.03,-99.9,-99.9,7.19,-99.9,3.07,1.18,1.22,36.22,0,0,396
"2026-01-24 19:02:00",399,5.56,13.07,0,0,-0.04,20.37,117.94,129.37,0.06,67.28,6.07,0.06,0.28,0.07,-0.01,-99.9,-99.9,7.2,-99.9,3.05,1.17,1.22,36.22,0,0,397
"2026-01-24 19:17:00",400,5.56,13.08,0,0,-0.04,20.35,117.94,129.45,0.06,67.31,6.08,0.03,0.15,0.07,-0.01,-99.9,-99.9,7.19,-99.9,3.06,1.16,1.22,38.16,0,0,398
"2026-01-24 19:32:00",401,5.56,13.08,0,0,-0.03,20.37,117.97,129.41,0.06,67.4,6.08,0.07,0.29,0.06,-0.02,-99.9,-99.9,7.2,-99.9,3.05,1.17,1.22,38.16,0,0,399
"2026-01-24 19:47:00",402,5.56,13.07,0,0,-0.04,20.33,117.97,129.51,0.06,67.3,6.08,0.06,0.25,0.07,-0,-99.9,-99.9,7.19,-99.9,3.06,1.17,1.22,37.48,0,0,400
"2026-01-24 20:02:00",403,5.56,13.07,0,0,-0.03,20.35,117.96,129.47,0.06,67.37,6.08,0.08,0.35,0.09,0.01,-99.9,-99.9,7.2,-99.9,3.04,1.17,1.22,37.48,0,0,401
"2026-01-24 20:17:00",404,5.56,13.07,0,0,-0.04,20.31,117.96,129.57,0.06,67.23,6.07,0.07,0.28,0.09,0.01,-99.9,-99.9,7.19,-99.9,3.05,1.18,1.22,37.24,0,0,402
"2026-01-24 20:32:00",405,5.56,13.08,0,0,-0.03,20.31,117.92,129.51,0.06,67.24,6.07,0.06,0.24,0.06,-0.02,-99.9,-99.9,7.2,-99.9,3.07,1.18,1.22,37.24,0,0,403
"2026-01-24 20:47:00",406,5.56,13.07,0,0,-0.04,20.27,117.84,129.55,0.06,67.16,6.07,0.05,0.21,0.07,-0.01,-99.9,-99.9,7.19,-99.9,3.05,1.17,1.22,38.06,0,0,404
"2026-01-24 21:02:00",407,5.56,13.07,0,0,-0.03,20.26,117.82,129.54,0.06,67.03,6.06,0.04,0.16,0.08,0,-99.9,-99.9,7.2,-99.9,3.07,1.19,1.22,38.06,0,0,405
"2026-01-24 21:17:00",408,5.56,13.08,0,0,-0.04,20.2,117.73,129.6,0.06,67.38,6.1,0.07,0.3,0.07,-0,-99.9,-99.9,7.19,-99.9,3.04,1.19,1.22,38.06,0,0,406
"2026-01-24 21:32:00",409,5.55,13.08,0,0,-0.03,20.19,117.67,129.59,0.06,67.28,6.09,0.08,0.32,0.07,-0.01,-99.9,-99.9,7.2,-99.9,3.06,1.17,1.22,38.06,0,0,407
"2026-01-24 21:47:00",410,5.56,13.07,0,0,-0.03,20.12,117.58,129.68,0.06,67.3,6.1,0.06,0.28,0.06,-0.02,-99.9,-99.9,7.2,-99.9,3.07,1.19,1.24,39.47,0,0,408
"2026-01-24 22:02:00",411,5.56,13.08,0,0,-0.02,20.09,117.46,129.61,0.06,67.24,6.1,0.06,0.26,0.04,-0.04,-99.9,-99.9,7.2,-99.9,3.06,1.16,1.24,39.47,0,0,409
"2026-01-24 22:17:00",412,5.56,13.08,0,0,-0.03,20.02,117.35,129.7,0.06,67.22,6.11,0.07,0.28,0.08,0,-99.9,-99.9,7.2,-99.9,3.06,1.19,1.23,37.57,0,0,410
"2026-01-24 22:32:00",413,5.56,13.08,0,0,-0.02,19.99,117.23,129.65,0.06,67.18,6.11,0.08,0.34,0.08,0,-99.9,-99.9,7.21,-99.9,3.07,1.17,1.23,37.57,0,0,411
"2026-01-24 22:47:00",414,5.56,13.07,0,0,-0.03,19.91,117.13,129.75,0.06,67.11,6.11,0.06,0.24,0.05,-0.03,-99.9,-99.9,7.2,-99.9,3.07,1.2,1.24,40.14,0,0,412
"2026-01-24 23:02:00",415,5.56,13.08,0,0,-0.02,19.87,117,129.71,0.06,67.08,6.11,0.06,0.27,0.06,-0.02,-99.9,-99.9,7.21,-99.9,3.07,1.2,1.24,40.14,0,0,413
"2026-01-24 23:17:00",416,5.56,13.08,0,0,-0.03,19.78,116.85,129.78,0.06,67.08,6.12,0.05,0.22,0.08,0,-99.9,-99.9,7.2,-99.9,3.08,1.17,1.23,38.37,0,0,414
"2026-01-24 23:32:00",417,5.56,13.07,0,0,-0.02,19.75,116.71,129.73,0.06,66.86,6.11,0.07,0.28,0.07,-0.01,-99.9,-99.9,7.2,-99.9,3.07,1.18,1.23,38.37,0,0,415
"2026-01-24 23:47:00",418,5.56,13.08,0,0,-0.03,19.66,116.58,129.83,0.06,66.95,6.13,0.06,0.25,0.09,0.01,-99.9,-99.9,7.2,-99.9,3.07,1.18,1.24,40.25,0,0,416
"2026-01-25 00:02:00",419,5.56,13.08,0,0,-0.02,19.61,116.45,129.8,0.06,66.92,6.13,0.07,0.3,0.06,-0.02,-99.9,-99.9,7.21,-99.9,3.09,1.17,1.24,40.25,0,0,417
"2026-01-25 00:17:00",420,5.56,13.07,0,0,-0.02,19.53,116.32,129.9,0.06,66.83,6.13,0.07,0.3,0.05,-0.03,-99.9,-99.9,7.2,-99.9,3.07,1.18,1.22,36.83,0,0,418
"2026-01-25 00:32:00",421,5.56,13.07,0,0,-0.02,19.48,116.13,129.82,0.06,66.73,6.13,0.07,0.28,0.09,0.01,-99.9,-99.9,7.21,-99.9,3.08,1.16,1.22,36.83,0,0,419
"2026-01-25 00:47:00",422,5.56,13.08,0,0,-0.02,19.39,115.99,129.92,0.06,66.9,6.16,0.06,0.24,0.09,0.01,-99.9,-99.9,7.2,-99.9,3.1,1.2,1.23,39.35,0,0,420
"2026-01-25 01:02:00",423,5.56,13.08,0,0,-0.02,19.35,115.85,129.87,0.06,66.71,6.14,0.06,0.25,0.07,-0,-99.9,-99.9,7.2,-99.9,3.09,1.19,1.23,39.35,0,0,421
"2026-01-25 01:17:00",424,5.56,13.07,0,0,-0.02,19.26,115.72,129.98,0.06,66.62,6.15,0.06,0.27,0.08,-0,-99.9,-99.9,7.2,-99.9,3.08,1.18,1.23,37.9,0,0,422
"2026-01-25 01:32:00",425,5.56,13.07,0,0,-0.01,19.22,115.57,129.92,0.06,66.56,6.15,0.07,0.31,0.06,-0.01,-99.9,-99.9,7.21,-99.9,3.09,1.16,1.23,37.9,0,0,423
"2026-01-25 01:47:00",426,5.56,13.07,0,0,-0.02,19.13,115.46,130.04,0.06,66.59,6.16,0.06,0.25,0.06,-0.01,-99.9,-99.9,7.2,-99.9,3.11,1.19,1.23,37.77,0,0,424
"2026-01-25 02:02:00",427,5.56,13.08,0,0,-0.01,19.09,115.29,129.98,0.06,66.49,6.16,0.06,0.27,0.06,-0.02,-99.9,-99.9,7.21,-99.9,3.12,1.2,1.23,37.77,0,0,425
"2026-01-25 02:17:00",428,5.56,13.07,0,0,-0.02,19,115.21,130.11,0.06,66.37,6.15,0.06,0.27,0.05,-0.03,-99.9,-99.9,7.21,-99.9,3.13,1.19,1.23,39.97,0,0,426
"2026-01-25 02:32:00",429,5.56,13.07,0,0,-0.01,18.96,115.05,130.04,0.06,66.4,6.16,0.06,0.26,0.07,-0.01,-99.9,-99.9,7.21,-99.9,3.11,1.18,1.23,39.97,0,0,427
"2026-01-25 02:47:00",430,5.56,13.07,0,0,-0.02,18.89,114.92,130.12,0.06,66.33,6.17,0.06,0.26,0.1,0.02,-99.9,-99.9,7.19,-99.9,3.11,1.2,1.22,36.86,0,0,428
"2026-01-25 03:02:00",431,5.56,13.08,0,0,-0.02,18.85,114.81,130.1,0.06,66.32,6.17,0.08,0.33,0.08,0,-99.9,-99.9,7.19,-99.9,3.13,1.19,1.22,36.86,0,0,429
"2026-01-25 03:17:00",432,5.56,13.07,0,0,-0.02,18.77,114.69,130.17,0.06,66.36,6.18,0.06,0.25,0.08,0,-99.9,-99.9,7.19,-99.9,3.15,1.2,1.23,40.05,0,0,430
"2026-01-25 03:32:00",433,5.56,13.07,0,0,-0.01,18.74,114.57,130.13,0.06,66.26,6.18,0.07,0.29,0.06,-0.01,-99.9,-99.9,7.19,-99.9,3.12,1.17,1.23,40.05,0,0,431
"2026-01-25 03:47:00",434,5.56,13.08,0,0,-0.02,18.67,114.45,130.19,0.06,66.31,6.19,0.04,0.19,0.08,-0,-99.9,-99.9,7.19,-99.9,3.13,1.18,1.22,37.06,0,0,432
"2026-01-25 04:02:00",435,5.56,13.07,0,0,-0.01,18.63,114.33,130.16,0.06,66.25,6.19,0.05,0.22,0.05,-0.02,-99.9,-99.9,7.19,-99.9,3.13,1.2,1.22,37.06,0,0,433
"2026-01-25 04:17:00",436,5.56,13.07,0,0,-0.02,18.56,114.2,130.22,0.06,66.2,6.19,0.06,0.24,0.05,-0.03,-99.9,-99.9,7.19,-99.9,3.13,1.2,1.23,38.71,0,0,434
"2026-01-25 04:32:00",437,5.56,13.07,0,0,-0.01,18.53,114.1,130.19,0.06,66.14,6.19,0.07,0.29,0.05,-0.03,-99.9,-99.9,7.2,-99.9,3.13,1.2,1.23,38.71,0,0,435
"2026-01-25 04:47:00",438,5.56,13.07,0,0,-0.02,18.47,114.02,130.26,0.06,66.17,6.2,0.05,0.23,0.07,-0.01,-99.9,-99.9,7.19,-99.9,3.14,1.22,1.23,40.2,0,0,436
"2026-01-25 05:02:00",439,5.56,13.08,0,0,-0.01,18.45,113.94,130.24,0.06,66.07,6.2,0.07,0.3,0.06,-0.02,-99.9,-99.9,7.2,-99.9,3.13,1.16,1.23,40.2,0,0,437
"2026-01-25 05:17:00",440,5.56,13.07,0,0,-0.02,18.39,113.86,130.31,0.06,66.08,6.2,0.04,0.19,0.08,0,-99.9,-99.9,7.2,-99.9,3.15,1.22,1.22,38.5,0,0,438
"2026-01-25 05:32:00",441,5.56,13.07,0,0,-0.01,18.38,113.81,130.29,0.06,66.04,6.2,0.04,0.18,0.07,-0,-99.9,-99.9,7.21,-99.9,3.16,1.21,1.22,38.5,0,0,439
"2026-01-25 05:47:00",442,5.56,13.08,0,0,-0.02,18.34,113.8,130.38,0.06,66.08,6.21,0.05,0.2,0.07,-0.01,-99.9,-99.9,7.2,-99.9,3.15,1.22,1.23,40.31,0,0,440
"2026-01-25 06:02:00",443,5.56,13.08,0,0,-0.01,18.33,113.77,130.37,0.06,66.07,6.21,0.08,0.33,0.06,-0.02,-99.9,-99.9,7.21,-99.9,3.16,1.19,1.23,40.31,0,0,441
"2026-01-25 06:17:00",444,5.56,13.07,0,0,-0.02,18.31,113.74,130.41,0.06,66.11,6.22,0.05,0.21,0.07,-0,-99.9,-99.9,7.2,-99.9,3.14,1.19,1.22,40.44,0,0,442
"2026-01-25 06:32:00",445,5.56,13.07,0,0,-0.01,18.31,113.75,130.41,0.06,66.05,6.21,0.05,0.21,0.05,-0.03,-99.9,-99.9,7.21,-99.9,3.14,1.19,1.22,40.44,0,0,443
"2026-01-25 06:47:00",446,5.56,13.08,0,0,-0.01,18.29,113.76,130.46,0.06,66.04,6.21,0.07,0.31,0.07,-0.01,-99.9,-99.9,7.2,-99.9,3.15,1.2,1.23,40.44,0,0,444
"2026-01-25 07:02:00",447,5.56,13.08,0,0,-0,18.31,113.79,130.47,0.06,66.05,6.21,0.06,0.26,0.09,0.01,-99.9,-99.9,7.21,-99.9,3.13,1.17,1.23,40.44,0,0,445
"2026-01-25 07:17:00",448,5.56,13.07,0,0,-0.01,18.3,113.81,130.52,0.06,66.11,6.22,0.08,0.33,0.09,0.01,-99.9,-99.9,7.21,-99.9,3.14,1.21,1.22,39.49,0,0,446
"2026-01-25 07:32:00",449,5.56,13.07,0,0,0,18.32,113.87,130.53,0.06,66.13,6.22,0.06,0.27,0.09,0.01,-99.9,-99.9,7.22,-99.9,3.14,1.18,1.22,39.49,0,0,447
"2026-01-25 07:47:00",450,5.56,13.08,0,0,-0,18.31,113.91,130.59,0.06,66.2,6.23,0.08,0.32,0.08,-0,-99.9,-99.9,7.21,-99.9,3.14,1.21,1.22,38.44,0,0,448
"2026-01-25 08:02:00",451,5.56,13.08,0,0,0.01,18.34,113.95,130.56,0.06,66.18,6.22,0.07,0.32,0.05,-0.02,-99.9,-99.9,7.22,-99.9,3.14,1.17,1.22,38.44,0,0,449
"2026-01-25 08:17:00",452,5.56,13.07,0,0,0,18.34,114,130.62,0.06,66.15,6.22,0.05,0.22,0.08,0,-99.9,-99.9,7.21,-99.9,3.14,1.21,1.23,39.14,0,0,450
"2026-01-25 08:32:00",453,5.56,13.07,0,0,0.01,18.37,114.08,130.63,0.06,66.25,6.22,0.05,0.23,0.05,-0.03,-99.9,-99.9,7.22,-99.9,3.12,1.27,1.23,39.14,0,0,451
"2026-01-25 08:47:00",454,5.56,13.08,0,0,0,18.36,114.08,130.64,0.06,66.32,6.23,0.07,0.29,0.07,-0.01,-99.9,-99.9,7.21,-99.9,3.13,1.21,1.24,38.86,0,0,452
"2026-01-25 09:02:00",455,5.56,13.08,0,0,0.02,18.39,114.18,130.66,0.06,66.34,6.23,0.07,0.28,0.06,-0.02,-99.9,-99.9,7.22,-99.9,3.12,1.21,1.24,38.86,0,0,453
"2026-01-25 09:17:00",456,5.56,13.07,0,0,0.01,18.39,114.21,130.72,0.06,66.41,6.24,0.07,0.28,0.06,-0.02,-99.9,-99.9,7.21,-99.9,3.12,1.23,1.23,39.47,0,0,454
"2026-01-25 09:32:00",457,5.56,13.08,0,0,0.02,18.42,114.31,130.73,0.06,66.43,6.23,0.06,0.26,0.09,0.02,-99.9,-99.9,7.22,-99.9,3.14,1.21,1.23,39.47,0,0,455
"2026-01-25 09:47:00",458,5.56,13.07,0,0,0.01,18.42,114.34,130.79,0.06,66.45,6.24,0.07,0.28,0.05,-0.02,-99.9,-99.9,7.22,-99.9,3.13,1.22,1.22,38.79,0,0,456
"2026-01-25 10:02:00",459,5.56,13.07,0,0,0.02,18.45,114.42,130.78,0.06,66.51,6.24,0.05,0.22,0.06,-0.01,-99.9,-99.9,7.22,-99.9,3.12,1.21,1.22,38.79,0,0,457
"2026-01-25 10:17:00",460,5.56,13.08,0,0,0.01,18.45,114.47,130.85,0.06,66.5,6.24,0.06,0.26,0.06,-0.02,-99.9,-99.9,7.22,-99.9,3.11,1.22,1.23,39.99,0,0,458
"2026-01-25 10:32:00",461,5.56,13.08,0,0,0.02,18.48,114.56,130.85,0.06,66.56,6.24,0.07,0.31,0.07,-0.01,-99.9,-99.9,7.23,-99.9,3.12,1.19,1.23,39.99,0,0,459
"2026-01-25 10:47:00",462,5.56,13.07,0,0,0.01,18.48,114.62,130.92,0.06,66.62,6.24,0.06,0.26,0.09,0.01,-99.9,-99.9,7.21,-99.9,3.11,1.22,1.22,40.38,0,0,460
"2026-01-25 11:02:00",463,5.56,13.07,0,0,0.02,18.52,114.69,130.9,0.06,66.65,6.24,0.05,0.23,0.06,-0.02,-99.9,-99.9,7.23,-99.9,3.12,1.21,1.22,40.38,0,0,461
"2026-01-25 11:17:00",464,5.56,13.08,0,0,0.01,18.52,114.79,131.01,0.06,66.75,6.25,0.06,0.26,0.06,-0.02,-99.9,-99.9,7.22,-99.9,3.12,1.21,1.24,40.12,0,0,462
"2026-01-25 11:32:00",465,5.56,13.08,0,0,0.02,18.56,114.88,131,0.06,66.76,6.25,0.07,0.29,0.07,-0.01,-99.9,-99.9,7.23,-99.9,3.11,1.21,1.24,40.12,0,0,463
"2026-01-25 11:47:00",466,5.56,13.07,0,0,0.01,18.56,114.92,131.04,0.06,66.72,6.24,0.07,0.3,0.07,-0.01,-99.9,-99.9,7.22,-99.9,3.11,1.21,1.23,38.42,0,0,464
"2026-01-25 12:02:00",467,5.56,13.07,0,0,0.02,18.61,115.03,131.03,0.06,66.82,6.25,0.06,0.26,0.06,-0.02,-99.9,-99.9,7.22,-99.9,3.09,1.21,1.23,38.42,0,0,465
"2026-01-25 12:17:00",468,5.56,13.07,0,0,0.01,18.62,115.12,131.09,0.06,66.9,6.25,0.05,0.22,0.07,-0,-99.9,-99.9,7.22,-99.9,3.12,1.23,1.24,39.84,0,0,466
"2026-01-25 12:32:00",469,5.56,13.08,0,0,0.02,18.67,115.26,131.11,0.06,66.98,6.25,0.06,0.26,0.05,-0.03,-99.9,-99.9,7.23,-99.9,3.11,1.2,1.24,39.84,0,0,467
"2026-01-25 12:47:00",470,5.56,13.07,0,0,0.01,18.7,115.35,131.14,0.06,67.17,6.27,0.07,0.29,0.03,-0.05,-99.9,-99.9,7.22,-99.9,3.12,1.25,1.22,38.68,0,0,468
"2026-01-25 13:02:00",471,5.56,13.07,0,0,0.02,18.77,115.54,131.16,0.06,67.2,6.26,0.07,0.29,0.06,-0.02,-99.9,-99.9,7.23,-99.9,3.1,1.22,1.22,38.68,0,0,469
"2026-01-25 13:17:00",472,5.57,13.08,0,0,0.01,18.78,115.66,131.24,0.06,67.16,6.26,0.06,0.25,0.04,-0.04,-99.9,-99.9,7.22,-99.9,3.1,1.21,1.23,39.5,0,0,470
"2026-01-25 13:32:00",473,5.56,13.08,0,0,0.02,18.85,115.81,131.23,0.06,67.29,6.26,0.06,0.27,0.08,-0,-99.9,-99.9,7.23,-99.9,3.1,1.19,1.23,39.5,0,0,471
"2026-01-25 13:47:00",474,5.56,13.07,0,0,0.01,18.86,115.91,131.3,0.06,67.17,6.25,0.06,0.27,0.09,0.01,-99.9,-99.9,7.22,-99.9,3.1,1.23,1.23,39.57,0,0,472
"2026-01-25 14:02:00",475,5.56,13.07,0,0,0.02,18.92,116.08,131.32,0.06,67.26,6.25,0.07,0.31,0.05,-0.03,-99.9,-99.9,7.23,-99.9,3.07,1.21,1.23,39.57,0,0,473
"2026-01-25 14:17:00",476,5.56,13.08,0,0,0.01,18.94,116.17,131.38,0.06,67.47,6.26,0.06,0.24,0.07,-0.01,-99.9,-99.9,7.22,-99.9,3.11,1.23,1.22,39.76,0,0,474
"2026-01-25 14:32:00",477,5.56,13.07,0,0,0.02,19,116.31,131.37,0.06,67.51,6.26,0.04,0.17,0.04,-0.04,-99.9,-99.9,7.23,-99.9,3.1,1.24,1.22,39.76,0,0,475
"2026-01-25 14:47:00",478,5.56,13.08,0,0,0.01,19,116.36,131.41,0.06,67.49,6.26,0.05,0.21,0.07,-0.01,-99.9,-99.9,7.22,-99.9,3.09,1.23,1.24,40.2,0,0,476
"2026-01-25 15:02:00",479,5.56,13.08,0,0,0.01,19.06,116.52,131.43,0.06,67.48,6.25,0.06,0.27,0.05,-0.03,-99.9,-99.9,7.23,-99.9,3.09,1.22,1.24,40.2,0,0,477
"2026-01-25 15:17:00",480,5.56,13.07,0,0,0.01,19.06,116.57,131.48,0.06,67.62,6.26,0.06,0.24,0.08,0.01,-99.9,-99.9,7.22,-99.9,3.08,1.24,1.22,38.57,0,0,478
"2026-01-25 15:32:00",481,5.56,13.07,0,0,0.02,19.11,116.71,131.5,0.06,67.6,6.25,0.07,0.3,0.06,-0.01,-99.9,-99.9,7.23,-99.9,3.08,1.23,1.22,38.57,0,0,479
"2026-01-25 15:47:00",482,5.56,13.08,0,0,0.01,19.11,116.73,131.53,0.06,67.7,6.26,0.06,0.28,0.06,-0.02,-99.9,-99.9,7.22,-99.9,3.06,1.21,1.22,39.13,0,0,480
"2026-01-25 16:02:00",483,5.56,13.08,0,0,0.02,19.16,116.91,131.59,0.06,67.73,6.26,0.05,0.23,0.06,-0.02,-99.9,-99.9,7.23,-99.9,3.07,1.23,1.22,39.13,0,0,481
"2026-01-25 16:17:00",484,5.56,13.07,0,0,0.01,19.16,116.95,131.64,0.06,67.82,6.27,0.07,0.29,0.08,0,-99.9,-99.9,7.22,-99.9,3.09,1.23,1.23,39.61,0,0,482
"2026-01-25 16:32:00",485,5.56,13.07,0,0,0.02,19.2,117.06,131.65,0.06,68,6.28,0.04,0.16,0.04,-0.04,-99.9,-99.9,7.23,-99.9,3.09,1.21,1.23,39.61,0,0,483
"2026-01-25 16:47:00",486,5.57,13.08,0,0,0.01,19.19,117.1,131.73,0.06,67.73,6.26,0.06,0.27,0.06,-0.02,-99.9,-99.9,7.22,-99.9,3.09,1.21,1.22,38.89,0,0,484
"2026-01-25 17:02:00",487,5.56,13.08,0,0,0.02,19.22,117.17,131.7,0.06,67.75,6.26,0.07,0.29,0.08,0.01,-99.9,-99.9,7.23,-99.9,3.09,1.22,1.22,38.89,0,0,485
"2026-01-25 17:17:00",488,5.56,13.07,0,0,0.01,19.21,117.19,131.77,0.06,67.81,6.26,0.07,0.3,0.07,-0.01,-99.9,-99.9,7.22,-99.9,3.09,1.23,1.23,39.82,0,0,486
"2026-01-25 17:32:00",489,5.56,13.07,0,0,0.02,19.24,117.25,131.76,0.06,67.97,6.27,0.05,0.21,0.05,-0.02,-99.9,-99.9,7.23,-99.9,3.08,1.21,1.23,39.82,0,0,487
"2026-01-25 17:47:00",490,5.56,13.08,0,0,0.02,19.21,117.26,131.82,0.06,67.9,6.27,0.07,0.3,0.07,-0.01,-99.9,-99.9,7.22,-99.9,3.07,1.23,1.22,37.76,0,0,488
"2026-01-25 18:02:00",491,5.56,13.08,0,0,0.02,19.24,117.32,131.83,0.06,67.96,6.27,0.06,0.27,0.05,-0.03,-99.9,-99.9,7.23,-99.9,3.08,1.23,1.22,37.76,0,0,489
"2026-01-25 18:17:00",492,5.56,13.07,0,0,0.02,19.21,117.3,131.89,0.06,67.79,6.26,0.06,0.25,0.06,-0.02,-99.9,-99.9,7.22,-99.9,3.08,1.26,1.23,39.61,0,0,490
"2026-01-25 18:32:00",493,5.56,13.07,0,0,0.03,19.23,117.33,131.87,0.06,67.61,6.24,0.06,0.26,0.07,-0,-99.9,-99.9,7.23,-99.9,3.09,1.22,1.23,39.61,0,0,491
"2026-01-25 18:47:00",494,5.56,13.08,0,0,0.02,19.19,117.28,131.9,0.06,67.84,6.27,0.06,0.24,0.08,0,-99.9,-99.9,7.22,-99.9,3.08,1.24,1.22,37.37,0,0,492
"2026-01-25 19:02:00",495,5.56,13.07,0,0,0.03,19.21,117.35,131.94,0.06,67.87,6.27,0.06,0.27,0.07,-0.01,-99.9,-99.9,7.23,-99.9,3.07,1.23,1.22,37.37,0,0,493
"2026-01-25 19:17:00",496,5.56,13.08,0,0,0.02,19.18,117.32,132,0.06,67.82,6.27,0.06,0.28,0.05,-0.03,-99.9,-99.9,7.22,-99.9,3.08,1.24,1.23,37.15,0,0,494
"2026-01-25 19:32:00",497,5.56,13.07,0,0,0.03,19.19,117.33,131.97,0.06,67.79,6.26,0.06,0.24,0.06,-0.02,-99.9,-99.9,7.23,-99.9,3.06,1.24,1.23,37.15,0,0,495
"2026-01-25 19:47:00",498,5.56,13.07,0,0,0.02,19.16,117.32,132.06,0.06,67.9,6.28,0.05,0.23,0.04,-0.04,-99.9,-99.9,7.22,-99.9,3.09,1.24,1.23,39.97,0,0,496
"2026-01-25 20:02:00",499,5.56,13.07,0,0,0.03,19.17,117.31,132.02,0.06,68.06,6.29,0.07,0.29,0.06,-0.02,-99.9,-99.9,7.23,-99.9,3.07,1.22,1.23,39.97,0,0,497
"2026-01-25 20:17:00",500,5.56,13.08,0,0,0.02,19.13,117.32,132.13,0.06,67.81,6.27,0.04,0.16,0.09,0.01,-99.9,-99.9,7.22,-99.9,3.07,1.26,1.22,39.15,0,0,498
"2026-01-25 20:32:00",501,5.56,13.07,0,0,0.03,19.13,117.3,132.11,0.06,67.96,6.29,0.04,0.16,0.06,-0.02,-99.9,-99.9,7.23,-99.9,3.08,1.22,1.22,39.15,0,0,499
"2026-01-25 20:47:00",502,5.56,13.08,0,0,0.03,19.09,117.27,132.18,0.06,67.87,6.28,0.08,0.35,0.06,-0.02,-99.9,-99.9,7.22,-99.9,3.08,1.25,1.23,39.69,0,0,500
"2026-01-25 21:02:00",503,5.56,13.08,0,0,0.03,19.09,117.22,132.13,0.06,67.8,6.28,0.06,0.27,0.07,-0.01,-99.9,-99.9,7.23,-99.9,3.08,1.21,1.23,39.69,0,0,501
"2026-01-25 21:17:02",504,5.56,13.07,0,0,0.03,19.05,117.15,132.18,0.06,67.92,6.29,0.07,0.31,0.06,-0.02,-99.9,-99.9,7.22,-99.9,3.08,1.24,1.22,38.06,0,0,502
"2026-01-25 21:32:00",505,5.56,13.08,0,0,0.03,19.04,117.13,132.17,0.06,67.81,6.28,0.06,0.27,0.05,-0.03,-99.9,-99.9,7.23,-99.9,3.08,1.23,1.22,38.06,0,0,503
"2026-01-25 21:47:00",506,5.56,13.08,0,0,0.03,18.99,117.02,132.2,0.06,67.89,6.3,0.07,0.3,0.08,-0,-99.9,-99.9,7.22,-99.9,3.11,1.25,1.24,39.68,0,0,504
"2026-01-25 22:02:00",507,5.56,13.07,0,0,0.04,18.98,117.05,132.24,0.06,67.85,6.29,0.07,0.31,0.08,-0,-99.9,-99.9,7.23,-99.9,3.08,1.21,1.24,39.68,0,0,505
"2026-01-25 22:17:00",508,5.56,13.07,0,0,0.03,18.93,116.97,132.31,0.06,67.86,6.3,0.07,0.3,0.04,-0.04,-99.9,-99.9,7.22,-99.9,3.1,1.26,1.23,37.97,0,0,506
"2026-01-25 22:32:00",509,5.56,13.07,0,0,0.04,18.92,116.92,132.29,0.06,67.72,6.29,0.05,0.23,0.08,-0,-99.9,-99.9,7.23,-99.9,3.09,1.25,1.23,37.97,0,0,507
"2026-01-25 22:47:00",510,5.56,13.08,0,0,0.03,18.86,116.83,132.35,0.06,67.82,6.31,0.08,0.32,0.09,0.01,-99.9,-99.9,7.22,-99.9,3.1,1.26,1.22,38.15,0,0,508
"2026-01-25 23:02:00",511,5.56,13.08,0,0,0.04,18.84,116.78,132.34,0.06,67.79,6.31,0.07,0.29,0.05,-0.03,-99.9,-99.9,7.23,-99.9,3.12,1.23,1.22,38.15,0,0,509
"2026-01-25 23:17:00",512,5.56,13.07,0,0,0.03,18.79,116.68,132.39,0.06,67.76,6.31,0.08,0.34,0.08,0,-99.9,-99.9,7.22,-99.9,3.09,1.26,1.23,41.39,0,0,510
"2026-01-25 23:32:00",513,5.57,13.07,0,0,0.04,18.77,116.61,132.37,0.06,67.72,6.31,0.05,0.2,0.07,-0.01,-99.9,-99.9,7.23,-99.9,3.1,1.25,1.23,41.39,0,0,511
"2026-01-25 23:47:00",514,5.56,13.08,0,0,0.03,18.7,116.51,132.45,0.06,67.73,6.32,0.05,0.23,0.07,-0,-99.9,-99.9,7.22,-99.9,3.12,1.24,1.23,39.49,0,0,512
"2026-01-26 00:02:00",515,5.56,13.07,0,0,0.04,18.68,116.4,132.39,0.06,67.66,6.32,0.07,0.3,0.06,-0.02,-99.9,-99.9,7.23,-99.9,3.1,1.27,1.23,39.49,0,0,513
"2026-01-26 00:17:00",516,5.56,13.08,0,0,0.03,18.61,116.33,132.5,0.06,67.73,6.33,0.06,0.27,0.06,-0.02,-99.9,-99.9,7.23,-99.9,3.13,1.23,1.22,38.49,0,0,514
"2026-01-26 00:32:00",517,5.56,13.08,0,0,0.04,18.59,116.23,132.46,0.06,67.63,6.33,0.05,0.21,0.08,0,-99.9,-99.9,7.23,-99.9,3.09,1.21,1.22,38.49,0,0,515
"2026-01-26 00:47:00",518,5.56,13.07,0,0,0.03,18.51,116.1,132.53,0.06,67.64,6.34,0.06,0.24,0.06,-0.02,-99.9,-99.9,7.22,-99.9,3.12,1.24,1.24,39.46,0,0,516
"2026-01-26 01:02:00",519,5.56,13.07,0,0,0.03,18.48,116.09,132.59,0.06,67.6,6.34,0.06,0.26,0.05,-0.03,-99.9,-99.9,7.23,-99.9,3.12,1.24,1.24,39.46,0,0,517
"2026-01-26 01:17:00",520,5.56,13.08,0,0,0.03,18.41,115.91,132.6,0.06,67.61,6.35,0.05,0.22,0.08,0.01,-99.9,-99.9,7.22,-99.9,3.14,1.26,1.23,38.43,0,0,518
"2026-01-26 01:32:00",521,5.56,13.07,0,0,0.03,18.39,115.85,132.59,0.06,67.59,6.35,0.06,0.25,0.07,-0.01,-99.9,-99.9,7.23,-99.9,3.13,1.23,1.23,38.43,0,0,519
"2026-01-26 01:47:00",522,5.56,13.07,0,0,0.03,18.33,115.75,132.65,0.06,67.55,6.35,0.05,0.23,0.05,-0.03,-99.9,-99.9,7.22,-99.9,3.14,1.26,1.23,39.31,0,0,520
"2026-01-26 02:02:00",523,5.56,13.07,0,0,0.04,18.3,115.7,132.67,0.06,67.49,6.35,0.06,0.26,0.07,-0.01,-99.9,-99.9,7.23,-99.9,3.12,1.25,1.23,39.31,0,0,521
"2026-01-26 02:17:00",524,5.56,13.07,0,0,0.03,18.24,115.57,132.71,0.06,67.48,6.35,0.06,0.28,0.1,0.02,-99.9,-99.9,7.23,-99.9,3.14,1.25,1.23,40.21,0,0,522
"2026-01-26 02:32:00",525,5.56,13.08,0,0,0.04,18.22,115.51,132.7,0.06,67.41,6.35,0.06,0.26,0.06,-0.02,-99.9,-99.9,7.23,-99.9,3.13,1.25,1.23,40.21,0,0,523
"2026-01-26 02:47:00",526,5.57,13.07,0,0,0.03,18.16,115.43,132.79,0.06,67.33,6.35,0.07,0.31,0.05,-0.03,-99.9,-99.9,7.23,-99.9,3.15,1.27,1.22,38.47,0,0,524
"2026-01-26 03:02:00",527,5.56,13.07,0,0,0.04,18.13,115.31,132.73,0.06,67.34,6.36,0.06,0.25,0.1,0.02,-99.9,-99.9,7.24,-99.9,3.14,1.24,1.22,38.47,0,0,525
"2026-01-26 03:17:00",528,5.56,13.07,0,0,0.03,18.07,115.25,132.83,0.06,67.4,6.37,0.07,0.28,0.05,-0.03,-99.9,-99.9,7.23,-99.9,3.14,1.26,1.23,39.67,0,0,526
"2026-01-26 03:32:00",529,5.56,13.08,0,0,0.03,18.05,115.16,132.8,0.06,67.3,6.36,0.07,0.32,0.07,-0.01,-99.9,-99.9,7.24,-99.9,3.13,1.24,1.23,39.67,0,0,527
"2026-01-26 03:47:00",530,5.56,13.07,0,0,0.02,17.99,115.09,132.89,0.06,67.32,6.37,0.06,0.24,0.07,-0.01,-99.9,-99.9,7.23,-99.9,3.14,1.27,1.23,39.51,0,0,528
"2026-01-26 04:02:00",531,5.57,13.07,0,0,0.03,17.97,115,132.85,0.06,67.32,6.38,0.06,0.27,0.08,-0,-99.9,-99.9,7.24,-99.9,3.16,1.26,1.23,39.51,0,0,529
"2026-01-26 04:17:00",532,5.56,13.08,0,0,0.02,17.91,114.94,132.93,0.06,67.34,6.38,0.07,0.28,0.07,-0.01,-99.9,-99.9,7.23,-99.9,3.14,1.27,1.23,39.47,0,0,530
"2026-01-26 04:32:00",533,5.56,13.08,0,0,0.03,17.89,114.86,132.9,0.06,67.26,6.38,0.05,0.24,0.06,-0.01,-99.9,-99.9,7.24,-99.9,3.14,1.25,1.23,39.47,0,0,531
"2026-01-26 04:47:00",534,5.57,13.07,0,0,0.03,17.84,114.8,132.99,0.06,67.31,6.39,0.08,0.32,0.08,0.01,-99.9,-99.9,7.23,-99.9,3.14,1.27,1.22,38.83,0,0,532
"2026-01-26 05:02:00",535,5.57,13.08,0,0,0.03,17.82,114.82,133.06,0.06,67.32,6.39,0.06,0.24,0.08,-0,-99.9,-99.9,7.24,-99.9,3.16,1.25,1.22,38.83,0,0,533
"2026-01-26 05:17:00",536,5.56,13.07,0,0,0.02,17.78,114.69,133.05,0.06,67.26,6.4,0.06,0.25,0.05,-0.02,-99.9,-99.9,7.23,-99.9,3.15,1.24,1.23,40.48,0,0,534
"2026-01-26 05:32:00",537,5.56,13.07,0,0,0.03,17.76,114.62,133,0.06,67.24,6.39,0.06,0.24,0.07,-0.01,-99.9,-99.9,7.24,-99.9,3.15,1.27,1.23,40.48,0,0,535
"2026-01-26 05:47:00",538,5.56,13.07,0,0,0.02,17.72,114.55,133.06,0.06,67.27,6.4,0.06,0.25,0.07,-0.01,-99.9,-99.9,7.23,-99.9,3.15,1.27,1.22,39.45,0,0,536
"2026-01-26 06:02:00",539,5.56,13.08,0,0,0.03,17.71,114.55,133.07,0.06,67.27,6.4,0.06,0.26,0.09,0.01,-99.9,-99.9,7.23,-99.9,3.14,1.25,1.22,39.45,0,0,537
"2026-01-26 06:17:00",540,5.56,13.07,0,0,0.03,17.68,114.51,133.14,0.06,67.21,6.4,0.07,0.31,0.07,-0.01,-99.9,-99.9,7.24,-99.9,3.16,1.26,1.22,41.03,0,0,538
"2026-01-26 06:32:00",541,5.57,13.07,0,0,0.03,17.67,114.51,133.14,0.06,67.25,6.41,0.06,0.24,0.09,0.01,-99.9,-99.9,7.24,-99.9,3.16,1.25,1.22,41.03,0,0,539
"2026-01-26 06:47:00",542,5.56,13.08,0,0,0.03,17.68,114.61,133.25,0.06,67.34,6.42,0.05,0.2,0.06,-0.02,-99.9,-99.9,7.23,-99.9,3.17,1.25,1.23,39.82,0,0,540
"2026-01-26 07:02:00",543,5.56,13.08,0,0,0.04,17.74,114.78,133.26,0.06,67.42,6.42,0.06,0.27,0.06,-0.02,-99.9,-99.9,7.25,-99.9,3.15,1.24,1.23,39.82,0,0,541
"2026-01-26 07:17:00",544,5.57,13.07,0,0,0.03,17.83,115,133.26,0.06,67.52,6.41,0.06,0.27,0.05,-0.03,-99.9,-99.9,7.24,-99.9,3.16,1.23,1.22,40.49,0,0,542
"2026-01-26 07:32:00",545,5.56,13.07,0,0,0.04,17.97,115.43,133.33,0.06,67.41,6.38,0.05,0.22,0.08,-0,-99.9,-99.9,7.25,-99.9,3.15,1.25,1.22,40.49,0,0,543
"2026-01-26 07:47:00",546,5.56,13.08,0,0,0.04,18.11,115.77,133.32,0.06,68.06,6.43,0.06,0.24,0.07,-0.01,-99.9,-99.9,7.24,-99.9,3.14,1.27,1.23,39.65,0,0,544
"2026-01-26 08:02:00",547,5.56,13.07,0,0,0.05,18.32,116.37,133.38,0.06,68.09,6.4,0.07,0.3,0.07,-0.01,-99.9,-99.9,7.25,-99.9,3.13,1.25,1.23,39.65,0,0,545
"2026-01-26 08:17:00",548,5.56,13.07,0,0,0.04,18.48,116.8,133.41,0.06,68.8,6.45,0.07,0.31,0.07,-0.01,-99.9,-99.9,7.23,-99.9,3.12,1.28,1.23,38.39,0,0,546
"2026-01-26 08:32:00",549,5.57,13.07,0,0,0.06,18.75,117.53,133.46,0.06,68.8,6.41,0.06,0.27,0.07,-0,-99.9,-99.9,7.25,-99.9,3.1,1.26,1.23,38.39,0,0,547
"2026-01-26 08:47:00",550,5.56,13.08,0,0,0.05,18.93,118.05,133.54,0.06,69.48,6.45,0.05,0.2,0.09,0.01,-99.9,-99.9,7.23,-99.9,3.13,1.28,1.23,39.7,0,0,548
"2026-01-26 09:02:00",551,5.57,13.08,0,0,0.06,19.22,118.85,133.61,0.06,69.66,6.43,0.07,0.29,0.07,-0.01,-99.9,-99.9,7.25,-99.9,3.1,1.25,1.23,39.7,0,0,549
"2026-01-26 09:17:00",552,5.56,13.08,0,0,0.06,19.38,119.3,133.66,0.06,70.21,6.46,0.06,0.27,0.08,0,-99.9,-99.9,7.23,-99.9,3.13,1.27,1.22,37.59,0,0,550
"2026-01-26 09:32:00",553,5.56,13.07,0,0,0.07,19.7,120.22,133.75,0.06,70.5,6.45,0.06,0.27,0.07,-0.01,-99.9,-99.9,7.24,-99.9,3.12,1.26,1.22,37.59,0,0,551
"2026-01-26 09:47:00",554,5.56,13.07,0,0,0.06,19.88,120.71,133.8,0.06,71.12,6.48,0.06,0.24,0.07,-0.01,-99.9,-99.9,7.22,-99.9,3.1,1.26,1.23,39.53,0,0,552
"2026-01-26 09:47:02",555,5.56,13.07,0,0,0.06,19.88,120.71,133.8,0.06,71.12,6.48,0.06,0.24,0.07,-0.01,-99.9,-99.9,7.22,-99.9,3.1,1.26,1.23,39.53,0,0,553
"2026-01-26 10:02:00",556,5.57,13.07,0,0,0.06,20.19,121.61,133.91,0.06,71.42,6.47,0.05,0.22,0.06,-0.02,-99.9,-99.9,7.23,-99.9,3.09,1.25,1.23,39.53,0,0,554
"2026-01-26 10:17:00",557,5.56,13.07,0,0,0.06,20.34,122.05,133.97,0.06,71.9,6.49,0.07,0.3,0.06,-0.02,-99.9,-99.9,7.21,-99.9,3.09,1.25,1.22,37.16,0,0,555
"2026-01-27 12:02:02",558,6.06,12.73,0,0,0.05,14.55,-0.42,-0.52,-0,91.66,9.33,0.02,-0.16,2.12,2.15,-99.9,-99.9,4.36,-99.9,-0.27,1.32,1.2,37.73,0,0,1
"2026-01-27 12:32:02",559,6.07,12.71,0,0,1.3,12.76,27164.14,35450.49,22.35,92.04,8.48,0.82,3.03,0.34,0.38,-99.9,-99.9,7.97,-99.9,3.9,1.75,1.19,38.83,0,0,1
"2026-01-27 12:47:00",560,6.07,12.95,0,0,1.28,12.75,27151.78,35444.06,22.34,92.39,8.51,0.76,2.79,0.34,0.38,-99.9,-99.9,7.98,-99.9,3.96,1.93,1.2,32.53,0,0,2
"2026-01-27 13:02:00",561,6.07,12.78,0,0,1.26,12.81,27327.37,35622.49,22.47,89.3,8.21,0.4,1.36,0.23,0.27,-99.9,-99.9,7.95,-99.9,3.95,1.66,1.2,32.53,0,0,3
"2026-01-27 13:17:00",562,6.07,12.76,0,0,1.24,12.87,27408.21,35676.71,22.51,87.81,8.06,0.45,1.56,0.23,0.27,-99.9,-99.9,7.94,-99.9,4.03,2.01,1.2,33.21,0,0,4
"2026-01-27 13:32:00",563,6.07,12.75,0,0,1.23,12.87,27344.74,35593.36,22.45,92.06,8.46,0.5,1.74,0.24,0.28,-99.9,-99.9,8,-99.9,3.82,2.07,1.2,33.21,0,0,5
"2026-01-27 13:47:00",564,6.07,12.74,0,0,1.23,12.86,27443.62,35727.03,22.54,87.47,8.03,0.32,1.04,0.22,0.26,-99.9,-99.9,7.96,-99.9,3.98,2.16,1.2,33.4,0,0,6
"2026-01-27 14:02:00",565,6.07,12.73,0,0,1.25,12.88,27429.01,35695.14,22.52,87.42,8.03,0.31,0.98,0.2,0.24,-99.9,-99.9,7.96,-99.9,3.89,2.32,1.2,33.4,0,0,7
"2026-01-27 14:17:00",566,6.07,12.71,0,0,1.29,12.89,27431.83,35687.03,22.51,85.96,7.89,0.31,0.99,0.2,0.24,-99.9,-99.9,7.94,-99.9,3.93,1.45,1.2,32.61,0,0,8
"2026-01-27 14:32:00",567,6.07,12.69,0,0,1.3,12.93,27396.73,35600.64,22.46,89.49,8.21,0.55,1.96,0.26,0.3,-99.9,-99.9,8.01,-99.9,3.65,2.17,1.2,32.61,0,0,9
"2026-01-27 14:47:00",568,6.07,12.91,0,0,1.36,12.93,27396.91,35605.57,22.46,89.74,8.23,0.4,1.36,0.22,0.26,-99.9,-99.9,7.98,-99.9,3.84,1.85,1.21,32.52,0,0,10
"2026-01-27 15:02:00",569,6.07,12.82,0,0,1.39,12.95,27426.93,35630.26,22.48,87.29,8,0.46,1.57,0.24,0.28,-99.9,-99.9,7.96,-99.9,3.75,1.46,1.21,32.52,0,0,11
"2026-01-27 15:17:00",570,6.07,12.79,0,0,1.42,12.92,27450.93,35680.83,22.51,87.77,8.05,0.37,1.21,0.22,0.25,-99.9,-99.9,7.97,-99.9,3.94,1.68,1.21,32.57,0,0,12
"2026-01-27 15:32:00",571,6.07,12.77,0,0,1.5,12.92,27448.75,35679.41,22.51,87.02,7.98,0.35,1.14,0.22,0.26,-99.9,-99.9,7.97,-99.9,3.67,1.52,1.21,32.57,0,0,13
"2026-01-27 15:47:00",572,6.08,12.73,0,0,1.58,12.95,27445.19,35650.67,22.49,88.17,8.08,0.44,1.5,0.22,0.26,-99.9,-99.9,7.97,-99.9,3.9,1.61,1.2,32.28,0,0,14
"2026-01-27 16:02:00",573,6.08,12.73,0,0,1.63,12.92,27442.35,35672.22,22.5,87.45,8.02,0.38,1.26,0.22,0.26,-99.9,-99.9,7.96,-99.9,3.88,1.56,1.2,32.28,0,0,15
"2026-01-27 16:17:00",574,6.08,12.71,0,0,1.7,12.94,27445.41,35662.52,22.5,87.63,8.04,0.47,1.62,0.24,0.28,-99.9,-99.9,7.97,-99.9,3.84,1.45,1.19,32.41,0,0,16
"2026-01-27 16:32:00",575,6.07,12.71,0,0,1.79,12.98,27446.64,35627.9,22.48,87.57,8.03,0.49,1.69,0.23,0.27,-99.9,-99.9,7.98,-99.9,3.69,1.52,1.19,32.41,0,0,17
"2026-01-27 16:47:00",576,6.07,12.71,0,0,1.85,12.98,27444.76,35624.13,22.47,88.8,8.14,0.44,1.52,0.25,0.28,-99.9,-99.9,7.98,-99.9,3.81,1.49,1.19,32.81,0,0,18
"2026-01-27 17:02:00",577,6.07,12.94,0,0,1.93,12.98,27444.56,35621.31,22.47,87.91,8.06,0.41,1.4,0.21,0.25,-99.9,-99.9,7.97,-99.9,3.74,1.21,1.19,32.81,0,0,19
"2026-01-27 17:17:00",578,6.08,12.8,0,0,2,12.99,27420.6,35584.41,22.45,88.32,8.09,0.55,1.96,0.25,0.29,-99.9,-99.9,7.97,-99.9,3.92,1.82,1.2,35.91,0,0,20
"2026-01-27 17:32:00",579,6.08,12.77,0,0,2.07,12.98,27352.11,35500.23,22.39,90.16,8.27,0.89,3.31,0.3,0.34,-99.9,-99.9,8,-99.9,3.79,1.43,1.2,35.91,0,0,21
"2026-01-27 17:47:00",580,6.07,12.76,0,0,2.14,12.99,27332.22,35470.4,22.37,91.2,8.36,1.12,4.21,0.34,0.38,-99.9,-99.9,8.01,-99.9,3.75,1.31,1.2,32.56,0,0,22
"2026-01-27 18:02:00",581,6.08,12.75,0,0,2.21,12.97,27278.06,35418.95,22.33,90.91,8.34,0.86,3.18,0.27,0.31,-99.9,-99.9,8.01,-99.9,3.73,1.25,1.2,32.56,0,0,23
"2026-01-27 18:17:00",582,6.08,12.71,0,0,2.26,12.91,27155.26,35306.79,22.25,90.22,8.29,0.88,3.28,0.3,0.34,-99.9,-99.9,8,-99.9,4.01,1.27,1.2,33.64,0,0,24
"2026-01-27 18:32:00",583,6.08,12.71,0,0,2.32,12.88,27103.98,35264.12,22.22,89.77,8.26,1.23,4.65,0.31,0.35,-99.9,-99.9,8.01,-99.9,3.91,1.37,1.2,33.64,0,0,25
"2026-01-27 18:47:00",584,6.08,12.7,0,0,2.4,12.86,27067.78,35236.52,22.2,89.7,8.25,0.92,3.43,0.33,0.36,-99.9,-99.9,8.01,-99.9,3.95,1.51,1.2,32.9,0,0,26
"2026-01-27 19:02:00",585,6.08,12.69,0,0,2.44,12.88,27090.52,35252.07,22.21,90.16,8.29,1.03,3.88,0.33,0.37,-99.9,-99.9,8.01,-99.9,3.87,1.59,1.2,32.9,0,0,27
"2026-01-27 19:17:00",586,6.08,12.68,0,0,2.47,12.88,27093.76,35253.58,22.21,90.39,8.31,1.09,4.09,0.33,0.36,-99.9,-99.9,8.01,-99.9,3.98,1.57,1.19,32.51,0,0,28
"2026-01-27 19:32:00",587,6.08,12.95,0,0,2.52,12.87,27068.7,35234.2,22.2,88.94,8.18,1.16,4.39,0.35,0.39,-99.9,-99.9,8.01,-99.9,3.94,1.62,1.19,32.51,0,0,29
"2026-01-27 19:47:00",588,6.07,12.76,0,0,2.55,12.91,27141.48,35294.12,22.24,90.49,8.32,1.21,4.6,0.35,0.39,-99.9,-99.9,8.01,-99.9,4,1.62,1.2,33.14,0,0,30
"2026-01-27 20:02:00",589,6.08,12.75,0,0,2.57,12.94,27227.24,35375.11,22.3,88.21,8.1,0.97,3.64,0.31,0.35,-99.9,-99.9,8,-99.9,3.8,2.66,1.2,33.14,0,0,31
"2026-01-27 20:17:00",590,6.08,12.74,0,0,2.59,12.95,27340.05,35509.9,22.39,89.19,8.18,0.82,3.03,0.27,0.31,-99.9,-99.9,7.99,-99.9,3.94,2.4,1.2,36.87,0,0,32
"2026-01-27 20:32:00",591,6.08,12.73,0,0,2.59,12.95,27355.59,35535.07,22.41,88.66,8.13,0.69,2.5,0.28,0.32,-99.9,-99.9,7.99,-99.9,3.77,2.59,1.2,36.87,0,0,33
"2026-01-27 20:47:00",592,6.08,12.71,0,0,2.59,12.94,27269.49,35432.08,22.34,89.34,8.2,0.98,3.66,0.32,0.36,-99.9,-99.9,8,-99.9,3.91,2.23,1.19,33.32,0,0,34
"2026-01-27 21:02:00",593,6.08,12.69,0,0,2.59,12.87,27834.61,36231.64,22.89,83.86,7.68,0.34,1.09,0.21,0.25,-99.9,-99.9,7.94,-99.9,3.77,1.74,1.19,33.32,0,0,35
"2026-01-27 21:17:00",594,6.08,12.69,0,0,2.56,12.89,27753.12,36106.4,22.81,84.46,7.74,0.36,1.19,0.2,0.24,-99.9,-99.9,7.95,-99.9,3.87,2.13,1.2,36.45,0,0,36
"2026-01-27 21:32:00",595,6.08,12.88,0,0,2.56,12.88,27769.6,36132.1,22.82,84.55,7.75,0.43,1.45,0.22,0.25,-99.9,-99.9,7.95,-99.9,3.87,1.87,1.2,36.45,0,0,37
"2026-01-27 21:47:00",596,6.08,12.84,0,0,2.52,12.86,27765.04,36145.74,22.83,84.73,7.77,0.49,1.71,0.26,0.29,-99.9,-99.9,7.95,-99.9,3.84,1.84,1.19,32.99,0,0,38
"2026-01-27 22:02:00",597,6.08,12.78,0,0,2.48,12.87,27746.41,36117.67,22.81,85.03,7.79,0.53,1.86,0.24,0.28,-99.9,-99.9,7.95,-99.9,3.63,1.75,1.19,32.99,0,0,39
"2026-01-27 22:17:00",598,6.08,12.74,0,0,2.47,12.86,27764.55,36148.13,22.83,84.71,7.76,0.51,1.79,0.24,0.28,-99.9,-99.9,7.95,-99.9,3.47,1.7,1.2,32.29,0,0,40
"2026-01-27 22:32:00",599,6.08,12.73,0,0,2.41,12.92,27546.46,35809.42,22.6,85.38,7.83,0.54,1.91,0.25,0.28,-99.9,-99.9,7.97,-99.9,3.8,1.71,1.2,32.29,0,0,41
"2026-01-27 22:47:00",600,6.08,12.72,0,0,2.39,12.89,27308.18,35526.44,22.4,83.88,7.7,0.32,1.02,0.2,0.23,-99.9,-99.9,7.95,-99.9,3.81,1.24,1.2,32.26,0,0,42
"2026-01-27 23:02:00",601,6.08,12.71,0,0,2.36,12.87,27161.55,35351.35,22.28,82.62,7.6,0.48,1.66,0.22,0.26,-99.9,-99.9,7.97,-99.9,4.03,1.14,1.2,32.26,0,0,43
"2026-01-27 23:17:00",602,6.08,12.7,0,0,2.32,12.88,27145.04,35323.42,22.26,88.87,8.17,1.05,3.94,0.31,0.35,-99.9,-99.9,8,-99.9,3.99,1.68,1.2,32.88,0,0,44
"2026-01-27 23:32:00",603,6.08,12.69,0,0,2.29,12.88,27137.2,35315.3,22.26,88.17,8.11,0.97,3.64,0.34,0.38,-99.9,-99.9,7.99,-99.9,3.82,1.62,1.2,32.88,0,0,45
"2026-01-27 23:47:00",604,6.08,12.92,0,0,2.27,12.88,27140.75,35317.97,22.26,87.2,8.02,0.91,3.37,0.3,0.34,-99.9,-99.9,7.98,-99.9,3.82,1.59,1.2,33.23,0,0,46
"2026-01-28 00:02:00",605,6.08,12.81,0,0,2.26,12.9,27489.31,35755.53,22.56,84.95,7.79,0.33,1.06,0.2,0.24,-99.9,-99.9,7.94,-99.9,3.81,1.34,1.2,33.23,0,0,47
"2026-01-28 00:17:00",606,6.08,12.77,0,0,2.23,12.89,27153.85,35328.81,22.27,87.69,8.06,0.76,2.78,0.29,0.33,-99.9,-99.9,7.98,-99.9,4.05,1.7,1.2,32.77,0,0,48
"2026-01-28 00:32:02",607,6.08,12.75,0,0,2.22,12.85,27711.89,36084.08,22.79,81.2,7.45,0.54,1.92,0.23,0.26,-99.9,-99.9,7.92,-99.9,3.59,1.51,1.2,32.77,0,0,49
"2026-01-28 00:47:00",608,6.08,12.73,0,0,2.23,12.89,27248.91,35449.26,22.35,85.08,7.82,0.64,2.3,0.26,0.3,-99.9,-99.9,7.98,-99.9,3.98,1.55,1.21,35.7,0,0,50
"2026-01-28 01:02:00",609,6.08,12.71,0,0,2.21,12.87,27611.96,35935.9,22.69,81.96,7.52,0.39,1.32,0.21,0.25,-99.9,-99.9,7.93,-99.9,3.82,1.56,1.21,35.7,0,0,51
"2026-01-28 01:17:00",610,6.08,12.69,0,0,2.23,12.86,27663.16,36012.32,22.74,82.06,7.53,0.37,1.24,0.19,0.23,-99.9,-99.9,7.93,-99.9,3.96,1.46,1.2,33,0,0,52
"2026-01-28 01:32:00",611,6.08,12.69,0,0,2.26,12.85,27681.17,36043.44,22.76,80.2,7.36,0.29,0.91,0.2,0.24,-99.9,-99.9,7.92,-99.9,3.8,1.43,1.2,33,0,0,53
"2026-01-28 01:47:00",612,6.08,12.68,0,0,2.27,12.81,27801.76,36239.71,22.9,83.04,7.62,0.47,1.62,0.23,0.27,-99.9,-99.9,7.93,-99.9,3.91,2.29,1.19,32.52,0,0,54
"2026-01-28 02:02:00",613,6.08,12.68,0,0,2.32,12.82,27743.43,36158.5,22.84,82.93,7.61,0.39,1.3,0.2,0.23,-99.9,-99.9,7.92,-99.9,3.87,1.68,1.19,32.52,0,0,55
"2026-01-28 02:17:00",614,6.08,12.78,0,0,2.33,12.81,27775.5,36204.7,22.87,83.31,7.64,0.43,1.48,0.23,0.27,-99.9,-99.9,7.93,-99.9,3.93,1.81,1.2,36.18,0,0,56
"2026-01-28 02:32:00",615,6.08,12.75,0,0,2.39,12.81,27773.96,36204.53,22.87,82.62,7.58,0.41,1.39,0.21,0.25,-99.9,-99.9,7.93,-99.9,3.89,1.74,1.2,36.18,0,0,57
"2026-01-28 02:47:00",616,6.08,12.73,0,0,2.44,12.81,27761.63,36186.87,22.86,83.63,7.67,0.47,1.62,0.22,0.26,-99.9,-99.9,7.94,-99.9,3.9,1.76,1.2,33.03,0,0,58
"2026-01-28 03:02:00",617,6.08,12.72,0,0,2.5,12.8,27775.43,36209.52,22.87,83.69,7.68,0.44,1.49,0.23,0.27,-99.9,-99.9,7.94,-99.9,3.8,1.85,1.2,33.03,0,0,59
"2026-01-28 03:17:00",618,6.08,12.71,0,0,2.56,12.79,27793.91,36246.2,22.9,83.61,7.67,0.45,1.56,0.25,0.28,-99.9,-99.9,7.94,-99.9,3.81,1.91,1.19,32.86,0,0,60
"2026-01-28 03:32:00",619,6.08,12.69,0,0,2.61,12.79,27793.54,36246.84,22.9,82.65,7.58,0.48,1.66,0.24,0.28,-99.9,-99.9,7.96,-99.9,3.79,1.77,1.19,32.86,0,0,61
"2026-01-28 03:47:00",620,6.08,12.68,0,0,2.68,12.79,27817.23,36279.37,22.92,83.16,7.63,0.45,1.55,0.26,0.29,-99.9,-99.9,7.93,-99.9,3.86,2.23,1.19,33.4,0,0,62
"2026-01-28 04:02:00",621,6.08,12.68,0,0,2.75,12.79,27818.23,36280.69,22.92,79.99,7.34,0.4,1.34,0.25,0.28,-99.9,-99.9,7.93,-99.9,3.87,1.81,1.19,33.4,0,0,63
"2026-01-28 04:17:00",622,6.08,12.85,0,0,2.82,12.8,27800.72,36250.37,22.9,81.93,7.52,0.42,1.43,0.2,0.23,-99.9,-99.9,7.93,-99.9,3.86,1.39,1.19,32.89,0,0,64
"2026-01-28 04:32:00",623,6.08,12.84,0,0,2.89,12.8,27778.06,36216.08,22.88,80.5,7.39,0.42,1.42,0.21,0.25,-99.9,-99.9,7.94,-99.9,3.74,1.84,1.19,32.89,0,0,65
"2026-01-28 04:47:00",624,6.08,12.74,0,0,2.97,12.84,27596.93,35941.95,22.69,79.95,7.34,0.21,0.6,0.19,0.22,-99.9,-99.9,7.91,-99.9,3.95,0.98,1.19,32.43,0,0,66
"2026-01-28 05:02:00",625,6.08,12.72,0,0,3.04,12.86,27476.12,35771.19,22.57,80.23,7.37,0.2,0.53,0.19,0.23,-99.9,-99.9,7.92,-99.9,3.89,0.93,1.19,32.43,0,0,67
"2026-01-28 05:17:00",626,6.08,12.71,0,0,3.1,12.86,27438.93,35718.74,22.54,81.88,7.52,0.27,0.8,0.2,0.24,-99.9,-99.9,7.93,-99.9,3.91,0.98,1.2,35.7,0,0,68
"2026-01-28 05:32:00",627,6.08,12.69,0,0,3.16,12.88,27360.76,35602.53,22.45,81.26,7.46,0.41,1.39,0.19,0.23,-99.9,-99.9,7.94,-99.9,3.94,0.93,1.2,35.7,0,0,69
"2026-01-28 05:47:00",628,6.08,12.69,0,0,3.21,12.9,27241.06,35429.22,22.34,83.21,7.64,0.28,0.86,0.17,0.21,-99.9,-99.9,7.94,-99.9,4.04,0.83,1.19,34.1,0,0,70
"2026-01-28 06:02:00",629,6.09,12.69,0,0,3.25,12.9,27279.91,35483.18,22.37,87.29,8.02,0.42,1.43,0.22,0.26,-99.9,-99.9,7.96,-99.9,3.95,1.19,1.19,34.1,0,0,71
"2026-01-28 06:17:00",630,6.08,12.66,0,0,3.29,12.87,27475.17,35761.73,22.57,83.73,7.69,0.35,1.15,0.22,0.25,-99.9,-99.9,7.93,-99.9,4.09,1.2,1.21,36.07,0,0,72
"2026-01-28 06:32:00",631,6.08,12.94,0,0,3.32,12.89,27408.81,35659.47,22.49,84.27,7.74,0.5,1.74,0.23,0.27,-99.9,-99.9,7.95,-99.9,3.96,1.31,1.21,36.07,0,0,73
"2026-01-28 06:47:00",632,6.08,12.78,0,0,3.34,12.89,27377.21,35613.56,22.46,85.26,7.83,0.52,1.81,0.23,0.26,-99.9,-99.9,7.95,-99.9,4.01,1.51,1.2,32.79,0,0,74
"2026-01-28 07:02:00",633,6.08,12.75,0,0,3.36,12.9,27383.96,35616.6,22.47,84.87,7.79,0.55,1.94,0.24,0.28,-99.9,-99.9,7.96,-99.9,3.92,1.64,1.2,32.79,0,0,75
"2026-01-28 07:17:00",634,6.08,12.73,0,0,3.36,12.89,27420.06,35670.57,22.5,85.67,7.86,0.54,1.9,0.26,0.3,-99.9,-99.9,7.95,-99.9,3.98,1.83,1.2,32.9,0,0,76
"2026-01-28 07:32:00",635,6.09,12.7,0,0,3.34,12.89,27428.82,35685.23,22.51,85.27,7.83,0.54,1.9,0.26,0.3,-99.9,-99.9,7.95,-99.9,3.83,1.96,1.2,32.9,0,0,77
"2026-01-28 07:47:00",636,6.08,12.69,0,0,3.32,12.87,27518.05,35819.97,22.61,84.49,7.76,0.4,1.35,0.22,0.26,-99.9,-99.9,7.94,-99.9,4.01,2.47,1.21,36.42,0,0,78
"2026-01-28 08:02:00",637,6.09,12.68,0,0,3.26,12.85,27508.77,35817.35,22.6,84.53,7.76,0.42,1.43,0.2,0.24,-99.9,-99.9,7.94,-99.9,3.87,2.65,1.21,36.42,0,0,79
"2026-01-28 08:17:00",638,6.08,12.67,0,0,3.21,12.84,27506.07,35826.79,22.61,84.88,7.79,0.32,1.02,0.23,0.27,-99.9,-99.9,7.94,-99.9,3.93,2.22,1.2,32.28,0,0,80
"2026-01-28 08:32:00",639,6.08,12.66,0,0,3.15,12.86,27454.76,35744.27,22.55,85.35,7.84,0.43,1.48,0.25,0.28,-99.9,-99.9,7.95,-99.9,3.8,2.24,1.2,32.28,0,0,81
"2026-01-28 08:47:00",640,6.08,12.94,0,0,3.07,12.86,27480.23,35774.96,22.57,84.53,7.76,0.33,1.07,0.23,0.26,-99.9,-99.9,7.94,-99.9,3.84,2.22,1.2,32.21,0,0,82
"2026-01-28 09:02:00",641,6.08,12.76,0,0,2.98,12.85,27604.68,35947.68,22.69,82.83,7.6,0.17,0.42,0.18,0.22,-99.9,-99.9,7.92,-99.9,3.91,1.65,1.2,32.21,0,0,83
"2026-01-28 09:17:00",642,6.09,12.73,0,0,2.89,12.86,27508.05,35812.2,22.6,82.98,7.62,0.21,0.57,0.21,0.24,-99.9,-99.9,7.93,-99.9,4.05,1.71,1.19,32.3,0,0,84
"2026-01-28 09:32:00",643,6.08,12.72,0,0,2.78,12.89,27395.38,35640.31,22.48,85.3,7.83,0.47,1.62,0.24,0.28,-99.9,-99.9,7.95,-99.9,3.85,1.73,1.19,32.3,0,0,85
"2026-01-28 09:47:00",644,6.08,12.7,0,0,2.66,12.9,27384.42,35612.18,22.46,87.04,7.99,0.46,1.57,0.25,0.29,-99.9,-99.9,7.96,-99.9,3.93,1.65,1.19,32.91,0,0,86
"2026-01-28 10:02:00",645,6.08,12.69,0,0,2.55,12.9,27378.32,35607.13,22.46,87.43,8.03,0.54,1.91,0.27,0.3,-99.9,-99.9,7.97,-99.9,3.88,1.83,1.19,32.91,0,0,87
"2026-01-28 10:17:00",646,6.08,12.66,0,0,2.41,12.9,27390,35622.6,22.47,87.52,8.03,0.45,1.54,0.26,0.29,-99.9,-99.9,7.96,-99.9,4.01,1.56,1.19,32.55,0,0,88
"2026-01-28 10:32:00",647,6.08,12.65,0,0,2.31,12.91,27397.85,35626.46,22.47,87.35,8.02,0.38,1.27,0.22,0.26,-99.9,-99.9,7.97,-99.9,3.72,1.62,1.19,32.55,0,0,89
"2026-01-28 10:47:00",648,6.09,12.64,0,0,2.18,12.91,27408.59,35637.37,22.48,87.74,8.05,0.4,1.35,0.24,0.28,-99.9,-99.9,7.97,-99.9,3.97,1.55,1.19,31.86,0,0,90
"2026-01-28 11:02:00",649,6.09,12.92,0,0,2.07,12.9,27466.06,35719.86,22.54,85.56,7.85,0.33,1.08,0.21,0.25,-99.9,-99.9,7.94,-99.9,3.86,1.77,1.19,31.86,0,0,91
"2026-01-28 11:17:00",650,6.08,12.78,0,0,1.94,12.93,27464.11,35690.67,22.52,87.92,8.06,0.37,1.24,0.23,0.27,-99.9,-99.9,7.97,-99.9,3.9,1.65,1.2,32.36,0,0,92
"2026-01-28 11:32:00",651,6.08,12.71,0,0,1.84,12.95,27492.48,35709.67,22.53,88.06,8.07,0.73,2.66,0.28,0.31,-99.9,-99.9,7.97,-99.9,3.89,1.75,1.2,32.36,0,0,93
"2026-01-28 11:47:00",652,6.09,12.7,0,0,1.73,13.02,27547.95,35718.81,22.54,90.61,8.29,0.9,3.33,0.35,0.38,-99.9,-99.9,7.99,-99.9,4.01,2.08,1.21,32.29,0,0,94
"2026-01-28 12:02:00",653,6.09,12.69,0,0,1.62,13.06,27548.35,35688.05,22.52,92.61,8.47,1.11,4.17,0.37,0.41,-99.9,-99.9,8.01,-99.9,3.91,2.06,1.21,32.29,0,0,95
"2026-01-28 12:17:00",654,6.09,12.68,0,0,1.52,13.05,27516.46,35657.15,22.5,93.3,8.54,0.85,3.16,0.32,0.36,-99.9,-99.9,8.01,-99.9,3.96,2.03,1.2,32.04,0,0,96
"2026-01-28 12:32:00",655,6.09,12.68,0,0,1.43,12.95,27561.46,35797.34,22.59,88.08,8.07,0.48,1.65,0.26,0.29,-99.9,-99.9,7.96,-99.9,3.96,1.89,1.2,32.04,0,0,97
"2026-01-28 12:47:00",656,6.08,12.65,0,0,1.36,13.02,27633.61,35831.05,22.62,89.4,8.18,0.6,2.16,0.24,0.28,-99.9,-99.9,7.98,-99.9,4.01,2.12,1.2,32.37,0,0,98
"2026-01-28 13:02:00",657,6.08,12.65,0,0,1.27,13.13,27581.06,35670.92,22.51,93.76,8.56,0.53,1.87,0.24,0.28,-99.9,-99.9,8.05,-99.9,3.8,2.38,1.2,32.37,0,0,99
"2026-01-28 13:17:00",658,6.09,12.94,0,0,1.21,13.1,27583.76,35700.81,22.53,93.63,8.56,0.79,2.9,0.28,0.32,-99.9,-99.9,8.01,-99.9,3.94,2.18,1.2,35.79,0,0,100
"2026-01-28 13:32:00",659,6.09,12.77,0,0,1.15,13.05,27618,35784.65,22.59,92.28,8.44,0.78,2.88,0.32,0.36,-99.9,-99.9,8,-99.9,3.81,2.01,1.2,35.79,0,0,101
"2026-01-28 13:47:00",660,6.09,12.74,0,0,1.11,13.08,27624.17,35765.95,22.57,93.63,8.56,0.59,2.11,0.26,0.3,-99.9,-99.9,8.02,-99.9,3.94,2.25,1.19,32.08,0,0,102
"2026-01-28 14:02:00",661,6.09,12.71,0,0,1.08,13.1,27619.73,35740.61,22.56,92.83,8.48,0.6,2.13,0.26,0.3,-99.9,-99.9,8.01,-99.9,3.74,2.2,1.19,32.08,0,0,103
"2026-01-28 14:17:00",662,6.08,12.69,0,0,1.04,13.2,27659.63,35709.25,22.54,97.88,8.92,1.41,5.37,0.4,0.43,-99.9,-99.9,8.06,-99.9,3.86,2.95,1.2,35.53,0,0,104
"2026-01-28 14:32:00",663,6.08,12.69,0,0,1.03,13.16,27673.34,35760.59,22.57,96.48,8.8,0.95,3.55,0.34,0.38,-99.9,-99.9,8.05,-99.9,3.65,3.14,1.2,35.53,0,0,105
"2026-01-28 14:47:00",664,6.09,12.68,0,0,1.04,13.16,27671.22,35760.49,22.57,94.47,8.62,0.72,2.62,0.28,0.31,-99.9,-99.9,8.04,-99.9,3.88,2.53,1.19,33.25,0,0,106
"2026-01-28 15:02:00",665,6.09,12.68,0,0,1.03,13.11,27677.84,35813.83,22.61,92.05,8.41,0.45,1.54,0.25,0.28,-99.9,-99.9,8.02,-99.9,3.75,2.11,1.19,33.25,0,0,107
"2026-01-28 15:17:00",666,6.08,12.66,0,0,1.05,13.17,27671.92,35748.71,22.56,96.12,8.77,0.68,2.48,0.3,0.33,-99.9,-99.9,8.04,-99.9,3.91,2.6,1.19,33.07,0,0,108
"2026-01-28 15:32:00",667,6.08,12.95,0,0,1.08,13.2,27700.06,35763.18,22.57,91.11,8.31,0.79,2.89,0.29,0.32,-99.9,-99.9,7.98,-99.9,3.75,1.45,1.19,33.07,0,0,109
"2026-01-28 15:47:00",668,6.08,12.77,0,0,1.13,13.32,27782.58,35756.62,22.57,93,8.45,1.08,4.08,0.35,0.39,-99.9,-99.9,8,-99.9,3.78,1.88,1.19,32.27,0,0,110
"2026-01-28 16:02:00",669,6.09,12.75,0,0,1.19,13.3,27776.25,35769.3,22.58,92.53,8.42,1.02,3.82,0.3,0.34,-99.9,-99.9,8,-99.9,3.78,1.8,1.19,32.27,0,0,111
"2026-01-28 16:17:00",670,6.09,12.73,0,0,1.25,13.22,27773.01,35832.8,22.62,92.83,8.46,0.61,2.2,0.25,0.29,-99.9,-99.9,8.01,-99.9,3.73,1.9,1.19,32.26,0,0,112
"2026-01-28 16:32:00",671,6.09,12.71,0,0,1.29,13.29,27781.27,35784.37,22.59,92.73,8.43,0.93,3.46,0.33,0.36,-99.9,-99.9,8,-99.9,3.85,1.76,1.19,32.26,0,0,113
"2026-01-28 16:47:00",672,6.09,12.69,0,0,1.41,13.33,27809.12,35787.54,22.59,94.42,8.58,1.23,4.67,0.31,0.35,-99.9,-99.9,8.02,-99.9,3.71,2.2,1.2,35.87,0,0,114
"2026-01-28 17:02:00",673,6.09,12.69,0,0,1.48,13.32,27763.93,35738.92,22.56,93.7,8.52,0.93,3.47,0.3,0.34,-99.9,-99.9,8.01,-99.9,3.76,1.64,1.2,35.87,0,0,115
"2026-01-28 17:17:00",674,6.09,12.68,0,0,1.55,13.37,27770.68,35703.43,22.54,94.8,8.61,1.15,4.36,0.32,0.36,-99.9,-99.9,8.02,-99.9,3.75,1.72,1.2,32.12,0,0,116
"2026-01-28 17:32:00",675,6.09,12.68,0,0,1.65,13.42,27816,35719.77,22.55,95.65,8.68,1.4,5.36,0.38,0.42,-99.9,-99.9,8.03,-99.9,3.74,2.2,1.2,32.12,0,0,117
"2026-01-28 17:47:00",676,6.09,12.83,0,0,1.75,13.39,27764.12,35679.22,22.52,96.19,8.74,0.97,3.64,0.31,0.35,-99.9,-99.9,8.03,-99.9,3.77,2.23,1.2,32.77,0,0,118
"2026-01-28 18:02:00",677,6.09,12.77,0,0,1.83,13.39,27748.82,35657.89,22.5,95.52,8.68,1.12,4.22,0.31,0.35,-99.9,-99.9,8.03,-99.9,3.75,1.91,1.2,32.77,0,0,119
"2026-01-28 18:17:00",678,6.09,12.75,0,0,1.91,13.43,27705.06,35567.33,22.44,95.6,8.68,0.98,3.67,0.31,0.35,-99.9,-99.9,8.03,-99.9,3.81,1.79,1.2,32.06,0,0,120
"2026-01-28 18:32:00",679,6.08,12.74,0,0,1.99,13.35,27587.2,35479.17,22.38,95.09,8.65,1.07,4.01,0.33,0.37,-99.9,-99.9,8.03,-99.9,3.86,1.58,1.2,32.06,0,0,121
"2026-01-28 18:47:00",680,6.09,12.73,0,0,2.07,13.27,27467.5,35395.02,22.32,94.2,8.59,0.97,3.63,0.31,0.35,-99.9,-99.9,8.03,-99.9,3.84,1.72,1.2,32.68,0,0,122
"2026-01-28 19:02:00",681,6.09,12.71,0,0,2.16,13.2,27324.67,35273.42,22.23,93.1,8.5,0.92,3.43,0.28,0.32,-99.9,-99.9,8.02,-99.9,3.96,1.87,1.2,32.68,0,0,123
"2026-01-28 19:17:00",682,6.09,12.69,0,0,2.23,13.18,27301.6,35260.35,22.22,92.72,8.47,0.85,3.14,0.32,0.35,-99.9,-99.9,8.02,-99.9,4.04,2.05,1.2,32.39,0,0,124
"2026-01-28 19:32:00",683,6.09,12.69,0,0,2.31,13.16,27253.68,35220.46,22.2,92.66,8.47,0.82,3.04,0.27,0.31,-99.9,-99.9,8.02,-99.9,4.01,1.94,1.2,32.39,0,0,125
"2026-01-28 19:47:00",684,6.09,12.68,0,0,2.39,13.22,27363.58,35306.22,22.26,92.48,8.44,0.84,3.09,0.3,0.34,-99.9,-99.9,8.02,-99.9,3.95,1.83,1.2,33.12,0,0,126
"2026-01-28 20:02:00",685,6.09,12.93,0,0,2.45,13.22,27360.49,35299.45,22.25,92.33,8.43,0.99,3.71,0.31,0.34,-99.9,-99.9,8.02,-99.9,3.9,2.1,1.2,33.12,0,0,127
"2026-01-28 20:17:00",686,6.09,12.81,0,0,2.52,13.33,27513.12,35400.61,22.32,93.35,8.5,0.92,3.41,0.29,0.32,-99.9,-99.9,8.02,-99.9,3.82,2.15,1.2,32.3,0,0,128
"2026-01-28 20:32:00",687,6.09,12.77,0,0,2.56,13.47,27659.12,35467.27,22.37,95.55,8.67,0.93,3.46,0.29,0.33,-99.9,-99.9,8.03,-99.9,3.72,1.81,1.2,32.3,0,0,129
"2026-01-28 20:47:00",688,6.09,12.73,0,0,2.6,13.2,27915.69,36039.01,22.76,91.17,8.3,0.62,2.21,0.28,0.31,-99.9,-99.9,8,-99.9,3.7,2.18,1.19,31.84,0,0,130
"2026-01-28 21:02:00",689,6.09,12.71,0,0,2.65,13.24,27906.69,35987.29,22.73,91.73,8.35,0.72,2.61,0.27,0.31,-99.9,-99.9,8,-99.9,3.83,2.06,1.19,31.84,0,0,131
"2026-01-28 21:17:00",690,6.09,12.71,0,0,2.67,13.24,27906.15,35987.96,22.73,91.45,8.32,0.65,2.34,0.25,0.28,-99.9,-99.9,8,-99.9,3.75,2.33,1.19,32.96,0,0,132
"2026-01-28 21:32:00",691,6.09,12.7,0,0,2.7,13.06,28204.36,36538.81,23.11,87.46,7.97,0.5,1.73,0.25,0.29,-99.9,-99.9,7.96,-99.9,3.62,3.05,1.19,32.96,0,0,133
"2026-01-28 21:47:00",692,6.09,12.69,0,0,2.72,13.16,27887.62,36038.14,22.76,90.48,8.24,0.98,3.66,0.3,0.34,-99.9,-99.9,8,-99.9,3.77,2.71,1.19,31.93,0,0,134
"2026-01-28 22:02:00",693,6.09,12.67,0,0,2.71,13.13,27892.8,36068.9,22.78,89.67,8.17,1.08,4.07,0.33,0.36,-99.9,-99.9,7.99,-99.9,3.7,2.79,1.19,31.93,0,0,135
"2026-01-28 22:17:00",694,6.09,12.95,0,0,2.71,13.1,27925.49,36136.42,22.83,89.57,8.17,0.78,2.84,0.31,0.34,-99.9,-99.9,7.98,-99.9,3.81,3.12,1.2,35.92,0,0,136
"2026-01-28 22:32:00",695,6.09,12.79,0,0,2.68,13.08,28037.59,36302.33,22.95,88.88,8.1,0.59,2.1,0.24,0.28,-99.9,-99.9,7.98,-99.9,3.66,3.11,1.2,35.92,0,0,137
"2026-01-28 22:47:00",696,6.09,12.75,0,0,2.65,13.13,28002.52,36212.17,22.88,89.63,8.17,0.74,2.71,0.28,0.32,-99.9,-99.9,7.98,-99.9,3.81,2.78,1.2,32.97,0,0,138
"2026-01-28 23:02:00",697,6.09,12.74,0,0,2.62,13.23,27896.7,35990.26,22.73,90.39,8.23,0.55,1.95,0.23,0.27,-99.9,-99.9,7.99,-99.9,3.77,2.16,1.2,32.97,0,0,139
"2026-01-28 23:17:00",698,6.09,12.7,0,0,2.57,13.28,27765.3,35773.28,22.58,90.7,8.25,0.64,2.3,0.25,0.29,-99.9,-99.9,8,-99.9,3.74,1.83,1.2,32.96,0,0,140
"2026-01-28 23:32:00",699,6.09,12.69,0,0,2.55,13.19,27487.31,35497.89,22.39,89.4,8.16,0.52,1.84,0.23,0.27,-99.9,-99.9,7.99,-99.9,3.88,1.37,1.2,32.96,0,0,141
"2026-01-28 23:47:00",700,6.09,12.68,0,0,2.51,13.14,27388.19,35408.4,22.33,89.34,8.17,0.58,2.06,0.23,0.27,-99.9,-99.9,7.99,-99.9,4,1.53,1.2,36.09,0,0,142
"2026-01-29 00:02:00",701,6.09,12.68,0,0,2.47,13.11,27966.25,36182.74,22.86,86.34,7.87,0.31,0.98,0.19,0.22,-99.9,-99.9,7.95,-99.9,3.57,2.16,1.2,36.09,0,0,143
"2026-01-29 00:17:00",702,6.09,12.67,0,0,2.43,13.12,27965.71,36173.77,22.86,86.07,7.85,0.3,0.96,0.22,0.26,-99.9,-99.9,7.95,-99.9,3.88,1.73,1.2,31.77,0,0,144
"2026-01-29 00:32:00",703,6.09,12.89,0,0,2.36,13.14,27870.77,36037.17,22.76,84.86,7.74,0.29,0.92,0.18,0.22,-99.9,-99.9,7.94,-99.9,3.72,1.6,1.2,31.77,0,0,145
"2026-01-29 00:47:00",704,6.09,12.75,0,0,2.32,13.12,27961.26,36166.83,22.85,86.95,7.92,0.31,0.98,0.2,0.24,-99.9,-99.9,7.96,-99.9,3.81,1.68,1.19,32.68,0,0,146
"2026-01-29 01:02:00",705,6.09,12.73,0,0,2.31,13.12,27930.04,36124.53,22.82,85.52,7.8,0.28,0.87,0.21,0.24,-99.9,-99.9,7.96,-99.9,3.82,1.62,1.19,32.68,0,0,147
"2026-01-29 01:17:00",706,6.09,12.71,0,0,2.27,13.1,27969.29,36200.64,22.88,85.54,7.8,0.29,0.91,0.19,0.23,-99.9,-99.9,7.96,-99.9,3.85,1.78,1.2,33.39,0,0,148
"2026-01-29 01:32:00",707,6.09,12.7,0,0,2.26,13.1,28000.35,36236.7,22.9,85.95,7.83,0.58,2.06,0.22,0.26,-99.9,-99.9,7.95,-99.9,3.71,2.09,1.2,33.39,0,0,149
"2026-01-29 01:47:00",708,6.09,12.68,0,0,2.26,13.09,28033.14,36288.33,22.94,86.79,7.91,0.51,1.8,0.22,0.26,-99.9,-99.9,7.97,-99.9,3.83,2.21,1.2,35.84,0,0,150
"2026-01-29 02:02:00",709,6.09,12.68,0,0,2.23,13.03,28064.47,36379.76,23,86.98,7.94,0.56,1.98,0.26,0.3,-99.9,-99.9,7.97,-99.9,3.67,2.42,1.2,35.84,0,0,151
"2026-01-29 02:17:00",710,6.09,12.65,0,0,2.24,13.03,28113.47,36446.1,23.04,86.92,7.93,0.49,1.7,0.23,0.26,-99.9,-99.9,7.96,-99.9,3.78,2.7,1.19,33.03,0,0,152
"2026-01-29 02:32:00",711,6.09,12.64,0,0,2.24,13.07,27907.54,36139.88,22.83,80.34,7.33,0.22,0.63,0.19,0.23,-99.9,-99.9,7.95,-99.9,3.8,1.55,1.19,33.03,0,0,153
"2026-01-29 02:47:00",712,6.09,12.93,0,0,2.25,13.07,27934.58,36176.5,22.86,83.7,7.64,0.25,0.76,0.19,0.22,-99.9,-99.9,7.94,-99.9,3.78,1.55,1.2,35.92,0,0,154
"2026-01-29 03:02:00",713,6.1,12.77,0,0,2.28,13.07,27970.21,36225.02,22.89,82.86,7.56,0.28,0.85,0.2,0.24,-99.9,-99.9,7.95,-99.9,3.64,1.52,1.2,35.92,0,0,155
"2026-01-29 03:17:00",714,6.09,12.74,0,0,2.33,13.09,27896.63,36114.82,22.82,83.19,7.59,0.25,0.76,0.16,0.2,-99.9,-99.9,7.92,-99.9,3.91,1.18,1.2,32.1,0,0,156
"2026-01-29 03:32:00",715,6.09,12.69,0,0,2.34,13.05,28061.08,36359.52,22.98,85.51,7.8,0.45,1.54,0.22,0.26,-99.9,-99.9,7.95,-99.9,3.6,2.28,1.2,32.1,0,0,157
"2026-01-29 03:47:00",716,6.09,12.68,0,0,2.41,13.05,28008.23,36287.37,22.93,86.03,7.85,0.29,0.92,0.22,0.26,-99.9,-99.9,7.95,-99.9,3.89,1.92,1.19,32.59,0,0,158
"2026-01-29 04:02:00",717,6.09,12.67,0,0,2.43,13.04,28121.97,36451.35,23.05,85.66,7.81,0.47,1.63,0.26,0.29,-99.9,-99.9,7.95,-99.9,3.69,2.46,1.19,32.59,0,0,159
"2026-01-29 04:17:00",718,6.09,12.66,0,0,2.49,13.04,28107.76,36432.56,23.04,85.63,7.81,0.37,1.24,0.21,0.25,-99.9,-99.9,7.95,-99.9,3.83,2.35,1.2,32.44,0,0,160
"2026-01-29 04:32:00",719,6.09,12.65,0,0,2.56,13.04,28088.14,36403.28,23.01,83.62,7.63,0.34,1.12,0.23,0.26,-99.9,-99.9,7.94,-99.9,3.56,1.79,1.2,32.44,0,0,161
"2026-01-29 04:47:00",720,6.09,12.62,0,0,2.63,13.03,28103.86,36430.88,23.03,85.41,7.79,0.47,1.61,0.24,0.28,-99.9,-99.9,7.95,-99.9,3.72,2.55,1.2,35.82,0,0,162
"2026-01-29 05:02:00",721,6.09,12.94,0,0,2.72,13.01,28145.68,36502.24,23.08,84.1,7.67,0.44,1.5,0.24,0.28,-99.9,-99.9,7.94,-99.9,3.64,2.8,1.2,35.82,0,0,163
"2026-01-29 05:17:00",722,6.1,12.74,0,0,2.8,13.02,28128.91,36479.34,23.07,85.15,7.77,0.59,2.11,0.32,0.36,-99.9,-99.9,7.95,-99.9,3.61,2.89,1.19,33.12,0,0,164
"2026-01-29 05:32:00",723,6.09,12.71,0,0,2.87,13.01,28146.49,36508.11,23.09,85.16,7.77,0.47,1.64,0.25,0.28,-99.9,-99.9,7.94,-99.9,3.65,2.69,1.19,33.12,0,0,165
"2026-01-29 05:47:00",724,6.09,12.7,0,0,2.96,13.03,28015.57,36316.97,22.95,83.42,7.61,0.25,0.73,0.19,0.23,-99.9,-99.9,7.94,-99.9,3.78,1.47,1.21,35.09,0,0,166
"2026-01-29 06:02:00",725,6.09,12.68,0,0,3,13.07,27895.07,36130.36,22.83,83.06,7.58,0.26,0.79,0.2,0.23,-99.9,-99.9,7.94,-99.9,3.62,1.37,1.21,35.09,0,0,167
"2026-01-29 06:17:00",726,6.09,12.64,0,0,3.1,13.04,27907.41,36166.25,22.85,85.11,7.77,0.29,0.92,0.2,0.24,-99.9,-99.9,7.95,-99.9,3.93,1.35,1.2,31.99,0,0,168
"2026-01-29 06:32:00",727,6.09,12.64,0,0,3.15,13.04,27882.3,36139.83,22.83,84.69,7.73,0.38,1.28,0.23,0.27,-99.9,-99.9,7.95,-99.9,3.85,1.48,1.2,31.99,0,0,169
"2026-01-29 06:47:00",728,6.1,12.63,0,0,3.23,13.08,27797.69,35992.04,22.73,83.84,7.65,0.28,0.87,0.19,0.23,-99.9,-99.9,7.93,-99.9,3.89,1.14,1.2,35.88,0,0,170
"2026-01-29 07:02:00",729,6.09,12.62,0,0,3.3,13.05,27860.18,36099.12,22.8,84.45,7.71,0.34,1.12,0.2,0.24,-99.9,-99.9,7.93,-99.9,3.77,1.37,1.2,35.88,0,0,171
"2026-01-29 07:17:00",730,6.09,12.93,0,0,3.33,13.06,27793.61,36008.26,22.74,83.37,7.61,0.28,0.87,0.18,0.22,-99.9,-99.9,7.93,-99.9,3.97,1.22,1.19,32.49,0,0,172
"2026-01-29 07:32:00",731,6.1,12.71,0,0,3.4,12.97,27702.51,35967.09,22.71,87.05,7.97,0.45,1.53,0.21,0.24,-99.9,-99.9,7.96,-99.9,3.81,1.71,1.19,32.49,0,0,173
"2026-01-29 07:47:00",732,6.09,12.69,0,0,3.41,12.94,27591.31,35846.06,22.63,88.19,8.08,0.49,1.72,0.24,0.27,-99.9,-99.9,7.97,-99.9,3.99,1.54,1.19,33.11,0,0,174
"2026-01-29 08:02:00",733,6.09,13.22,0,0,3.42,12.95,27548.59,35781.18,22.58,86.45,7.92,0.44,1.49,0.23,0.27,-99.9,-99.9,7.96,-99.9,3.84,1.36,1.19,33.11,0,0,175
"2026-01-29 08:17:00",734,6.09,13.02,0,0,3.43,12.97,27723.2,35993.1,22.73,87.25,7.98,0.34,1.1,0.22,0.26,-99.9,-99.9,7.96,-99.9,3.94,1.88,1.21,35.92,0,0,176
"2026-01-29 08:32:00",735,6.09,13.02,0,0,3.44,12.98,27765.36,36036.12,22.76,87.07,7.96,0.33,1.07,0.19,0.23,-99.9,-99.9,7.97,-99.9,3.87,2.11,1.21,35.92,0,0,177
"2026-01-29 08:47:00",736,6.09,13.02,0,0,3.4,12.99,28053.87,36405.33,23.01,87.32,7.97,0.21,0.58,0.2,0.23,-99.9,-99.9,7.94,-99.9,3.85,2.32,1.21,33.43,0,0,178
"2026-01-29 09:02:00",737,6.1,13.02,0,0,3.39,12.98,27736.66,35997.67,22.73,88.15,8.06,0.32,1.01,0.22,0.26,-99.9,-99.9,7.98,-99.9,3.77,2.04,1.21,33.43,0,0,179
"2026-01-29 09:17:00",738,6.09,13.02,0,0,3.31,13,28037.28,36373.82,22.99,85.51,7.81,0.26,0.78,0.2,0.23,-99.9,-99.9,7.94,-99.9,3.83,2.32,1.2,32.33,0,0,180
"2026-01-29 09:32:00",739,6.09,13.02,0,0,3.24,13.01,28079.75,36424.74,23.03,85.09,7.77,0.25,0.74,0.19,0.23,-99.9,-99.9,7.94,-99.9,3.72,2.23,1.2,32.33,0,0,181
"2026-01-29 09:47:00",740,6.09,13.01,0,0,3.13,13.01,28100.53,36447.42,23.04,84.69,7.73,0.22,0.62,0.17,0.21,-99.9,-99.9,7.93,-99.9,3.81,2.16,1.19,33.72,0,0,182
"2026-01-29 10:02:00",741,6.1,13.02,0,0,3.04,13.01,28070.82,36408.24,23.02,84.76,7.74,0.19,0.5,0.19,0.23,-99.9,-99.9,7.94,-99.9,3.75,2.09,1.19,33.72,0,0,183
"2026-01-29 10:17:00",742,6.09,13.02,0,0,2.93,13.06,27959.54,36222.74,22.89,85.95,7.84,0.33,1.06,0.2,0.24,-99.9,-99.9,7.95,-99.9,3.86,2.1,1.2,35.13,0,0,184
"2026-01-29 10:32:00",743,6.1,13.02,0,0,2.84,13.12,28007.54,36224.54,22.89,82.85,7.55,0.36,1.2,0.22,0.26,-99.9,-99.9,7.92,-99.9,3.75,2.3,1.2,35.13,0,0,185
"2026-01-29 10:47:00",744,6.1,13.02,0,0,2.7,13.03,27891.45,36155.17,22.84,87.39,7.98,0.31,1,0.2,0.23,-99.9,-99.9,7.96,-99.9,3.87,1.95,1.2,33.21,0,0,186
"2026-01-29 11:02:00",745,6.1,13.02,0,0,2.59,13.13,27939.66,36131.04,22.83,87.91,8.01,0.47,1.62,0.25,0.29,-99.9,-99.9,7.96,-99.9,3.75,1.94,1.2,33.21,0,0,187
"2026-01-29 11:17:00",746,6.09,13.02,0,0,2.43,13.14,27929.09,36104.81,22.81,86.49,7.88,0.47,1.62,0.26,0.29,-99.9,-99.9,7.95,-99.9,3.87,2.11,1.2,32.63,0,0,188
"2026-01-29 11:32:00",747,6.09,13.02,0,0,2.3,13.15,27917.56,36085.42,22.8,88.97,8.11,0.59,2.11,0.28,0.31,-99.9,-99.9,7.97,-99.9,3.79,1.95,1.2,32.63,0,0,189
"2026-01-29 11:47:00",748,6.09,13.02,0,0,2.14,13.17,27925.78,36077.67,22.79,90.07,8.2,0.77,2.8,0.29,0.33,-99.9,-99.9,7.98,-99.9,3.88,2.04,1.19,32.53,0,0,190
"2026-01-29 12:02:00",749,6.09,13.02,0,0,2.02,13.19,27899.47,36028.91,22.76,90.34,8.23,0.81,2.97,0.32,0.35,-99.9,-99.9,7.99,-99.9,3.79,1.95,1.19,32.53,0,0,191
"2026-01-29 12:17:00",750,6.09,13.02,0,0,1.89,13.2,27926.95,36054.7,22.78,93.13,8.48,0.89,3.32,0.34,0.38,-99.9,-99.9,8,-99.9,3.83,2.07,1.2,33.07,0,0,192
"2026-01-29 12:32:00",751,6.09,13.02,0,0,1.77,13.18,27943.84,36095.24,22.8,94.83,8.64,0.71,2.59,0.32,0.36,-99.9,-99.9,7.99,-99.9,3.77,2.1,1.2,33.07,0,0,193
"2026-01-29 12:47:00",752,6.1,13.02,0,0,1.66,13.18,27862.41,35988.78,22.73,93.47,8.52,1.03,3.85,0.34,0.38,-99.9,-99.9,8.01,-99.9,3.85,2.03,1.2,32.13,0,0,194
"2026-01-29 13:02:00",753,6.1,13.02,0,0,1.54,13.17,27828.04,35954.68,22.71,95.6,8.71,1.26,4.8,0.4,0.44,-99.9,-99.9,8.03,-99.9,3.77,2.09,1.2,32.13,0,0,195
"2026-01-29 13:17:00",754,6.09,13.02,0,0,1.43,13.16,27763.91,35878.99,22.65,96.38,8.79,1.33,5.07,0.4,0.43,-99.9,-99.9,8.04,-99.9,3.83,2.07,1.19,32.19,0,0,196
"2026-01-29 13:32:00",755,6.09,13.02,0,0,1.33,13.21,27848.54,35940.24,22.7,97.78,8.9,1.26,4.8,0.37,0.4,-99.9,-99.9,8.05,-99.9,3.78,2.05,1.19,32.19,0,0,197
"2026-01-29 13:47:00",756,6.09,13.02,0,0,1.23,13.32,27844.54,35841.24,22.63,103.16,9.38,1.36,5.17,0.4,0.44,-99.9,-99.9,8.09,-99.9,3.74,2.27,1.2,32.62,0,0,198
"2026-01-29 14:02:00",757,6.1,13.02,0,0,1.14,13.34,27814.64,35781.21,22.59,100.12,9.1,1.55,5.94,0.43,0.47,-99.9,-99.9,8.07,-99.9,3.75,1.97,1.2,32.62,0,0,199
"2026-01-29 14:17:02",758,6.09,13.02,0,0,1.07,13.34,27895.34,35883.65,22.66,102.5,9.31,1.26,4.77,0.39,0.42,-99.9,-99.9,8.09,-99.9,3.74,2.03,1.2,32.72,0,0,200
"2026-01-29 14:32:00",759,6.09,13.01,0,0,1.01,13.29,27910,35954.74,22.71,99.82,9.07,0.9,3.34,0.32,0.36,-99.9,-99.9,8.07,-99.9,3.68,2.09,1.2,32.72,0,0,201
"2026-01-29 14:47:00",760,6.09,13.02,0,0,0.95,13.33,27914.46,35917.81,22.68,100.3,9.11,1.2,4.54,0.37,0.41,-99.9,-99.9,8.07,-99.9,3.68,1.89,1.2,32.29,0,0,202
"2026-01-29 15:02:00",761,6.09,13.02,0,0,0.91,13.43,27968.64,35903.03,22.68,102.87,9.33,1.52,5.81,0.4,0.43,-99.9,-99.9,8.09,-99.9,3.68,2.3,1.2,32.29,0,0,203
"2026-01-29 15:17:00",762,6.09,13.02,0,0,0.87,13.4,27998.05,35962.56,22.72,102.77,9.32,1.26,4.78,0.36,0.4,-99.9,-99.9,8.1,-99.9,3.61,2.66,1.2,32.13,0,0,204
"2026-01-29 15:32:00",763,6.1,13.02,0,0,0.87,13.46,27993.73,35908.78,22.68,102.75,9.31,1.62,6.23,0.4,0.44,-99.9,-99.9,8.09,-99.9,3.62,2.69,1.2,32.13,0,0,205
"2026-01-29 15:47:00",764,6.09,13.03,0,0,0.85,13.54,28028.27,35880.24,22.66,103.78,9.39,1.74,6.71,0.43,0.47,-99.9,-99.9,8.1,-99.9,3.55,4.28,1.2,31.52,0,0,206
"2026-01-29 16:02:00",765,6.1,13.02,0,0,0.86,13.57,28026.78,35854.35,22.64,104.71,9.47,1.58,6.07,0.41,0.45,-99.9,-99.9,8.1,-99.9,3.58,3.79,1.2,31.52,0,0,207
"2026-01-29 16:17:00",766,6.09,13.02,0,0,0.88,13.54,28017.68,35864.57,22.65,103.84,9.39,1.97,7.62,0.45,0.49,-99.9,-99.9,8.1,-99.9,3.53,3.39,1.2,32.37,0,0,208
"2026-01-29 16:32:00",767,6.09,13.02,0,0,0.92,13.58,28027.91,35847.78,22.64,104.97,9.49,1.91,7.38,0.42,0.46,-99.9,-99.9,8.11,-99.9,3.47,3.73,1.2,32.37,0,0,209
"2026-01-29 16:47:00",768,6.09,13.02,0,0,0.97,13.63,27992.95,35761.54,22.58,106.76,9.64,1.89,7.3,0.41,0.45,-99.9,-99.9,8.12,-99.9,3.53,3.29,1.2,32.55,0,0,210
"2026-01-29 17:02:00",769,6.09,13.02,0,0,1.05,13.62,27962.31,35731.77,22.56,106.65,9.64,1.77,6.82,0.42,0.46,-99.9,-99.9,8.13,-99.9,3.54,3.55,1.2,32.55,0,0,211
"2026-01-29 17:17:00",770,6.09,13.02,0,0,1.1,13.6,27952.54,35729.26,22.56,106.24,9.6,1.83,7.06,0.4,0.44,-99.9,-99.9,8.12,-99.9,3.63,3.41,1.2,32.08,0,0,212
"2026-01-29 17:32:00",771,6.09,13.02,0,0,1.19,13.58,27920.22,35710.67,22.54,105.59,9.55,1.76,6.77,0.4,0.44,-99.9,-99.9,8.12,-99.9,3.48,3.18,1.2,32.08,0,0,213
"2026-01-29 17:47:00",772,6.1,13.03,0,0,1.27,13.58,27998.98,35812.01,22.62,104.31,9.43,1.79,6.92,0.43,0.47,-99.9,-99.9,8.11,-99.9,3.59,3.27,1.2,32.21,0,0,214
"2026-01-29 18:02:00",773,6.09,13.02,0,0,1.38,13.57,28012.79,35836.27,22.63,104.1,9.41,1.26,4.78,0.33,0.36,-99.9,-99.9,8.11,-99.9,3.59,3.35,1.2,32.21,0,0,215
"2026-01-29 18:17:00",774,6.1,13.02,0,0,1.48,13.48,28008.93,35914.29,22.68,100.95,9.14,0.84,3.1,0.25,0.29,-99.9,-99.9,8.08,-99.9,3.7,2.57,1.2,31.9,0,0,216
"2026-01-29 18:32:00",775,6.1,13.02,0,0,1.58,13.44,28032.67,35978.71,22.73,98.43,8.92,0.77,2.84,0.27,0.31,-99.9,-99.9,8.04,-99.9,3.65,2.28,1.2,31.9,0,0,217
"2026-01-29 18:47:00",776,6.1,13.02,0,0,1.69,13.44,28028.07,35968.86,22.72,98.83,8.95,0.79,2.91,0.26,0.29,-99.9,-99.9,8.06,-99.9,3.64,2.55,1.2,32.28,0,0,218
"2026-01-29 19:02:00",777,6.1,13.03,0,0,1.79,13.47,28035.75,35949.17,22.71,98.35,8.91,0.97,3.64,0.28,0.32,-99.9,-99.9,8.04,-99.9,3.64,2.03,1.2,32.28,0,0,219
"2026-01-29 19:17:00",778,6.09,13.02,0,0,1.89,13.43,27862.64,35770.65,22.58,103,9.34,1.45,5.54,0.38,0.42,-99.9,-99.9,8.11,-99.9,3.63,2.41,1.19,31.83,0,0,220
"2026-01-29 19:32:00",779,6.1,13.03,0,0,1.99,13.4,27876.21,35807.45,22.61,102.41,9.29,1.47,5.61,0.39,0.43,-99.9,-99.9,8.09,-99.9,3.7,2.33,1.19,31.83,0,0,221
"2026-01-29 19:47:00",780,6.1,13.02,0,0,2.09,13.39,27861.51,35799.31,22.6,102.71,9.32,1.6,6.14,0.38,0.42,-99.9,-99.9,8.1,-99.9,3.68,2.39,1.19,31.32,0,0,222
"2026-01-29 20:02:00",781,6.1,13.02,0,0,2.18,13.31,27715.17,35680.6,22.52,101.02,9.19,1.41,5.37,0.35,0.39,-99.9,-99.9,8.09,-99.9,3.75,2.1,1.19,31.32,0,0,223
"2026-01-29 20:17:00",782,6.09,13.03,0,0,2.28,13.28,27619.36,35583.62,22.45,101.36,9.23,1.37,5.24,0.34,0.38,-99.9,-99.9,8.1,-99.9,3.69,2.18,1.2,35.11,0,0,224
"2026-01-29 20:32:00",783,6.1,13.02,0,0,2.34,13.24,27518.22,35490.44,22.38,99.57,9.08,1.12,4.23,0.32,0.35,-99.9,-99.9,8.09,-99.9,3.83,2.29,1.2,35.11,0,0,225
"2026-01-29 20:47:00",784,6.1,13.03,0,0,2.42,13.21,27453.02,35430.39,22.34,98.32,8.97,1.08,4.05,0.34,0.38,-99.9,-99.9,8.08,-99.9,3.83,2.43,1.19,33.35,0,0,226
"2026-01-29 21:02:00",785,6.1,13.02,0,0,2.51,13.19,27432.94,35419.47,22.33,96.75,8.83,1.21,4.6,0.34,0.37,-99.9,-99.9,8.08,-99.9,3.9,2.5,1.19,33.35,0,0,227
"2026-01-29 21:17:00",786,6.1,13.02,0,0,2.59,13.21,27551.88,35558.56,22.43,97.39,8.88,0.81,2.98,0.25,0.29,-99.9,-99.9,8.07,-99.9,3.87,2.46,1.2,35.59,0,0,228
"2026-01-29 21:32:00",787,6.1,13.02,0,0,2.65,13.26,28376.31,36581.08,23.14,93.18,8.45,0.54,1.9,0.24,0.28,-99.9,-99.9,8.01,-99.9,3.55,2.31,1.2,35.59,0,0,229
"2026-01-29 21:47:00",788,6.1,13.03,0,0,2.7,13.22,28422.04,36674.63,23.21,91.78,8.33,0.57,2.04,0.25,0.28,-99.9,-99.9,8,-99.9,3.54,2.71,1.19,32.62,0,0,230
"2026-01-29 22:02:00",789,6.09,13.02,0,0,2.74,13.17,28451.56,36754.1,23.26,90.01,8.17,0.52,1.84,0.23,0.27,-99.9,-99.9,7.99,-99.9,3.5,3.1,1.19,32.62,0,0,231
"2026-01-29 22:17:00",790,6.1,13.03,0,0,2.76,13.21,28469.05,36742.2,23.25,91.43,8.3,0.58,2.07,0.24,0.28,-99.9,-99.9,8,-99.9,3.58,2.73,1.19,32.56,0,0,232
"2026-01-29 22:32:00",791,6.09,13.02,0,0,2.78,13.16,28623.68,36988.54,23.43,89.38,8.11,0.62,2.23,0.24,0.28,-99.9,-99.9,7.99,-99.9,3.46,3.59,1.19,32.56,0,0,233
"2026-01-29 22:47:00",792,6.1,13.02,0,0,2.79,13.14,28697.49,37106.48,23.51,88.29,8.01,0.65,2.36,0.27,0.31,-99.9,-99.9,7.98,-99.9,3.52,3.72,1.19,32.37,0,0,234
"2026-01-29 23:02:00",793,6.09,13.02,0,0,2.78,13.13,28695.58,37113.21,23.51,87.61,7.95,0.62,2.22,0.28,0.32,-99.9,-99.9,7.98,-99.9,3.33,3.24,1.19,32.37,0,0,235
"2026-01-29 23:17:00",794,6.09,13.02,0,0,2.78,13.17,28595.72,36940.36,23.39,88.74,8.05,0.61,2.2,0.25,0.29,-99.9,-99.9,7.98,-99.9,3.59,2.75,1.21,35.08,0,0,236
"2026-01-29 23:32:00",795,6.09,13.02,0,0,2.76,13.13,28816.79,37266.35,23.62,87.51,7.94,0.59,2.11,0.24,0.28,-99.9,-99.9,7.97,-99.9,3.4,3.25,1.21,35.08,0,0,237
"2026-01-29 23:47:00",796,6.1,13.02,0,0,2.73,13.12,28823.64,37285.76,23.63,87.29,7.92,0.51,1.77,0.24,0.28,-99.9,-99.9,7.97,-99.9,3.48,2.78,1.2,32.2,0,0,238
"2026-01-30 00:02:00",797,6.1,13.03,0,0,2.71,13.15,28783.93,37206.81,23.58,86.01,7.8,0.44,1.51,0.21,0.25,-99.9,-99.9,7.97,-99.9,3.42,2.46,1.2,32.2,0,0,239
"2026-01-30 00:17:00",798,6.09,13.02,0,0,2.63,13.2,28340.85,36591.12,23.15,89.03,8.09,0.34,1.09,0.2,0.23,-99.9,-99.9,7.98,-99.9,3.68,1.76,1.19,32.96,0,0,240
"2026-01-30 00:32:00",799,6.1,13.02,0,0,2.58,13.24,28011.97,36126.46,22.83,94.3,8.58,0.83,3.07,0.28,0.32,-99.9,-99.9,8.04,-99.9,3.6,2.31,1.19,32.96,0,0,241
"2026-01-30 00:47:00",800,6.1,13.02,0,0,2.5,13.17,28363.55,36644.01,23.19,89.57,8.14,0.51,1.8,0.23,0.26,-99.9,-99.9,7.99,-99.9,3.64,2.27,1.19,32.26,0,0,242
"2026-01-30 01:02:00",801,6.1,13.03,0,0,2.45,13.14,28620.23,37002.31,23.43,87.71,7.96,0.55,1.95,0.22,0.26,-99.9,-99.9,7.97,-99.9,3.5,2.53,1.19,32.26,0,0,243
"2026-01-30 01:17:00",802,6.1,13.02,0,0,2.4,13.14,28676.48,37077.53,23.49,86.95,7.89,0.46,1.58,0.23,0.27,-99.9,-99.9,7.97,-99.9,3.58,2.34,1.2,32.41,0,0,244
"2026-01-30 01:32:00",803,6.1,13.02,0,0,2.36,13.13,28612.23,36997.21,23.43,85.62,7.77,0.41,1.38,0.23,0.27,-99.9,-99.9,7.96,-99.9,3.36,1.82,1.2,32.41,0,0,245
"2026-01-30 01:47:00",804,6.1,13.02,0,0,2.34,13.14,28452.38,36788.65,23.29,84.42,7.67,0.27,0.81,0.2,0.24,-99.9,-99.9,7.96,-99.9,3.62,1.57,1.2,35.82,0,0,246
"2026-01-30 02:02:00",805,6.1,13.02,0,0,2.28,13.14,28310.64,36599.51,23.15,84.79,7.71,0.24,0.72,0.17,0.21,-99.9,-99.9,7.95,-99.9,3.61,1.43,1.2,35.82,0,0,247
"2026-01-30 02:17:00",806,6.1,13.02,0,0,2.23,13.15,28367.12,36669.95,23.2,85.85,7.8,0.28,0.86,0.21,0.25,-99.9,-99.9,7.96,-99.9,3.54,1.5,1.19,32.94,0,0,248
"2026-01-30 02:32:00",807,6.1,13.02,0,0,2.19,13.15,28426.2,36746.77,23.26,84.64,7.69,0.31,1,0.2,0.24,-99.9,-99.9,7.95,-99.9,3.49,1.8,1.19,32.94,0,0,249
"2026-01-30 02:47:00",808,6.1,13.02,0,0,2.17,13.15,28436.68,36752.06,23.26,86.62,7.87,0.4,1.36,0.23,0.26,-99.9,-99.9,7.96,-99.9,3.71,2.03,1.2,35.28,0,0,250
"2026-01-30 03:02:00",809,6.1,13.02,0,0,2.15,13.12,28705.91,37129.16,23.52,86.76,7.87,0.5,1.72,0.22,0.25,-99.9,-99.9,7.96,-99.9,3.47,2.76,1.2,35.28,0,0,251
"2026-01-30 03:17:00",810,6.1,13.02,0,0,2.15,13.13,28540.58,36904.37,23.37,88.46,8.03,0.5,1.73,0.24,0.27,-99.9,-99.9,7.98,-99.9,3.54,2.64,1.19,32.38,0,0,252
"2026-01-30 03:32:00",811,6.1,13.02,0,0,2.17,13.11,28735.07,37177.63,23.56,87.26,7.92,0.63,2.27,0.26,0.3,-99.9,-99.9,7.97,-99.9,3.39,3.11,1.19,32.38,0,0,253
"2026-01-30 03:47:00",812,6.1,13.01,0,0,2.18,13.12,28703.13,37130.97,23.52,87.34,7.93,0.59,2.11,0.26,0.29,-99.9,-99.9,7.97,-99.9,3.55,3.01,1.19,33.11,0,0,254
"2026-01-30 04:02:00",813,6.1,13.02,0,0,2.2,13.12,28624.41,37022.32,23.45,86.95,7.89,0.7,2.55,0.27,0.3,-99.9,-99.9,7.97,-99.9,3.49,2.71,1.19,33.11,0,0,255
"2026-01-30 04:17:00",814,6.09,13.02,0,0,2.22,13.12,28664.96,37079.42,23.49,87.51,7.94,0.57,2.03,0.23,0.27,-99.9,-99.9,7.97,-99.9,3.6,2.82,1.19,33.2,0,0,256
"2026-01-30 04:32:00",815,6.1,13.02,0,0,2.27,13.12,28652.91,37061.73,23.48,85.03,7.72,0.62,2.21,0.28,0.31,-99.9,-99.9,7.97,-99.9,3.48,3.05,1.19,33.2,0,0,257
"2026-01-30 04:47:00",816,6.1,13.02,0,0,2.31,13.12,28649.42,37055.18,23.47,86.53,7.86,0.64,2.31,0.27,0.31,-99.9,-99.9,7.97,-99.9,3.42,2.6,1.2,35.44,0,0,258
"2026-01-30 05:02:00",817,6.1,13.01,0,0,2.4,13.13,28614.07,37005.81,23.44,78,7.08,0.6,2.13,0.25,0.28,-99.9,-99.9,7.97,-99.9,3.49,2.67,1.2,35.44,0,0,259
"2026-01-30 05:17:00",818,6.1,13.01,0,0,2.45,13.15,28359.23,36653.16,23.19,86.24,7.84,0.41,1.4,0.22,0.26,-99.9,-99.9,7.96,-99.9,3.55,1.44,1.2,33.11,0,0,260
"2026-01-30 05:32:00",819,6.1,13.02,0,0,2.54,13.15,28313.72,36593.79,23.15,82.85,7.53,0.34,1.11,0.22,0.25,-99.9,-99.9,7.96,-99.9,3.54,1.27,1.2,33.11,0,0,261
"2026-01-30 05:47:00",820,6.1,13.02,0,0,2.6,13.16,28194.84,36429.88,23.04,85.3,7.76,0.34,1.09,0.2,0.24,-99.9,-99.9,7.97,-99.9,3.73,1.35,1.19,32.59,0,0,262
"2026-01-30 06:02:00",821,6.1,13.02,0,0,2.71,13.15,28305.03,36586.11,23.14,85.79,7.8,0.35,1.14,0.21,0.25,-99.9,-99.9,7.95,-99.9,3.52,1.58,1.19,32.59,0,0,263
"2026-01-30 06:17:00",822,6.1,13.02,0,0,2.78,13.17,28182.54,36411.36,23.02,88.01,8.01,0.49,1.71,0.23,0.27,-99.9,-99.9,7.98,-99.9,3.66,1.59,1.19,32.84,0,0,264
"2026-01-30 06:32:00",823,6.1,13.01,0,0,2.88,13.15,28374.28,36673.6,23.21,87.98,8,0.49,1.7,0.24,0.27,-99.9,-99.9,7.97,-99.9,3.51,1.98,1.19,32.84,0,0,265
"2026-01-30 06:47:00",824,6.1,13.02,0,0,2.95,13.18,28094.41,36288.16,22.94,89.5,8.14,0.44,1.49,0.21,0.25,-99.9,-99.9,7.99,-99.9,3.79,1.51,1.2,35.5,0,0,266
"2026-01-30 07:02:00",825,6.09,13.02,0,0,3.04,13.16,28249.09,36508.4,23.09,88.45,8.04,0.45,1.54,0.22,0.26,-99.9,-99.9,7.98,-99.9,3.65,1.88,1.2,35.5,0,0,267
"2026-01-30 07:17:00",826,6.1,13.02,0,0,3.12,13.01,27936.27,36230.68,22.89,91.27,8.34,0.66,2.38,0.23,0.27,-99.9,-99.9,8.02,-99.9,3.85,2.21,1.2,32.96,0,0,268
"2026-01-30 07:32:00",827,6.1,13.02,0,0,3.21,13.03,27865.85,36122.05,22.82,92.07,8.41,0.64,2.32,0.22,0.26,-99.9,-99.9,8.02,-99.9,3.67,1.86,1.2,32.96,0,0,269
"2026-01-30 07:47:00",828,6.1,13.02,0,0,3.27,13.03,27921.3,36195.86,22.87,90.95,8.3,0.62,2.22,0.23,0.27,-99.9,-99.9,8,-99.9,3.8,1.89,1.2,32.87,0,0,270
"2026-01-30 08:02:00",829,6.1,13.02,0,0,3.34,12.97,27773.24,36060.38,22.77,91.18,8.34,0.49,1.69,0.25,0.29,-99.9,-99.9,8.02,-99.9,3.7,1.86,1.2,32.87,0,0,271
"2026-01-30 08:17:00",830,6.1,13.02,0,0,3.41,13.05,28057.38,36358.36,22.98,90.26,8.23,0.39,1.32,0.21,0.25,-99.9,-99.9,8,-99.9,3.76,2.11,1.2,33.03,0,0,272
"2026-01-30 08:32:00",831,6.1,13.02,0,0,3.45,13.06,28152.33,36469.92,23.06,90.49,8.25,0.47,1.62,0.21,0.25,-99.9,-99.9,8,-99.9,3.62,2.39,1.2,33.03,0,0,273
"2026-01-30 08:47:00",832,6.1,13.02,0,0,3.49,13.08,29174.82,37779.48,23.98,85,7.7,0.27,0.82,0.2,0.24,-99.9,-99.9,7.94,-99.9,3.42,3.02,1.19,36.08,0,0,274
"2026-01-30 09:02:00",833,6.1,13.02,0,0,3.5,13.07,29202.34,37818.36,24,84.62,7.67,0.24,0.71,0.2,0.24,-99.9,-99.9,7.94,-99.9,3.25,2.86,1.19,36.08,0,0,275
"2026-01-30 09:17:00",834,6.1,13.02,0,0,3.5,13.07,29235.32,37865.81,24.04,85.1,7.71,0.26,0.77,0.16,0.2,-99.9,-99.9,7.94,-99.9,3.38,3.37,1.19,32.81,0,0,276
"2026-01-30 09:32:00",835,6.1,13.01,0,0,3.48,13.04,29626.68,38402.76,24.41,84.78,7.67,0.21,0.6,0.21,0.24,-99.9,-99.9,7.94,-99.9,3.06,3.34,1.19,32.81,0,0,277
"2026-01-30 09:47:00",836,6.1,13.02,0,0,3.46,13.04,29725.57,38529.95,24.5,84.2,7.61,0.21,0.57,0.21,0.25,-99.9,-99.9,7.94,-99.9,3.23,3.07,1.19,32.64,0,0,278
"2026-01-30 10:02:00",837,6.1,13.02,0,0,3.41,13.02,29984.93,38881.59,24.75,82.98,7.49,0.19,0.49,0.16,0.2,-99.9,-99.9,7.93,-99.9,3.01,3.07,1.19,32.64,0,0,279
"2026-01-30 10:17:00",838,6.1,13.02,0,0,3.35,13.04,29828.75,38661.69,24.59,83.19,7.51,0.2,0.56,0.18,0.21,-99.9,-99.9,7.93,-99.9,3.18,3.89,1.2,32.76,0,0,280
"2026-01-30 10:32:00",839,6.1,13.02,0,0,3.28,13.05,29636.9,38402.81,24.41,82.7,7.48,0.29,0.91,0.2,0.24,-99.9,-99.9,7.94,-99.9,3.09,2.7,1.2,32.76,0,0,281
"2026-01-30 10:47:00",840,6.1,13.02,0,0,3.16,13.05,29625.51,38383.32,24.4,84.59,7.65,0.22,0.61,0.2,0.24,-99.9,-99.9,7.95,-99.9,3.25,2.5,1.2,32.47,0,0,282
"2026-01-30 11:02:00",841,6.1,13.02,0,0,3.07,13.05,29814.09,38633.73,24.57,83.59,7.55,0.22,0.61,0.19,0.22,-99.9,-99.9,7.93,-99.9,3.04,2.71,1.2,32.47,0,0,283
"2026-01-30 11:17:00",842,6.1,13.02,0,0,2.93,13.04,29922.02,38781.42,24.68,83.48,7.54,0.18,0.48,0.18,0.22,-99.9,-99.9,7.93,-99.9,3.06,3.16,1.2,32.97,0,0,284
"2026-01-30 11:32:00",843,6.1,13.02,0,0,2.8,13.14,29119.21,37645.04,23.88,87.88,7.96,0.27,0.83,0.19,0.23,-99.9,-99.9,7.99,-99.9,3.33,2.21,1.2,32.97,0,0,285
"2026-01-30 11:47:00",844,6.1,13.02,0,0,2.67,13.23,28500.74,36767.39,23.27,91.69,8.32,0.48,1.68,0.23,0.27,-99.9,-99.9,8,-99.9,3.48,2.2,1.21,33.23,0,0,286
"2026-01-30 12:02:00",845,6.1,13.02,0,0,2.53,13.17,28708.8,37087.83,23.49,90.6,8.22,0.43,1.46,0.23,0.27,-99.9,-99.9,7.99,-99.9,3.42,2.45,1.21,33.23,0,0,287
"2026-01-30 12:17:00",846,6.1,13.02,0,0,2.37,13.14,29183.5,37731.56,23.94,88.34,7.99,0.36,1.18,0.18,0.22,-99.9,-99.9,7.97,-99.9,3.43,2.4,1.2,31.73,0,0,288
"2026-01-30 12:32:00",847,6.1,13.02,0,0,2.23,13.16,29086.59,37585.04,23.84,89.49,8.1,0.51,1.78,0.25,0.29,-99.9,-99.9,7.98,-99.9,3.3,2.51,1.2,31.73,0,0,289
"2026-01-30 12:47:00",848,6.1,13.02,0,0,2.09,13.27,28450.76,36667.27,23.2,93.49,8.48,0.81,2.97,0.3,0.34,-99.9,-99.9,8.02,-99.9,3.58,2.29,1.2,32.88,0,0,290
"2026-01-30 13:02:00",849,6.1,13.02,0,0,1.94,13.26,28594.86,36861.97,23.34,90.97,8.24,0.75,2.75,0.28,0.32,-99.9,-99.9,8,-99.9,3.53,2.71,1.2,32.88,0,0,291
"2026-01-30 13:17:00",850,6.1,13.02,0,0,1.8,13.24,28798.05,37137.45,23.53,91.73,8.3,0.69,2.5,0.28,0.32,-99.9,-99.9,8,-99.9,3.43,3.11,1.2,32.16,0,0,292
"2026-01-30 13:32:00",851,6.1,13.02,0,0,1.69,13.32,28574.06,36775.23,23.28,92.95,8.41,0.8,2.95,0.29,0.33,-99.9,-99.9,8.01,-99.9,3.54,2.8,1.2,32.16,0,0,293
"2026-01-30 13:47:00",852,6.09,13.03,0,0,1.55,13.27,28411.74,36610.77,23.16,94.4,8.56,1.18,4.46,0.36,0.39,-99.9,-99.9,8.03,-99.9,3.53,2.47,1.2,31.47,0,0,294
"2026-01-30 14:02:00",853,6.1,13.02,0,0,1.45,13.34,28444.84,36596.1,23.16,96.43,8.73,1.07,4.04,0.35,0.39,-99.9,-99.9,8.04,-99.9,3.54,2.61,1.2,31.47,0,0,295
"2026-01-30 14:17:00",854,6.1,13.02,0,0,1.35,13.27,28552.02,36798.4,23.3,94.51,8.56,1.15,4.33,0.36,0.4,-99.9,-99.9,8.03,-99.9,3.45,2.91,1.2,31.58,0,0,296
"2026-01-30 14:32:00",855,6.1,13.03,0,0,1.23,13.46,28348.75,36363.14,23,100.02,9.04,0.95,3.53,0.31,0.35,-99.9,-99.9,8.07,-99.9,3.48,2.42,1.2,31.58,0,0,297
"2026-01-30 14:47:00",856,6.1,13.03,0,0,1.13,13.53,28299.76,36237.64,22.91,102.23,9.23,1.02,3.81,0.31,0.35,-99.9,-99.9,8.09,-99.9,3.52,2.5,1.2,32.5,0,0,298
"2026-01-30 15:02:00",857,6.1,13.03,0,0,1.04,13.53,28310.73,36253.79,22.92,102.88,9.29,1.04,3.92,0.31,0.35,-99.9,-99.9,8.1,-99.9,3.49,2.59,1.2,32.5,0,0,299
"2026-01-30 15:17:00",858,6.1,13.03,0,0,0.95,13.64,28271.48,36101.63,22.82,102.65,9.26,1,3.73,0.32,0.36,-99.9,-99.9,8.1,-99.9,3.55,2.59,1.2,32.25,0,0,300
"2026-01-30 15:32:00",859,6.1,13.02,0,0,0.88,13.65,28268.11,36094.7,22.81,104.78,9.45,0.97,3.64,0.31,0.35,-99.9,-99.9,8.11,-99.9,3.43,2.45,1.2,32.25,0,0,301
"2026-01-30 15:47:00",860,6.1,13.02,0,0,0.83,13.68,28256.14,36048.16,22.78,104.68,9.43,1.12,4.21,0.33,0.37,-99.9,-99.9,8.12,-99.9,3.53,2.32,1.19,32.04,0,0,302
"2026-01-30 16:02:00",861,6.1,13.02,0,0,0.79,13.63,28262.27,36099.48,22.82,104.29,9.41,1.15,4.34,0.34,0.38,-99.9,-99.9,8.11,-99.9,3.52,2.41,1.19,32.04,0,0,303
"2026-01-30 16:17:00",862,6.1,13.02,0,0,0.77,13.67,28253.96,36053.38,22.78,104.82,9.45,1.23,4.67,0.37,0.41,-99.9,-99.9,8.12,-99.9,3.51,2.48,1.19,35.61,0,0,304
"2026-01-30 16:32:00",863,6.1,13.03,0,0,0.77,13.68,28263.57,36057.77,22.79,105.11,9.47,1.38,5.27,0.39,0.43,-99.9,-99.9,8.12,-99.9,3.4,2.43,1.19,35.61,0,0,305
"2026-01-30 16:47:00",864,6.1,13.02,0,0,0.75,13.63,28278.67,36120.52,22.83,104.51,9.42,1.33,5.08,0.35,0.39,-99.9,-99.9,8.11,-99.9,3.53,2.52,1.19,32.14,0,0,306
"2026-01-30 17:02:00",865,6.1,13.03,0,0,0.78,13.61,28283.44,36147.77,22.85,102.62,9.26,1.01,3.8,0.29,0.33,-99.9,-99.9,8.1,-99.9,3.45,2.29,1.19,32.14,0,0,307
"2026-01-30 17:17:00",866,6.1,13.03,0,0,0.82,13.59,28294.61,36175.74,22.87,101.84,9.19,0.82,3.02,0.28,0.31,-99.9,-99.9,8.09,-99.9,3.59,2,1.2,35.5,0,0,308
"2026-01-30 17:32:00",867,6.1,13.03,0,0,0.85,13.6,28300.76,36181.29,22.87,101.02,9.11,0.75,2.73,0.25,0.28,-99.9,-99.9,8.08,-99.9,3.48,2.02,1.2,35.5,0,0,309
"2026-01-30 17:47:00",868,6.1,13.03,0,0,0.93,13.61,28292.98,36161.99,22.86,100.99,9.11,0.71,2.57,0.24,0.28,-99.9,-99.9,8.08,-99.9,3.57,1.77,1.2,32.47,0,0,310
"2026-01-30 18:02:00",869,6.1,13.02,0,0,1.01,13.61,28281.89,36147.02,22.85,100.48,9.07,0.71,2.6,0.25,0.29,-99.9,-99.9,8.08,-99.9,3.51,1.83,1.2,32.47,0,0,311
"2026-01-30 18:17:00",870,6.1,13.02,0,0,1.08,13.53,28351.09,36308.28,22.96,97.53,8.81,0.4,1.33,0.19,0.23,-99.9,-99.9,8.06,-99.9,3.62,1.71,1.2,35.45,0,0,312
"2026-01-30 18:32:00",871,6.1,13.03,0,0,1.18,13.56,28309.5,36222.72,22.9,95.71,8.64,0.51,1.78,0.22,0.26,-99.9,-99.9,8.07,-99.9,3.56,1.61,1.2,35.45,0,0,313
"2026-01-30 18:47:00",872,6.1,13.02,0,0,1.3,13.58,28279.22,36171.03,22.86,98.25,8.87,0.48,1.65,0.17,0.21,-99.9,-99.9,8.07,-99.9,3.61,1.87,1.19,32.56,0,0,314
"2026-01-30 19:02:00",873,6.1,13.02,0,0,1.41,13.54,28222.84,36135.51,22.84,98.61,8.91,0.79,2.9,0.27,0.31,-99.9,-99.9,8.07,-99.9,3.61,1.7,1.19,32.56,0,0,315
"2026-01-30 19:17:00",874,6.1,13.03,0,0,1.53,13.5,28230.46,36179.11,22.87,98.77,8.93,0.81,2.97,0.26,0.29,-99.9,-99.9,8.07,-99.9,3.54,1.79,1.21,34.5,0,0,316
"2026-01-30 19:32:00",875,6.1,13.02,0,0,1.63,13.51,28262.63,36207.83,22.89,98.17,8.87,1.39,5.3,0.34,0.38,-99.9,-99.9,8.07,-99.9,3.5,1.8,1.21,34.5,0,0,317
"2026-01-30 19:47:00",876,6.1,13.02,0,0,1.75,13.52,28261.09,36199.29,22.88,97.97,8.85,1.38,5.27,0.33,0.37,-99.9,-99.9,8.07,-99.9,3.45,2.2,1.21,31.57,0,0,318
"2026-01-30 20:02:00",877,6.1,13.02,0,0,1.87,13.29,27655.26,35621.24,22.48,97.7,8.89,1.17,4.43,0.32,0.35,-99.9,-99.9,8.12,-99.9,3.75,2.15,1.21,31.57,0,0,319
"2026-01-30 20:17:00",878,6.1,13.03,0,0,1.96,13.29,27640.53,35607.24,22.47,98.83,9,1.22,4.62,0.33,0.37,-99.9,-99.9,8.12,-99.9,3.59,1.88,1.2,32.03,0,0,320
"2026-01-30 20:32:00",879,6.1,13.03,0,0,2.07,13.32,27736.34,35703.59,22.53,98.99,9,1.09,4.12,0.31,0.35,-99.9,-99.9,8.11,-99.9,3.74,2.12,1.2,32.03,0,0,321
"2026-01-30 20:47:00",880,6.1,13.02,0,0,2.18,13.32,27756,35723.58,22.55,99.01,9,1.22,4.62,0.35,0.38,-99.9,-99.9,8.1,-99.9,3.61,2.19,1.2,33.01,0,0,322
"2026-01-30 21:02:00",881,6.1,13.03,0,0,2.28,13.31,27737.4,35708.95,22.54,98.97,9,1.06,3.98,0.29,0.33,-99.9,-99.9,8.11,-99.9,3.79,2.09,1.2,33.01,0,0,323
"2026-01-30 21:17:00",882,6.1,13.03,0,0,2.38,13.31,27688.51,35647.92,22.5,98.76,8.99,0.98,3.67,0.31,0.34,-99.9,-99.9,8.11,-99.9,3.81,2.28,1.21,32.63,0,0,324
"2026-01-30 21:32:00",883,6.1,13.02,0,0,2.47,13.41,28257.28,36293.94,22.95,98.98,8.96,0.87,3.23,0.28,0.32,-99.9,-99.9,8.08,-99.9,3.53,2.62,1.21,32.63,0,0,325
"2026-01-30 21:47:00",884,6.1,13.02,0,0,2.55,13.4,28301.25,36352.39,22.99,98.39,8.91,1,3.76,0.28,0.32,-99.9,-99.9,8.07,-99.9,3.46,2.5,1.21,33.03,0,0,326
"2026-01-30 22:02:00",885,6.1,13.03,0,0,2.62,13.37,28689.88,36882.59,23.36,96.83,8.75,0.81,2.99,0.26,0.3,-99.9,-99.9,8.05,-99.9,3.42,3.02,1.21,33.03,0,0,327
"2026-01-30 22:17:00",886,6.1,13.02,0,0,2.67,13.33,29064.53,37403.02,23.72,95.02,8.58,0.75,2.76,0.28,0.32,-99.9,-99.9,8.03,-99.9,3.3,3.47,1.2,32.36,0,0,328
"2026-01-30 22:32:00",887,6.1,13.02,0,0,2.74,13.26,29048.1,37443.19,23.74,93.27,8.43,0.67,2.41,0.23,0.27,-99.9,-99.9,8.02,-99.9,3.27,3.63,1.2,32.36,0,0,329
"2026-01-30 22:47:00",888,6.1,13.02,0,0,2.81,13.27,29085.76,37482.39,23.77,93.17,8.42,0.64,2.31,0.24,0.28,-99.9,-99.9,8.03,-99.9,3.28,3.43,1.19,31.98,0,0,330
"2026-01-30 23:02:00",889,6.1,13.03,0,0,2.83,13.29,29041.52,37409.5,23.72,92.67,8.37,0.71,2.57,0.27,0.3,-99.9,-99.9,8.03,-99.9,3.3,3.31,1.19,31.98,0,0,331
"2026-01-30 23:17:00",890,6.1,13.03,0,0,2.87,13.27,28920.31,37273.38,23.63,91.58,8.28,0.59,2.11,0.23,0.27,-99.9,-99.9,8.03,-99.9,3.38,3.2,1.2,34.56,0,0,332
"2026-01-30 23:32:00",891,6.1,13.02,0,0,2.87,13.17,29081.51,37568.86,23.83,90.49,8.19,0.78,2.87,0.28,0.32,-99.9,-99.9,8.01,-99.9,3.21,4.14,1.2,34.56,0,0,333
"2026-01-30 23:47:00",892,6.1,13.02,0,0,2.86,13.19,28904.27,37323.85,23.66,90.34,8.18,0.64,2.32,0.25,0.29,-99.9,-99.9,8.01,-99.9,3.32,4.06,1.2,32.89,0,0,334
"2026-01-31 00:02:00",893,6.1,13.02,0,0,2.85,13.15,29101.43,37617.51,23.86,89.52,8.1,0.75,2.73,0.27,0.31,-99.9,-99.9,7.99,-99.9,3.15,4.12,1.2,32.89,0,0,335
"2026-01-31 00:17:00",894,6.1,13.02,0,0,2.82,13.15,29006.63,37490.38,23.78,88.48,8.01,0.7,2.54,0.26,0.29,-99.9,-99.9,8,-99.9,3.26,3.78,1.19,33.09,0,0,336
"2026-01-31 00:32:00",895,6.1,13.02,0,0,2.78,13.14,29145.15,37684.05,23.91,88.46,8.01,0.79,2.92,0.31,0.34,-99.9,-99.9,7.98,-99.9,3.2,4.15,1.19,33.09,0,0,337
"2026-01-31 00:47:00",896,6.1,13.02,0,0,2.74,13.13,29339.79,37939.67,24.09,88.67,8.02,0.69,2.51,0.26,0.3,-99.9,-99.9,7.98,-99.9,3.31,4.16,1.2,35.35,0,0,338
"2026-01-31 01:02:00",897,6.1,13.02,0,0,2.69,13.18,29129.49,37625.99,23.87,88.6,8.01,0.51,1.8,0.24,0.27,-99.9,-99.9,7.98,-99.9,3.24,3.81,1.2,35.35,0,0,339
"2026-01-31 01:17:00",898,6.1,13.02,0,0,2.62,13.19,29032.86,37490.91,23.78,88.63,8.02,0.49,1.69,0.21,0.24,-99.9,-99.9,7.99,-99.9,3.27,3.33,1.2,33.22,0,0,340
"2026-01-31 01:32:00",899,6.1,13.03,0,0,2.57,13.2,28954.09,37376.1,23.7,81.01,7.33,0.35,1.13,0.21,0.24,-99.9,-99.9,7.99,-99.9,3.38,2.16,1.2,33.22,0,0,341
"2026-01-31 01:47:00",900,6.1,13.02,0,0,2.48,13.21,28987.19,37415.17,23.72,87.68,7.93,0.4,1.32,0.21,0.25,-99.9,-99.9,7.99,-99.9,3.25,2.38,1.2,32.61,0,0,342
"2026-01-31 02:02:00",901,6.1,13.02,0,0,2.41,13.22,28821.98,37189.36,23.57,83.64,7.57,0.35,1.15,0.19,0.23,-99.9,-99.9,8,-99.9,3.4,1.72,1.2,32.61,0,0,343
"2026-01-31 02:17:00",902,6.1,13.02,0,0,2.34,13.21,28746.49,37101.13,23.5,87.77,7.95,0.3,0.96,0.18,0.22,-99.9,-99.9,7.99,-99.9,3.46,1.71,1.2,32.65,0,0,344
"2026-01-31 02:32:00",903,6.1,13.02,0,0,2.27,13.2,28732.78,37089.27,23.5,84.77,7.68,0.25,0.75,0.18,0.21,-99.9,-99.9,7.99,-99.9,3.21,1.71,1.2,32.65,0,0,345
"2026-01-31 02:47:00",904,6.1,13.03,0,0,2.23,13.22,28838.17,37208.73,23.58,86.73,7.85,0.28,0.85,0.19,0.22,-99.9,-99.9,7.98,-99.9,3.28,2.26,1.2,32.78,0,0,346
"2026-01-31 03:02:00",905,6.1,13.02,0,0,2.18,13.2,28879.06,37280.25,23.63,89.94,8.14,0.58,2.08,0.25,0.29,-99.9,-99.9,8.01,-99.9,3.39,3.03,1.2,32.78,0,0,347
"2026-01-31 03:17:00",906,6.1,13.02,0,0,2.14,13.19,28964.21,37399.55,23.71,89.08,8.06,0.45,1.56,0.22,0.26,-99.9,-99.9,7.98,-99.9,3.42,3.22,1.2,35.34,0,0,348
"2026-01-31 03:32:00",907,6.1,13.02,0,0,2.1,13.16,29007.68,37488.56,23.77,86.7,7.85,0.68,2.45,0.27,0.3,-99.9,-99.9,7.99,-99.9,3.29,3.61,1.2,35.34,0,0,349
"2026-01-31 03:47:00",908,6.1,13.02,0,0,2.07,13.17,29058.1,37543.65,23.81,88.48,8.01,0.62,2.23,0.23,0.26,-99.9,-99.9,7.99,-99.9,3.33,3.47,1.2,32.86,0,0,350
"2026-01-31 04:02:02",909,6.1,13.02,0,0,2.05,13.17,29052.68,37533.8,23.81,86.41,7.82,0.57,2.03,0.27,0.3,-99.9,-99.9,7.98,-99.9,3.29,3.37,1.2,32.86,0,0,351
"2026-01-31 04:17:00",910,6.1,13.02,0,0,2.04,13.2,28851.14,37244.38,23.6,87.49,7.92,0.43,1.46,0.17,0.21,-99.9,-99.9,7.99,-99.9,3.18,2.58,1.2,35.6,0,0,352
"2026-01-31 04:32:00",911,6.1,13.02,0,0,2.05,13.17,29037.1,37512.92,23.79,89.03,8.06,0.71,2.57,0.27,0.31,-99.9,-99.9,7.98,-99.9,3.24,3.8,1.2,35.6,0,0,353
"2026-01-31 04:47:00",912,6.1,13.02,0,0,2.07,13.18,28924.92,37361.27,23.69,89.33,8.09,0.72,2.63,0.26,0.3,-99.9,-99.9,7.99,-99.9,3.42,3.21,1.19,32.97,0,0,354
"2026-01-31 05:02:00",913,6.1,13.02,0,0,2.11,13.17,28931.53,37372.79,23.69,87.14,7.89,0.73,2.64,0.24,0.28,-99.9,-99.9,7.99,-99.9,3.32,3.11,1.19,32.97,0,0,355
"2026-01-31 05:17:00",914,6.11,13.03,0,0,2.16,13.18,28919.11,37354.88,23.68,89.5,8.11,0.58,2.07,0.25,0.29,-99.9,-99.9,8,-99.9,3.4,3.05,1.2,32.44,0,0,356
"2026-01-31 05:32:00",915,6.1,13.02,0,0,2.21,13.18,28885.48,37311.8,23.65,86.51,7.84,0.58,2.07,0.24,0.28,-99.9,-99.9,7.99,-99.9,3.37,3.01,1.2,32.44,0,0,357
"2026-01-31 05:47:00",916,6.1,13.02,0,0,2.27,13.17,28935.41,37377.97,23.7,89.6,8.11,0.58,2.07,0.21,0.25,-99.9,-99.9,7.99,-99.9,3.32,3.21,1.2,32.26,0,0,358
"2026-01-31 06:02:00",917,6.1,13.02,0,0,2.34,13.17,29010.3,37477.19,23.77,87.79,7.95,0.62,2.24,0.25,0.29,-99.9,-99.9,7.98,-99.9,3.31,3.24,1.2,32.26,0,0,359
"2026-01-31 06:17:00",918,6.1,13.02,0,0,2.41,13.17,29008.35,37474.82,23.76,88.01,7.97,0.6,2.14,0.25,0.29,-99.9,-99.9,7.98,-99.9,3.37,3.3,1.21,32,0,0,360
"2026-01-31 06:32:00",919,6.1,13.02,0,0,2.51,13.17,28916.77,37356.52,23.68,87.2,7.9,0.59,2.11,0.24,0.28,-99.9,-99.9,7.99,-99.9,3.34,3.09,1.21,32,0,0,361
"2026-01-31 06:47:00",920,6.1,13.02,0,0,2.6,13.19,28896.63,37311.44,23.65,87.52,7.93,0.52,1.81,0.23,0.26,-99.9,-99.9,7.98,-99.9,3.44,2.59,1.2,32.26,0,0,362
"2026-01-31 07:02:00",921,6.1,13.02,0,0,2.69,13.22,28677.62,37006.96,23.44,86.13,7.81,0.35,1.13,0.21,0.24,-99.9,-99.9,7.99,-99.9,3.47,1.59,1.2,32.26,0,0,363
"2026-01-31 07:17:00",922,6.11,13.03,0,0,2.79,13.22,28567.92,36861.07,23.34,85.48,7.75,0.33,1.05,0.21,0.24,-99.9,-99.9,7.97,-99.9,3.52,1.46,1.19,32.45,0,0,364
"2026-01-31 07:32:00",923,6.1,13.02,0,0,2.88,13.2,28381.51,36637.64,23.18,85.43,7.76,0.41,1.39,0.21,0.25,-99.9,-99.9,8.01,-99.9,3.64,1.67,1.19,32.45,0,0,365
"2026-01-31 07:47:00",924,6.1,13.02,0,0,2.96,13.21,28344.86,36580.54,23.14,89.7,8.15,0.52,1.84,0.22,0.26,-99.9,-99.9,8.02,-99.9,3.34,1.59,1.2,35.3,0,0,366
"2026-01-31 08:02:00",925,6.1,13.01,0,0,3.08,13.21,28313.96,36543.54,23.12,90.76,8.24,0.53,1.85,0.21,0.25,-99.9,-99.9,8.02,-99.9,3.63,1.7,1.2,35.3,0,0,367
"2026-01-31 08:17:00",926,6.1,13.02,0,0,3.16,13.2,28249.58,36464.97,23.06,92.29,8.39,0.65,2.36,0.23,0.27,-99.9,-99.9,8.03,-99.9,3.69,1.81,1.21,32.84,0,0,368
"2026-01-31 08:32:00",927,6.1,13.02,0,0,3.26,13.2,28295.19,36529.01,23.11,93.25,8.47,0.56,2,0.21,0.25,-99.9,-99.9,8.03,-99.9,3.58,2.07,1.21,32.84,0,0,369
"2026-01-31 08:47:00",928,6.1,13.02,0,0,3.33,13.09,28330.55,36671.4,23.2,92.3,8.4,0.59,2.1,0.24,0.27,-99.9,-99.9,8.03,-99.9,3.67,2.46,1.2,32.96,0,0,370
"2026-01-31 09:02:00",929,6.1,13.02,0,0,3.4,13.09,28243.22,36564.3,23.13,92.1,8.39,0.58,2.08,0.25,0.28,-99.9,-99.9,8.03,-99.9,3.57,2.79,1.2,32.96,0,0,371
"2026-01-31 09:17:00",930,6.1,13.02,0,0,3.45,13.14,29420.19,38032.49,24.15,87.53,7.91,0.34,1.1,0.21,0.25,-99.9,-99.9,7.97,-99.9,3.29,4.01,1.2,32.47,0,0,372
"2026-01-31 09:32:00",931,6.1,13.02,0,0,3.5,13.14,29301.56,37879.87,24.05,83.74,7.57,0.23,0.67,0.18,0.22,-99.9,-99.9,7.97,-99.9,3.13,2.96,1.2,32.47,0,0,373
"2026-01-31 09:47:00",932,6.1,13.01,0,0,3.53,13.13,29480.69,38121.64,24.22,86.52,7.82,0.3,0.93,0.19,0.23,-99.9,-99.9,7.97,-99.9,3.21,3.06,1.2,32.68,0,0,374
"2026-01-31 10:02:00",933,6.1,13.02,0,0,3.55,13.13,29956.4,38739.64,24.65,85.54,7.71,0.26,0.8,0.19,0.23,-99.9,-99.9,7.96,-99.9,2.97,3.1,1.2,32.68,0,0,375
"2026-01-31 10:17:00",934,6.1,13.02,0,0,3.55,13.12,30118.63,38956.89,24.8,85.45,7.69,0.26,0.8,0.18,0.21,-99.9,-99.9,7.95,-99.9,2.97,3.12,1.2,32.59,0,0,376
"2026-01-31 10:32:00",935,6.1,13.02,0,0,3.54,13.11,30158.02,39018.02,24.84,85.01,7.65,0.27,0.83,0.19,0.23,-99.9,-99.9,7.95,-99.9,2.81,3.27,1.2,32.59,0,0,377
"2026-01-31 10:47:00",936,6.1,13.02,0,0,3.51,13.13,30027.99,38834.57,24.72,85.19,7.67,0.27,0.81,0.18,0.22,-99.9,-99.9,7.95,-99.9,3.02,3.26,1.19,32.88,0,0,378
"2026-01-31 11:02:00",937,6.1,13.02,0,0,3.44,13.13,29949.11,38725.85,24.64,83.78,7.55,0.25,0.76,0.16,0.2,-99.9,-99.9,7.95,-99.9,2.99,3.21,1.19,32.88,0,0,379
"2026-01-31 11:17:00",938,6.1,13.02,0,0,3.36,13.09,30559.93,39555.61,25.22,84.04,7.55,0.24,0.69,0.21,0.24,-99.9,-99.9,7.94,-99.9,2.79,3.2,1.2,35.77,0,0,380
"2026-01-31 11:32:00",939,6.1,13.02,0,0,3.25,13.08,30704.98,39755.63,25.36,83.95,7.54,0.21,0.57,0.15,0.19,-99.9,-99.9,7.94,-99.9,2.71,3.09,1.2,35.77,0,0,381
"2026-01-31 11:47:00",940,6.11,13.02,0,0,3.13,13.07,30631.26,39666.14,25.3,84.27,7.57,0.28,0.88,0.17,0.21,-99.9,-99.9,7.95,-99.9,2.76,3.59,1.2,32.28,0,0,382
"2026-01-31 12:02:00",941,6.1,13.02,0,0,3,13.13,30214.96,39074.38,24.88,83.78,7.54,0.29,0.89,0.2,0.24,-99.9,-99.9,7.95,-99.9,2.85,3.09,1.2,32.28,0,0,383
"2026-01-31 12:17:00",942,6.1,13.02,0,0,2.88,13.15,30118.1,38932.92,24.79,85.51,7.7,0.26,0.77,0.17,0.21,-99.9,-99.9,7.96,-99.9,2.98,2.91,1.2,32.62,0,0,384
"2026-01-31 12:32:00",943,6.1,13.02,0,0,2.74,13.16,30000.96,38771.52,24.67,83.26,7.5,0.25,0.76,0.19,0.23,-99.9,-99.9,7.97,-99.9,2.91,2.71,1.2,32.62,0,0,385
"2026-01-31 12:47:00",944,6.1,13.02,0,0,2.6,13.15,30132.11,38943.36,24.79,85.81,7.72,0.33,1.08,0.2,0.24,-99.9,-99.9,7.96,-99.9,2.86,2.79,1.2,32.71,0,0,386
"2026-01-31 13:02:00",945,6.1,13.02,0,0,2.44,13.29,28889.64,37209.46,23.58,89.83,8.12,0.43,1.47,0.22,0.25,-99.9,-99.9,8.02,-99.9,3.44,2.45,1.2,32.71,0,0,387
"2026-01-31 13:17:00",946,6.1,13.02,0,0,2.28,13.32,28763.92,37020.71,23.45,92.79,8.39,0.6,2.14,0.25,0.29,-99.9,-99.9,8.04,-99.9,3.46,2.46,1.2,32.52,0,0,388
"2026-01-31 13:32:00",947,6.1,13.02,0,0,2.12,13.26,28966.41,37337.72,23.67,93.41,8.45,0.38,1.26,0.21,0.25,-99.9,-99.9,8.07,-99.9,3.45,2.21,1.2,32.52,0,0,389
"2026-01-31 13:47:00",948,6.11,13.02,0,0,1.98,13.28,28885.01,37216.1,23.59,92.19,8.34,0.77,2.84,0.31,0.34,-99.9,-99.9,8.02,-99.9,3.37,2.62,1.21,32.7,0,0,390
"2026-01-31 14:02:00",949,6.1,13.02,0,0,1.83,13.26,28910.38,37267.28,23.62,91.47,8.27,0.84,3.1,0.34,0.38,-99.9,-99.9,8.02,-99.9,3.32,2.44,1.21,32.7,0,0,391
"2026-01-31 14:17:00",950,6.1,13.02,0,0,1.71,13.24,28985.32,37381.35,23.7,91.12,8.24,0.66,2.37,0.29,0.32,-99.9,-99.9,8.01,-99.9,3.26,2.36,1.2,32.26,0,0,392
"2026-01-31 14:32:00",951,6.1,13.02,0,0,1.6,13.31,28814.57,37095.94,23.5,93.06,8.41,0.48,1.66,0.25,0.29,-99.9,-99.9,8.03,-99.9,3.43,2.19,1.2,32.26,0,0,393
"2026-01-31 14:47:00",952,6.11,13.02,0,0,1.47,13.36,28825.1,37064.5,23.48,94.33,8.52,0.75,2.73,0.28,0.32,-99.9,-99.9,8.04,-99.9,3.45,2.41,1.2,32.22,0,0,394
"2026-01-31 15:02:00",953,6.1,13.02,0,0,1.35,13.35,28885.55,37149.87,23.54,95.13,8.59,0.83,3.07,0.3,0.34,-99.9,-99.9,8.07,-99.9,3.36,2.4,1.2,32.22,0,0,395
"2026-01-31 15:17:00",954,6.1,13.03,0,0,1.23,13.53,28712.63,36770.18,23.28,99.58,8.98,0.83,3.06,0.3,0.33,-99.9,-99.9,8.08,-99.9,3.42,2.67,1.2,31.52,0,0,396
"2026-01-31 15:32:00",955,6.11,13.02,0,0,1.13,13.58,28682.31,36682.96,23.22,103.74,9.34,0.71,2.59,0.23,0.27,-99.9,-99.9,8.13,-99.9,3.32,2.23,1.2,31.52,0,0,397
"2026-01-31 15:47:00",956,6.1,13.02,0,0,1.04,13.62,28674.31,36641.55,23.19,99.8,8.98,0.84,3.1,0.29,0.32,-99.9,-99.9,8.08,-99.9,3.43,2.2,1.19,32.25,0,0,398
"2026-01-31 16:02:00",957,6.1,13.02,0,0,0.97,13.61,28592.06,36540.26,23.12,100.28,9.03,0.83,3.05,0.28,0.32,-99.9,-99.9,8.08,-99.9,3.34,1.95,1.19,32.25,0,0,399
"2026-01-31 16:17:00",958,6.1,13.02,0,0,0.89,13.65,28606.24,36525.33,23.11,100.64,9.06,1.01,3.8,0.31,0.35,-99.9,-99.9,8.09,-99.9,3.4,1.87,1.21,35.78,0,0,400
"2026-01-31 16:32:00",959,6.11,13.03,0,0,0.83,13.68,28597.39,36484.46,23.08,100.07,9,1.23,4.65,0.34,0.38,-99.9,-99.9,8.09,-99.9,3.11,2.14,1.21,35.78,0,0,401
"2026-01-31 16:47:00",960,6.1,13.03,0,0,0.79,13.41,28819.53,37013.14,23.45,96.34,8.7,1.02,3.83,0.31,0.34,-99.9,-99.9,8.05,-99.9,3.44,2.8,1.19,32.1,0,0,402
"2026-01-31 17:02:00",961,6.11,13.02,0,0,0.75,13.65,28604.92,36524.02,23.11,97.91,8.81,0.97,3.63,0.29,0.32,-99.9,-99.9,8.08,-99.9,3.19,1.88,1.19,32.1,0,0,403
"2026-01-31 17:17:00",962,6.1,13.02,0,0,0.74,13.64,28659.85,36605.21,23.17,99.66,8.97,1.08,4.05,0.27,0.31,-99.9,-99.9,8.08,-99.9,3.36,2.18,1.19,32.03,0,0,404
"2026-01-31 17:32:00",963,6.1,13.03,0,0,0.75,13.58,28728.48,36742.69,23.26,98.62,8.88,0.86,3.17,0.26,0.3,-99.9,-99.9,8.08,-99.9,3.41,2.99,1.19,32.03,0,0,405
"2026-01-31 17:47:00",964,6.1,13.03,0,0,0.75,13.61,28736.46,36729.78,23.25,100.33,9.03,1.26,4.79,0.35,0.39,-99.9,-99.9,8.09,-99.9,3.43,2.82,1.19,35.57,0,0,406
"2026-01-31 18:02:00",965,6.11,13.03,0,0,0.8,13.6,28717.09,36710.77,23.24,100.35,9.03,1.3,4.96,0.33,0.37,-99.9,-99.9,8.09,-99.9,3.33,2.84,1.19,35.57,0,0,407
"2026-01-31 18:17:00",966,6.1,13.02,0,0,0.84,13.62,28670.74,36631.15,23.19,100.47,9.04,1.3,4.94,0.31,0.35,-99.9,-99.9,8.09,-99.9,3.42,2.53,1.2,31.78,0,0,408
"2026-01-31 18:32:00",967,6.1,13.03,0,0,0.88,13.57,28687.61,36701.87,23.23,98.96,8.91,1.2,4.55,0.31,0.35,-99.9,-99.9,8.08,-99.9,3.36,2.67,1.2,31.78,0,0,409
"2026-01-31 18:47:00",968,6.1,13.02,0,0,0.96,13.58,28692.49,36699.13,23.23,99.16,8.93,1.07,4.02,0.29,0.32,-99.9,-99.9,8.08,-99.9,3.42,2.56,1.2,34.67,0,0,410
"2026-01-31 19:02:00",969,6.11,13.02,0,0,1.06,13.57,28707.31,36721.71,23.25,98.05,8.83,1.3,4.93,0.34,0.38,-99.9,-99.9,8.07,-99.9,3.37,2.64,1.2,34.67,0,0,411
"2026-01-31 19:17:00",970,6.11,13.02,0,0,1.16,13.54,28770.53,36832.35,23.32,97.75,8.81,0.99,3.72,0.28,0.32,-99.9,-99.9,8.07,-99.9,3.43,2.79,1.19,32.7,0,0,412
"2026-01-31 19:32:00",971,6.1,13.02,0,0,1.29,13.55,28662.11,36688.98,23.22,98.34,8.86,1.28,4.87,0.31,0.35,-99.9,-99.9,8.08,-99.9,3.35,2.41,1.19,32.7,0,0,413
"2026-01-31 19:47:00",972,6.11,13.03,0,0,1.4,13.53,28590.52,36614.64,23.17,98.88,8.92,1.11,4.17,0.31,0.34,-99.9,-99.9,8.08,-99.9,3.41,2.27,1.19,34.48,0,0,414
"2026-01-31 20:02:00",973,6.1,13.02,0,0,1.51,13.45,28526.98,36599.5,23.16,98.79,8.92,1.12,4.21,0.32,0.36,-99.9,-99.9,8.08,-99.9,3.45,2.62,1.19,34.48,0,0,415
"2026-01-31 20:17:00",974,6.1,13.02,0,0,1.63,13.49,28578.05,36634.99,23.19,98.51,8.89,1.06,3.98,0.27,0.31,-99.9,-99.9,8.07,-99.9,3.39,2.02,1.2,32.13,0,0,416
"2026-01-31 20:32:00",975,6.1,13.03,0,0,1.75,13.35,28124.87,36177.63,22.86,99.25,9,1.18,4.46,0.34,0.37,-99.9,-99.9,8.11,-99.9,3.52,2.03,1.2,32.13,0,0,417
"2026-01-31 20:47:00",976,6.11,13.02,0,0,1.87,13.29,27953.37,36008.93,22.75,98.92,8.99,1.15,4.34,0.33,0.37,-99.9,-99.9,8.12,-99.9,3.57,2.12,1.2,35.52,0,0,418
"2026-01-31 21:02:00",977,6.11,13.02,0,0,1.99,13.28,27871.88,35909.96,22.68,99.13,9.01,1.12,4.24,0.27,0.31,-99.9,-99.9,8.12,-99.9,3.78,2.17,1.2,35.52,0,0,419
"2026-01-31 21:17:00",978,6.1,13.02,0,0,2.12,13.22,27716.86,35759.65,22.57,98.58,8.98,1.27,4.84,0.35,0.39,-99.9,-99.9,8.12,-99.9,3.73,2.35,1.2,33.12,0,0,420
"2026-01-31 21:32:00",979,6.11,13.03,0,0,2.22,13.2,27675.64,35725.7,22.55,97.91,8.93,1.22,4.63,0.32,0.36,-99.9,-99.9,8.12,-99.9,3.58,2.4,1.2,33.12,0,0,421
"2026-01-31 21:47:00",980,6.1,13.03,0,0,2.33,13.2,27701.63,35758.71,22.57,96.9,8.83,1.3,4.93,0.34,0.38,-99.9,-99.9,8.11,-99.9,3.75,2.36,1.21,35.39,0,0,422
"2026-01-31 22:02:00",981,6.1,13.02,0,0,2.42,13.38,28794.59,37008.32,23.44,97.57,8.81,1.03,3.87,0.29,0.33,-99.9,-99.9,8.08,-99.9,3.38,2.8,1.21,35.39,0,0,423
"2026-01-31 22:17:00",982,6.11,13.02,0,0,2.51,13.36,28827.26,37066.27,23.48,97.03,8.76,1.03,3.88,0.29,0.33,-99.9,-99.9,8.08,-99.9,3.31,3,1.2,32.73,0,0,424
"2026-01-31 22:32:00",983,6.1,13.02,0,0,2.6,13.34,28865.06,37133.42,23.53,96.05,8.68,0.91,3.4,0.27,0.31,-99.9,-99.9,8.06,-99.9,3.35,2.85,1.2,32.73,0,0,425
"2026-01-31 22:47:00",984,6.1,13.02,0,0,2.67,13.32,29194.31,37580.15,23.84,94.04,8.48,0.54,1.92,0.22,0.25,-99.9,-99.9,8.04,-99.9,3.27,2.76,1.2,32.18,0,0,426
"2026-01-31 23:02:00",985,6.1,13.02,0,0,2.76,13.26,29340.46,37823.88,24.01,92.25,8.32,0.69,2.49,0.26,0.3,-99.9,-99.9,8.02,-99.9,3.12,3.71,1.2,32.18,0,0,427
"2026-01-31 23:17:00",986,6.1,13.02,0,0,2.82,13.24,29303.54,37796.64,23.99,92.22,8.33,0.69,2.5,0.27,0.31,-99.9,-99.9,8.02,-99.9,3.13,4.21,1.21,35.87,0,0,428
"2026-01-31 23:32:00",987,6.1,13.02,0,0,2.87,13.23,29338.35,37847.57,24.03,91.73,8.28,0.61,2.19,0.27,0.3,-99.9,-99.9,8.02,-99.9,3.07,4.29,1.21,35.87,0,0,429
"2026-01-31 23:47:00",988,6.1,13.02,0,0,2.9,13.23,29297.49,37796.1,23.99,90.57,8.18,0.64,2.32,0.25,0.29,-99.9,-99.9,8.02,-99.9,3.08,3.95,1.19,33.02,0,0,430
"2026-02-01 00:02:00",989,6.11,13.02,0,0,2.93,13.19,29276.26,37801.49,23.99,89.94,8.13,0.69,2.49,0.28,0.32,-99.9,-99.9,8.01,-99.9,3.14,3.96,1.19,33.02,0,0,431
"2026-02-01 00:17:00",990,6.1,13.02,0,0,2.93,13.17,29292.54,37844.05,24.02,89.7,8.11,0.71,2.58,0.29,0.33,-99.9,-99.9,8,-99.9,3.16,4.25,1.19,35.04,0,0,432
"2026-02-01 00:32:00",991,6.11,13.03,0,0,2.92,13.16,29357.71,37938.67,24.09,88.41,7.99,0.7,2.55,0.26,0.29,-99.9,-99.9,8,-99.9,3.15,4.9,1.19,35.04,0,0,433
"2026-02-01 00:47:00",992,6.11,13.02,0,0,2.91,13.17,29440.71,38039.11,24.16,89.65,8.1,0.71,2.58,0.28,0.32,-99.9,-99.9,7.99,-99.9,3.21,4.42,1.2,32.64,0,0,434
"2026-02-01 01:02:00",993,6.11,13.03,0,0,2.88,13.18,29511.08,38117.24,24.21,87.56,7.9,0.97,3.63,0.3,0.33,-99.9,-99.9,7.99,-99.9,3.1,4.49,1.2,32.64,0,0,435
"2026-02-01 01:17:00",994,6.1,13.02,0,0,2.84,13.18,29700.88,38365.39,24.39,88.33,7.97,0.6,2.15,0.25,0.29,-99.9,-99.9,7.98,-99.9,3.12,4.12,1.2,35,0,0,436
"2026-02-01 01:32:00",995,6.1,13.02,0,0,2.77,13.18,29826.74,38528.38,24.5,87.33,7.87,0.57,2.03,0.26,0.3,-99.9,-99.9,7.97,-99.9,2.94,4.23,1.2,35,0,0,437
"2026-02-01 01:47:00",996,6.11,13.03,0,0,2.71,13.18,29543.54,38162.42,24.25,87.54,7.9,0.86,3.19,0.29,0.33,-99.9,-99.9,7.99,-99.9,2.93,4.42,1.19,32.97,0,0,438
"2026-02-01 02:02:00",997,6.11,13.02,0,0,2.62,13.18,29477.74,38076.2,24.19,86.84,7.84,0.8,2.95,0.26,0.3,-99.9,-99.9,7.99,-99.9,3.12,3.35,1.19,32.97,0,0,439
"2026-02-01 02:17:00",998,6.1,13.02,0,0,2.53,13.2,29229.59,37735.69,23.95,86.84,7.85,0.41,1.37,0.22,0.26,-99.9,-99.9,7.99,-99.9,3.2,2.23,1.19,35.49,0,0,440
"2026-02-01 02:32:00",999,6.1,13.02,0,0,2.45,13.19,29345.62,37893.97,24.06,84.61,7.64,0.43,1.46,0.23,0.27,-99.9,-99.9,7.98,-99.9,3.25,2.42,1.19,35.49,0,0,441
"2026-02-01 02:47:00",1000,6.1,13.02,0,0,2.39,13.19,29309.39,37843.2,24.02,86.6,7.82,0.37,1.22,0.22,0.26,-99.9,-99.9,7.99,-99.9,3.22,2.19,1.2,33.04,0,0,442
"2026-02-01 03:02:00",1001,6.11,13.02,0,0,2.31,13.2,29142.86,37619.5,23.87,66.98,6.06,0.33,1.06,0.18,0.21,-99.9,-99.9,8,-99.9,3.32,2.11,1.2,33.04,0,0,443
"2026-02-01 03:17:00",1002,6.1,13.02,0,0,2.26,13.21,29087.02,37542.29,23.81,85.45,7.73,0.32,1.02,0.2,0.24,-99.9,-99.9,7.99,-99.9,3.31,2.09,1.2,35.98,0,0,444
"2026-02-01 03:32:00",1003,6.11,13.02,0,0,2.14,13.2,28979.63,37407.72,23.72,85.35,7.72,0.38,1.27,0.22,0.26,-99.9,-99.9,8,-99.9,3.41,1.83,1.2,35.98,0,0,445
"2026-02-01 03:47:00",1004,6.11,13.02,0,0,2.07,13.19,29010.19,37459.54,23.75,87.65,7.93,0.32,1.03,0.2,0.23,-99.9,-99.9,7.99,-99.9,3.39,1.95,1.19,33,0,0,446
"2026-02-01 04:02:00",1005,6.11,13.02,0,0,2.04,13.18,29196.32,37708.42,23.93,86.69,7.84,0.59,2.11,0.24,0.28,-99.9,-99.9,7.99,-99.9,3.23,2.53,1.19,33,0,0,447
"2026-02-01 04:17:00",1006,6.11,13.02,0,0,1.98,13.19,29256.71,37777.42,23.98,88,7.95,0.63,2.26,0.24,0.28,-99.9,-99.9,7.99,-99.9,3.26,2.81,1.2,35.5,0,0,448
"2026-02-01 04:32:00",1007,6.11,13.02,0,0,1.95,13.19,29300.72,37833.67,24.02,86.92,7.85,0.63,2.25,0.23,0.27,-99.9,-99.9,7.98,-99.9,3.25,3.24,1.2,35.5,0,0,449
"2026-02-01 04:47:00",1008,6.1,13.02,0,0,1.94,13.2,29312.1,37840.52,24.02,87.92,7.94,0.69,2.5,0.25,0.29,-99.9,-99.9,7.99,-99.9,3.11,3.23,1.19,32.35,0,0,450
"2026-02-01 05:02:00",1009,6.11,13.02,0,0,1.94,13.2,29292.9,37820.36,24.01,88.85,8.03,0.68,2.47,0.28,0.32,-99.9,-99.9,7.98,-99.9,3.26,3.19,1.19,32.35,0,0,451
"2026-02-01 05:17:00",1010,6.11,13.02,0,0,1.93,13.21,29375.74,37915.42,24.07,87.72,7.92,0.7,2.56,0.26,0.3,-99.9,-99.9,7.98,-99.9,3.16,3.18,1.19,32.15,0,0,452
"2026-02-01 05:32:00",1011,6.11,13.02,0,0,1.96,13.21,29337.66,37865.58,24.04,82.05,7.41,0.72,2.64,0.28,0.32,-99.9,-99.9,7.98,-99.9,3.23,3.08,1.19,32.15,0,0,453
"2026-02-01 05:47:00",1012,6.11,13.02,0,0,1.97,13.2,29398.39,37948.63,24.1,87.2,7.87,0.58,2.08,0.22,0.26,-99.9,-99.9,7.97,-99.9,3.23,3.25,1.2,32.37,0,0,454
"2026-02-01 06:02:00",1013,6.11,13.02,0,0,2.01,13.2,29414.32,37971,24.11,85.94,7.76,0.67,2.43,0.27,0.31,-99.9,-99.9,7.97,-99.9,3.14,3.47,1.2,32.37,0,0,455
"2026-02-01 06:17:00",1014,6.11,13.02,0,0,2.07,13.2,29389.59,37937.72,24.09,85.69,7.74,0.79,2.9,0.29,0.32,-99.9,-99.9,7.98,-99.9,3.16,3.26,1.21,32.27,0,0,456
"2026-02-01 06:32:00",1015,6.11,13.02,0,0,2.13,13.19,29361.15,37911.63,24.07,88.4,7.98,0.74,2.71,0.26,0.3,-99.9,-99.9,7.98,-99.9,3.05,3.13,1.21,32.27,0,0,457
"2026-02-01 06:47:00",1016,6.1,13.02,0,0,2.22,13.2,29339.25,37876.07,24.05,88.35,7.98,0.69,2.49,0.26,0.29,-99.9,-99.9,7.98,-99.9,3.24,3.03,1.2,32.11,0,0,458
"2026-02-01 07:02:00",1017,6.11,13.02,0,0,2.29,13.2,29351.17,37895.03,24.06,85.97,7.76,0.71,2.59,0.24,0.28,-99.9,-99.9,7.98,-99.9,3.17,3.3,1.2,32.11,0,0,459
"2026-02-01 07:17:00",1018,6.11,13.02,0,0,2.39,13.21,29273.53,37778.51,23.98,86.6,7.82,0.59,2.09,0.24,0.28,-99.9,-99.9,7.98,-99.9,3.22,2.88,1.19,32.32,0,0,460
"2026-02-01 07:32:00",1019,6.1,13.02,0,0,2.48,13.22,29277.74,37773.53,23.97,84.92,7.67,0.5,1.74,0.22,0.26,-99.9,-99.9,7.98,-99.9,3.22,2.92,1.19,32.32,0,0,461
"2026-02-01 07:47:00",1020,6.11,13.02,0,0,2.57,13.21,29180.08,37657.08,23.89,87.45,7.9,0.41,1.37,0.21,0.25,-99.9,-99.9,7.98,-99.9,3.33,2.73,1.2,32.05,0,0,462
"2026-02-01 08:02:00",1021,6.11,13.02,0,0,2.67,13.19,28777.39,37163.71,23.55,78.07,7.08,0.39,1.3,0.18,0.21,-99.9,-99.9,7.99,-99.9,3.25,1.2,1.2,32.05,0,0,463
"2026-02-01 08:17:00",1022,6.11,13.02,0,0,2.8,13.12,28463.83,36819.52,23.31,87.54,7.96,0.41,1.39,0.21,0.24,-99.9,-99.9,8.01,-99.9,3.54,1.29,1.2,35.36,0,0,464
"2026-02-01 08:32:00",1023,6.11,13.02,0,0,2.88,13.04,28351.2,36747.51,23.25,88.78,8.09,0.47,1.63,0.22,0.26,-99.9,-99.9,8.01,-99.9,3.57,1.24,1.2,35.36,0,0,465
"2026-02-01 08:47:00",1024,6.11,13.02,0,0,2.99,13.04,28294.05,36672.43,23.2,90.84,8.28,0.49,1.72,0.25,0.28,-99.9,-99.9,8.03,-99.9,3.5,1.47,1.2,33.46,0,0,466
"2026-02-01 09:02:00",1025,6.11,13.02,0,0,3.08,13.01,28270.48,36667.83,23.2,82.59,7.53,0.62,2.24,0.26,0.3,-99.9,-99.9,8.04,-99.9,3.39,1.6,1.2,33.46,0,0,467
"2026-02-01 09:17:00",1026,6.11,13.02,0,0,3.17,12.96,28210.72,36636.2,23.17,89.34,8.15,0.58,2.06,0.24,0.28,-99.9,-99.9,8.04,-99.9,3.59,1.67,1.2,34.97,0,0,468
"2026-02-01 09:32:00",1027,6.11,13.02,0,0,3.26,13.09,28675.3,37120.06,23.52,89.07,8.09,0.5,1.74,0.24,0.28,-99.9,-99.9,8.01,-99.9,3.39,2.33,1.2,34.97,0,0,469
"2026-02-01 09:47:00",1028,6.11,13.02,0,0,3.36,13.15,28878.75,37323.73,23.66,90.15,8.17,0.43,1.46,0.23,0.27,-99.9,-99.9,8.01,-99.9,3.46,2.49,1.2,33.33,0,0,470
"2026-02-01 10:02:00",1029,6.11,13.02,0,0,3.41,13.18,29491.78,38089.56,24.19,87.56,7.9,0.33,1.06,0.2,0.23,-99.9,-99.9,7.97,-99.9,3.22,3.38,1.2,33.33,0,0,471
"2026-02-01 10:17:00",1030,6.11,13.01,0,0,3.47,13.17,29873.61,38592.4,24.55,85.81,7.73,0.26,0.77,0.2,0.24,-99.9,-99.9,7.96,-99.9,3.07,2.9,1.19,31.71,0,0,472
"2026-02-01 10:32:00",1031,6.11,13.01,0,0,3.51,13.18,29646.11,38294.2,24.34,85.66,7.73,0.31,0.98,0.21,0.25,-99.9,-99.9,7.96,-99.9,3.07,3.1,1.19,31.71,0,0,473
"2026-02-01 10:47:00",1032,6.11,13.02,0,0,3.55,13.17,29697.3,38368.01,24.39,86.31,7.78,0.3,0.96,0.2,0.24,-99.9,-99.9,7.96,-99.9,3.11,2.96,1.19,32.25,0,0,474
"2026-02-01 11:02:00",1033,6.11,13.02,0,0,3.55,13.16,29920.41,38661.88,24.6,84.72,7.63,0.27,0.84,0.19,0.22,-99.9,-99.9,7.96,-99.9,3.02,3.07,1.19,32.25,0,0,475
"2026-02-01 11:17:00",1034,6.11,13.01,0,0,3.54,13.16,29877.36,38605.62,24.56,86.21,7.77,0.3,0.94,0.23,0.27,-99.9,-99.9,7.96,-99.9,3,2.96,1.19,33.1,0,0,476
"2026-02-01 11:32:00",1035,6.11,13.02,0,0,3.5,13.17,29889.17,38612.5,24.56,85.45,7.7,0.27,0.84,0.21,0.25,-99.9,-99.9,7.96,-99.9,3.04,3.05,1.19,33.1,0,0,477
"2026-02-01 11:47:00",1036,6.11,13.02,0,0,3.45,13.17,30115.86,38911.03,24.77,85.21,7.67,0.29,0.89,0.18,0.22,-99.9,-99.9,7.95,-99.9,2.94,3.37,1.19,32.76,0,0,478
"2026-02-01 12:02:00",1037,6.11,13.02,0,0,3.36,13.13,30250.17,39116.38,24.91,85.13,7.66,0.29,0.9,0.2,0.23,-99.9,-99.9,7.96,-99.9,2.78,3.98,1.19,32.76,0,0,479
"2026-02-01 12:17:00",1038,6.11,13.03,0,0,3.29,13.11,30311.26,39212.7,24.98,85.55,7.7,0.29,0.89,0.18,0.22,-99.9,-99.9,7.96,-99.9,2.83,4.58,1.19,31.63,0,0,480
"2026-02-01 12:32:00",1039,6.1,13.02,0,0,3.17,13.14,30227.79,39077.9,24.89,84,7.56,0.23,0.68,0.21,0.25,-99.9,-99.9,7.95,-99.9,2.89,3.58,1.19,31.63,0,0,481
"2026-02-01 12:47:00",1040,6.11,13.02,0,0,3.04,13.15,30225.37,39064.59,24.88,85.57,7.7,0.28,0.86,0.18,0.21,-99.9,-99.9,7.96,-99.9,2.93,3.71,1.2,32.53,0,0,482
"2026-02-01 13:02:00",1041,6.1,13.03,0,0,2.91,13.18,30155.16,38950.81,24.8,80.26,7.22,0.3,0.94,0.21,0.25,-99.9,-99.9,7.96,-99.9,2.93,3.18,1.2,32.53,0,0,483
"2026-02-01 13:17:00",1042,6.11,13.02,0,0,2.77,13.16,30114.14,38915.74,24.77,86.69,7.8,0.41,1.39,0.22,0.26,-99.9,-99.9,7.97,-99.9,2.93,3.13,1.2,32.65,0,0,484
"2026-02-01 13:32:00",1043,6.11,13.02,0,0,2.6,13.21,29933.1,38633.61,24.58,86.52,7.79,0.51,1.79,0.23,0.27,-99.9,-99.9,7.99,-99.9,3.01,2.74,1.2,32.65,0,0,485
"2026-02-01 13:47:00",1044,6.11,13.02,0,0,2.47,13.31,29364.11,37804.15,24,91.38,8.24,0.61,2.16,0.24,0.28,-99.9,-99.9,8.03,-99.9,3.23,2.41,1.2,32.95,0,0,486
"2026-02-01 14:02:00",1045,6.11,13.02,0,0,2.31,13.36,29040.78,37346.47,23.68,93.2,8.41,1.12,4.23,0.34,0.38,-99.9,-99.9,8.04,-99.9,3.43,2.75,1.2,32.95,0,0,487
"2026-02-01 14:17:00",1046,6.11,13.02,0,0,2.17,13.37,29134.16,37451.04,23.75,92.49,8.34,0.98,3.68,0.31,0.35,-99.9,-99.9,8.02,-99.9,3.3,2.43,1.2,35.2,0,0,488
"2026-02-01 14:32:00",1047,6.11,13.03,0,0,2.03,13.35,29190.1,37542.27,23.82,90.57,8.17,0.94,3.49,0.28,0.32,-99.9,-99.9,8.01,-99.9,3.37,2.52,1.2,35.2,0,0,489
"2026-02-01 14:47:00",1048,6.1,13.02,0,0,1.9,13.35,29164.31,37514.59,23.8,94.12,8.49,0.84,3.09,0.27,0.31,-99.9,-99.9,8.03,-99.9,3.34,2.51,1.2,32.93,0,0,490
"2026-02-01 15:02:00",1049,6.11,13.02,0,0,1.76,13.38,29015.89,37295.26,23.64,97.29,8.78,1.13,4.26,0.34,0.38,-99.9,-99.9,8.06,-99.9,3.37,2.71,1.2,32.93,0,0,491
"2026-02-01 15:17:00",1050,6.11,13.02,0,0,1.62,13.37,29142.45,37464.65,23.76,95.78,8.63,0.87,3.22,0.28,0.32,-99.9,-99.9,8.04,-99.9,3.33,2.62,1.19,32.47,0,0,492
"2026-02-01 15:32:00",1051,6.11,13.02,0,0,1.48,13.35,29087.84,37411.54,23.72,93.94,8.47,0.88,3.27,0.26,0.3,-99.9,-99.9,8.05,-99.9,3.43,2.72,1.19,32.47,0,0,493
"2026-02-01 15:47:00",1052,6.11,13.03,0,0,1.37,13.39,29017.12,37289.67,23.64,98.92,8.92,0.89,3.29,0.27,0.31,-99.9,-99.9,8.08,-99.9,3.34,2.54,1.2,36.02,0,0,494
"2026-02-01 16:02:00",1053,6.11,13.02,0,0,1.26,13.37,28898.74,37155.54,23.55,99.75,9.01,0.95,3.55,0.31,0.35,-99.9,-99.9,8.09,-99.9,3.3,5.62,1.2,36.02,0,0,495
"2026-02-01 16:17:00",1054,6.11,13.03,0,0,1.14,13.39,28814.66,37022.34,23.45,103.2,9.32,1.01,3.78,0.29,0.33,-99.9,-99.9,8.12,-99.9,3.37,2.53,1.19,33.19,0,0,496
"2026-02-01 16:32:00",1055,6.11,13.02,0,0,1.07,13.38,28842.88,37070.42,23.49,100.38,9.06,0.96,3.59,0.3,0.34,-99.9,-99.9,8.09,-99.9,3.41,2.58,1.19,33.19,0,0,497
"2026-02-01 16:47:00",1056,6.11,13.02,0,0,0.99,13.47,28847.34,36997.76,23.44,104.17,9.39,0.96,3.56,0.32,0.36,-99.9,-99.9,8.13,-99.9,3.41,3.5,1.19,32.45,0,0,498
"2026-02-01 17:02:00",1057,6.11,13.03,0,0,0.92,13.49,28855.95,36987.72,23.43,101.57,9.15,0.96,3.58,0.29,0.33,-99.9,-99.9,8.11,-99.9,3.37,2.84,1.19,32.45,0,0,499
"2026-02-01 17:17:00",1058,6.11,13.03,0,0,0.86,13.55,28834.65,36905.66,23.38,101.46,9.14,1.21,4.58,0.32,0.36,-99.9,-99.9,8.1,-99.9,3.34,2.32,1.21,34.82,0,0,500
"2026-02-01 17:32:00",1059,6.11,13.03,0,0,0.81,13.54,28842.43,36920.4,23.39,101.81,9.17,1.36,5.19,0.29,0.33,-99.9,-99.9,8.11,-99.9,3.27,2.58,1.21,34.82,0,0,501
"2026-02-01 17:47:02",1060,6.1,13.03,0,0,0.78,13.57,28779.09,36820.88,23.32,102.13,9.2,1.39,5.3,0.35,0.39,-99.9,-99.9,8.12,-99.9,3.22,2.47,1.21,32.31,0,0,502
"2026-02-01 18:02:00",1061,6.11,13.02,0,0,0.78,13.57,28776.41,36813.5,23.31,101.35,9.12,1.31,5,0.34,0.38,-99.9,-99.9,8.12,-99.9,3.23,2.45,1.21,32.31,0,0,503
"2026-02-01 18:17:00",1062,6.1,13.03,0,0,0.78,13.57,28768.15,36805.1,23.31,101.71,9.16,1.55,5.94,0.34,0.38,-99.9,-99.9,8.11,-99.9,3.29,2.23,1.2,32.21,0,0,504
"2026-02-01 18:32:00",1063,6.1,13.03,0,0,0.76,13.56,28749.18,36783.08,23.29,102.41,9.22,1.44,5.51,0.37,0.4,-99.9,-99.9,8.11,-99.9,3.3,2.38,1.2,32.21,0,0,505
"2026-02-01 18:47:00",1064,6.1,13.03,0,0,0.82,13.57,28767.95,36804.6,23.31,99.73,8.98,1.32,5.02,0.31,0.35,-99.9,-99.9,8.11,-99.9,3.31,2.52,1.2,31.69,0,0,506
"2026-02-01 19:02:00",1065,6.11,13.03,0,0,0.86,13.55,28814.93,36877.85,23.36,95.66,8.61,1.03,3.87,0.29,0.32,-99.9,-99.9,8.11,-99.9,3.27,2.39,1.2,31.69,0,0,507
"2026-02-01 19:17:00",1066,6.1,13.02,0,0,0.92,13.5,28882.91,37009.55,23.45,99.05,8.92,0.65,2.34,0.23,0.27,-99.9,-99.9,8.09,-99.9,3.38,3.15,1.2,35.6,0,0,508
"2026-02-01 19:32:00",1067,6.11,13.03,0,0,1.01,13.52,28829.41,36924.45,23.39,93.75,8.45,0.53,1.87,0.22,0.25,-99.9,-99.9,8.08,-99.9,3.36,2.36,1.2,35.6,0,0,509
"2026-02-01 19:47:00",1068,6.1,13.03,0,0,1.11,13.47,28893.1,37056.31,23.48,93.22,8.4,0.44,1.52,0.22,0.26,-99.9,-99.9,8.03,-99.9,3.4,2.99,1.19,32.81,0,0,510
"2026-02-01 20:02:00",1069,6.11,13.03,0,0,1.2,13.48,28827.57,36957.78,23.41,91.17,8.22,0.41,1.38,0.23,0.26,-99.9,-99.9,8.03,-99.9,3.36,3,1.19,32.81,0,0,511
"2026-02-01 20:17:00",1070,6.11,13.03,0,0,1.33,13.44,29037.05,37264.72,23.62,93.19,8.4,0.45,1.53,0.23,0.26,-99.9,-99.9,8.04,-99.9,3.17,2.7,1.19,35.72,0,0,512
"2026-02-01 20:32:00",1071,6.11,13.03,0,0,1.44,13.49,28763.18,36868.52,23.35,96.48,8.7,1.04,3.92,0.29,0.33,-99.9,-99.9,8.07,-99.9,3.22,1.69,1.19,35.72,0,0,513
"2026-02-01 20:47:00",1072,6.11,13.03,0,0,1.58,13.5,28757.95,36854.06,23.34,97.28,8.77,1.14,4.32,0.27,0.31,-99.9,-99.9,8.08,-99.9,3.22,1.9,1.2,32.4,0,0,514
"2026-02-01 21:02:00",1073,6.11,13.03,0,0,1.71,13.49,28583.76,36638.27,23.19,101.03,9.12,1.24,4.7,0.28,0.32,-99.9,-99.9,8.1,-99.9,3.34,2.05,1.2,32.4,0,0,515
"2026-02-01 21:17:00",1074,6.11,13.03,0,0,1.83,13.48,28558.3,36611.07,23.17,100.69,9.09,1.16,4.38,0.3,0.34,-99.9,-99.9,8.11,-99.9,3.37,2.04,1.2,36.01,0,0,516
"2026-02-01 21:32:00",1075,6.11,13.03,0,0,1.95,13.41,28291.99,36332.59,22.97,99.4,9,1.18,4.46,0.27,0.31,-99.9,-99.9,8.11,-99.9,3.48,2.31,1.2,36.01,0,0,517
"2026-02-01 21:47:00",1076,6.11,13.03,0,0,2.07,13.38,28229.58,36281.93,22.94,95.64,8.66,1.31,5,0.33,0.37,-99.9,-99.9,8.11,-99.9,3.54,2.38,1.19,32.9,0,0,518
"2026-02-01 22:02:00",1077,6.11,13.02,0,0,2.2,13.32,28024.35,36075.38,22.79,96.53,8.77,1.14,4.29,0.31,0.35,-99.9,-99.9,8.11,-99.9,3.63,2.57,1.19,32.9,0,0,519
"2026-02-01 22:17:00",1078,6.11,13.02,0,0,2.3,13.28,27957.68,36018.6,22.75,97.04,8.82,1.17,4.44,0.3,0.34,-99.9,-99.9,8.11,-99.9,3.72,2.47,1.2,34.77,0,0,520
"2026-02-01 22:32:00",1079,6.11,13.03,0,0,2.4,13.28,27949,36013.15,22.75,94.98,8.63,1.24,4.7,0.3,0.34,-99.9,-99.9,8.11,-99.9,3.51,2.5,1.2,34.77,0,0,521
"2026-02-01 22:47:00",1080,6.11,13.02,0,0,2.5,13.37,28376.95,36476.89,23.07,98.39,8.91,1.11,4.17,0.29,0.33,-99.9,-99.9,8.11,-99.9,3.45,2.59,1.2,32.59,0,0,522
"2026-02-01 23:02:00",1081,6.11,13.03,0,0,2.6,13.38,28946.7,37201.01,23.58,94.79,8.55,1.17,4.43,0.29,0.33,-99.9,-99.9,8.06,-99.9,3.35,2.85,1.2,32.59,0,0,523
"2026-02-01 23:17:00",1082,6.11,13.02,0,0,2.68,13.37,29023.3,37315.72,23.66,94.37,8.51,1.07,4.04,0.26,0.3,-99.9,-99.9,8.05,-99.9,3.28,3.07,1.2,32.72,0,0,524
"2026-02-01 23:32:00",1083,6.11,13.02,0,0,2.77,13.35,29099.55,37427.43,23.74,92.05,8.3,1.06,3.98,0.29,0.33,-99.9,-99.9,8.04,-99.9,3.29,3.35,1.2,32.72,0,0,525
"2026-02-01 23:47:00",1084,6.11,13.02,0,0,2.83,13.3,29522.47,38022.53,24.15,90.83,8.18,0.79,2.92,0.27,0.31,-99.9,-99.9,8.02,-99.9,2.98,3.78,1.19,32.22,0,0,526
"2026-02-02 00:02:00",1085,6.11,13.03,0,0,2.89,13.27,29640.88,38194.97,24.27,85.86,7.73,0.76,2.77,0.26,0.3,-99.9,-99.9,8.01,-99.9,3.07,4.7,1.19,32.22,0,0,527
"2026-02-02 00:17:00",1086,6.11,13.02,0,0,2.94,13.26,29777.89,38389,24.41,89.43,8.05,0.61,2.19,0.22,0.26,-99.9,-99.9,8,-99.9,3.02,4.62,1.19,31.67,0,0,528
"2026-02-02 00:32:00",1087,6.11,13.03,0,0,2.97,13.25,29821.13,38451.36,24.45,86.47,7.78,0.65,2.35,0.28,0.31,-99.9,-99.9,8,-99.9,2.95,4.28,1.19,31.67,0,0,529
"2026-02-02 00:47:00",1088,6.11,13.03,0,0,2.98,13.26,29759.76,38365.33,24.39,86.43,7.78,0.74,2.72,0.28,0.32,-99.9,-99.9,8,-99.9,2.96,3.91,1.2,32.57,0,0,530
"2026-02-02 01:02:00",1089,6.11,13.02,0,0,2.99,13.25,29846.82,38482.52,24.47,73.32,6.6,0.57,2.01,0.24,0.28,-99.9,-99.9,7.99,-99.9,3.02,3.44,1.2,32.57,0,0,531
"2026-02-02 01:17:00",1090,6.11,13.02,0,0,2.99,13.24,29894.15,38551.44,24.52,87.61,7.88,0.64,2.3,0.21,0.25,-99.9,-99.9,7.99,-99.9,2.91,3.83,1.2,36.02,0,0,532
"2026-02-02 01:32:00",1091,6.11,13.02,0,0,2.95,13.28,29532.91,38049.62,24.17,81.75,7.37,0.87,3.21,0.26,0.3,-99.9,-99.9,8.01,-99.9,3.18,3.62,1.2,36.02,0,0,533
"2026-02-02 01:47:00",1092,6.11,13.02,0,0,2.92,13.28,29541.01,38058.35,24.18,87.94,7.92,0.83,3.07,0.27,0.31,-99.9,-99.9,8.01,-99.9,3.09,3.5,1.19,33.19,0,0,534
"2026-02-02 02:02:00",1093,6.11,13.02,0,0,2.84,13.28,29555.8,38084.21,24.19,84.28,7.59,0.82,3.04,0.27,0.31,-99.9,-99.9,8.01,-99.9,3.04,3.69,1.19,33.19,0,0,535
"2026-02-02 02:17:00",1094,6.11,13.02,0,0,2.76,13.27,29643.95,38207.07,24.28,89.48,8.06,0.72,2.62,0.27,0.3,-99.9,-99.9,8,-99.9,3.03,4.41,1.2,34.74,0,0,536
"2026-02-02 02:32:00",1095,6.11,13.02,0,0,2.67,13.26,29668.31,38241.03,24.3,88.3,7.95,0.52,1.83,0.23,0.26,-99.9,-99.9,8,-99.9,3.1,3.21,1.2,34.74,0,0,537
"2026-02-02 02:47:00",1096,6.11,13.02,0,0,2.6,13.26,29678.05,38252.06,24.31,88.2,7.94,0.48,1.67,0.24,0.28,-99.9,-99.9,7.99,-99.9,3.02,3.13,1.2,32.7,0,0,538
"2026-02-02 03:02:00",1097,6.11,13.02,0,0,2.5,13.28,29620.55,38165.78,24.25,65.22,5.87,0.53,1.88,0.24,0.28,-99.9,-99.9,7.99,-99.9,2.99,2.69,1.2,32.7,0,0,539
"2026-02-02 03:17:00",1098,6.11,13.02,0,0,2.42,13.28,29413.02,37891.89,24.06,84.58,7.63,0.39,1.31,0.23,0.27,-99.9,-99.9,7.99,-99.9,3.2,2.18,1.21,32.99,0,0,540
"2026-02-02 03:32:00",1099,6.11,13.02,0,0,2.33,13.28,29576.62,38104.18,24.21,84.43,7.61,0.4,1.35,0.22,0.26,-99.9,-99.9,7.98,-99.9,3.17,2.73,1.21,32.99,0,0,541
"2026-02-02 03:47:00",1100,6.11,13.01,0,0,2.23,13.28,29535.09,38049.9,24.17,85.83,7.73,0.3,0.95,0.22,0.25,-99.9,-99.9,7.98,-99.9,2.97,2.2,1.2,32.26,0,0,542
"2026-02-02 04:02:00",1101,6.1,13.02,0,0,2.14,13.29,29402.97,37877.77,24.05,70.95,6.4,0.42,1.44,0.21,0.24,-99.9,-99.9,8,-99.9,3.19,2.07,1.2,32.26,0,0,543
"2026-02-02 04:17:00",1102,6.11,13.02,0,0,2.07,13.28,29440.69,37927.97,24.08,87.7,7.9,0.4,1.35,0.2,0.23,-99.9,-99.9,8,-99.9,3.24,2.2,1.19,32.74,0,0,544
"2026-02-02 04:32:00",1103,6.11,13.02,0,0,1.99,13.27,29359.52,37835.92,24.02,78.24,7.06,0.48,1.67,0.21,0.24,-99.9,-99.9,7.99,-99.9,3.22,2.5,1.19,32.74,0,0,545
"2026-02-02 04:47:00",1104,6.11,13.02,0,0,1.93,13.26,29290.82,37758.19,23.97,88.01,7.94,0.52,1.83,0.22,0.25,-99.9,-99.9,8,-99.9,3.21,2.85,1.21,35.91,0,0,546
"2026-02-02 05:02:00",1105,6.11,13.02,0,0,1.88,13.26,29318.26,37795.82,23.99,85.79,7.74,0.48,1.67,0.21,0.25,-99.9,-99.9,7.99,-99.9,3.24,2.64,1.21,35.91,0,0,547
"2026-02-02 05:17:00",1106,6.11,13.02,0,0,1.85,13.26,29286.11,37753.59,23.96,87.42,7.89,0.48,1.68,0.23,0.26,-99.9,-99.9,7.99,-99.9,3.27,2.58,1.2,32.54,0,0,548
"2026-02-02 05:32:00",1107,6.11,13.02,0,0,1.82,13.27,29253.65,37704.42,23.93,84.82,7.66,0.4,1.35,0.2,0.24,-99.9,-99.9,8,-99.9,3.21,2.06,1.2,32.54,0,0,549
"2026-02-02 05:47:00",1108,6.11,13.02,0,0,1.81,13.27,29331.76,37802.47,24,87.3,7.88,0.49,1.71,0.24,0.27,-99.9,-99.9,7.99,-99.9,3.18,2.52,1.19,32.71,0,0,550
"2026-02-02 06:02:00",1109,6.11,13.02,0,0,1.82,13.26,29057.12,37457.15,23.75,72.79,6.58,0.22,0.63,0.17,0.21,-99.9,-99.9,7.99,-99.9,3.39,1.57,1.19,32.71,0,0,551
"2026-02-02 06:17:00",1110,6.11,13.03,0,0,1.82,13.27,29235.68,37678.15,23.91,86.67,7.82,0.37,1.21,0.2,0.24,-99.9,-99.9,7.99,-99.9,3.3,1.85,1.2,32.9,0,0,552
"2026-02-02 06:17:02",1111,6.11,13.03,0,0,1.82,13.27,29235.68,37678.15,23.91,86.67,7.82,0.37,1.21,0.2,0.24,-99.9,-99.9,7.99,-99.9,3.3,1.85,1.2,32.9,0,0,553
"2026-02-02 06:32:00",1112,6.11,13.02,0,0,1.84,13.27,29532.64,38063.26,24.18,85.8,7.73,0.53,1.88,0.22,0.26,-99.9,-99.9,7.98,-99.9,3.15,3.76,1.2,32.9,0,0,554
"2026-02-02 06:47:00",1113,6.11,13.02,0,0,1.9,13.27,29423,37922.74,24.08,88.47,7.98,0.67,2.43,0.24,0.28,-99.9,-99.9,7.99,-99.9,3.16,3.13,1.2,35.63,0,0,555
"2026-02-02 07:02:00",1114,6.11,13.02,0,0,1.95,13.26,29331.05,37808.31,24,87.03,7.85,0.64,2.32,0.22,0.26,-99.9,-99.9,8,-99.9,3.23,3.01,1.2,35.63,0,0,556
"2026-02-02 07:17:00",1115,6.11,13.02,0,0,1.99,13.27,29344.4,37817.49,24.01,88.65,8,0.64,2.32,0.25,0.29,-99.9,-99.9,7.99,-99.9,3.23,2.93,1.2,33.13,0,0,557
"2026-02-02 07:32:00",1116,6.11,13.01,0,0,2.08,13.25,29453.7,37972.05,24.11,87.01,7.85,0.56,1.97,0.23,0.26,-99.9,-99.9,7.98,-99.9,3.12,3.22,1.2,33.13,0,0,558
"2026-02-02 07:47:00",1117,6.11,13.02,0,0,2.17,13.26,29404.78,37900.9,24.06,87.53,7.89,0.47,1.63,0.24,0.28,-99.9,-99.9,7.98,-99.9,3.22,3.28,1.19,31.66,0,0,559
"2026-02-02 08:02:00",1118,6.11,13.02,0,0,2.26,13.27,29405.7,37897.35,24.06,86.62,7.81,0.53,1.87,0.26,0.29,-99.9,-99.9,7.99,-99.9,3.11,3.09,1.19,31.66,0,0,560
"2026-02-02 08:17:00",1119,6.11,13.02,0,0,2.36,13.23,29407.58,37931.91,24.09,88.01,7.94,0.4,1.35,0.22,0.26,-99.9,-99.9,7.98,-99.9,3.14,3.56,1.21,36.11,0,0,561
"2026-02-02 08:32:00",1120,6.11,13.02,0,0,2.44,13.24,29415,37931.69,24.09,82.61,7.45,0.4,1.36,0.21,0.25,-99.9,-99.9,7.98,-99.9,3.17,3.31,1.21,36.11,0,0,562
"2026-02-02 08:47:00",1121,6.11,13.02,0,0,2.55,13.25,29361.08,37857.97,24.03,87.69,7.91,0.42,1.42,0.23,0.26,-99.9,-99.9,7.98,-99.9,3.21,3.34,1.2,32.75,0,0,563
"2026-02-02 09:02:00",1122,6.11,13.01,0,0,2.65,13.24,29104.4,37538.11,23.81,85.21,7.7,0.3,0.93,0.19,0.22,-99.9,-99.9,7.99,-99.9,3.31,1.86,1.2,32.75,0,0,564
"2026-02-02 09:17:00",1123,6.11,13.01,0,0,2.77,13.19,29037.29,37492.75,23.78,89.08,8.06,0.43,1.46,0.22,0.26,-99.9,-99.9,8,-99.9,3.31,2.21,1.2,32.85,0,0,565
"2026-02-02 09:32:00",1124,6.11,13.02,0,0,2.87,12.95,28422.71,36923.87,23.38,90.22,8.23,0.45,1.55,0.23,0.27,-99.9,-99.9,8.03,-99.9,3.52,1.37,1.2,32.85,0,0,566
"2026-02-02 09:47:00",1125,6.11,13.02,0,0,2.97,12.91,28296.78,36797.29,23.29,91.21,8.33,0.7,2.54,0.27,0.31,-99.9,-99.9,8.04,-99.9,3.58,1.62,1.21,36.1,0,0,567
"2026-02-02 10:02:00",1126,6.11,13.02,0,0,3.07,12.91,28396.88,36923.03,23.37,92.5,8.44,0.7,2.54,0.28,0.31,-99.9,-99.9,8.05,-99.9,3.5,1.94,1.21,36.1,0,0,568
"2026-02-02 10:17:00",1127,6.11,13.02,0,0,3.14,12.93,28465.32,36997.21,23.43,93.21,8.5,0.66,2.37,0.25,0.29,-99.9,-99.9,8.05,-99.9,3.55,2.12,1.2,32.93,0,0,569
"2026-02-02 10:32:00",1128,6.11,13.02,0,0,3.24,13.05,28783.75,37293.24,23.64,89.62,8.14,0.46,1.57,0.21,0.25,-99.9,-99.9,8.02,-99.9,3.37,2.19,1.2,32.93,0,0,570
"2026-02-02 10:47:00",1129,6.11,13.02,0,0,3.33,13.16,28974.6,37445.53,23.74,91.47,8.28,0.47,1.61,0.24,0.28,-99.9,-99.9,8.02,-99.9,3.36,2.37,1.19,33.63,0,0,571
"2026-02-02 11:02:00",1130,6.11,13.02,0,0,3.38,13.2,29945.62,38653.72,24.59,86.56,7.79,0.3,0.94,0.2,0.23,-99.9,-99.9,7.97,-99.9,2.92,3.13,1.19,33.63,0,0,572
"2026-02-02 11:17:00",1131,6.11,13.02,0,0,3.43,13.22,29865.94,38539.95,24.51,86.82,7.82,0.3,0.94,0.17,0.2,-99.9,-99.9,7.97,-99.9,3.03,3.02,1.19,32.71,0,0,573
"2026-02-02 11:32:00",1132,6.11,13.02,0,0,3.47,13.23,29760.3,38391.45,24.41,87.41,7.87,0.41,1.39,0.22,0.26,-99.9,-99.9,7.97,-99.9,3.04,3.17,1.19,32.71,0,0,574
"2026-02-02 11:47:00",1133,6.11,13.02,0,0,3.48,13.23,29810.59,38459.6,24.45,87.88,7.91,0.43,1.47,0.19,0.23,-99.9,-99.9,7.98,-99.9,3.05,3.32,1.2,35.54,0,0,575
"2026-02-02 12:02:00",1134,6.11,13.02,0,0,3.47,13.22,29898.46,38574.84,24.54,87.3,7.86,0.4,1.34,0.2,0.24,-99.9,-99.9,7.97,-99.9,2.98,3.52,1.2,35.54,0,0,576
"2026-02-02 12:17:00",1135,6.11,13.02,0,0,3.44,13.22,29992.76,38700.33,24.62,86.91,7.82,0.34,1.1,0.17,0.21,-99.9,-99.9,7.97,-99.9,2.97,3.7,1.2,33.56,0,0,577
"2026-02-02 12:32:00",1136,6.11,13.03,0,0,3.39,13.22,30158.12,38917.65,24.78,84.53,7.6,0.31,0.98,0.22,0.26,-99.9,-99.9,7.96,-99.9,2.94,3.74,1.2,33.56,0,0,578
"2026-02-02 12:47:00",1137,6.11,13.02,0,0,3.34,13.21,30119.81,38875.22,24.75,87.18,7.84,0.37,1.21,0.22,0.25,-99.9,-99.9,7.97,-99.9,2.91,4.4,1.2,32.63,0,0,579
"2026-02-02 13:02:00",1138,6.11,13.02,0,0,3.25,13.2,30118.82,38883.35,24.75,86.61,7.79,0.34,1.12,0.2,0.24,-99.9,-99.9,7.97,-99.9,2.87,4.79,1.2,32.63,0,0,580
"2026-02-02 13:17:00",1139,6.11,13.02,0,0,3.16,13.23,30020.21,38724.96,24.64,90.66,8.15,0.38,1.25,0.2,0.24,-99.9,-99.9,8,-99.9,2.94,3.67,1.2,33.24,0,0,581
"2026-02-02 13:32:00",1140,6.11,13.02,0,0,3.02,13.17,30182.24,38990.14,24.83,86.65,7.79,0.34,1.11,0.24,0.28,-99.9,-99.9,7.97,-99.9,2.77,4.87,1.2,33.24,0,0,582
"2026-02-02 13:47:00",1141,6.11,13.02,0,0,2.9,13.17,30257.53,39086.78,24.89,87.32,7.85,0.38,1.26,0.21,0.24,-99.9,-99.9,7.97,-99.9,2.79,4.55,1.19,33.27,0,0,583
"2026-02-02 14:02:00",1142,6.11,13.02,0,0,2.76,13.23,29995.12,38695.67,24.62,87.19,7.84,0.44,1.51,0.21,0.25,-99.9,-99.9,7.98,-99.9,2.9,3.19,1.19,33.27,0,0,584
"2026-02-02 14:17:00",1143,6.11,13.02,0,0,2.6,13.23,30023.1,38729.92,24.64,88.2,7.93,0.43,1.45,0.2,0.24,-99.9,-99.9,7.98,-99.9,2.96,3.31,1.2,32.84,0,0,585
"2026-02-02 14:32:00",1144,6.11,13.02,0,0,2.46,13.25,29803.81,38432.58,24.44,87.5,7.88,0.54,1.9,0.24,0.28,-99.9,-99.9,8.01,-99.9,3.01,3.12,1.2,32.84,0,0,586
"2026-02-02 14:47:00",1145,6.11,13.02,0,0,2.31,13.24,29616.06,38197.95,24.27,89.3,8.05,0.33,1.06,0.23,0.26,-99.9,-99.9,8,-99.9,3.15,2.23,1.19,33.13,0,0,587
"2026-02-02 15:02:00",1146,6.11,13.02,0,0,2.18,13.27,29276.65,37725.4,23.94,88.19,7.96,0.41,1.38,0.2,0.24,-99.9,-99.9,8.04,-99.9,3.24,2.26,1.19,33.13,0,0,588
"2026-02-02 15:17:00",1147,6.11,13.02,0,0,2.04,13.29,29382.3,37846.42,24.03,95.07,8.57,0.79,2.92,0.28,0.32,-99.9,-99.9,8.06,-99.9,3.1,3.09,1.2,32.63,0,0,589
"2026-02-02 15:32:00",1148,6.11,13.02,0,0,1.9,13.31,29294.74,37714.65,23.94,94,8.48,0.88,3.25,0.28,0.31,-99.9,-99.9,8.07,-99.9,3.18,2.59,1.2,32.63,0,0,590
"2026-02-02 15:47:00",1149,6.11,13.02,0,0,1.77,13.38,29099.48,37401.63,23.72,98.95,8.92,1.41,5.37,0.37,0.41,-99.9,-99.9,8.1,-99.9,3.21,2.68,1.2,35.54,0,0,591
"2026-02-02 16:02:00",1150,6.11,13.02,0,0,1.64,13.33,29312.87,37718.24,23.94,98.43,8.87,1.14,4.32,0.3,0.33,-99.9,-99.9,8.06,-99.9,3.19,2.76,1.2,35.54,0,0,592
"2026-02-02 16:17:00",1151,6.11,13.02,0,0,1.52,13.34,29287.79,37678.97,23.91,98.68,8.89,1.34,5.12,0.36,0.4,-99.9,-99.9,8.08,-99.9,3.17,2.8,1.19,33.49,0,0,593
"2026-02-02 16:32:00",1152,6.11,13.02,0,0,1.39,13.42,29178.3,37465.88,23.76,97.62,8.79,1.56,6,0.42,0.46,-99.9,-99.9,8.08,-99.9,3.32,2.73,1.19,33.49,0,0,594
"2026-02-02 16:47:00",1153,6.11,13.02,0,0,1.29,13.45,29029.18,37246.7,23.61,102.53,9.24,1.23,4.68,0.33,0.36,-99.9,-99.9,8.12,-99.9,3.3,2.62,1.2,32.26,0,0,595
"2026-02-02 17:02:00",1154,6.11,13.02,0,0,1.19,13.48,28974.21,37148.56,23.54,104.35,9.4,1.23,4.65,0.32,0.36,-99.9,-99.9,8.13,-99.9,3.29,2.49,1.2,32.26,0,0,596
"2026-02-02 17:17:00",1155,6.11,13.02,0,0,1.1,13.51,28933.23,37070.24,23.49,104.23,9.39,1.51,5.79,0.41,0.45,-99.9,-99.9,8.13,-99.9,3.31,2.5,1.21,35.5,0,0,597
"2026-02-02 17:32:00",1156,6.11,13.03,0,0,1.04,13.43,29212.71,37497.18,23.79,99.54,8.96,1.01,3.77,0.42,0.45,-99.9,-99.9,8.1,-99.9,4.79,2.83,1.21,35.5,0,0,598
"2026-02-02 17:47:00",1157,6.11,13.02,0,0,0.97,13.47,29063.23,37269.4,23.63,101.63,9.15,1.59,6.09,0.37,0.41,-99.9,-99.9,8.11,-99.9,3.22,2.63,1.2,32.1,0,0,599
"2026-02-02 18:02:00",1158,6.11,13.02,0,0,0.91,13.43,29185.8,37462.42,23.76,98.24,8.84,1.25,4.75,0.31,0.35,-99.9,-99.9,8.08,-99.9,3.3,2.4,1.2,32.1,0,0,600
"2026-02-02 18:17:00",1159,6.11,13.02,0,0,0.88,13.47,29040.33,37237.35,23.61,101.31,9.12,1.16,4.37,0.3,0.34,-99.9,-99.9,8.1,-99.9,3.34,2.29,1.19,32.35,0,0,601
"2026-02-02 18:32:00",1160,6.11,13.02,0,0,0.85,13.49,28995.23,37169.42,23.56,99.36,8.95,0.79,2.91,0.22,0.26,-99.9,-99.9,8.11,-99.9,3.34,2.1,1.19,32.35,0,0,602
"2026-02-02 18:47:00",1161,6.11,13.02,0,0,0.84,13.42,29132.42,37408.04,23.72,97.59,8.79,0.59,2.12,0.21,0.25,-99.9,-99.9,8.07,-99.9,3.32,2.33,1.2,35.61,0,0,603
"2026-02-02 19:02:00",1162,6.11,13.03,0,0,0.85,13.45,29095.3,37327.13,23.67,93.41,8.41,0.58,2.08,0.18,0.22,-99.9,-99.9,8.08,-99.9,3.2,2.27,1.2,35.61,0,0,604
"2026-02-02 19:17:00",1163,6.11,13.02,0,0,0.87,13.43,29146.82,37416.58,23.73,97.91,8.82,0.72,2.64,0.26,0.3,-99.9,-99.9,8.08,-99.9,3.26,2.51,1.2,32.23,0,0,605
"2026-02-02 19:32:00",1164,6.11,13.03,0,0,0.92,13.4,29290.83,37624.41,23.87,96.09,8.65,0.81,2.99,0.22,0.26,-99.9,-99.9,8.06,-99.9,3.2,2.1,1.2,32.23,0,0,606
"2026-02-02 19:47:00",1165,6.11,13.03,0,0,0.98,13.44,29266.67,37562.77,23.83,96.87,8.72,1.33,5.06,0.32,0.36,-99.9,-99.9,8.06,-99.9,3.18,4.44,1.2,32.35,0,0,607
"2026-02-02 20:02:00",1166,6.11,13.02,0,0,1.06,13.37,29415.08,37816.71,24.01,92.49,8.33,0.91,3.37,0.27,0.31,-99.9,-99.9,8.03,-99.9,3.17,2.94,1.2,32.35,0,0,608
"2026-02-02 20:17:00",1167,6.11,13.02,0,0,1.13,13.38,29493.59,37908.04,24.07,93.75,8.43,1.09,4.11,0.35,0.39,-99.9,-99.9,8.04,-99.9,2.98,5.65,1.2,32.05,0,0,609
"2026-02-02 20:32:00",1168,6.11,13.02,0,0,1.23,13.36,29586.47,38042.93,24.17,93.77,8.43,0.91,3.4,0.28,0.32,-99.9,-99.9,8.03,-99.9,3.01,6.82,1.2,32.05,0,0,610
"2026-02-02 20:47:00",1169,6.11,13.02,0,0,1.35,13.37,29490.41,37914.77,24.08,92.84,8.35,0.87,3.24,0.28,0.31,-99.9,-99.9,8.03,-99.9,3.06,3.82,1.2,31.7,0,0,611
"2026-02-02 21:02:00",1170,6.11,13.02,0,0,1.47,13.36,29427.56,37839.17,24.02,92.49,8.33,0.59,2.1,0.25,0.29,-99.9,-99.9,8.02,-99.9,3.22,3.19,1.2,31.7,0,0,612
"2026-02-02 21:17:00",1171,6.11,13.02,0,0,1.6,13.4,29120.44,37406.29,23.72,91.26,8.22,0.7,2.54,0.27,0.31,-99.9,-99.9,8.02,-99.9,3.24,3.78,1.19,32.13,0,0,613
"2026-02-02 21:32:00",1172,6.11,13.03,0,0,1.73,13.43,29118.77,37380.72,23.7,95.29,8.58,0.94,3.52,0.25,0.29,-99.9,-99.9,8.05,-99.9,3.26,2.91,1.19,32.13,0,0,614
"2026-02-02 21:47:00",1173,6.11,13.02,0,0,1.86,13.24,28747.99,37080.36,23.49,99.03,8.97,1.05,3.96,0.29,0.32,-99.9,-99.9,8.09,-99.9,3.26,2.47,1.2,32.45,0,0,615
"2026-02-02 22:02:00",1174,6.11,13.02,0,0,1.96,13.3,28534.67,36747.13,23.26,97.98,8.87,1.05,3.95,0.28,0.32,-99.9,-99.9,8.1,-99.9,3.38,2.35,1.2,32.45,0,0,616
"2026-02-02 22:17:00",1175,6.11,13.03,0,0,2.09,13.28,28343.18,36514.57,23.1,97.77,8.87,1.38,5.25,0.34,0.38,-99.9,-99.9,8.1,-99.9,3.4,2.78,1.2,33.24,0,0,617
"2026-02-02 22:32:00",1176,6.11,13.03,0,0,2.22,13.28,28310.26,36475.9,23.07,92.63,8.4,1.21,4.58,0.34,0.37,-99.9,-99.9,8.1,-99.9,3.39,2.23,1.2,33.24,0,0,618
"2026-02-02 22:47:00",1177,6.11,13.03,0,0,2.34,13.31,28304.12,36438.81,23.05,95.7,8.68,1.1,4.13,0.28,0.31,-99.9,-99.9,8.1,-99.9,3.51,3.25,1.19,33.1,0,0,619
"2026-02-02 23:02:00",1178,6.11,13.03,0,0,2.43,13.31,28309.05,36447.48,23.05,91.6,8.31,1.11,4.17,0.29,0.32,-99.9,-99.9,8.1,-99.9,3.44,2.9,1.19,33.1,0,0,620
"2026-02-02 23:17:00",1179,6.11,13.02,0,0,2.55,13.3,28266.66,36399.44,23.02,94.05,8.53,1.2,4.53,0.29,0.32,-99.9,-99.9,8.1,-99.9,3.41,2.74,1.19,35.19,0,0,621
"2026-02-02 23:32:00",1180,6.11,13.03,0,0,2.62,13.3,28261.9,36396.86,23.02,85.91,7.79,1.23,4.68,0.32,0.36,-99.9,-99.9,8.1,-99.9,3.52,2.93,1.19,35.19,0,0,622
"2026-02-02 23:47:00",1181,6.11,13.02,0,0,2.73,13.38,29265.22,37611.13,23.86,92.48,8.33,1.18,4.47,0.32,0.36,-99.9,-99.9,8.04,-99.9,3.19,3.81,1.2,35.08,0,0,623
"2026-02-03 00:02:00",1182,6.11,13.02,0,0,2.8,13.39,29255.64,37593.86,23.85,90.29,8.13,1.1,4.16,0.33,0.36,-99.9,-99.9,8.04,-99.9,3.19,3.58,1.2,35.08,0,0,624
"2026-02-03 00:17:00",1183,6.11,13.02,0,0,2.88,13.39,29265.45,37607.52,23.86,91.76,8.26,1.11,4.19,0.31,0.34,-99.9,-99.9,8.04,-99.9,3.15,3.67,1.2,33.45,0,0,625
"2026-02-03 00:32:00",1184,6.11,13.02,0,0,2.94,13.35,29694.14,38195.04,24.27,91.49,8.23,0.8,2.93,0.29,0.33,-99.9,-99.9,8.01,-99.9,3,5.56,1.2,33.45,0,0,626
"2026-02-03 00:47:00",1185,6.11,13.02,0,0,3,13.32,29942.65,38541.81,24.51,90.03,8.09,0.71,2.58,0.28,0.31,-99.9,-99.9,7.99,-99.9,2.91,5.29,1.2,32.51,0,0,627
"2026-02-03 01:02:00",1186,6.11,13.02,0,0,3.02,13.32,29925.04,38522.39,24.5,83.6,7.51,0.79,2.92,0.28,0.32,-99.9,-99.9,8,-99.9,2.93,4.04,1.2,32.51,0,0,628
"2026-02-03 01:17:00",1187,6.11,13.02,0,0,3.05,13.32,29876.67,38452.17,24.45,89.59,8.05,0.77,2.82,0.28,0.32,-99.9,-99.9,8,-99.9,2.89,4.73,1.2,33.08,0,0,629
"2026-02-03 01:32:00",1188,6.11,13.02,0,0,3.06,13.33,29825.36,38378.88,24.4,66.4,5.97,0.68,2.46,0.26,0.3,-99.9,-99.9,8,-99.9,2.97,4.04,1.2,33.08,0,0,630
"2026-02-03 01:47:00",1189,6.11,13.02,0,0,3.04,13.33,29880.86,38455.64,24.45,88.2,7.93,0.7,2.55,0.26,0.29,-99.9,-99.9,8,-99.9,2.92,4.01,1.2,32.91,0,0,631
"2026-02-03 02:02:00",1190,6.11,13.02,0,0,3.02,13.33,29858.51,38427.24,24.43,78.81,7.08,0.66,2.39,0.26,0.29,-99.9,-99.9,8,-99.9,3.01,4.01,1.2,32.91,0,0,632
"2026-02-03 02:17:00",1191,6.11,13.02,0,0,2.98,13.32,29916.16,38502.65,24.49,89.01,8,0.83,3.08,0.27,0.31,-99.9,-99.9,7.99,-99.9,2.95,4.99,1.21,32.89,0,0,633
"2026-02-03 02:32:00",1192,6.11,13.02,0,0,2.9,13.32,29967.29,38571.19,24.54,87.61,7.87,0.65,2.35,0.25,0.29,-99.9,-99.9,7.99,-99.9,2.88,4.35,1.21,32.89,0,0,634
"2026-02-03 02:47:00",1193,6.11,13.02,0,0,2.84,13.33,29899.7,38479.15,24.47,88.14,7.92,0.7,2.55,0.22,0.25,-99.9,-99.9,7.99,-99.9,2.97,3.7,1.2,32.23,0,0,635
"2026-02-03 03:02:00",1194,6.11,13.02,0,0,2.77,13.32,30052.1,38684.49,24.62,84.75,7.61,0.69,2.5,0.27,0.31,-99.9,-99.9,7.98,-99.9,2.89,4.88,1.2,32.23,0,0,636
"2026-02-03 03:17:00",1195,6.11,13.02,0,0,2.67,13.31,30148.55,38813.95,24.71,88.23,7.92,0.64,2.32,0.26,0.3,-99.9,-99.9,7.98,-99.9,2.85,4.34,1.2,33.68,0,0,637
"2026-02-03 03:32:00",1196,6.11,13.03,0,0,2.57,13.32,30009.59,38629.68,24.58,79.03,7.1,0.57,2.02,0.23,0.27,-99.9,-99.9,7.97,-99.9,2.95,4.07,1.2,33.68,0,0,638
"2026-02-03 03:47:00",1197,6.11,13.02,0,0,2.45,13.33,29910.83,38494.13,24.48,85.22,7.66,0.49,1.68,0.22,0.26,-99.9,-99.9,7.98,-99.9,2.95,3.58,1.2,32.77,0,0,639
"2026-02-03 04:02:00",1198,6.11,13.02,0,0,2.36,13.33,29643.47,38149.02,24.24,86.22,7.76,0.4,1.35,0.24,0.28,-99.9,-99.9,7.99,-99.9,3.12,2.31,1.2,32.77,0,0,640
"2026-02-03 04:17:00",1199,6.11,13.02,0,0,2.26,13.33,29673.02,38186.73,24.27,82.47,7.42,0.35,1.14,0.2,0.23,-99.9,-99.9,7.98,-99.9,3.05,2.35,1.2,32.84,0,0,641
"2026-02-03 04:32:00",1200,6.11,13.02,0,0,2.16,13.34,29758.1,38287.53,24.34,87.92,7.9,1.14,4.3,0.3,0.34,-99.9,-99.9,8,-99.9,3.02,3.16,1.2,32.84,0,0,642
"2026-02-03 04:47:00",1201,6.11,13.02,0,0,2.08,13.34,29748.22,38274.95,24.33,86.13,7.74,0.55,1.96,0.25,0.29,-99.9,-99.9,7.99,-99.9,3.03,3.25,1.2,31.96,0,0,643
"2026-02-03 05:02:00",1202,6.11,13.02,0,0,2,13.32,29487.06,37951.45,24.1,79.12,7.13,0.37,1.23,0.21,0.24,-99.9,-99.9,7.98,-99.9,3.19,2.41,1.2,31.96,0,0,644
"2026-02-03 05:17:00",1203,6.11,13.02,0,0,1.92,13.33,29539.85,38011.86,24.14,86.31,7.77,0.42,1.43,0.19,0.23,-99.9,-99.9,7.99,-99.9,3.14,2.08,1.2,32.11,0,0,645
"2026-02-03 05:32:00",1204,6.11,13.02,0,0,1.87,13.32,29456.83,37911.08,24.07,69.47,6.26,0.42,1.41,0.22,0.26,-99.9,-99.9,7.99,-99.9,3.22,1.88,1.2,32.11,0,0,646
"2026-02-03 05:47:00",1205,6.11,13.02,0,0,1.82,13.32,29390.32,37832.49,24.02,86.66,7.81,0.47,1.61,0.22,0.26,-99.9,-99.9,8,-99.9,3.24,2.04,1.2,32.85,0,0,647
"2026-02-03 06:02:00",1206,6.11,13.02,0,0,1.78,13.31,29333.73,37768.49,23.97,82.56,7.44,0.47,1.63,0.2,0.24,-99.9,-99.9,8,-99.9,3.2,1.93,1.2,32.85,0,0,648
"2026-02-03 06:17:00",1207,6.11,13.02,0,0,1.76,13.34,29659.09,38160.29,24.25,87.14,7.84,0.57,2.02,0.24,0.27,-99.9,-99.9,7.98,-99.9,3.04,3.74,1.2,35.82,0,0,649
"2026-02-03 06:32:00",1208,6.11,13.02,0,0,1.74,13.34,29485.16,37931.17,24.09,86.45,7.78,0.59,2.12,0.27,0.3,-99.9,-99.9,7.99,-99.9,3.22,2.57,1.2,35.82,0,0,650
"2026-02-03 06:47:00",1209,6.11,13.02,0,0,1.74,13.33,29397.75,37830.54,24.02,89.26,8.04,0.61,2.17,0.24,0.28,-99.9,-99.9,8,-99.9,3.17,3.1,1.19,31.76,0,0,651
"2026-02-03 07:02:00",1210,6.11,13.02,0,0,1.76,13.34,29409.57,37840.11,24.02,87.53,7.88,0.68,2.48,0.24,0.28,-99.9,-99.9,8,-99.9,3.11,2.77,1.19,31.76,0,0,652
"2026-02-03 07:17:00",1211,6.11,13.02,0,0,1.79,13.32,29233.66,37628.01,23.88,89.92,8.11,0.56,1.98,0.23,0.26,-99.9,-99.9,8.01,-99.9,3.22,2.71,1.19,32.43,0,0,653
"2026-02-03 07:32:00",1212,6.11,13.02,0,0,1.82,13.33,29458.23,37908.82,24.07,88.31,7.95,0.55,1.95,0.21,0.25,-99.9,-99.9,7.99,-99.9,3.15,3.34,1.19,32.43,0,0,654
"2026-02-03 07:47:00",1213,6.11,13.02,0,0,1.89,13.32,29473.82,37933.91,24.09,88.96,8.01,0.46,1.6,0.21,0.24,-99.9,-99.9,7.99,-99.9,3.08,2.69,1.2,32,0,0,655
"2026-02-03 08:02:00",1214,6.11,13.02,0,0,1.94,13.32,29417.05,37861.35,24.04,84.12,7.58,0.35,1.16,0.21,0.24,-99.9,-99.9,7.99,-99.9,3.13,2.51,1.2,32,0,0,656
"2026-02-03 08:17:00",1215,6.11,13.02,0,0,2.01,13.33,29576.47,38062.16,24.18,88.8,7.99,0.44,1.52,0.23,0.26,-99.9,-99.9,7.99,-99.9,3.06,3.27,1.2,32.66,0,0,657
"2026-02-03 08:32:00",1216,6.11,13.02,0,0,2.09,13.33,29635.94,38134.6,24.23,88.47,7.96,0.37,1.21,0.21,0.24,-99.9,-99.9,7.98,-99.9,3.07,3.57,1.2,32.66,0,0,658
"2026-02-03 08:47:00",1217,6.11,13.02,0,0,2.18,13.34,29580.96,38058.61,24.18,87.43,7.87,0.36,1.18,0.22,0.26,-99.9,-99.9,7.99,-99.9,3.01,2.93,1.19,32.31,0,0,659
"2026-02-03 09:02:00",1218,6.11,13.02,0,0,2.27,13.34,29621.89,38110.53,24.21,86.93,7.82,0.39,1.32,0.21,0.25,-99.9,-99.9,7.98,-99.9,3.11,3.72,1.19,32.31,0,0,660
"2026-02-03 09:17:00",1219,6.11,13.02,0,0,2.37,13.33,29759.05,38290.25,24.34,88.87,7.99,0.42,1.42,0.21,0.25,-99.9,-99.9,7.98,-99.9,3.03,3.52,1.19,32.22,0,0,661
"2026-02-03 09:32:00",1220,6.11,13.02,0,0,2.49,13.34,29719.19,38236.99,24.3,88.92,8,0.44,1.51,0.22,0.26,-99.9,-99.9,7.99,-99.9,3.09,3.46,1.19,32.22,0,0,662
"2026-02-03 09:47:00",1221,6.11,13.02,0,0,2.58,12.81,28134.95,36671.4,23.2,92.83,8.5,0.6,2.14,0.25,0.29,-99.9,-99.9,8.07,-99.9,3.47,2.1,1.2,35.42,0,0,663
"2026-02-03 10:02:00",1222,6.11,13.01,0,0,2.69,12.77,27952.78,36471.2,23.06,94.65,8.68,0.8,2.96,0.27,0.3,-99.9,-99.9,8.09,-99.9,3.41,2.37,1.2,35.42,0,0,664
"2026-02-03 10:17:00",1223,6.11,13.02,0,0,2.78,12.86,28033.32,36495.03,23.07,94.92,8.69,1,3.74,0.29,0.33,-99.9,-99.9,8.09,-99.9,3.51,2.57,1.2,34.06,0,0,665
"2026-02-03 10:32:00",1224,6.11,13.02,0,0,2.88,12.83,27970.41,36442.96,23.04,94.63,8.67,1.06,3.99,0.31,0.35,-99.9,-99.9,8.09,-99.9,3.45,2.6,1.2,34.06,0,0,666
"2026-02-03 10:47:00",1225,6.11,13.02,0,0,2.96,12.95,28461.8,36966.76,23.41,94.44,8.61,0.72,2.63,0.3,0.34,-99.9,-99.9,8.07,-99.9,3.42,2.44,1.2,35.91,0,0,667
"2026-02-03 11:02:00",1226,6.11,13.02,0,0,3.05,13.05,28602,37061.75,23.47,94.83,8.62,0.79,2.91,0.25,0.29,-99.9,-99.9,8.06,-99.9,3.3,2.45,1.2,35.91,0,0,668
"2026-02-03 11:17:00",1227,6.11,13.02,0,0,3.13,13.16,28899.93,37346.36,23.67,94.21,8.54,0.71,2.6,0.27,0.3,-99.9,-99.9,8.05,-99.9,3.32,2.55,1.19,33.08,0,0,669
"2026-02-03 11:32:00",1228,6.11,13.02,0,0,3.21,13.25,29059.22,37470.41,23.76,91.7,8.29,0.66,2.37,0.26,0.3,-99.9,-99.9,8.04,-99.9,3.26,2.62,1.19,33.08,0,0,670
"2026-02-03 11:47:00",1229,6.11,13.02,0,0,3.26,13.26,29107.62,37524.26,23.8,92.55,8.36,0.57,2.04,0.22,0.26,-99.9,-99.9,8.03,-99.9,3.24,2.88,1.2,35.89,0,0,671
"2026-02-03 12:02:00",1230,6.11,13.02,0,0,3.32,13.31,29747.4,38302.74,24.35,88.99,8,0.42,1.42,0.21,0.25,-99.9,-99.9,7.99,-99.9,3.08,3.28,1.2,35.89,0,0,672
"2026-02-03 12:17:00",1231,6.11,13.02,0,0,3.35,13.3,29928.18,38544.38,24.52,87.62,7.87,0.34,1.09,0.18,0.22,-99.9,-99.9,7.97,-99.9,3.01,3.1,1.2,33.18,0,0,673
"2026-02-03 12:32:00",1232,6.11,13.02,0,0,3.37,13.31,29647.57,38169.1,24.25,89.89,8.09,0.44,1.52,0.2,0.24,-99.9,-99.9,8,-99.9,3.09,3.24,1.2,33.18,0,0,674
"2026-02-03 12:47:00",1233,6.11,13.02,0,0,3.36,13.27,30000.43,38660.26,24.6,88.29,7.94,0.39,1.32,0.18,0.22,-99.9,-99.9,7.98,-99.9,2.9,4.68,1.21,32.63,0,0,675
"2026-02-03 13:02:00",1234,6.11,13.02,0,0,3.34,13.27,30001.55,38660.93,24.6,88.13,7.92,0.43,1.45,0.23,0.26,-99.9,-99.9,7.98,-99.9,2.91,4.51,1.21,32.63,0,0,676
"2026-02-03 13:17:00",1235,6.11,13.02,0,0,3.3,13.29,29995.85,38640.84,24.58,89.53,8.04,0.46,1.58,0.23,0.27,-99.9,-99.9,7.99,-99.9,2.94,4.11,1.19,32.61,0,0,677
"2026-02-03 13:32:00",1236,6.11,13.03,0,0,3.23,13.31,29965.7,38579.62,24.54,87.85,7.89,0.49,1.69,0.22,0.26,-99.9,-99.9,7.99,-99.9,2.97,3.6,1.19,32.61,0,0,678
"2026-02-03 13:47:00",1237,6.11,13.02,0,0,3.15,13.29,30090.09,38758.18,24.67,90.03,8.08,0.48,1.65,0.2,0.24,-99.9,-99.9,7.99,-99.9,2.92,4.61,1.19,32.6,0,0,679
"2026-02-03 14:02:00",1238,6.11,13.02,0,0,3.06,13.24,30301.21,39081.24,24.89,85.94,7.71,0.38,1.25,0.2,0.24,-99.9,-99.9,7.97,-99.9,2.81,5.17,1.19,32.6,0,0,680
"2026-02-03 14:17:00",1239,6.11,13.02,0,0,2.94,13.27,30253.53,38988.02,24.83,87.52,7.86,0.4,1.35,0.21,0.25,-99.9,-99.9,7.97,-99.9,2.81,4.36,1.19,32.67,0,0,681
"2026-02-03 14:32:00",1240,6.11,13.02,0,0,2.83,13.27,30281.58,39027.07,24.85,86.43,7.76,0.43,1.48,0.22,0.26,-99.9,-99.9,7.97,-99.9,2.84,4.43,1.19,32.67,0,0,682
"2026-02-03 14:47:00",1241,6.11,13.02,0,0,2.69,13.3,30240.28,38938.71,24.79,88.3,7.92,0.42,1.44,0.19,0.23,-99.9,-99.9,7.98,-99.9,2.81,3.72,1.19,32.06,0,0,683
"2026-02-03 15:02:00",1242,6.11,13.03,0,0,2.56,13.31,30187.19,38864.92,24.74,86.53,7.76,0.56,1.97,0.24,0.28,-99.9,-99.9,7.98,-99.9,2.88,3.64,1.19,32.06,0,0,684
"2026-02-03 15:17:00",1243,6.11,13.02,0,0,2.42,13.37,29502.78,37930.04,24.09,88.68,7.98,0.6,2.13,0.21,0.25,-99.9,-99.9,8.03,-99.9,3.05,2.57,1.2,32.86,0,0,685
"2026-02-03 15:32:00",1244,6.11,13.02,0,0,2.27,13.38,29432.51,37829.67,24.02,86.73,7.81,0.61,2.2,0.26,0.29,-99.9,-99.9,8.05,-99.9,3.05,2.55,1.2,32.86,0,0,686
"2026-02-03 15:47:00",1245,6.11,13.02,0,0,2.14,13.39,29560.16,37980.48,24.12,93.95,8.45,0.63,2.28,0.25,0.29,-99.9,-99.9,8.04,-99.9,3.05,2.81,1.2,35.5,0,0,687
"2026-02-03 16:02:00",1246,6.11,13.02,0,0,1.99,13.42,29652.21,38072.9,24.19,92.32,8.29,0.5,1.73,0.22,0.26,-99.9,-99.9,8.02,-99.9,3.07,2.6,1.2,35.5,0,0,688
"2026-02-03 16:17:00",1247,6.11,13.02,0,0,1.88,13.46,29377.51,37687.17,23.92,94.5,8.5,0.62,2.21,0.22,0.26,-99.9,-99.9,8.06,-99.9,3.07,2.27,1.21,32.4,0,0,689
"2026-02-03 16:32:00",1248,6.11,13.03,0,0,1.75,13.44,29401.6,37729.49,23.95,92.74,8.34,0.41,1.39,0.22,0.25,-99.9,-99.9,8.04,-99.9,3.12,2.17,1.21,32.4,0,0,690
"2026-02-03 16:47:00",1249,6.11,13.03,0,0,1.65,13.39,29228.56,37553.12,23.82,89.61,8.07,0.3,0.95,0.2,0.24,-99.9,-99.9,8,-99.9,3.18,2.22,1.21,31.77,0,0,691
"2026-02-03 17:02:00",1250,6.11,13.03,0,0,1.54,13.46,29088,37308.87,23.66,90.91,8.19,0.27,0.83,0.17,0.21,-99.9,-99.9,8.01,-99.9,3.27,1.75,1.21,31.77,0,0,692
"2026-02-03 17:17:00",1251,6.11,13.02,0,0,1.44,13.45,29386.97,37702.42,23.93,93.34,8.39,0.61,2.2,0.21,0.25,-99.9,-99.9,8.04,-99.9,3.13,2.34,1.2,32.45,0,0,693
"2026-02-03 17:32:00",1252,6.11,13.03,0,0,1.35,13.47,29213.39,37460.72,23.76,94.73,8.52,0.68,2.47,0.21,0.25,-99.9,-99.9,8.06,-99.9,3.2,2.18,1.2,32.45,0,0,694
"2026-02-03 17:47:00",1253,6.11,13.03,0,0,1.26,13.49,29130.41,37336.45,23.68,94.08,8.46,0.7,2.55,0.2,0.24,-99.9,-99.9,8.05,-99.9,3.19,2.43,1.2,31.82,0,0,695
"2026-02-03 18:02:00",1254,6.11,13.03,0,0,1.18,13.51,29092.09,37269.24,23.63,88.1,7.93,0.45,1.56,0.2,0.24,-99.9,-99.9,8.04,-99.9,3.17,1.73,1.2,31.82,0,0,696
"2026-02-03 18:17:00",1255,6.11,13.02,0,0,1.11,13.49,29152.76,37372.02,23.7,93.58,8.42,0.59,2.09,0.19,0.22,-99.9,-99.9,8.04,-99.9,3.19,1.87,1.19,32.45,0,0,697
"2026-02-03 18:32:00",1256,6.11,13.03,0,0,1.04,13.49,29162.32,37379.09,23.71,92.7,8.34,0.45,1.56,0.2,0.24,-99.9,-99.9,8.04,-99.9,3.1,1.52,1.19,32.45,0,0,698
"2026-02-03 18:47:00",1257,6.11,13.03,0,0,1.01,13.49,29162.14,37383.44,23.71,93.6,8.42,0.47,1.62,0.2,0.24,-99.9,-99.9,8.04,-99.9,3.24,1.67,1.19,32.66,0,0,699
"2026-02-03 19:02:00",1258,6.11,13.03,0,0,0.99,13.48,29174.3,37404.47,23.72,91.44,8.23,0.32,1.02,0.2,0.24,-99.9,-99.9,8.02,-99.9,3.28,1.85,1.19,32.66,0,0,700
"2026-02-03 19:17:00",1259,6.11,13.03,0,0,1.01,13.47,29473.98,37801.69,24,91.31,8.2,0.63,2.28,0.23,0.27,-99.9,-99.9,8.01,-99.9,3.14,1.9,1.2,32.47,0,0,701
"2026-02-03 19:32:00",1260,6.11,13.03,0,0,0.99,13.5,29430.65,37714.45,23.94,92.85,8.34,0.74,2.69,0.25,0.29,-99.9,-99.9,8.02,-99.9,3.06,2.33,1.2,32.47,0,0,702
"2026-02-03 19:47:00",1261,6.11,13.03,0,0,1.01,13.49,29458.56,37762.8,23.97,90.51,8.13,0.57,2.03,0.22,0.26,-99.9,-99.9,8.01,-99.9,3.1,2.81,1.2,31.81,0,0,703
"2026-02-03 20:02:00",1262,6.11,13.03,0,0,1.05,13.51,29343.22,37592.16,23.85,90.44,8.13,0.54,1.91,0.19,0.23,-99.9,-99.9,8.02,-99.9,3.19,1.72,1.2,31.81,0,0,704
"2026-02-03 20:17:00",1263,6.11,13.02,0,0,1.09,13.47,29529.58,37872.55,24.05,90.94,8.17,0.59,2.1,0.22,0.25,-99.9,-99.9,8.01,-99.9,3.08,2.58,1.2,32.17,0,0,705
"2026-02-03 20:32:00",1264,6.11,13.03,0,0,1.16,13.45,29621.79,38004.83,24.14,91.08,8.18,0.65,2.36,0.2,0.23,-99.9,-99.9,8.01,-99.9,3.05,3.21,1.2,32.17,0,0,706
"2026-02-03 20:47:00",1265,6.11,13.03,0,0,1.23,13.48,29484.97,37803.58,24,88.41,7.94,0.48,1.66,0.22,0.25,-99.9,-99.9,7.99,-99.9,3.12,3.19,1.2,31.49,0,0,707
"2026-02-03 21:02:00",1266,6.11,13.03,0,0,1.33,13.42,29740.44,38183.41,24.27,89.55,8.04,0.61,2.17,0.24,0.28,-99.9,-99.9,8,-99.9,3.07,3.58,1.2,31.49,0,0,708
"2026-02-03 21:17:00",1267,6.11,13.03,0,0,1.43,13.43,29683.13,38099.02,24.21,91.26,8.19,0.78,2.85,0.24,0.28,-99.9,-99.9,8.01,-99.9,3.04,2.9,1.19,32.22,0,0,709
"2026-02-03 21:32:00",1268,6.11,13.02,0,0,1.55,13.44,29695.36,38113.78,24.22,91.48,8.21,0.86,3.2,0.27,0.31,-99.9,-99.9,8.01,-99.9,3.04,3.35,1.19,32.22,0,0,710
"2026-02-03 21:47:00",1269,6.11,13.03,0,0,1.64,13.49,29427.02,37716.84,23.94,88.73,7.97,0.4,1.36,0.21,0.25,-99.9,-99.9,8,-99.9,3.21,2.36,1.19,31.88,0,0,711
"2026-02-03 22:02:00",1270,6.11,13.02,0,0,1.77,13.49,29416.61,37708.26,23.94,89.07,8,0.7,2.54,0.22,0.26,-99.9,-99.9,8.01,-99.9,3.15,2.12,1.19,31.88,0,0,712
"2026-02-03 22:17:00",1271,6.11,13.03,0,0,1.9,13.37,28782.29,36997.21,23.44,95.38,8.62,1.14,4.3,0.28,0.32,-99.9,-99.9,8.09,-99.9,3.23,2.22,1.19,31.23,0,0,713
"2026-02-03 22:32:00",1272,6.11,13.03,0,0,2.02,13.39,28829.25,37042.55,23.47,96.34,8.7,1.1,4.14,0.26,0.3,-99.9,-99.9,8.08,-99.9,3.28,2.05,1.19,31.23,0,0,714
"2026-02-03 22:47:00",1273,6.11,13.02,0,0,2.13,13.38,28782.94,36989.83,23.43,98.98,8.94,1.16,4.39,0.27,0.31,-99.9,-99.9,8.1,-99.9,3.27,2.38,1.21,32.29,0,0,715
"2026-02-03 23:02:00",1274,6.11,13.02,0,0,2.26,13.36,28775.78,37003.53,23.44,97.94,8.85,1.22,4.63,0.27,0.3,-99.9,-99.9,8.09,-99.9,3.3,2.43,1.21,32.29,0,0,716
"2026-02-03 23:17:00",1275,6.11,13.03,0,0,2.37,13.4,28772.8,36965.37,23.41,96.3,8.7,1.06,3.99,0.28,0.32,-99.9,-99.9,8.08,-99.9,3.31,3.02,1.21,32.36,0,0,717
"2026-02-03 23:32:00",1276,6.11,13.02,0,0,2.48,13.41,28585.89,36717.15,23.24,96.17,8.69,1.13,4.28,0.26,0.3,-99.9,-99.9,8.09,-99.9,3.45,2.98,1.21,32.36,0,0,718
"2026-02-03 23:47:00",1277,6.11,13.03,0,0,2.57,13.39,28531.5,36665.22,23.2,94.2,8.52,1.16,4.38,0.32,0.35,-99.9,-99.9,8.08,-99.9,3.43,2.82,1.19,33.07,0,0,719
"2026-02-04 00:02:00",1278,6.11,13.03,0,0,2.67,13.4,28552.02,36677.49,23.21,91.13,8.24,1.21,4.57,0.29,0.33,-99.9,-99.9,8.08,-99.9,3.41,2.99,1.19,33.07,0,0,720
"2026-02-04 00:17:00",1279,6.11,13.02,0,0,2.76,13.44,28926.67,37123.33,23.53,93.67,8.45,1.19,4.5,0.31,0.35,-99.9,-99.9,8.06,-99.9,3.28,3.58,1.19,32.51,0,0,721
"2026-02-04 00:32:00",1280,6.11,13.02,0,0,2.84,13.45,29356.41,37667.02,23.91,89.44,8.04,1.15,4.33,0.3,0.34,-99.9,-99.9,8.03,-99.9,3.16,4.02,1.19,32.51,0,0,722
"2026-02-04 00:47:00",1281,6.11,13.02,0,0,2.92,13.43,29455.97,37808.23,24,90.15,8.1,1.08,4.08,0.29,0.33,-99.9,-99.9,8.02,-99.9,3.14,4.22,1.21,35.07,0,0,723
"2026-02-04 01:02:00",1282,6.11,13.03,0,0,2.99,13.42,29774.73,38230.79,24.3,85.88,7.71,0.83,3.07,0.26,0.3,-99.9,-99.9,8.01,-99.9,3.05,5.43,1.21,35.07,0,0,724
"2026-02-04 01:17:00",1283,6.11,13.02,0,0,3.04,13.39,29872.48,38386.21,24.41,89.08,8,0.74,2.69,0.25,0.29,-99.9,-99.9,7.99,-99.9,2.93,4.62,1.2,32.33,0,0,725
"2026-02-04 01:32:00",1284,6.11,13.03,0,0,3.08,13.39,29977.28,38523.39,24.5,85.68,7.69,0.77,2.82,0.28,0.32,-99.9,-99.9,7.99,-99.9,2.93,4.53,1.2,32.33,0,0,726
"2026-02-04 01:47:00",1285,6.11,13.02,0,0,3.09,13.36,30015.47,38592.83,24.55,87.15,7.82,0.69,2.52,0.27,0.31,-99.9,-99.9,7.98,-99.9,2.95,4.33,1.19,33.6,0,0,727
"2026-02-04 02:02:00",1286,6.11,13.02,0,0,3.1,13.37,30195.23,38817.84,24.71,87.61,7.85,0.72,2.64,0.25,0.29,-99.9,-99.9,7.98,-99.9,2.97,4.19,1.19,33.6,0,0,728
"2026-02-04 02:17:00",1287,6.11,13.03,0,0,3.11,13.39,29943.61,38480.06,24.47,88.36,7.93,0.54,1.91,0.26,0.3,-99.9,-99.9,7.99,-99.9,2.93,3.63,1.2,32.29,0,0,729
"2026-02-04 02:32:00",1288,6.11,13.02,0,0,3.08,13.38,29934.82,38469.3,24.47,87.06,7.81,0.56,2,0.23,0.26,-99.9,-99.9,7.99,-99.9,2.97,3.21,1.2,32.29,0,0,730
"2026-02-04 02:47:00",1289,6.11,13.02,0,0,3.05,13.39,29880.01,38395.66,24.41,86.01,7.72,0.7,2.53,0.21,0.25,-99.9,-99.9,7.98,-99.9,2.96,3.33,1.2,35.7,0,0,731
"2026-02-04 03:02:00",1290,6.11,13.02,0,0,2.99,13.39,29925.33,38455.34,24.46,83.78,7.52,0.59,2.11,0.25,0.28,-99.9,-99.9,7.97,-99.9,2.98,3.59,1.2,35.7,0,0,732
"2026-02-04 03:17:00",1291,6.11,13.03,0,0,2.91,13.39,29984.82,38531.84,24.51,87.19,7.82,0.6,2.15,0.24,0.28,-99.9,-99.9,7.98,-99.9,2.96,3.8,1.2,33.72,0,0,733
"2026-02-04 03:32:00",1292,6.11,13.02,0,0,2.83,13.39,30012.48,38562.82,24.53,87.4,7.84,0.62,2.23,0.25,0.29,-99.9,-99.9,7.98,-99.9,2.89,3.64,1.2,33.72,0,0,734
"2026-02-04 03:47:00",1293,6.11,13.02,0,0,2.73,13.41,30069.19,38616.71,24.57,86.94,7.79,0.66,2.38,0.23,0.27,-99.9,-99.9,7.98,-99.9,2.77,3.96,1.21,35.03,0,0,735
"2026-02-04 04:02:00",1294,6.11,13.02,0,0,2.63,13.4,29913.46,38430,24.44,86.02,7.72,0.46,1.59,0.22,0.25,-99.9,-99.9,7.97,-99.9,2.98,2.72,1.21,35.03,0,0,736
"2026-02-04 04:17:00",1295,6.11,13.02,0,0,2.54,13.4,29805.06,38290.37,24.34,85.3,7.66,0.4,1.35,0.2,0.24,-99.9,-99.9,7.98,-99.9,3.05,2.58,1.2,33.21,0,0,737
"2026-02-04 04:32:00",1296,6.11,13.02,0,0,2.43,13.4,29836.08,38331.17,24.37,85.93,7.71,0.44,1.5,0.22,0.26,-99.9,-99.9,7.97,-99.9,3.13,2.85,1.2,33.21,0,0,738
"2026-02-04 04:47:00",1297,6.11,13.02,0,0,2.33,13.4,29851.5,38343.96,24.38,87.11,7.82,0.73,2.65,0.27,0.31,-99.9,-99.9,7.98,-99.9,2.94,3.27,1.2,33.26,0,0,739
"2026-02-04 05:02:00",1298,6.11,13.02,0,0,2.24,13.4,29838.97,38327.74,24.37,85.52,7.68,0.45,1.56,0.18,0.22,-99.9,-99.9,7.98,-99.9,3.05,2.83,1.2,33.26,0,0,740
"2026-02-04 05:17:00",1299,6.11,13.02,0,0,2.14,13.4,29787.09,38262.87,24.32,86.39,7.76,0.38,1.27,0.19,0.23,-99.9,-99.9,7.98,-99.9,3.07,3.3,1.2,35.27,0,0,741
"2026-02-04 05:32:00",1300,6.11,13.02,0,0,2.04,13.4,29664.91,38110.49,24.21,85.59,7.69,0.34,1.11,0.18,0.22,-99.9,-99.9,7.97,-99.9,3.15,2.09,1.2,35.27,0,0,742
"2026-02-04 05:47:00",1301,6.11,13.02,0,0,1.97,13.38,29502.67,37915.27,24.08,84.63,7.61,0.3,0.96,0.16,0.2,-99.9,-99.9,7.99,-99.9,3.17,1.91,1.21,32.88,0,0,743
"2026-02-04 06:02:00",1302,6.11,13.02,0,0,1.89,13.39,29602.75,38039.83,24.17,86.4,7.77,0.31,1,0.17,0.21,-99.9,-99.9,7.98,-99.9,3.11,2.08,1.21,32.88,0,0,744
"2026-02-04 06:17:00",1303,6.11,13.02,0,0,1.84,13.39,29473.85,37875.1,24.05,86.47,7.78,0.39,1.29,0.19,0.23,-99.9,-99.9,7.99,-99.9,3.15,2.09,1.2,32.3,0,0,745
"2026-02-04 06:32:00",1304,6.11,13.02,0,0,1.81,13.4,29539.46,37949.64,24.1,84.98,7.64,0.42,1.42,0.19,0.23,-99.9,-99.9,7.99,-99.9,3.15,2.3,1.2,32.3,0,0,746
"2026-02-04 06:47:00",1305,6.11,13.02,0,0,1.75,13.37,29360.43,37743.13,23.96,88.13,7.94,0.39,1.31,0.19,0.22,-99.9,-99.9,8,-99.9,3.2,2.07,1.2,32.27,0,0,747
"2026-02-04 07:02:00",1306,6.11,13.02,0,0,1.73,13.38,29408.92,37799.82,24,87.77,7.9,0.5,1.75,0.2,0.24,-99.9,-99.9,8,-99.9,3.21,2.36,1.2,32.27,0,0,748
"2026-02-04 07:17:00",1307,6.11,13.02,0,0,1.71,13.39,29479.31,37878.36,24.05,88.96,8,0.49,1.69,0.2,0.24,-99.9,-99.9,8,-99.9,3.16,2.47,1.2,32.25,0,0,749
"2026-02-04 07:32:00",1308,6.12,13.02,0,0,1.71,13.4,29488.06,37882.38,24.06,89.04,8.01,0.54,1.89,0.23,0.27,-99.9,-99.9,8,-99.9,3.16,3.01,1.2,32.25,0,0,750
"2026-02-04 07:47:00",1309,6.12,13.01,0,0,1.71,13.39,29413.88,37797.02,24,88.84,7.99,0.36,1.2,0.21,0.25,-99.9,-99.9,7.99,-99.9,3.15,2.34,1.19,32.14,0,0,751
"2026-02-04 08:02:00",1310,6.11,13.01,0,0,1.75,13.4,29583.45,38000.52,24.14,88.37,7.94,0.47,1.63,0.22,0.26,-99.9,-99.9,7.99,-99.9,3.1,3.6,1.19,32.14,0,0,752
"2026-02-04 08:17:02",1311,6.11,13.02,0,0,1.79,13.41,29568.19,37976.27,24.12,88.74,7.98,0.43,1.45,0.2,0.23,-99.9,-99.9,7.99,-99.9,3.07,3.05,1.21,35.48,0,0,753
"2026-02-04 08:32:00",1312,6.11,13.02,0,0,1.83,13.42,29711.8,38153,24.24,87.79,7.88,0.49,1.72,0.22,0.26,-99.9,-99.9,7.98,-99.9,3.04,4.21,1.21,35.48,0,0,754
"2026-02-04 08:47:00",1313,6.12,13.02,0,0,1.91,13.42,29751.96,38205.04,24.28,90.37,8.11,0.52,1.82,0.25,0.29,-99.9,-99.9,8,-99.9,2.98,3.53,1.21,32.52,0,0,755
"2026-02-04 09:02:00",1314,6.11,13.02,0,0,1.95,13.42,29755.12,38207.99,24.28,90.2,8.1,0.47,1.62,0.23,0.27,-99.9,-99.9,7.99,-99.9,3.05,3.72,1.21,32.52,0,0,756
"2026-02-04 09:17:00",1315,6.11,13.02,0,0,2.05,13.43,29754.86,38199.65,24.28,90,8.08,0.46,1.58,0.22,0.26,-99.9,-99.9,7.99,-99.9,2.95,3.63,1.21,31.69,0,0,757
"2026-02-04 09:32:00",1316,6.11,13.02,0,0,2.11,13.43,29739.88,38173.86,24.26,89.94,8.07,0.47,1.6,0.22,0.26,-99.9,-99.9,7.99,-99.9,3.07,3.54,1.21,31.69,0,0,758
"2026-02-04 09:47:00",1317,6.11,13.02,0,0,2.21,13.43,29794.68,38243.59,24.31,89.49,8.03,0.44,1.51,0.24,0.28,-99.9,-99.9,7.99,-99.9,3.03,3.59,1.2,32.31,0,0,759
"2026-02-04 10:02:00",1318,6.11,13.02,0,0,2.3,13.44,29764.26,38198.68,24.28,88.71,7.96,0.47,1.62,0.24,0.27,-99.9,-99.9,7.99,-99.9,3.07,3.64,1.2,32.31,0,0,760
"2026-02-04 10:17:00",1319,6.11,13.02,0,0,2.39,13.43,29779.04,38222.56,24.29,90.45,8.12,0.47,1.64,0.22,0.26,-99.9,-99.9,8,-99.9,3.04,3.5,1.19,32.27,0,0,761
"2026-02-04 10:32:00",1320,6.11,13.02,0,0,2.49,13.46,29673.72,38068,24.19,90.65,8.14,0.67,2.43,0.26,0.3,-99.9,-99.9,8.01,-99.9,3.1,3.51,1.19,32.27,0,0,762
"2026-02-04 10:47:00",1321,6.11,13.01,0,0,2.58,13.18,28583.16,36919.8,23.38,92.16,8.36,0.51,1.76,0.26,0.29,-99.9,-99.9,8.05,-99.9,3.3,2.11,1.2,32.42,0,0,763
"2026-02-04 11:02:00",1322,6.11,13.01,0,0,2.67,13.27,28676.27,36957.4,23.41,95.33,8.63,0.88,3.26,0.27,0.31,-99.9,-99.9,8.07,-99.9,3.23,2.44,1.2,32.42,0,0,764
"2026-02-04 11:17:00",1323,6.11,13.02,0,0,2.75,13.16,28664.46,37037.19,23.46,96.31,8.74,0.79,2.9,0.26,0.3,-99.9,-99.9,8.08,-99.9,3.29,2.58,1.2,32.7,0,0,765
"2026-02-04 11:32:00",1324,6.11,13.02,0,0,2.84,13.21,28689.48,37029.12,23.45,95.74,8.68,0.84,3.12,0.28,0.32,-99.9,-99.9,8.08,-99.9,3.24,2.43,1.2,32.7,0,0,766
"2026-02-04 11:47:00",1325,6.11,13.02,0,0,2.92,13.32,28800.72,37073.42,23.49,97.35,8.8,0.82,3.02,0.28,0.32,-99.9,-99.9,8.08,-99.9,3.21,2.54,1.2,32.44,0,0,767
"2026-02-04 12:02:00",1326,6.11,13.02,0,0,2.99,13.43,28870.62,37057.65,23.48,97.55,8.8,0.98,3.68,0.29,0.33,-99.9,-99.9,8.08,-99.9,3.23,2.51,1.2,32.44,0,0,768
"2026-02-04 12:17:00",1327,6.11,13.02,0,0,3.06,13.41,29000.1,37247.09,23.61,96.94,8.74,0.77,2.84,0.26,0.3,-99.9,-99.9,8.07,-99.9,3.15,3.17,1.19,32.45,0,0,769
"2026-02-04 12:32:00",1328,6.11,13.02,0,0,3.11,13.42,29174.03,37455.98,23.76,95.37,8.59,0.67,2.42,0.23,0.27,-99.9,-99.9,8.05,-99.9,3.22,3.21,1.19,32.45,0,0,770
"2026-02-04 12:47:00",1329,6.11,13.03,0,0,3.16,13.42,29205.45,37498.65,23.79,95.37,8.59,0.69,2.5,0.23,0.27,-99.9,-99.9,8.05,-99.9,3.14,3.08,1.2,35.98,0,0,771
"2026-02-04 13:02:00",1330,6.11,13.02,0,0,3.17,13.42,29822.54,38291.95,24.34,91.91,8.25,0.53,1.85,0.22,0.26,-99.9,-99.9,8,-99.9,2.99,3.43,1.2,35.98,0,0,772
"2026-02-04 13:17:00",1331,6.11,13.02,0,0,3.2,13.43,29832.42,38297.55,24.35,93.34,8.37,0.58,2.08,0.23,0.27,-99.9,-99.9,8.01,-99.9,3,3.44,1.2,33.33,0,0,773
"2026-02-04 13:32:00",1332,6.11,13.02,0,0,3.18,13.41,29843.85,38324.66,24.36,89.52,8.03,0.48,1.68,0.2,0.24,-99.9,-99.9,7.99,-99.9,2.99,3.19,1.2,33.33,0,0,774
"2026-02-04 13:47:00",1333,6.11,13.02,0,0,3.17,13.42,29993.82,38512.7,24.5,89.07,7.99,0.55,1.96,0.22,0.25,-99.9,-99.9,7.98,-99.9,2.92,3.13,1.2,32.68,0,0,775
"2026-02-04 14:02:00",1334,6.11,13.02,0,0,3.14,13.41,30093.59,38647.34,24.59,88.27,7.91,0.43,1.47,0.19,0.22,-99.9,-99.9,7.98,-99.9,2.93,3.5,1.2,32.68,0,0,776
"2026-02-04 14:17:00",1335,6.11,13.02,0,0,3.08,13.41,30186.11,38767.74,24.68,88.32,7.91,0.58,2.07,0.19,0.23,-99.9,-99.9,7.97,-99.9,2.87,3.75,1.21,32.63,0,0,777
"2026-02-04 14:32:00",1336,6.11,13.02,0,0,3.01,13.41,30162.86,38738.04,24.65,85.79,7.69,0.5,1.76,0.21,0.25,-99.9,-99.9,7.97,-99.9,2.86,3.87,1.21,32.63,0,0,778
"2026-02-04 14:47:00",1337,6.11,13.02,0,0,2.92,13.42,29795.48,38256.07,24.32,85.82,7.7,0.52,1.84,0.22,0.25,-99.9,-99.9,8,-99.9,2.88,3.21,1.2,32.41,0,0,779
"2026-02-04 15:02:00",1338,6.11,13.03,0,0,2.82,13.38,30395.89,39064.43,24.88,86,7.7,0.4,1.35,0.2,0.24,-99.9,-99.9,7.95,-99.9,2.78,3.41,1.2,32.41,0,0,780
"2026-02-04 15:17:00",1339,6.11,13.02,0,0,2.71,13.41,30206.56,38791.81,24.69,86.8,7.77,0.41,1.4,0.21,0.24,-99.9,-99.9,7.97,-99.9,2.86,3.1,1.19,32.17,0,0,781
"2026-02-04 15:32:00",1340,6.11,13.02,0,0,2.61,13.4,30275.99,38888.85,24.76,86.22,7.72,0.42,1.44,0.2,0.23,-99.9,-99.9,7.96,-99.9,2.89,3.22,1.19,32.17,0,0,782
"2026-02-04 15:47:00",1341,6.12,13.03,0,0,2.48,13.53,29709.44,38039.56,24.17,93.79,8.41,0.69,2.5,0.2,0.24,-99.9,-99.9,8.05,-99.9,3.07,3.13,1.21,36.33,0,0,783
"2026-02-04 16:02:00",1342,6.11,13.02,0,0,2.36,13.51,30023.14,38468.32,24.47,88.44,7.92,0.61,2.18,0.2,0.24,-99.9,-99.9,8.01,-99.9,2.92,4.39,1.21,36.33,0,0,784
"2026-02-04 16:17:00",1343,6.11,13.02,0,0,2.23,13.55,29901.41,38273,24.33,91.58,8.2,0.5,1.75,0.21,0.25,-99.9,-99.9,8.01,-99.9,3.06,2.63,1.2,32.35,0,0,785
"2026-02-04 16:32:00",1344,6.11,13.02,0,0,2.11,13.69,29567.92,37710.73,23.94,93.08,8.33,0.46,1.6,0.16,0.2,-99.9,-99.9,8.03,-99.9,3.15,2.16,1.2,32.35,0,0,786
"2026-02-04 16:47:00",1345,6.11,13.03,0,0,1.98,13.69,29554.93,37697.53,23.93,89.87,8.04,0.26,0.77,0.14,0.18,-99.9,-99.9,8.01,-99.9,3.13,1.61,1.2,32.26,0,0,787
"2026-02-04 17:02:00",1346,6.11,13.03,0,0,1.88,13.69,29590.33,37740.85,23.96,92.37,8.26,0.33,1.07,0.16,0.2,-99.9,-99.9,8.02,-99.9,3.05,1.89,1.2,32.26,0,0,788
"2026-02-04 17:17:00",1347,6.11,13.02,0,0,1.76,13.78,29544.67,37607.33,23.87,95.79,8.56,0.63,2.27,0.2,0.23,-99.9,-99.9,8.05,-99.9,3.12,2.11,1.2,32.08,0,0,789
"2026-02-04 17:32:00",1348,6.11,13.02,0,0,1.67,13.81,29502.28,37524.97,23.81,97.08,8.67,0.92,3.42,0.23,0.27,-99.9,-99.9,8.07,-99.9,3.04,2.68,1.2,32.08,0,0,790
"2026-02-04 17:47:00",1349,6.11,13.03,0,0,1.59,13.78,29495.02,37538.14,23.82,97.83,8.74,0.91,3.39,0.24,0.28,-99.9,-99.9,8.07,-99.9,3.11,2.64,1.2,31.84,0,0,791
"2026-02-04 18:02:00",1350,6.11,13.03,0,0,1.5,13.7,29337.74,37416.16,23.74,97.16,8.7,1.07,4.03,0.28,0.31,-99.9,-99.9,8.09,-99.9,3.08,2.43,1.21,31.84,0,0,792
"2026-02-04 18:17:00",1351,6.11,13.03,0,0,1.42,13.74,29464.63,37541.92,23.82,96.8,8.66,0.93,3.47,0.24,0.28,-99.9,-99.9,8.06,-99.9,3.1,2.33,1.2,31.54,0,0,793
"2026-02-04 18:32:00",1352,6.11,13.03,0,0,1.35,13.78,29495.27,37541.33,23.82,97.28,8.69,1.12,4.22,0.31,0.35,-99.9,-99.9,8.06,-99.9,2.95,2.48,1.2,31.54,0,0,794
"2026-02-04 18:47:00",1353,6.11,13.03,0,0,1.28,13.73,29530.71,37628.51,23.88,94.21,8.42,0.66,2.4,0.22,0.26,-99.9,-99.9,8.04,-99.9,3.17,2.36,1.2,31.74,0,0,795
"2026-02-04 19:02:00",1354,6.11,13.03,0,0,1.24,13.68,29506.55,37648.52,23.9,90.74,8.12,0.42,1.42,0.16,0.2,-99.9,-99.9,8.02,-99.9,3.06,1.91,1.2,31.74,0,0,796
"2026-02-04 19:17:00",1355,6.12,13.02,0,0,1.21,13.71,29400.78,37486.38,23.78,93.02,8.33,0.37,1.23,0.18,0.22,-99.9,-99.9,8.03,-99.9,3.19,1.75,1.2,32.21,0,0,797
"2026-02-04 19:32:00",1356,6.11,13.02,0,0,1.19,13.69,29355.94,37442.54,23.75,93.57,8.38,0.27,0.84,0.17,0.21,-99.9,-99.9,8.04,-99.9,3.17,1.78,1.2,32.21,0,0,798
"2026-02-04 19:47:00",1357,6.11,13.03,0,0,1.18,13.62,29694.64,37940.95,24.1,90.13,8.07,0.48,1.66,0.18,0.22,-99.9,-99.9,8,-99.9,3.17,2.12,1.2,31.82,0,0,799
"2026-02-04 20:02:00",1358,6.12,13.03,0,0,1.18,13.62,29658.66,37894.07,24.07,90.84,8.13,0.41,1.39,0.16,0.2,-99.9,-99.9,8,-99.9,3.05,2.19,1.2,31.82,0,0,800
"2026-02-04 20:17:00",1359,6.11,13.03,0,0,1.21,13.63,29597.07,37803.04,24,89.45,8.01,0.34,1.09,0.15,0.19,-99.9,-99.9,8,-99.9,3.15,2.12,1.19,32.75,0,0,801
"2026-02-04 20:32:00",1360,6.11,13.02,0,0,1.22,13.65,29658.52,37864.44,24.05,89.78,8.03,0.41,1.37,0.21,0.25,-99.9,-99.9,8,-99.9,3.07,2.28,1.19,32.75,0,0,802
"2026-02-04 20:47:00",1361,6.11,13.03,0,0,1.29,13.66,29610.15,37795.41,24,89.75,8.03,0.41,1.4,0.17,0.21,-99.9,-99.9,8,-99.9,3.13,2.3,1.19,32.28,0,0,803
"2026-02-04 21:02:00",1362,6.12,13.03,0,0,1.34,13.62,29828.31,38113.2,24.22,91.63,8.19,0.84,3.09,0.21,0.25,-99.9,-99.9,8.01,-99.9,2.94,2.79,1.19,32.28,0,0,804
"2026-02-04 21:17:00",1363,6.11,13.03,0,0,1.4,13.64,29675.33,37897.29,24.07,89.2,7.98,0.37,1.22,0.18,0.22,-99.9,-99.9,7.99,-99.9,3.17,2.28,1.19,31.68,0,0,805
"2026-02-04 21:32:00",1364,6.11,13.02,0,0,1.49,13.62,29811.13,38093.85,24.21,91.88,8.22,0.76,2.77,0.25,0.28,-99.9,-99.9,8.01,-99.9,3.04,2.96,1.19,31.68,0,0,806
"2026-02-04 21:47:00",1365,6.12,13.03,0,0,1.58,13.52,30064.45,38511.58,24.5,91.54,8.19,0.88,3.25,0.26,0.3,-99.9,-99.9,8,-99.9,2.96,4.31,1.21,35.68,0,0,807
"2026-02-04 22:02:00",1366,6.11,13.03,0,0,1.67,13.57,29900.16,38247.9,24.31,91.01,8.14,1.01,3.78,0.27,0.31,-99.9,-99.9,8.01,-99.9,3.02,3.69,1.21,35.68,0,0,808
"2026-02-04 22:17:00",1367,6.11,13.03,0,0,1.77,13.58,29877.7,38212.04,24.29,91.32,8.17,0.93,3.47,0.27,0.31,-99.9,-99.9,8.01,-99.9,2.94,3.32,1.21,32.42,0,0,809
"2026-02-04 22:32:00",1368,6.11,13.02,0,0,1.89,13.59,29218.9,37365.2,23.7,94.64,8.5,1.11,4.18,0.27,0.31,-99.9,-99.9,8.07,-99.9,3.07,2.02,1.21,32.42,0,0,810
"2026-02-04 22:47:00",1369,6.11,13.03,0,0,1.99,13.55,29021.22,37142.93,23.54,99.7,8.97,1.19,4.51,0.3,0.34,-99.9,-99.9,8.1,-99.9,3.2,2.18,1.2,32.25,0,0,811
"2026-02-04 23:02:00",1370,6.11,13.03,0,0,2.11,13.48,28957.65,37125.46,23.53,99.66,8.98,1.25,4.76,0.27,0.31,-99.9,-99.9,8.1,-99.9,3.22,2.4,1.2,32.25,0,0,812
"2026-02-04 23:17:00",1371,6.11,13.02,0,0,2.22,13.49,28905.26,37052.98,23.48,99.75,8.99,1.33,5.05,0.28,0.32,-99.9,-99.9,8.1,-99.9,3.22,2.49,1.2,32.31,0,0,813
"2026-02-04 23:32:00",1372,6.11,13.02,0,0,2.32,13.48,28743.07,36855.76,23.34,98.69,8.9,1.18,4.48,0.25,0.29,-99.9,-99.9,8.1,-99.9,3.29,2.68,1.2,32.31,0,0,814
"2026-02-04 23:47:00",1373,6.11,13.02,0,0,2.44,13.5,28704.02,36783.42,23.29,98.08,8.84,1.26,4.8,0.29,0.33,-99.9,-99.9,8.1,-99.9,3.37,2.87,1.2,32.28,0,0,815
"2026-02-05 00:02:00",1374,6.11,13.01,0,0,2.53,13.5,28713.5,36798.97,23.3,97.58,8.8,1.21,4.57,0.29,0.33,-99.9,-99.9,8.09,-99.9,3.35,2.82,1.2,32.28,0,0,816
"2026-02-05 00:17:00",1375,6.11,13.03,0,0,2.63,13.49,28676.85,36753.5,23.27,96.86,8.74,1.27,4.82,0.27,0.31,-99.9,-99.9,8.09,-99.9,3.36,3.12,1.2,35.68,0,0,817
"2026-02-05 00:32:00",1376,6.11,13.02,0,0,2.72,13.48,28678.15,36768.14,23.28,96.59,8.71,1.34,5.1,0.29,0.33,-99.9,-99.9,8.09,-99.9,3.38,2.69,1.2,35.68,0,0,818
"2026-02-05 00:47:00",1377,6.11,13.02,0,0,2.81,13.48,28685.1,36781.52,23.29,96.21,8.68,1.24,4.71,0.29,0.32,-99.9,-99.9,8.09,-99.9,3.31,2.83,1.19,32.9,0,0,819
"2026-02-05 01:02:00",1378,6.11,13.02,0,0,2.89,13.56,29268,37451.2,23.76,95.77,8.6,1.24,4.69,0.29,0.33,-99.9,-99.9,8.05,-99.9,3.24,2.92,1.19,32.9,0,0,820
"2026-02-05 01:17:00",1379,6.11,13.03,0,0,2.95,13.55,29564.79,37840.67,24.03,91.19,8.18,1.17,4.42,0.29,0.33,-99.9,-99.9,8.02,-99.9,3.18,3.87,1.19,35.23,0,0,821
"2026-02-05 01:32:00",1380,6.11,13.01,0,0,3.02,13.53,29791.58,38151.41,24.25,89.99,8.06,1.02,3.82,0.28,0.31,-99.9,-99.9,8.01,-99.9,3.03,3.98,1.19,35.23,0,0,822
"2026-02-05 01:47:00",1381,6.11,13.02,0,0,3.07,13.51,30056.27,38511.33,24.5,90.11,8.06,0.84,3.12,0.25,0.29,-99.9,-99.9,7.99,-99.9,2.81,4.81,1.2,32.33,0,0,823
"2026-02-05 02:02:00",1382,6.11,13.02,0,0,3.11,13.48,30146.24,38654.61,24.6,88.89,7.96,0.6,2.16,0.24,0.27,-99.9,-99.9,7.98,-99.9,2.81,4.35,1.2,32.33,0,0,824
"2026-02-05 02:17:00",1383,6.12,13.02,0,0,3.13,13.46,30215.13,38760.65,24.67,87.43,7.82,0.65,2.35,0.23,0.27,-99.9,-99.9,7.97,-99.9,2.9,4.4,1.2,35.76,0,0,825
"2026-02-05 02:32:00",1384,6.11,13.02,0,0,3.14,13.43,30295,38887.09,24.76,86.73,7.76,0.64,2.29,0.21,0.24,-99.9,-99.9,7.97,-99.9,2.81,3.66,1.2,35.76,0,0,826
"2026-02-05 02:47:00",1385,6.12,13.02,0,0,3.13,13.46,30218.9,38767.28,24.68,85.87,7.68,0.56,1.97,0.24,0.28,-99.9,-99.9,7.97,-99.9,2.88,3.29,1.19,33.15,0,0,827
"2026-02-05 03:02:00",1386,6.11,13.02,0,0,3.11,13.49,30078.54,38556.24,24.53,83.63,7.49,0.51,1.8,0.21,0.24,-99.9,-99.9,7.97,-99.9,2.96,3.12,1.19,33.15,0,0,828
"2026-02-05 03:17:00",1387,6.11,13.02,0,0,3.06,13.52,29964.23,38383.24,24.41,89.12,7.98,0.84,3.12,0.27,0.31,-99.9,-99.9,7.99,-99.9,2.95,3.74,1.19,32.02,0,0,829
"2026-02-05 03:32:00",1388,6.12,13.02,0,0,3.02,13.5,30098.2,38572.08,24.54,88.27,7.9,0.55,1.92,0.22,0.25,-99.9,-99.9,7.97,-99.9,2.92,3.19,1.19,32.02,0,0,830
"2026-02-05 03:47:00",1389,6.11,13.02,0,0,2.95,13.5,30038.19,38488.68,24.48,87.58,7.84,0.86,3.2,0.26,0.3,-99.9,-99.9,7.98,-99.9,2.87,3.78,1.21,34.92,0,0,831
"2026-02-05 04:02:00",1390,6.12,13.02,0,0,2.88,13.5,30092.29,38565.03,24.54,87.69,7.85,0.97,3.6,0.27,0.31,-99.9,-99.9,7.98,-99.9,2.86,3.73,1.21,34.92,0,0,832
"2026-02-05 04:17:00",1391,6.11,13.02,0,0,2.79,13.48,30167.22,38680.32,24.62,87.76,7.85,0.91,3.4,0.26,0.3,-99.9,-99.9,7.98,-99.9,2.73,3.76,1.2,33.31,0,0,833
"2026-02-05 04:32:00",1392,6.11,13.02,0,0,2.7,13.48,30147.61,38652.07,24.6,85.84,7.68,0.66,2.38,0.24,0.27,-99.9,-99.9,7.97,-99.9,2.91,3.97,1.2,33.31,0,0,834
"2026-02-05 04:47:00",1393,6.11,13.02,0,0,2.6,13.49,30091.69,38572.02,24.54,88.82,7.95,0.51,1.77,0.22,0.25,-99.9,-99.9,7.97,-99.9,2.92,3.15,1.19,32.73,0,0,835
"2026-02-05 05:02:00",1394,6.11,13.02,0,0,2.49,13.5,30086.26,38553.66,24.53,87.52,7.83,0.63,2.26,0.2,0.24,-99.9,-99.9,7.98,-99.9,2.84,3.09,1.19,32.73,0,0,836
"2026-02-05 05:17:00",1395,6.11,13.02,0,0,2.4,13.5,30049.6,38507.12,24.49,86.9,7.78,0.5,1.74,0.21,0.24,-99.9,-99.9,7.98,-99.9,2.86,2.86,1.21,36.01,0,0,837
"2026-02-05 05:32:00",1396,6.11,13.02,0,0,2.28,13.49,29917.88,38346.7,24.38,81.55,7.31,0.36,1.19,0.19,0.22,-99.9,-99.9,7.97,-99.9,3.04,2.06,1.21,36.01,0,0,838
"2026-02-05 05:47:00",1397,6.12,13.02,0,0,2.2,13.5,29851.11,38257.08,24.32,85.7,7.68,0.31,0.97,0.18,0.21,-99.9,-99.9,7.98,-99.9,3.07,1.83,1.2,32.25,0,0,839
"2026-02-05 06:02:00",1398,6.11,13.02,0,0,2.1,13.4,29254.57,37585.17,23.85,91.37,8.23,0.69,2.49,0.23,0.27,-99.9,-99.9,8.02,-99.9,3.14,3,1.2,32.25,0,0,840
"2026-02-05 06:17:00",1399,6.11,13.02,0,0,2.01,13.45,29664.84,38060.43,24.18,91.64,8.23,0.7,2.54,0.23,0.27,-99.9,-99.9,8.01,-99.9,3.03,4.3,1.2,32.64,0,0,841
"2026-02-05 06:32:00",1400,6.11,13.02,0,0,1.95,13.44,29652.7,38054.1,24.18,87.82,7.89,0.63,2.28,0.25,0.29,-99.9,-99.9,8.01,-99.9,2.99,3.8,1.2,32.64,0,0,842
"2026-02-05 06:47:00",1401,6.11,13.02,0,0,1.86,13.47,29668.62,38049.04,24.17,89.92,8.07,0.46,1.59,0.22,0.25,-99.9,-99.9,8,-99.9,3.04,3.16,1.21,32.31,0,0,843
"2026-02-05 07:02:00",1402,6.12,13.02,0,0,1.81,13.47,29621.78,37987.73,24.13,90.55,8.13,0.51,1.79,0.23,0.27,-99.9,-99.9,8,-99.9,3.1,2.43,1.21,32.31,0,0,844
"2026-02-05 07:17:00",1403,6.12,13.02,0,0,1.78,13.47,29637.37,38003.1,24.14,88.27,7.92,0.4,1.35,0.19,0.22,-99.9,-99.9,7.99,-99.9,3.08,3.05,1.2,31.8,0,0,845
"2026-02-05 07:32:00",1404,6.11,13.02,0,0,1.71,13.46,29647.24,38026.67,24.16,89.07,8,0.47,1.62,0.21,0.24,-99.9,-99.9,7.99,-99.9,3.04,2.83,1.2,31.8,0,0,846
"2026-02-05 07:47:00",1405,6.11,13.01,0,0,1.7,13.48,29628.15,37982.96,24.13,88.72,7.96,0.3,0.93,0.17,0.2,-99.9,-99.9,7.99,-99.9,3.11,2.16,1.2,32.29,0,0,847
"2026-02-05 08:02:00",1406,6.11,13.02,0,0,1.68,13.47,29478.83,37803.42,24,86.97,7.81,0.25,0.74,0.15,0.19,-99.9,-99.9,7.99,-99.9,3.16,1.88,1.2,32.29,0,0,848
"2026-02-05 08:17:00",1407,6.11,13.02,0,0,1.67,13.47,29606.05,37965.63,24.11,88.73,7.96,0.31,0.99,0.17,0.21,-99.9,-99.9,7.99,-99.9,3.08,2.57,1.19,32.59,0,0,849
"2026-02-05 08:32:00",1408,6.11,13.01,0,0,1.67,13.47,29687.05,38066.98,24.19,88.94,7.98,0.4,1.33,0.19,0.23,-99.9,-99.9,7.99,-99.9,3.07,3.05,1.19,32.59,0,0,850
"2026-02-05 08:47:00",1409,6.11,13.02,0,0,1.7,13.48,29644.19,38010.71,24.15,90.06,8.08,0.35,1.16,0.19,0.23,-99.9,-99.9,8,-99.9,3.01,2.65,1.21,35.08,0,0,851
"2026-02-05 09:02:00",1410,6.11,13.02,0,0,1.73,13.49,29673.74,38038.69,24.17,88.7,7.96,0.29,0.92,0.19,0.23,-99.9,-99.9,7.99,-99.9,3.09,2.68,1.21,35.08,0,0,852
"2026-02-05 09:17:00",1411,6.11,13.01,0,0,1.78,13.49,29578.28,37910.47,24.08,87.63,7.86,0.22,0.61,0.18,0.22,-99.9,-99.9,7.98,-99.9,3.15,2.21,1.2,32.49,0,0,853
"2026-02-05 09:32:00",1412,6.11,13.01,0,0,1.83,13.48,29520.62,37847.22,24.03,88.69,7.96,0.28,0.85,0.18,0.22,-99.9,-99.9,7.99,-99.9,3.15,2.15,1.2,32.49,0,0,854
"2026-02-05 09:47:00",1413,6.12,13.02,0,0,1.87,13.5,29610.36,37948.27,24.1,88.91,7.98,0.26,0.79,0.18,0.22,-99.9,-99.9,7.99,-99.9,3.11,2.15,1.2,35.5,0,0,855
"2026-02-05 10:02:00",1414,6.11,13.02,0,0,1.95,13.51,29751.83,38120.13,24.22,90.4,8.1,0.42,1.42,0.2,0.23,-99.9,-99.9,8,-99.9,3.02,2.92,1.2,35.5,0,0,856
"2026-02-05 10:17:00",1415,6.11,13.02,0,0,2.01,13.52,29857.33,38238.49,24.31,90.53,8.11,0.57,2.02,0.24,0.28,-99.9,-99.9,7.99,-99.9,2.93,2.92,1.19,33.04,0,0,857
"2026-02-05 10:32:00",1416,6.11,13.02,0,0,2.08,13.53,30017.62,38438.76,24.45,89.11,7.97,0.45,1.56,0.19,0.23,-99.9,-99.9,7.98,-99.9,2.96,3.83,1.19,33.04,0,0,858
"2026-02-05 10:47:00",1417,6.12,13.02,0,0,2.18,13.54,29994.1,38398.3,24.42,89.4,8,0.47,1.63,0.24,0.28,-99.9,-99.9,7.99,-99.9,2.98,3.31,1.2,35.39,0,0,859
"2026-02-05 11:02:00",1418,6.11,13.02,0,0,2.26,13.55,29988.41,38385.58,24.41,89.67,8.02,0.6,2.14,0.23,0.26,-99.9,-99.9,7.98,-99.9,2.98,3.52,1.2,35.39,0,0,860
"2026-02-05 11:17:00",1419,6.11,13.02,0,0,2.36,13.56,29816.11,38153.06,24.25,92.7,8.3,0.42,1.43,0.17,0.21,-99.9,-99.9,8.01,-99.9,3.11,2.88,1.21,33.04,0,0,861
"2026-02-05 11:32:00",1420,6.11,13.02,0,0,2.43,13.51,29238.53,37460.33,23.76,95.44,8.58,0.66,2.37,0.23,0.27,-99.9,-99.9,8.05,-99.9,3.13,2.25,1.21,33.04,0,0,862
"2026-02-05 11:47:00",1421,6.11,13.02,0,0,2.51,13.71,29224.12,37259.59,23.63,97.17,8.71,0.76,2.79,0.29,0.32,-99.9,-99.9,8.07,-99.9,3.07,2.21,1.2,31.74,0,0,863
"2026-02-05 12:02:00",1422,6.12,13.02,0,0,2.59,13.41,28917.08,37139.2,23.54,99.19,8.95,1,3.74,0.26,0.3,-99.9,-99.9,8.09,-99.9,3.17,2.59,1.2,31.74,0,0,864
"2026-02-05 12:17:00",1423,6.11,13.03,0,0,2.68,13.64,29120.48,37187.13,23.57,100.17,8.99,0.92,3.42,0.29,0.32,-99.9,-99.9,8.09,-99.9,3.14,2.56,1.19,32.39,0,0,865
"2026-02-05 12:32:00",1424,6.11,13.02,0,0,2.74,13.71,29288.56,37344.77,23.69,100.71,9.02,0.85,3.16,0.25,0.29,-99.9,-99.9,8.09,-99.9,3.05,2.84,1.19,32.39,0,0,866
"2026-02-05 12:47:00",1425,6.12,13.02,0,0,2.81,13.88,29358.13,37278.08,23.64,99.67,8.9,1.04,3.92,0.31,0.35,-99.9,-99.9,8.08,-99.9,3.06,2.86,1.2,35.44,0,0,867
"2026-02-05 13:02:00",1426,6.11,13.02,0,0,2.87,13.76,29401.71,37443.13,23.75,97.18,8.69,0.97,3.63,0.24,0.28,-99.9,-99.9,8.06,-99.9,2.93,3.08,1.2,35.44,0,0,868
"2026-02-05 13:17:00",1427,6.11,13.01,0,0,2.91,13.75,29530.59,37609.99,23.87,97.45,8.71,0.87,3.24,0.28,0.32,-99.9,-99.9,8.06,-99.9,3.11,4.64,1.19,33.35,0,0,869
"2026-02-05 13:32:00",1428,6.12,13.02,0,0,2.96,13.76,29492.68,37558.05,23.84,97.38,8.71,0.97,3.62,0.27,0.31,-99.9,-99.9,8.06,-99.9,3.03,3.8,1.19,33.35,0,0,870
"2026-02-05 13:47:00",1429,6.11,13.02,0,0,2.98,13.74,29409.73,37465.39,23.77,97.58,8.73,1.08,4.08,0.29,0.33,-99.9,-99.9,8.07,-99.9,3.16,3.59,1.19,35.2,0,0,871
"2026-02-05 14:02:00",1430,6.11,13.02,0,0,3,13.74,29479.98,37560.29,23.84,97.21,8.69,1.03,3.85,0.25,0.29,-99.9,-99.9,8.06,-99.9,3.01,3.41,1.19,35.2,0,0,872
"2026-02-05 14:17:00",1431,6.11,13.02,0,0,3,13.64,29874.47,38150.53,24.25,92.9,8.3,0.73,2.68,0.23,0.27,-99.9,-99.9,8.02,-99.9,3.04,3.61,1.2,32.83,0,0,873
"2026-02-05 14:32:00",1432,6.11,13.02,0,0,2.99,13.58,30171.65,38591.24,24.56,89.71,8.01,0.51,1.77,0.18,0.21,-99.9,-99.9,7.98,-99.9,2.87,3.46,1.2,32.83,0,0,874
"2026-02-05 14:47:00",1433,6.11,13.02,0,0,2.98,13.62,29887.18,38183.91,24.27,91.42,8.17,0.72,2.62,0.22,0.26,-99.9,-99.9,8.03,-99.9,2.99,3.64,1.2,35.78,0,0,875
"2026-02-05 15:02:00",1434,6.11,13.02,0,0,2.92,13.58,30183.81,38603.98,24.56,89.79,8.02,0.57,2.02,0.2,0.24,-99.9,-99.9,7.99,-99.9,2.82,3.41,1.2,35.78,0,0,876
"2026-02-05 15:17:00",1435,6.11,13.03,0,0,2.87,13.59,30186.6,38595.01,24.56,89.35,7.98,0.55,1.96,0.2,0.24,-99.9,-99.9,7.98,-99.9,2.97,3.51,1.2,32.97,0,0,877
"2026-02-05 15:32:00",1436,6.11,13.03,0,0,2.8,13.64,29969.77,38271.98,24.33,92.82,8.29,0.75,2.75,0.24,0.27,-99.9,-99.9,8.02,-99.9,2.91,3.87,1.2,32.97,0,0,878
"2026-02-05 15:47:00",1437,6.12,13.02,0,0,2.73,13.65,29959.59,38253.15,24.32,93.07,8.31,0.73,2.65,0.22,0.25,-99.9,-99.9,8.02,-99.9,3.02,3.24,1.2,35.49,0,0,879
"2026-02-05 16:02:00",1438,6.12,13.03,0,0,2.63,13.68,30009.5,38289.93,24.35,93.73,8.37,0.69,2.51,0.22,0.26,-99.9,-99.9,8.03,-99.9,2.88,3.46,1.2,35.49,0,0,880
"2026-02-05 16:17:00",1439,6.11,13.02,0,0,2.53,13.6,30143.56,38534.36,24.52,91.24,8.15,0.63,2.25,0.23,0.27,-99.9,-99.9,8,-99.9,2.99,3.75,1.19,33.03,0,0,881
"2026-02-05 16:32:00",1440,6.11,13.02,0,0,2.43,13.78,29973.98,38153.74,24.25,93.7,8.35,0.68,2.45,0.2,0.24,-99.9,-99.9,8.02,-99.9,2.98,2.96,1.19,33.03,0,0,882
"2026-02-05 16:47:00",1441,6.11,13.03,0,0,2.33,13.87,29765.67,37804.33,24.01,96.59,8.6,0.9,3.34,0.26,0.29,-99.9,-99.9,8.07,-99.9,2.96,2.88,1.19,31.75,0,0,883
"2026-02-05 17:02:00",1442,6.11,13.03,0,0,2.22,13.87,29830.26,37883.72,24.07,97.15,8.65,0.75,2.75,0.19,0.23,-99.9,-99.9,8.05,-99.9,2.96,2.83,1.19,31.75,0,0,884
"2026-02-05 17:17:00",1443,6.11,13.03,0,0,2.13,14,29437.47,37270.97,23.64,102.86,9.16,1.35,5.16,0.29,0.33,-99.9,-99.9,8.11,-99.9,3.06,2.89,1.2,32.41,0,0,885
"2026-02-05 17:32:00",1444,6.11,13.02,0,0,2.02,13.93,29401.4,37284.24,23.65,102.99,9.18,1.55,5.95,0.29,0.32,-99.9,-99.9,8.1,-99.9,3.08,2.97,1.2,32.41,0,0,886
"2026-02-05 17:47:00",1445,6.11,13.02,0,0,1.94,14.09,29397.3,37136.93,23.55,107.37,9.55,1.39,5.29,0.33,0.37,-99.9,-99.9,8.14,-99.9,3.1,2.8,1.21,31.86,0,0,887
"2026-02-05 18:02:00",1446,6.11,13.03,0,0,1.83,14.05,29402.71,37174.31,23.57,105.15,9.36,1.41,5.4,0.3,0.33,-99.9,-99.9,8.13,-99.9,3.17,2.77,1.21,31.86,0,0,888
"2026-02-05 18:17:00",1447,6.11,13.03,0,0,1.74,13.93,29262.94,37111.59,23.53,103.94,9.28,1.75,6.74,0.33,0.37,-99.9,-99.9,8.12,-99.9,3.21,3.33,1.19,32.09,0,0,889
"2026-02-05 18:32:00",1448,6.11,13.03,0,0,1.67,13.94,29295.15,37145.01,23.55,103.67,9.25,1.63,6.25,0.33,0.36,-99.9,-99.9,8.12,-99.9,3.16,3.06,1.19,32.09,0,0,890
"2026-02-05 18:47:00",1449,6.11,13.03,0,0,1.59,13.9,29254.35,37128.58,23.54,103.18,9.21,1.94,7.5,0.36,0.4,-99.9,-99.9,8.12,-99.9,3.22,3.2,1.19,32.16,0,0,891
"2026-02-05 19:02:00",1450,6.11,13.03,0,0,1.54,13.9,29251.59,37117.92,23.53,102.48,9.15,1.98,7.68,0.39,0.42,-99.9,-99.9,8.11,-99.9,3.14,3.07,1.19,32.16,0,0,892
"2026-02-05 19:17:00",1451,6.11,13.03,0,0,1.5,13.95,29305.33,37142.34,23.55,103.72,9.25,1.7,6.55,0.35,0.39,-99.9,-99.9,8.12,-99.9,3.19,3.07,1.2,35.54,0,0,893
"2026-02-05 19:32:00",1452,6.11,13.02,0,0,1.44,13.96,29352.29,37195.06,23.59,102.83,9.17,1.56,5.97,0.32,0.36,-99.9,-99.9,8.12,-99.9,3.17,2.99,1.2,35.54,0,0,894
"2026-02-05 19:47:00",1453,6.11,13.02,0,0,1.41,13.98,29551.76,37428.69,23.75,102.73,9.14,1.21,4.57,0.24,0.28,-99.9,-99.9,8.1,-99.9,3.05,2.78,1.2,32.38,0,0,895
"2026-02-05 20:02:00",1454,6.11,13.03,0,0,1.39,13.94,29610.26,37540.52,23.83,94.39,8.41,0.64,2.29,0.19,0.22,-99.9,-99.9,8.05,-99.9,3.03,2.17,1.2,32.38,0,0,896
"2026-02-05 20:17:00",1455,6.12,13.02,0,0,1.37,13.94,29604.11,37536.4,23.82,98.83,8.8,1.4,5.34,0.3,0.34,-99.9,-99.9,8.08,-99.9,3.12,3.27,1.2,35.82,0,0,897
"2026-02-05 20:32:00",1456,6.12,13.03,0,0,1.39,13.87,29776.61,37812.43,24.02,96.84,8.63,1.2,4.53,0.26,0.3,-99.9,-99.9,8.05,-99.9,2.97,3.44,1.2,35.82,0,0,898
"2026-02-05 20:47:00",1457,6.12,13.02,0,0,1.39,13.94,29614.22,37549.13,23.83,98.39,8.76,1.09,4.1,0.25,0.29,-99.9,-99.9,8.07,-99.9,3.04,2.99,1.19,32.57,0,0,899
"2026-02-05 21:02:00",1458,6.11,13.03,0,0,1.44,13.87,29759.01,37789.72,24,96.09,8.56,0.85,3.15,0.21,0.25,-99.9,-99.9,8.04,-99.9,3,3.4,1.19,32.57,0,0,900
"2026-02-05 21:17:00",1459,6.11,13.03,0,0,1.48,13.94,29579.72,37497.74,23.8,95.32,8.49,0.62,2.23,0.21,0.24,-99.9,-99.9,8.05,-99.9,3.12,2.06,1.19,35.2,0,0,901
"2026-02-05 21:32:00",1460,6.11,13.03,0,0,1.53,13.79,29892.3,38032.16,24.17,92.57,8.25,0.71,2.59,0.23,0.26,-99.9,-99.9,8.01,-99.9,2.93,2.77,1.19,35.2,0,0,902
"2026-02-05 21:47:00",1461,6.11,13.03,0,0,1.6,13.82,29819.17,37919.98,24.09,91.2,8.13,0.56,1.96,0.19,0.23,-99.9,-99.9,8.01,-99.9,3.13,2.62,1.2,31.9,0,0,903
"2026-02-05 22:02:02",1462,6.12,13.03,0,0,1.65,13.86,29727.33,37760.24,23.98,91.37,8.14,0.5,1.73,0.2,0.24,-99.9,-99.9,8.02,-99.9,2.97,2.29,1.2,31.9,0,0,904
"2026-02-05 22:17:00",1463,6.11,13.02,0,0,1.75,13.81,29822.06,37927.46,24.1,91.66,8.17,0.86,3.2,0.26,0.3,-99.9,-99.9,8.01,-99.9,3.02,3.12,1.2,35.27,0,0,905
"2026-02-05 22:32:00",1464,6.11,13.02,0,0,1.83,13.85,29751.53,37802.7,24.01,92.21,8.22,0.78,2.86,0.26,0.29,-99.9,-99.9,8.02,-99.9,2.99,2.21,1.2,35.27,0,0,906
"2026-02-05 22:47:00",1465,6.12,13.03,0,0,1.92,13.79,29793.4,37907.85,24.08,92.39,8.24,0.71,2.59,0.24,0.27,-99.9,-99.9,8.01,-99.9,3.14,1.91,1.19,31.84,0,0,907
"2026-02-05 23:02:00",1466,6.11,13.02,0,0,2.02,13.9,29577.24,37530.81,23.82,90.59,8.07,0.74,2.7,0.22,0.26,-99.9,-99.9,8.04,-99.9,3.07,2.21,1.19,31.84,0,0,908
"2026-02-05 23:17:00",1467,6.11,13.02,0,0,2.11,14.02,29448.98,37263.93,23.63,98.82,8.8,1.5,5.76,0.3,0.33,-99.9,-99.9,8.08,-99.9,3.06,2.54,1.2,32.13,0,0,909
"2026-02-05 23:32:00",1468,6.12,13.03,0,0,2.22,14.1,29337.31,37051.56,23.49,100.8,8.97,1.77,6.83,0.33,0.37,-99.9,-99.9,8.1,-99.9,3.18,2.38,1.2,32.13,0,0,910
"2026-02-05 23:47:00",1469,6.12,13.03,0,0,2.32,14.06,29414.12,37181.32,23.58,100.36,8.93,1.67,6.42,0.35,0.39,-99.9,-99.9,8.09,-99.9,3.13,2.9,1.2,35.7,0,0,911
"2026-02-06 00:02:00",1470,6.11,13.03,0,0,2.41,14.05,29330.2,37082.51,23.51,100.45,8.94,1.72,6.64,0.31,0.35,-99.9,-99.9,8.1,-99.9,3.18,2.87,1.2,35.7,0,0,912
"2026-02-06 00:17:00",1471,6.11,13.02,0,0,2.53,14.12,29293.09,36979.04,23.44,101.16,9,1.74,6.71,0.33,0.37,-99.9,-99.9,8.1,-99.9,3.13,2.68,1.2,32.09,0,0,913
"2026-02-06 00:32:00",1472,6.12,13.02,0,0,2.6,14.1,29295.05,36996.49,23.45,100.44,8.94,1.58,6.06,0.32,0.35,-99.9,-99.9,8.1,-99.9,3.19,2.63,1.2,32.09,0,0,914
"2026-02-06 00:47:00",1473,6.12,13.02,0,0,2.72,13.97,29252.95,37058.22,23.49,98.76,8.81,1.59,6.08,0.31,0.35,-99.9,-99.9,8.09,-99.9,3.2,2.91,1.19,35.23,0,0,915
"2026-02-06 01:02:00",1474,6.11,13.03,0,0,2.78,14.02,29242,37001.47,23.45,98.67,8.79,1.52,5.82,0.29,0.32,-99.9,-99.9,8.09,-99.9,3.27,2.82,1.19,35.23,0,0,916
"2026-02-06 01:17:00",1475,6.11,13.03,0,0,2.87,14,29258.11,37039.4,23.48,98.85,8.81,1.49,5.72,0.29,0.33,-99.9,-99.9,8.09,-99.9,3.19,2.84,1.2,32.21,0,0,917
"2026-02-06 01:32:00",1476,6.11,13.02,0,0,2.94,13.95,29355.18,37211.34,23.6,97.75,8.72,1.41,5.4,0.29,0.32,-99.9,-99.9,8.08,-99.9,3.22,3.05,1.2,32.21,0,0,918
"2026-02-06 01:47:00",1477,6.11,13.02,0,0,3.02,13.87,29499.48,37466.06,23.77,96.24,8.59,1.4,5.34,0.3,0.34,-99.9,-99.9,8.06,-99.9,3.14,3.24,1.2,35.64,0,0,919
"2026-02-06 02:02:00",1478,6.12,13.03,0,0,3.06,13.68,30164.3,38486.3,24.48,90.76,8.09,0.72,2.62,0.24,0.28,-99.9,-99.9,7.99,-99.9,2.94,3.4,1.2,35.64,0,0,920
"2026-02-06 02:17:00",1479,6.12,13.02,0,0,3.1,13.6,30313.16,38748.3,24.67,88.77,7.92,0.7,2.53,0.25,0.29,-99.9,-99.9,7.98,-99.9,2.9,3.38,1.2,33.11,0,0,921
"2026-02-06 02:32:00",1480,6.11,13.03,0,0,3.15,13.57,30409.24,38900.77,24.77,88.52,7.9,0.61,2.19,0.22,0.25,-99.9,-99.9,7.97,-99.9,2.83,3.33,1.2,33.11,0,0,922
"2026-02-06 02:47:00",1481,6.11,13.03,0,0,3.16,13.53,30510.59,39066.55,24.89,87.13,7.77,0.57,2.03,0.24,0.28,-99.9,-99.9,7.96,-99.9,2.79,3.56,1.19,32.86,0,0,923
"2026-02-06 03:02:00",1482,6.11,13.02,0,0,3.16,13.61,30287.76,38705.69,24.64,84.93,7.58,0.75,2.76,0.22,0.26,-99.9,-99.9,7.98,-99.9,2.75,2.74,1.19,32.86,0,0,924
"2026-02-06 03:17:00",1483,6.12,13.03,0,0,3.17,13.62,30276.26,38685.82,24.62,87.81,7.83,0.68,2.45,0.23,0.27,-99.9,-99.9,7.97,-99.9,2.91,3.04,1.19,32.46,0,0,925
"2026-02-06 03:32:00",1484,6.12,13.02,0,0,3.14,13.54,30519.72,39069.94,24.89,86.71,7.73,0.47,1.62,0.19,0.23,-99.9,-99.9,7.95,-99.9,2.77,3.11,1.19,32.46,0,0,926
"2026-02-06 03:47:00",1485,6.12,13.02,0,0,3.09,13.54,30545.3,39104.07,24.91,86.64,7.73,0.47,1.63,0.21,0.24,-99.9,-99.9,7.95,-99.9,2.85,3.58,1.2,35.12,0,0,927
"2026-02-06 04:02:00",1486,6.12,13.02,0,0,3.04,13.57,30412.26,38905.03,24.78,82.09,7.32,0.4,1.33,0.18,0.22,-99.9,-99.9,7.95,-99.9,2.84,2.8,1.2,35.12,0,0,928
"2026-02-06 04:17:00",1487,6.11,13.02,0,0,2.96,13.54,30571.29,39137.5,24.94,85.06,7.59,0.42,1.44,0.2,0.23,-99.9,-99.9,7.95,-99.9,2.77,3.15,1.2,33.27,0,0,929
"2026-02-06 04:32:00",1488,6.12,13.02,0,0,2.89,13.54,30613.72,39191.55,24.98,84.73,7.55,0.53,1.86,0.22,0.26,-99.9,-99.9,7.95,-99.9,2.65,3.21,1.2,33.27,0,0,930
"2026-02-06 04:47:00",1489,6.12,13.02,0,0,2.82,13.55,30522.81,39062.16,24.89,84.2,7.51,0.42,1.42,0.2,0.24,-99.9,-99.9,7.95,-99.9,2.85,3.12,1.2,32.48,0,0,931
"2026-02-06 05:02:00",1490,6.12,13.02,0,0,2.72,13.65,30236.22,38602.64,24.57,84.65,7.55,0.42,1.42,0.2,0.24,-99.9,-99.9,7.96,-99.9,2.93,2.29,1.2,32.48,0,0,932
"2026-02-06 05:17:00",1491,6.11,13.03,0,0,2.63,13.67,30191.19,38529.45,24.51,86.74,7.74,0.43,1.46,0.17,0.21,-99.9,-99.9,7.97,-99.9,3,2.34,1.2,31.79,0,0,933
"2026-02-06 05:32:00",1492,6.11,13.02,0,0,2.55,13.67,30156.85,38483.37,24.48,85.65,7.64,0.46,1.57,0.19,0.23,-99.9,-99.9,7.97,-99.9,3,2.04,1.2,31.79,0,0,934
"2026-02-06 05:47:00",1493,6.12,13.02,0,0,2.43,13.7,30070.85,38343.45,24.38,86.2,7.69,0.36,1.19,0.21,0.24,-99.9,-99.9,7.98,-99.9,3.02,2.41,1.2,32.3,0,0,935
"2026-02-06 06:02:00",1494,6.11,13.02,0,0,2.34,13.74,29956.27,38166.13,24.26,86.59,7.72,0.31,0.98,0.19,0.23,-99.9,-99.9,7.98,-99.9,3,1.72,1.2,32.3,0,0,936
"2026-02-06 06:17:00",1495,6.11,13.02,0,0,2.25,13.66,30237.34,38594.26,24.56,88.75,7.91,0.58,2.07,0.22,0.26,-99.9,-99.9,7.98,-99.9,2.94,3.26,1.21,32.35,0,0,937
"2026-02-06 06:32:00",1496,6.11,13.02,0,0,2.14,13.69,30132.01,38433.96,24.45,89.1,7.95,0.57,2.02,0.22,0.25,-99.9,-99.9,7.98,-99.9,2.92,2.65,1.21,32.35,0,0,938
"2026-02-06 06:47:00",1497,6.11,13.03,0,0,2.05,13.77,29845.12,37994.54,24.14,89.62,7.99,0.62,2.22,0.21,0.24,-99.9,-99.9,8,-99.9,3.08,2.27,1.2,31.82,0,0,939
"2026-02-06 07:02:00",1498,6.12,13.02,0,0,1.99,13.73,29979.75,38204.82,24.29,89.74,8,0.54,1.89,0.19,0.22,-99.9,-99.9,7.99,-99.9,3,2.2,1.2,31.82,0,0,940
"2026-02-06 07:17:00",1499,6.12,13.02,0,0,1.91,13.72,30035.21,38287.78,24.35,88.91,7.93,0.45,1.53,0.21,0.25,-99.9,-99.9,7.98,-99.9,3.07,2.28,1.19,32.14,0,0,941
"2026-02-06 07:32:00",1500,6.11,13.02,0,0,1.84,13.74,29954.13,38159.58,24.26,88.97,7.93,0.51,1.79,0.2,0.24,-99.9,-99.9,7.99,-99.9,2.98,2.15,1.19,32.14,0,0,942
"2026-02-06 07:47:00",1501,6.11,13.02,0,0,1.8,13.75,29922.98,38113.53,24.22,89.16,7.95,0.51,1.78,0.2,0.24,-99.9,-99.9,7.99,-99.9,3.08,2.39,1.19,32.14,0,0,943
"2026-02-06 08:02:00",1502,6.12,13.02,0,0,1.74,13.76,29878.56,38042.64,24.17,89.11,7.95,0.52,1.83,0.19,0.23,-99.9,-99.9,7.99,-99.9,2.99,2.42,1.19,32.14,0,0,944
"2026-02-06 08:17:00",1503,6.11,13.02,0,0,1.71,13.78,29789.07,37911.31,24.08,89.78,8.01,0.44,1.5,0.17,0.21,-99.9,-99.9,8,-99.9,3.13,1.97,1.21,35.12,0,0,945
"2026-02-06 08:32:00",1504,6.11,13.02,0,0,1.68,13.78,29805.21,37932.21,24.1,89.23,7.96,0.42,1.41,0.18,0.22,-99.9,-99.9,7.99,-99.9,3,1.86,1.21,35.12,0,0,946
"2026-02-06 08:47:00",1505,6.11,13.02,0,0,1.65,13.71,30111.43,38392.52,24.42,90.32,8.05,0.58,2.06,0.22,0.25,-99.9,-99.9,7.99,-99.9,2.99,3.42,1.2,32.51,0,0,947
"2026-02-06 09:02:00",1506,6.11,13.02,0,0,1.66,13.71,30108.36,38383.44,24.41,90.26,8.05,0.55,1.95,0.24,0.28,-99.9,-99.9,7.99,-99.9,2.89,3.31,1.2,32.51,0,0,948
"2026-02-06 09:17:00",1507,6.11,13.02,0,0,1.65,13.74,30069.1,38309.47,24.36,90.3,8.05,0.48,1.68,0.22,0.25,-99.9,-99.9,7.99,-99.9,3.01,3.17,1.2,32.32,0,0,949
"2026-02-06 09:32:00",1508,6.12,13.02,0,0,1.66,13.7,30215.11,38533.86,24.52,90.68,8.08,0.59,2.09,0.27,0.3,-99.9,-99.9,7.99,-99.9,2.88,3.32,1.2,32.32,0,0,950
"2026-02-06 09:47:00",1509,6.12,13.02,0,0,1.69,13.73,30120.92,38380.26,24.41,90.03,8.02,0.53,1.85,0.23,0.26,-99.9,-99.9,7.98,-99.9,2.93,3.5,1.19,32.42,0,0,951
"2026-02-06 10:02:00",1510,6.12,13.02,0,0,1.73,13.72,30179.23,38464.23,24.47,91.21,8.13,0.64,2.32,0.22,0.26,-99.9,-99.9,7.99,-99.9,2.85,3.39,1.19,32.42,0,0,952
"2026-02-06 10:17:00",1511,6.11,13.02,0,0,1.77,13.76,30100.52,38331.17,24.38,91.54,8.16,0.58,2.06,0.21,0.25,-99.9,-99.9,8,-99.9,2.97,3.17,1.2,31.97,0,0,953
"2026-02-06 10:32:00",1512,6.12,13.02,0,0,1.82,13.77,30106.9,38331.07,24.38,90.39,8.05,0.69,2.5,0.27,0.3,-99.9,-99.9,8.01,-99.9,2.92,3.22,1.2,31.97,0,0,954
"2026-02-06 10:47:00",1513,6.11,13.02,0,0,1.86,13.76,30128.28,38364.56,24.4,92.58,8.25,0.75,2.75,0.27,0.31,-99.9,-99.9,8.01,-99.9,2.94,3.62,1.2,35.56,0,0,955
"2026-02-06 11:02:00",1514,6.12,13.02,0,0,1.92,13.79,30104.37,38304.81,24.36,93.69,8.34,0.69,2.5,0.21,0.24,-99.9,-99.9,8.03,-99.9,2.88,3.06,1.2,35.56,0,0,956
"2026-02-06 11:17:00",1515,6.11,13.02,0,0,2,13.81,30103.18,38288.24,24.35,95.15,8.47,0.75,2.74,0.27,0.31,-99.9,-99.9,8.02,-99.9,2.98,3.36,1.19,33.01,0,0,957
"2026-02-06 11:32:00",1516,6.11,13.01,0,0,2.06,13.84,30063.55,38209.49,24.29,92.8,8.26,1.19,4.49,0.36,0.4,-99.9,-99.9,8.01,-99.9,2.95,3.05,1.19,33.01,0,0,958
"2026-02-06 11:47:00",1517,6.12,13.02,0,0,2.12,13.97,30016.37,38024.8,24.17,98.94,8.79,0.8,2.96,0.27,0.31,-99.9,-99.9,8.06,-99.9,2.96,2.47,1.2,31.49,0,0,959
"2026-02-06 12:02:00",1518,6.12,13.02,0,0,2.21,14.01,29894.97,37840.97,24.04,98.84,8.78,0.75,2.73,0.26,0.29,-99.9,-99.9,8.05,-99.9,3.04,1.87,1.2,31.49,0,0,960
"2026-02-06 12:17:00",1519,6.11,13.02,0,0,2.29,14.25,29960.77,37698.97,23.94,101.46,8.97,1.04,3.89,0.28,0.31,-99.9,-99.9,8.08,-99.9,2.93,2.49,1.2,35.86,0,0,961
"2026-02-06 12:32:00",1520,6.12,13.02,0,0,2.35,14.16,29916.35,37723.29,23.96,99.73,8.83,1.02,3.84,0.28,0.32,-99.9,-99.9,8.06,-99.9,2.92,2.99,1.2,35.86,0,0,962
"2026-02-06 12:47:00",1521,6.12,13.02,0,0,2.41,14.24,29843.76,37561.15,23.85,101.08,8.94,1,3.72,0.26,0.29,-99.9,-99.9,8.07,-99.9,2.98,2.81,1.2,32.47,0,0,963
"2026-02-06 13:02:00",1522,6.11,13.02,0,0,2.48,14.35,29723.01,37312.29,23.67,101.47,8.97,1.26,4.78,0.32,0.35,-99.9,-99.9,8.08,-99.9,2.93,2.58,1.2,32.47,0,0,964
"2026-02-06 13:17:00",1523,6.11,13.02,0,0,2.54,14.31,29764.19,37398.18,23.73,101.38,8.96,1.17,4.44,0.28,0.32,-99.9,-99.9,8.09,-99.9,2.99,2.63,1.2,35.51,0,0,965
"2026-02-06 13:32:00",1524,6.11,13.02,0,0,2.62,14.38,29745.34,37311.74,23.67,102.52,9.05,1.4,5.33,0.34,0.37,-99.9,-99.9,8.09,-99.9,2.93,2.58,1.2,35.51,0,0,966
"2026-02-06 13:47:00",1525,6.12,13.02,0,0,2.65,14.5,29831.1,37318.92,23.68,104.14,9.18,1.48,5.68,0.31,0.35,-99.9,-99.9,8.1,-99.9,3.02,2.53,1.19,32.27,0,0,967
"2026-02-06 14:02:00",1526,6.11,13.02,0,0,2.71,14.32,29717.28,37330.69,23.69,102.85,9.09,1.48,5.68,0.35,0.39,-99.9,-99.9,8.1,-99.9,2.93,2.65,1.19,32.27,0,0,968
"2026-02-06 14:17:00",1527,6.11,13.02,0,0,2.73,14.26,29662.88,37322.08,23.68,102.15,9.05,1.31,4.97,0.32,0.36,-99.9,-99.9,8.09,-99.9,3.06,2.79,1.2,32.38,0,0,969
"2026-02-06 14:32:00",1528,6.11,13.03,0,0,2.76,14.26,29767.99,37454.62,23.77,101.87,9.02,1.08,4.06,0.27,0.31,-99.9,-99.9,8.09,-99.9,3.01,2.66,1.2,32.38,0,0,970
"2026-02-06 14:47:00",1529,6.12,13.02,0,0,2.78,14.22,29880.24,37625.55,23.89,100.21,8.87,0.87,3.24,0.24,0.28,-99.9,-99.9,8.07,-99.9,2.97,3.1,1.2,35.37,0,0,971
"2026-02-06 15:02:00",1530,6.11,13.03,0,0,2.77,14.01,30096.28,38091.31,24.21,95.27,8.45,0.48,1.68,0.17,0.2,-99.9,-99.9,8.03,-99.9,2.96,2.44,1.2,35.37,0,0,972
"2026-02-06 15:17:00",1531,6.11,13.03,0,0,2.78,13.91,30175.41,38286.21,24.35,93.54,8.31,0.53,1.87,0.21,0.25,-99.9,-99.9,8.01,-99.9,2.96,2.74,1.19,33.2,0,0,973
"2026-02-06 15:32:00",1532,6.11,13.03,0,0,2.76,13.8,30362.47,38626.74,24.58,90.69,8.06,0.52,1.82,0.19,0.23,-99.9,-99.9,7.98,-99.9,2.8,3.04,1.19,33.2,0,0,974
"2026-02-06 15:47:00",1533,6.12,13.02,0,0,2.74,13.81,30362.56,38612.6,24.58,91.24,8.11,0.46,1.6,0.18,0.22,-99.9,-99.9,7.98,-99.9,2.9,2.93,1.2,32.31,0,0,975
"2026-02-06 16:02:00",1534,6.11,13.02,0,0,2.7,13.88,30220.06,38366.85,24.4,93.15,8.28,0.64,2.32,0.2,0.23,-99.9,-99.9,8.02,-99.9,2.89,2.85,1.2,32.31,0,0,976
"2026-02-06 16:17:00",1535,6.12,13.02,0,0,2.64,13.92,30193.99,38302.73,24.36,96.11,8.54,0.74,2.72,0.21,0.24,-99.9,-99.9,8.04,-99.9,2.97,3.08,1.2,35.38,0,0,977
"2026-02-06 16:32:00",1536,6.12,13.03,0,0,2.61,14.11,30027.03,37911.38,24.09,100.17,8.87,0.97,3.62,0.22,0.26,-99.9,-99.9,8.07,-99.9,2.99,2.99,1.2,35.38,0,0,978
"2026-02-06 16:47:00",1537,6.12,13.03,0,0,2.52,13.93,30172.35,38266.78,24.33,92.44,8.21,0.67,2.43,0.2,0.24,-99.9,-99.9,8.01,-99.9,2.94,2.84,1.2,32.88,0,0,979
"2026-02-06 17:02:00",1538,6.11,13.03,0,0,2.45,13.9,30250.58,38392.05,24.42,91.86,8.16,0.48,1.67,0.18,0.22,-99.9,-99.9,8,-99.9,2.94,2.54,1.2,32.88,0,0,980
"2026-02-06 17:17:00",1539,6.12,13.02,0,0,2.38,13.77,30396.83,38693.51,24.63,90.68,8.06,0.58,2.05,0.21,0.25,-99.9,-99.9,7.99,-99.9,2.95,3.13,1.2,36.11,0,0,981
"2026-02-06 17:32:00",1540,6.11,13.03,0,0,2.3,13.77,30398.19,38694.91,24.63,90.32,8.03,0.6,2.15,0.21,0.25,-99.9,-99.9,7.98,-99.9,2.83,2.98,1.2,36.11,0,0,982
"2026-02-06 17:47:00",1541,6.12,13.03,0,0,2.23,13.8,30360.29,38625.79,24.58,89.56,7.96,0.46,1.6,0.16,0.2,-99.9,-99.9,7.98,-99.9,2.93,2.4,1.2,32.24,0,0,983
"2026-02-06 18:02:00",1542,6.12,13.03,0,0,2.15,13.89,30270.43,38419.58,24.44,90.35,8.02,0.47,1.62,0.18,0.22,-99.9,-99.9,7.99,-99.9,2.97,2.01,1.2,32.24,0,0,984
"2026-02-06 18:17:00",1543,6.12,13.02,0,0,2.06,14.27,29790.47,37471.27,23.78,101.75,9,1.41,5.4,0.3,0.34,-99.9,-99.9,8.09,-99.9,3.02,2.53,1.2,35.08,0,0,985
"2026-02-06 18:32:00",1544,6.11,13.03,0,0,2,14.42,29736.53,37264.01,23.64,105.1,9.28,2.18,8.45,0.39,0.43,-99.9,-99.9,8.12,-99.9,2.95,2.68,1.2,35.08,0,0,986
"2026-02-06 18:47:00",1545,6.11,13.03,0,0,1.9,14.38,29712.43,37269.29,23.64,104.59,9.24,1.9,7.33,0.38,0.42,-99.9,-99.9,8.11,-99.9,3,2.82,1.19,32.74,0,0,987
"2026-02-06 19:02:00",1546,6.11,13.02,0,0,1.85,14.38,29694.62,37248.36,23.63,102.91,9.09,2.01,7.79,0.38,0.41,-99.9,-99.9,8.1,-99.9,3.04,2.49,1.19,32.74,0,0,988
"2026-02-06 19:17:00",1547,6.12,13.03,0,0,1.78,14.38,29713.57,37270.26,23.65,102.18,9.03,1.68,6.48,0.31,0.35,-99.9,-99.9,8.1,-99.9,3.12,2.37,1.19,32.29,0,0,989
"2026-02-06 19:32:00",1548,6.12,13.02,0,0,1.76,14.37,29668.11,37230.31,23.62,102.35,9.05,1.93,7.45,0.36,0.4,-99.9,-99.9,8.1,-99.9,3,2.76,1.19,32.29,0,0,990
"2026-02-06 19:47:00",1549,6.12,13.03,0,0,1.72,14.33,29644.42,37231.49,23.62,101.32,8.96,1.9,7.35,0.4,0.44,-99.9,-99.9,8.09,-99.9,3.06,2.68,1.21,35.91,0,0,991
"2026-02-06 20:02:00",1550,6.11,13.03,0,0,1.67,14.12,30009.52,37879.04,24.07,96.27,8.53,0.96,3.59,0.23,0.27,-99.9,-99.9,8.05,-99.9,3.04,2.45,1.21,35.91,0,0,992
"2026-02-06 20:17:00",1551,6.11,13.03,0,0,1.66,14.19,29956.3,37748.47,23.98,95.32,8.44,0.78,2.88,0.22,0.25,-99.9,-99.9,8.04,-99.9,3.01,1.95,1.19,31.63,0,0,993
"2026-02-06 20:32:00",1552,6.11,13.03,0,0,1.65,14.12,29993.5,37858.49,24.05,95.15,8.43,0.81,2.99,0.21,0.25,-99.9,-99.9,8.04,-99.9,2.96,2.21,1.19,31.63,0,0,994
"2026-02-06 20:47:00",1553,6.12,13.03,0,0,1.63,14.26,29926.6,37651.99,23.91,94.85,8.39,0.63,2.26,0.19,0.22,-99.9,-99.9,8.03,-99.9,3,2.12,1.19,31.73,0,0,995
"2026-02-06 21:02:00",1554,6.11,13.03,0,0,1.63,14.1,30025.91,37917.1,24.09,93.78,8.31,0.68,2.47,0.22,0.25,-99.9,-99.9,8.02,-99.9,3.01,2.91,1.19,31.73,0,0,996
"2026-02-06 21:17:00",1555,6.12,13.02,0,0,1.64,14.15,29966.85,37803.63,24.01,94.17,8.34,0.72,2.62,0.21,0.24,-99.9,-99.9,8.02,-99.9,3.03,2.25,1.2,35.45,0,0,997
"2026-02-06 21:32:00",1556,6.12,13.02,0,0,1.67,14.14,29980.71,37824.89,24.03,93.34,8.27,0.62,2.23,0.19,0.22,-99.9,-99.9,8.02,-99.9,3.01,2.35,1.2,35.45,0,0,998
"2026-02-06 21:47:00",1557,6.12,13.03,0,0,1.72,14.16,29689.25,37443.62,23.76,97.13,8.61,1.17,4.42,0.27,0.3,-99.9,-99.9,8.06,-99.9,3.1,2.03,1.21,32.08,0,0,999
"2026-02-06 22:02:00",1558,6.12,13.03,0,0,1.75,14.12,29704.52,37498.77,23.8,96.31,8.55,0.97,3.62,0.24,0.28,-99.9,-99.9,8.05,-99.9,3.04,1.91,1.21,32.08,0,0,1000
"2026-02-06 22:17:00",1559,6.11,13.03,0,0,1.8,14.07,30043.88,37966.52,24.13,93,8.24,0.75,2.76,0.22,0.25,-99.9,-99.9,8.01,-99.9,2.92,2.88,1.21,32.34,0,0,1001
"2026-02-06 22:32:00",1560,6.12,13.02,0,0,1.85,14.14,29897.3,37722.46,23.96,90.93,8.06,0.7,2.53,0.19,0.22,-99.9,-99.9,8.02,-99.9,2.93,2.37,1.21,32.34,0,0,1002
"2026-02-06 22:47:00",1561,6.12,13.03,0,0,1.93,14.12,29842.6,37669.79,23.92,90.93,8.06,0.7,2.56,0.22,0.26,-99.9,-99.9,8.03,-99.9,3.02,1.81,1.2,31.66,0,0,1003
"2026-02-06 23:02:00",1562,6.12,13.02,0,0,1.99,14.1,29973.32,37851.74,24.05,92.45,8.19,0.76,2.8,0.22,0.26,-99.9,-99.9,8.01,-99.9,3,2.35,1.2,31.66,0,0,1004
"2026-02-06 23:17:00",1563,6.12,13.03,0,0,2.08,14.08,29729.51,37563.4,23.85,93.86,8.33,0.96,3.6,0.24,0.28,-99.9,-99.9,8.04,-99.9,2.98,1.78,1.19,32.15,0,0,1005
"2026-02-06 23:32:00",1564,6.11,13.03,0,0,2.18,14.05,29685.01,37531.06,23.82,95.19,8.46,1.19,4.5,0.28,0.32,-99.9,-99.9,8.05,-99.9,3.13,1.74,1.19,32.15,0,0,1006
"2026-02-06 23:47:00",1565,6.11,13.02,0,0,2.24,14.12,29571.86,37330.21,23.68,97.8,8.69,1.59,6.12,0.33,0.37,-99.9,-99.9,8.07,-99.9,3.06,2.56,1.19,32.16,0,0,1007
"2026-02-07 00:02:00",1566,6.12,13.02,0,0,2.34,13.98,29434.3,37279.98,23.65,99.63,8.87,1.53,5.85,0.32,0.36,-99.9,-99.9,8.09,-99.9,3.14,2.54,1.19,32.16,0,0,1008
"2026-02-07 00:17:00",1567,6.12,13.03,0,0,2.42,13.97,29436.23,37296.01,23.66,98.95,8.82,1.52,5.82,0.28,0.32,-99.9,-99.9,8.08,-99.9,3.21,2.63,1.2,34.98,0,0,1009
"2026-02-07 00:32:00",1568,6.12,13.02,0,0,2.5,13.94,29441.63,37323.4,23.67,99.72,8.89,1.49,5.7,0.34,0.37,-99.9,-99.9,8.09,-99.9,3.12,2.44,1.2,34.98,0,0,1010
"2026-02-07 00:47:00",1569,6.12,13.02,0,0,2.59,13.96,29425.06,37283.45,23.65,100,8.91,1.51,5.77,0.3,0.33,-99.9,-99.9,8.09,-99.9,3.13,2.58,1.2,32.36,0,0,1011
"2026-02-07 01:02:00",1570,6.12,13.02,0,0,2.67,13.98,29409.58,37252.67,23.63,99.99,8.91,1.6,6.14,0.32,0.36,-99.9,-99.9,8.09,-99.9,3.15,2.62,1.2,32.36,0,0,1012
"2026-02-07 01:17:00",1571,6.12,13.03,0,0,2.74,14.01,29411.2,37226.1,23.61,100.63,8.96,1.53,5.86,0.34,0.37,-99.9,-99.9,8.1,-99.9,3.11,2.63,1.2,32.2,0,0,1013
"2026-02-07 01:32:00",1572,6.11,13.02,0,0,2.82,14.03,29415.69,37211.13,23.6,100.56,8.95,1.74,6.7,0.3,0.34,-99.9,-99.9,8.1,-99.9,3.14,2.62,1.2,32.2,0,0,1014
"2026-02-07 01:47:00",1573,6.12,13.02,0,0,2.9,14.01,29386.83,37190.79,23.58,100.17,8.92,1.61,6.2,0.3,0.34,-99.9,-99.9,8.09,-99.9,3.1,2.62,1.19,32.57,0,0,1015
"2026-02-07 02:02:00",1574,6.11,13.02,0,0,2.96,13.99,29361,37179.05,23.57,99.65,8.88,1.62,6.22,0.32,0.36,-99.9,-99.9,8.09,-99.9,3.11,2.58,1.19,32.57,0,0,1016
"2026-02-07 02:17:00",1575,6.12,13.02,0,0,3.03,13.97,29330.49,37161.02,23.56,98.65,8.79,1.52,5.8,0.3,0.34,-99.9,-99.9,8.08,-99.9,3.12,2.66,1.19,32.27,0,0,1017
"2026-02-07 02:32:00",1576,6.12,13.02,0,0,3.07,13.92,29271.01,37131.29,23.54,98,8.75,1.37,5.23,0.3,0.34,-99.9,-99.9,8.08,-99.9,3.16,2.84,1.19,32.27,0,0,1018
"2026-02-07 02:47:00",1577,6.12,13.02,0,0,3.11,13.91,29281.28,37147.91,23.55,96.59,8.62,1.25,4.73,0.27,0.31,-99.9,-99.9,8.08,-99.9,3.22,2.78,1.19,32.22,0,0,1019
"2026-02-07 03:02:00",1578,6.11,13.02,0,0,3.15,13.93,29437,37331.22,23.68,96.74,8.62,1.1,4.16,0.24,0.27,-99.9,-99.9,8.07,-99.9,3.16,3.02,1.19,32.22,0,0,1020
"2026-02-07 03:17:00",1579,6.12,13.02,0,0,3.13,13.84,30203.62,38387.58,24.42,91.49,8.13,0.72,2.6,0.23,0.27,-99.9,-99.9,8,-99.9,2.99,3.24,1.2,31.89,0,0,1021
"2026-02-07 03:32:00",1580,6.12,13.02,0,0,3.16,13.82,30268.51,38490.02,24.49,90.17,8.02,0.66,2.4,0.24,0.28,-99.9,-99.9,7.99,-99.9,2.87,2.75,1.2,31.89,0,0,1022
"2026-02-07 03:47:00",1581,6.12,13.02,0,0,3.14,13.83,30241.12,38446.22,24.46,90.37,8.03,0.73,2.65,0.23,0.27,-99.9,-99.9,7.99,-99.9,2.89,2.91,1.2,35.37,0,0,1023
"2026-02-07 04:02:00",1582,6.12,13.02,0,0,3.13,13.84,30215.61,38397.07,24.42,90.61,8.06,0.72,2.64,0.23,0.27,-99.9,-99.9,8,-99.9,2.82,2.66,1.2,35.37,0,0,1024
"2026-02-07 04:17:00",1583,6.11,13.02,0,0,3.08,13.85,30214.14,38387.42,24.42,91.07,8.1,1.03,3.85,0.28,0.32,-99.9,-99.9,8,-99.9,2.92,3.02,1.2,33.44,0,0,1025
"2026-02-07 04:32:00",1584,6.11,13.02,0,0,3.05,13.86,30167.32,38323.19,24.37,89.76,7.98,0.75,2.75,0.21,0.25,-99.9,-99.9,8,-99.9,2.92,2.48,1.2,33.44,0,0,1026
"2026-02-07 04:47:00",1585,6.12,13.02,0,0,2.97,13.86,30199.91,38365.88,24.4,90.37,8.03,0.79,2.9,0.25,0.28,-99.9,-99.9,8,-99.9,2.95,2.87,1.21,34.9,0,0,1027
"2026-02-07 05:02:00",1586,6.12,13.02,0,0,2.92,13.86,30159.71,38314,24.37,88.83,7.9,0.59,2.12,0.2,0.24,-99.9,-99.9,8,-99.9,2.95,2.42,1.21,34.9,0,0,1028
"2026-02-07 05:17:00",1587,6.12,13.02,0,0,2.82,13.84,30209.66,38390.25,24.42,89.3,7.94,0.54,1.9,0.2,0.24,-99.9,-99.9,7.99,-99.9,3.04,2.41,1.2,32.21,0,0,1029
"2026-02-07 05:32:00",1588,6.11,13.02,0,0,2.77,13.83,30247.37,38450.85,24.46,88.22,7.84,0.48,1.68,0.2,0.24,-99.9,-99.9,7.98,-99.9,2.89,2.04,1.2,32.21,0,0,1030
"2026-02-07 05:47:00",1589,6.11,13.02,0,0,2.67,13.83,30248.46,38451.14,24.46,88.72,7.89,0.51,1.77,0.21,0.25,-99.9,-99.9,7.98,-99.9,3.01,2.6,1.19,32.14,0,0,1031
"2026-02-07 06:02:00",1590,6.12,13.02,0,0,2.59,13.82,30261.62,38475.08,24.48,84.36,7.5,0.42,1.42,0.19,0.23,-99.9,-99.9,7.98,-99.9,2.97,2.35,1.19,32.14,0,0,1032
"2026-02-07 06:17:00",1591,6.11,13.03,0,0,2.51,13.97,29419.02,37273.24,23.64,88.4,7.88,1.31,4.98,0.3,0.34,-99.9,-99.9,8.07,-99.9,3.11,2.23,1.19,32.3,0,0,1033
"2026-02-07 06:32:00",1592,6.11,13.01,0,0,2.4,13.97,29744.85,37686.26,23.93,92.67,8.24,0.79,2.91,0.22,0.26,-99.9,-99.9,8.02,-99.9,3.07,2.15,1.19,32.3,0,0,1034
"2026-02-07 06:47:00",1593,6.12,13.02,0,0,2.32,13.93,29801.64,37792.34,24,92.74,8.25,0.96,3.59,0.24,0.28,-99.9,-99.9,8.03,-99.9,3.05,2.62,1.2,32.11,0,0,1035
"2026-02-07 07:02:00",1594,6.12,13.02,0,0,2.23,13.96,29397.59,37252.56,23.63,93.06,8.29,1.27,4.84,0.28,0.32,-99.9,-99.9,8.06,-99.9,3.09,2.33,1.2,32.11,0,0,1036
"2026-02-07 07:17:00",1595,6.12,13.02,0,0,2.13,13.98,29584.6,37475.53,23.78,93.37,8.31,1.3,4.93,0.28,0.31,-99.9,-99.9,8.05,-99.9,3.04,2.34,1.2,32.75,0,0,1037
"2026-02-07 07:32:00",1596,6.12,13.02,0,0,2.06,13.98,29717.11,37643.35,23.9,93.71,8.34,0.82,3.03,0.2,0.24,-99.9,-99.9,8.02,-99.9,3.12,2.34,1.2,32.75,0,0,1038
"2026-02-07 07:47:00",1597,6.12,13.02,0,0,1.99,13.93,29877.49,37886.21,24.07,92.1,8.19,0.74,2.69,0.21,0.24,-99.9,-99.9,8.01,-99.9,3.03,2.52,1.21,32.05,0,0,1039
"2026-02-07 08:02:00",1598,6.12,13.02,0,0,1.93,13.94,29835.67,37822.1,24.02,93.28,8.3,0.73,2.67,0.22,0.26,-99.9,-99.9,8.02,-99.9,3.08,2.31,1.21,32.05,0,0,1040
"2026-02-07 08:17:00",1599,6.12,13.02,0,0,1.86,13.94,29826.86,37814.42,24.02,92.04,8.19,0.66,2.39,0.2,0.24,-99.9,-99.9,8.02,-99.9,3.04,2.35,1.2,31.95,0,0,1041
"2026-02-07 08:32:00",1600,6.12,13.02,0,0,1.81,14,29673.81,37567.4,23.85,93.83,8.34,1.01,3.8,0.24,0.28,-99.9,-99.9,8.04,-99.9,3.05,2.55,1.2,31.95,0,0,1042
"2026-02-07 08:47:00",1601,6.12,13.02,0,0,1.78,13.98,29745.86,37675.08,23.92,93.48,8.31,0.88,3.25,0.23,0.26,-99.9,-99.9,8.03,-99.9,2.99,2.4,1.19,32.3,0,0,1043
"2026-02-07 09:02:00",1602,6.12,13.02,0,0,1.72,13.95,29857.83,37846.6,24.04,91.75,8.16,0.55,1.95,0.19,0.23,-99.9,-99.9,8,-99.9,3.07,2.3,1.19,32.3,0,0,1044
"2026-02-07 09:17:00",1603,6.12,13.02,0,0,1.7,13.89,30109.31,38221.79,24.3,92.21,8.2,0.62,2.22,0.2,0.24,-99.9,-99.9,8.01,-99.9,2.89,3.41,1.19,31.92,0,0,1045
"2026-02-07 09:32:00",1604,6.12,13.02,0,0,1.67,13.9,30097.98,38199.68,24.29,90.66,8.06,0.55,1.95,0.2,0.23,-99.9,-99.9,8,-99.9,2.9,3.18,1.19,31.92,0,0,1046
"2026-02-07 09:47:00",1605,6.11,13.02,0,0,1.66,13.91,30034.02,38101.99,24.22,91.19,8.11,0.48,1.65,0.21,0.24,-99.9,-99.9,8,-99.9,2.98,2.67,1.2,34.55,0,0,1047
"2026-02-07 10:02:00",1606,6.12,13.02,0,0,1.67,13.89,30107.4,38215.04,24.3,90.57,8.05,0.48,1.67,0.24,0.28,-99.9,-99.9,8,-99.9,2.94,2.78,1.2,34.55,0,0,1048
"2026-02-07 10:17:00",1607,6.12,13.02,0,0,1.68,13.91,30083.47,38171.94,24.27,90.6,8.05,0.37,1.24,0.18,0.22,-99.9,-99.9,8,-99.9,2.91,2.72,1.2,32.4,0,0,1049
"2026-02-07 10:32:00",1608,6.12,13.02,0,0,1.69,13.92,30004.78,38063,24.19,89.83,7.99,0.36,1.18,0.14,0.18,-99.9,-99.9,7.99,-99.9,2.86,2.22,1.2,32.4,0,0,1050
"2026-02-07 10:47:00",1609,6.11,13.02,0,0,1.72,13.92,30133.17,38225.53,24.31,91.53,8.13,0.57,2.03,0.24,0.28,-99.9,-99.9,8,-99.9,2.94,2.89,1.19,32.45,0,0,1051
"2026-02-07 11:02:00",1610,6.12,13.02,0,0,1.73,13.91,30163.41,38268.99,24.34,92,8.17,0.48,1.68,0.18,0.22,-99.9,-99.9,8,-99.9,2.91,2.69,1.19,32.45,0,0,1052
"2026-02-07 11:17:00",1611,6.12,13.02,0,0,1.76,13.88,30222.22,38373.39,24.41,91.52,8.13,0.55,1.93,0.23,0.27,-99.9,-99.9,7.99,-99.9,2.91,3.31,1.19,32.02,0,0,1053
"2026-02-07 11:32:00",1612,6.11,13.02,0,0,1.82,13.91,30220.95,38345.03,24.39,91.88,8.16,0.54,1.9,0.16,0.2,-99.9,-99.9,7.99,-99.9,2.84,3.39,1.19,32.02,0,0,1054
"2026-02-07 11:47:02",1613,6.12,13.02,0,0,1.85,13.93,30224.13,38325.4,24.38,92.73,8.23,0.59,2.12,0.24,0.28,-99.9,-99.9,8,-99.9,2.84,3.38,1.21,35.74,0,0,1055
"2026-02-07 12:02:00",1614,6.12,13.01,0,0,1.92,13.92,30242.93,38364.01,24.4,91.19,8.1,0.6,2.12,0.23,0.26,-99.9,-99.9,8,-99.9,2.89,3.1,1.21,35.74,0,0,1056
"2026-02-07 12:17:00",1615,6.12,13.02,0,0,1.96,13.96,30243.9,38320.88,24.37,94.19,8.36,0.55,1.93,0.2,0.23,-99.9,-99.9,8.01,-99.9,2.86,2.92,1.2,32.25,0,0,1057
"2026-02-07 12:32:00",1616,6.12,13.02,0,0,2.02,14.01,30216.12,38245.45,24.32,94.92,8.42,0.66,2.4,0.24,0.28,-99.9,-99.9,8.02,-99.9,2.95,2.73,1.2,32.25,0,0,1058
"2026-02-07 12:47:00",1617,6.12,13.02,0,0,2.08,14.09,30017.95,37918.31,24.09,94.52,8.38,0.4,1.36,0.18,0.22,-99.9,-99.9,8.01,-99.9,2.87,1.9,1.19,35.61,0,0,1059
"2026-02-07 13:02:00",1618,6.12,13.02,0,0,2.14,14.66,29917.21,37280.94,23.66,98.64,8.66,0.83,3.07,0.19,0.22,-99.9,-99.9,8.06,-99.9,2.84,1.64,1.19,35.61,0,0,1060
"2026-02-07 13:17:00",1619,6.12,13.03,0,0,2.19,14.79,30008.31,37281.74,23.66,104.8,9.18,0.91,3.4,0.25,0.29,-99.9,-99.9,8.1,-99.9,2.83,1.81,1.19,31.51,0,0,1061
"2026-02-07 13:32:00",1620,6.12,13.02,0,0,2.27,14.87,30099.38,37317.53,23.69,103.9,9.08,0.99,3.71,0.26,0.3,-99.9,-99.9,8.09,-99.9,2.86,1.87,1.19,31.51,0,0,1062
"2026-02-07 13:47:00",1621,6.12,13.03,0,0,2.31,14.93,30083.94,37247.72,23.64,105.85,9.25,1.16,4.4,0.26,0.3,-99.9,-99.9,8.1,-99.9,2.88,2.03,1.2,34.5,0,0,1063
"2026-02-07 14:02:00",1622,6.12,13.03,0,0,2.37,14.9,30036.13,37216.03,23.61,105.4,9.21,1.22,4.64,0.26,0.3,-99.9,-99.9,8.1,-99.9,2.85,2.22,1.2,34.5,0,0,1064
"2026-02-07 14:17:00",1623,6.11,13.03,0,0,2.4,14.88,30004.86,37196.38,23.6,104.96,9.18,1.28,4.88,0.27,0.31,-99.9,-99.9,8.1,-99.9,2.88,2.22,1.19,31.74,0,0,1065
"2026-02-07 14:32:00",1624,6.12,13.03,0,0,2.46,14.86,29944.25,37134,23.56,104.72,9.16,1.4,5.35,0.3,0.34,-99.9,-99.9,8.09,-99.9,2.91,2.22,1.19,31.74,0,0,1066
"2026-02-07 14:47:00",1625,6.12,13.03,0,0,2.49,14.81,29901.58,37124.28,23.55,103.79,9.09,1.41,5.4,0.29,0.33,-99.9,-99.9,8.09,-99.9,2.88,2.37,1.19,31.81,0,0,1067
"2026-02-07 15:02:00",1626,6.12,13.02,0,0,2.51,14.72,29889.47,37187.85,23.59,103.58,9.09,1.28,4.88,0.25,0.29,-99.9,-99.9,8.09,-99.9,2.99,2.5,1.19,31.81,0,0,1068
"2026-02-07 15:17:00",1627,6.12,13.03,0,0,2.57,14.72,29889.77,37196.13,23.6,103.99,9.13,1.18,4.48,0.27,0.3,-99.9,-99.9,8.09,-99.9,2.91,2.55,1.19,32.26,0,0,1069
"2026-02-07 15:32:00",1628,6.12,13.02,0,0,2.57,14.5,29796.84,37269.79,23.65,102.31,9.02,1.29,4.92,0.26,0.3,-99.9,-99.9,8.08,-99.9,2.91,2.61,1.19,32.26,0,0,1070
"2026-02-07 15:47:00",1629,6.12,13.02,0,0,2.59,14.51,29822.05,37294.16,23.66,102.49,9.03,1.33,5.07,0.3,0.34,-99.9,-99.9,8.09,-99.9,2.98,2.56,1.2,34.88,0,0,1071
"2026-02-07 16:02:00",1630,6.12,13.02,0,0,2.6,14.56,29864.55,37301.07,23.67,103.23,9.08,1.12,4.24,0.22,0.26,-99.9,-99.9,8.09,-99.9,2.93,2.59,1.2,34.88,0,0,1072
"2026-02-07 16:17:00",1631,6.11,13.03,0,0,2.58,14.58,29832.63,37248.14,23.63,103.77,9.13,1.24,4.68,0.26,0.3,-99.9,-99.9,8.09,-99.9,2.98,2.7,1.21,32.26,0,0,1073
"2026-02-07 16:32:00",1632,6.12,13.02,0,0,2.58,14.63,29837.94,37207.97,23.61,102.61,9.02,1.66,6.38,0.29,0.33,-99.9,-99.9,8.1,-99.9,2.93,2.88,1.21,32.26,0,0,1074
"2026-02-07 16:47:00",1633,6.12,13.02,0,0,2.56,14.7,29851.2,37158.41,23.57,105.49,9.26,1.42,5.41,0.32,0.36,-99.9,-99.9,8.11,-99.9,2.94,2.66,1.21,32.11,0,0,1075
"2026-02-07 17:02:00",1634,6.12,13.02,0,0,2.52,14.63,29855.8,37229.03,23.62,102.27,8.99,1.4,5.33,0.29,0.32,-99.9,-99.9,8.11,-99.9,2.95,2.66,1.21,32.11,0,0,1076
"2026-02-07 17:17:00",1635,6.12,13.02,0,0,2.5,14.55,29960.34,37431.68,23.76,103.01,9.06,0.98,3.67,0.23,0.27,-99.9,-99.9,8.07,-99.9,3.03,2.35,1.2,31.52,0,0,1077
"2026-02-07 17:32:00",1636,6.12,13.03,0,0,2.43,14.31,30103.04,37830.67,24.04,102.77,9.07,0.95,3.55,0.23,0.26,-99.9,-99.9,8.07,-99.9,2.86,2.53,1.2,31.52,0,0,1078
"2026-02-07 17:47:00",1637,6.12,13.02,0,0,2.38,14.27,30137.95,37909.38,24.09,100.45,8.87,1.2,4.55,0.27,0.31,-99.9,-99.9,8.07,-99.9,3,3.11,1.19,31.87,0,0,1079
"2026-02-07 18:02:00",1638,6.12,13.02,0,0,2.34,14.38,30057.04,37707.81,23.95,100.88,8.9,1.3,4.96,0.28,0.32,-99.9,-99.9,8.08,-99.9,2.9,2.67,1.19,31.87,0,0,1080
"2026-02-07 18:17:00",1639,6.12,13.02,0,0,2.28,14.47,29998.73,37554.07,23.84,101.8,8.97,1.29,4.92,0.25,0.29,-99.9,-99.9,8.09,-99.9,2.91,2.7,1.2,35.77,0,0,1081
"2026-02-07 18:32:00",1640,6.11,13.02,0,0,2.22,14.49,29972.96,37503.56,23.81,103.01,9.07,1.28,4.85,0.25,0.29,-99.9,-99.9,8.09,-99.9,2.93,2.9,1.2,35.77,0,0,1082
"2026-02-07 18:47:00",1641,6.12,13.02,0,0,2.19,14.49,29967.91,37494.47,23.8,101.79,8.96,1.3,4.94,0.25,0.29,-99.9,-99.9,8.08,-99.9,3,2.49,1.19,31.86,0,0,1083
"2026-02-07 19:02:00",1642,6.12,13.02,0,0,2.13,14.64,29860.38,37225.54,23.62,103.57,9.1,1.77,6.82,0.31,0.35,-99.9,-99.9,8.1,-99.9,2.96,2.51,1.19,31.86,0,0,1084
"2026-02-07 19:17:00",1643,6.12,13.02,0,0,2.05,14.67,29840.3,37176.4,23.58,103.81,9.12,1.6,6.12,0.31,0.35,-99.9,-99.9,8.1,-99.9,2.86,2.29,1.19,32.32,0,0,1085
"2026-02-07 19:32:00",1644,6.12,13.02,0,0,2.02,14.56,29937.24,37393.98,23.73,101.14,8.9,0.86,3.18,0.2,0.23,-99.9,-99.9,8.07,-99.9,3.02,2.23,1.19,32.32,0,0,1086
"2026-02-07 19:47:00",1645,6.12,13.02,0,0,1.95,14.58,29862.82,37279.96,23.66,98.76,8.69,0.77,2.82,0.19,0.23,-99.9,-99.9,8.06,-99.9,3.01,1.95,1.2,32.39,0,0,1087
"2026-02-07 20:02:00",1646,6.12,13.03,0,0,1.92,14.56,29854.47,37291.54,23.66,98.76,8.69,0.77,2.8,0.21,0.25,-99.9,-99.9,8.06,-99.9,3.07,1.88,1.2,32.39,0,0,1088
"2026-02-07 20:17:00",1647,6.11,13.02,0,0,1.89,14.55,29828.72,37266.71,23.65,96.6,8.5,0.76,2.8,0.2,0.24,-99.9,-99.9,8.06,-99.9,3,1.87,1.2,31.93,0,0,1089
"2026-02-07 20:32:00",1648,6.12,13.02,0,0,1.88,14.42,30040.1,37649.79,23.91,98.12,8.65,0.67,2.4,0.22,0.26,-99.9,-99.9,8.04,-99.9,2.92,1.83,1.2,31.93,0,0,1090
"2026-02-07 20:47:00",1649,6.12,13.03,0,0,1.84,14.38,30042.95,37689.77,23.94,96.57,8.52,0.55,1.95,0.21,0.25,-99.9,-99.9,8.04,-99.9,2.99,1.78,1.2,32.08,0,0,1091
"2026-02-07 21:02:00",1650,6.11,13.02,0,0,1.83,14.37,30024.4,37670.27,23.92,95.75,8.45,0.58,2.06,0.16,0.2,-99.9,-99.9,8.04,-99.9,3.02,1.87,1.2,32.08,0,0,1092
"2026-02-07 21:17:00",1651,6.12,13.02,0,0,1.84,14.26,30060.22,37816.15,24.03,93.37,8.25,0.53,1.87,0.18,0.22,-99.9,-99.9,8.02,-99.9,3.07,1.77,1.21,32.34,0,0,1093
"2026-02-07 21:32:00",1652,6.12,13.03,0,0,1.83,14.16,30114.61,37981.82,24.14,95.18,8.42,0.9,3.33,0.19,0.23,-99.9,-99.9,8.03,-99.9,2.89,2.55,1.21,32.34,0,0,1094
"2026-02-07 21:47:00",1653,6.12,13.02,0,0,1.83,14.45,29972.04,37537.01,23.83,94.83,8.36,0.44,1.51,0.19,0.22,-99.9,-99.9,8.03,-99.9,3.09,1.62,1.21,31.79,0,0,1095
"2026-02-07 22:02:00",1654,6.12,13.02,0,0,1.86,14.2,30099.8,37920.56,24.1,93.81,8.3,0.42,1.44,0.15,0.19,-99.9,-99.9,8.01,-99.9,3.01,1.91,1.21,31.79,0,0,1096
"2026-02-07 22:17:00",1655,6.12,13.02,0,0,1.88,14.32,29936.03,37606.57,23.88,89.65,7.92,0.27,0.81,0.16,0.2,-99.9,-99.9,8,-99.9,3.04,1.45,1.21,32.05,0,0,1097
"2026-02-07 22:32:00",1656,6.12,13.02,0,0,1.91,14.31,29930.3,37608.33,23.88,85.01,7.51,0.3,0.95,0.12,0.16,-99.9,-99.9,7.99,-99.9,2.98,1.81,1.21,32.05,0,0,1098
"2026-02-07 22:47:00",1657,6.12,13.02,0,0,1.96,14.19,30049.16,37864.71,24.06,88.95,7.87,0.32,1.02,0.16,0.19,-99.9,-99.9,7.99,-99.9,2.93,1.85,1.2,31.74,0,0,1099
"2026-02-07 23:02:00",1658,6.12,13.02,0,0,2,14.18,30151.26,38005.24,24.16,90.73,8.02,0.63,2.27,0.21,0.25,-99.9,-99.9,8,-99.9,3.06,1.73,1.2,31.74,0,0,1100
"2026-02-07 23:17:00",1659,6.12,13.02,0,0,2.06,14.21,30072.31,37880.65,24.07,90.77,8.03,0.41,1.4,0.17,0.2,-99.9,-99.9,8,-99.9,3.03,1.91,1.19,32.35,0,0,1101
"2026-02-07 23:32:00",1660,6.11,13.02,0,0,2.1,14.17,30103.15,37951.34,24.12,92.24,8.16,0.45,1.55,0.17,0.2,-99.9,-99.9,8.01,-99.9,3.06,1.71,1.19,32.35,0,0,1102
"2026-02-07 23:47:00",1661,6.12,13.02,0,0,2.17,14.26,29946.05,37678.83,23.93,90.82,8.03,0.52,1.84,0.18,0.22,-99.9,-99.9,8.02,-99.9,2.91,1.53,1.19,32.01,0,0,1103
"2026-02-08 00:02:00",1662,6.12,13.02,0,0,2.23,14.19,30083.59,37911.67,24.09,92.3,8.16,0.55,1.94,0.17,0.21,-99.9,-99.9,8.01,-99.9,3.1,1.77,1.19,32.01,0,0,1104
"2026-02-08 00:17:00",1663,6.12,13.02,0,0,2.29,14.1,30002.82,37893.99,24.08,91.64,8.12,0.39,1.3,0.16,0.2,-99.9,-99.9,8,-99.9,3.04,1.49,1.2,35.13,0,0,1105
"2026-02-08 00:32:00",1664,6.11,13.02,0,0,2.36,14.31,29879.94,37548.93,23.84,84.6,7.48,0.41,1.37,0.17,0.21,-99.9,-99.9,8.02,-99.9,3.03,1.24,1.2,35.13,0,0,1106
"2026-02-08 00:47:00",1665,6.12,13.03,0,0,2.44,14.22,29454.28,37093.57,23.52,97.52,8.65,1.27,4.82,0.28,0.31,-99.9,-99.9,8.07,-99.9,2.97,1.89,1.2,33.04,0,0,1107
"2026-02-08 01:02:00",1666,6.12,13.02,0,0,2.51,14.27,29574.26,37197.84,23.59,95.15,8.43,0.88,3.24,0.22,0.26,-99.9,-99.9,8.03,-99.9,3.13,1.73,1.2,33.04,0,0,1108
"2026-02-08 01:17:00",1667,6.12,13.02,0,0,2.59,14.23,29779.63,37490.81,23.8,97.33,8.62,1.28,4.86,0.27,0.31,-99.9,-99.9,8.05,-99.9,3.06,2.3,1.2,35.74,0,0,1109
"2026-02-08 01:32:00",1668,6.12,13.02,0,0,2.66,14.21,29553.8,37222.08,23.61,97.61,8.65,1.4,5.34,0.29,0.33,-99.9,-99.9,8.06,-99.9,3.1,2.07,1.2,35.74,0,0,1110
"2026-02-08 01:47:00",1669,6.12,13.02,0,0,2.72,14.19,29433.45,37092,23.52,97.94,8.69,1.72,6.62,0.31,0.35,-99.9,-99.9,8.06,-99.9,3.08,2.05,1.2,32.89,0,0,1111
"2026-02-08 02:02:00",1670,6.12,13.02,0,0,2.78,14.22,29525.8,37184.24,23.58,99.59,8.83,1.77,6.83,0.36,0.39,-99.9,-99.9,8.07,-99.9,3.06,2.32,1.2,32.89,0,0,1112
"2026-02-08 02:17:00",1671,6.12,13.02,0,0,2.84,14.23,29466.22,37100.42,23.52,100.5,8.91,1.9,7.34,0.36,0.4,-99.9,-99.9,8.09,-99.9,3.09,2.38,1.19,32.85,0,0,1113
"2026-02-08 02:32:00",1672,6.12,13.02,0,0,2.9,14.26,29488.64,37102.1,23.53,101.67,9.01,2.1,8.14,0.36,0.4,-99.9,-99.9,8.09,-99.9,3.04,2.49,1.19,32.85,0,0,1114
"2026-02-08 02:47:00",1673,6.12,13.02,0,0,2.96,14.26,29586.65,37225.46,23.61,100.59,8.91,2.04,7.89,0.37,0.41,-99.9,-99.9,8.08,-99.9,3.1,2.45,1.21,35.64,0,0,1115
"2026-02-08 03:02:00",1674,6.12,13.02,0,0,2.98,14.24,29557.45,37206.33,23.6,99.9,8.85,1.9,7.34,0.34,0.38,-99.9,-99.9,8.08,-99.9,3.12,2.38,1.21,35.64,0,0,1116
"2026-02-08 03:17:00",1675,6.12,13.02,0,0,3.01,14.1,29667.37,37468.45,23.78,97.1,8.62,1.14,4.3,0.27,0.31,-99.9,-99.9,8.05,-99.9,3.05,2.67,1.2,32.21,0,0,1117
"2026-02-08 03:32:00",1676,6.12,13.02,0,0,3.03,14.15,29719.85,37488.14,23.79,95.5,8.47,1.31,4.99,0.3,0.33,-99.9,-99.9,8.05,-99.9,2.93,2.69,1.2,32.21,0,0,1118
"2026-02-08 03:47:00",1677,6.12,13.02,0,0,3.06,14.12,29746.96,37546.33,23.83,96.15,8.53,1.29,4.89,0.27,0.31,-99.9,-99.9,8.05,-99.9,3.01,3.01,1.19,32.24,0,0,1119
"2026-02-08 04:02:00",1678,6.12,13.02,0,0,3.05,14.13,29785.18,37592.81,23.87,95.39,8.46,1.16,4.4,0.3,0.33,-99.9,-99.9,8.04,-99.9,3.09,2.99,1.19,32.24,0,0,1120
"2026-02-08 04:17:00",1679,6.12,13.02,0,0,3.07,14.03,30086.06,38058.27,24.19,92.24,8.18,0.9,3.34,0.24,0.28,-99.9,-99.9,8,-99.9,2.99,3.23,1.2,32.28,0,0,1121
"2026-02-08 04:32:00",1680,6.12,13.02,0,0,3.03,13.97,30169.38,38219.93,24.3,90.68,8.05,0.89,3.31,0.27,0.31,-99.9,-99.9,8,-99.9,2.93,2.58,1.2,32.28,0,0,1122
"2026-02-08 04:47:00",1681,6.12,13.02,0,0,3.02,13.98,30162.94,38206.38,24.29,90.85,8.06,0.86,3.2,0.26,0.29,-99.9,-99.9,8,-99.9,2.87,2.72,1.21,35.16,0,0,1123
"2026-02-08 05:02:00",1682,6.12,13.02,0,0,2.99,14.02,30098.58,38086.6,24.21,90.82,8.06,0.92,3.44,0.26,0.3,-99.9,-99.9,8,-99.9,3.01,2.8,1.21,35.16,0,0,1124
"2026-02-08 05:17:00",1683,6.12,13.02,0,0,2.93,14.04,30063.49,38020.49,24.16,93,8.25,0.96,3.57,0.28,0.31,-99.9,-99.9,8.02,-99.9,3,2.82,1.2,32.38,0,0,1125
"2026-02-08 05:32:00",1684,6.12,13.02,0,0,2.88,14.03,30096.38,38072.22,24.2,91.01,8.07,0.98,3.68,0.25,0.29,-99.9,-99.9,8.01,-99.9,3.01,2.89,1.2,32.38,0,0,1126
"2026-02-08 05:47:00",1685,6.12,13.01,0,0,2.84,14.02,30114.61,38102.38,24.22,91.04,8.07,0.98,3.68,0.25,0.28,-99.9,-99.9,8,-99.9,2.91,2.93,1.19,32.05,0,0,1127
"2026-02-08 06:02:00",1686,6.12,13.02,0,0,2.76,13.99,30147.57,38178.94,24.27,89.51,7.94,0.8,2.95,0.22,0.26,-99.9,-99.9,7.99,-99.9,3,2.81,1.19,32.05,0,0,1128
"2026-02-08 06:17:00",1687,6.12,13.02,0,0,2.72,13.96,30216.4,38290.95,24.35,90.34,8.02,0.83,3.08,0.26,0.29,-99.9,-99.9,7.99,-99.9,2.87,2.9,1.2,34.75,0,0,1129
"2026-02-08 06:32:00",1688,6.12,13.02,0,0,2.61,13.96,30215.36,38285.8,24.35,89.28,7.92,0.76,2.79,0.25,0.28,-99.9,-99.9,7.98,-99.9,2.94,2.67,1.2,34.75,0,0,1130
"2026-02-08 06:47:00",1689,6.12,13.02,0,0,2.52,13.99,30163.41,38197.85,24.29,88.92,7.89,0.73,2.66,0.22,0.26,-99.9,-99.9,7.99,-99.9,2.86,2.85,1.2,32.49,0,0,1131
"2026-02-08 07:02:00",1690,6.12,13.02,0,0,2.42,14,30124.45,38132.92,24.24,77.37,6.86,0.81,2.97,0.25,0.29,-99.9,-99.9,7.98,-99.9,3.02,2.5,1.2,32.49,0,0,1132
"2026-02-08 07:17:00",1691,6.12,13.02,0,0,2.35,14,30146.09,38167.34,24.27,88.64,7.86,0.75,2.73,0.19,0.23,-99.9,-99.9,7.98,-99.9,2.92,2.94,1.19,32.2,0,0,1133
"2026-02-08 07:32:00",1692,6.11,13.02,0,0,2.28,13.98,30110.85,38141.93,24.25,88.13,7.82,0.48,1.68,0.18,0.22,-99.9,-99.9,7.97,-99.9,3.01,2.16,1.19,32.2,0,0,1134
"2026-02-08 07:47:00",1693,6.12,13.02,0,0,2.18,13.99,30072.12,38082.09,24.21,86.35,7.66,0.5,1.74,0.23,0.27,-99.9,-99.9,7.97,-99.9,3.02,1.91,1.19,31.82,0,0,1135
"2026-02-08 08:02:00",1694,6.12,13.02,0,0,2.12,13.99,30074.74,38080.1,24.21,87.02,7.72,0.46,1.59,0.18,0.21,-99.9,-99.9,7.97,-99.9,3.06,2.15,1.19,31.82,0,0,1136
"2026-02-08 08:17:00",1695,6.12,13.02,0,0,2.05,14.02,29955.74,37907.46,24.08,88.27,7.84,0.5,1.73,0.16,0.2,-99.9,-99.9,7.99,-99.9,3,1.83,1.21,35.35,0,0,1137
"2026-02-08 08:32:00",1696,6.12,13.02,0,0,1.96,14.04,29587.12,37424.81,23.75,90.16,8.02,0.59,2.11,0.19,0.23,-99.9,-99.9,8.03,-99.9,3.15,1.85,1.21,35.35,0,0,1138
"2026-02-08 08:47:00",1697,6.12,13.02,0,0,1.91,14.03,29273.46,37030.51,23.47,95.82,8.54,1.51,5.77,0.34,0.38,-99.9,-99.9,8.06,-99.9,3.05,2.15,1.2,32.71,0,0,1139
"2026-02-08 09:02:00",1698,6.12,13.02,0,0,1.83,14.04,29782.12,37663.59,23.91,91.31,8.11,0.54,1.89,0.17,0.2,-99.9,-99.9,8,-99.9,3.09,2.15,1.2,32.71,0,0,1140
"2026-02-08 09:17:00",1699,6.12,13.02,0,0,1.77,14.06,29757.72,37620.29,23.88,91.85,8.16,0.56,1.99,0.23,0.27,-99.9,-99.9,8.01,-99.9,3.08,1.6,1.2,31.96,0,0,1141
"2026-02-08 09:32:00",1700,6.12,13.02,0,0,1.73,14.04,29802.22,37689.14,23.93,91.39,8.12,0.45,1.55,0.19,0.23,-99.9,-99.9,8.01,-99.9,3.1,1.64,1.2,31.96,0,0,1142
"2026-02-08 09:47:00",1701,6.12,13.02,0,0,1.69,14.06,29761.59,37623.25,23.89,91.89,8.16,0.45,1.56,0.19,0.23,-99.9,-99.9,8.01,-99.9,3.05,1.51,1.21,35.96,0,0,1143
"2026-02-08 10:02:00",1702,6.12,13.02,0,0,1.67,14.04,29699.4,37561.64,23.84,89.97,7.99,0.25,0.73,0.17,0.21,-99.9,-99.9,7.99,-99.9,3.13,1.45,1.21,35.96,0,0,1144
"2026-02-08 10:17:00",1703,6.12,13.02,0,0,1.66,14.04,29771.94,37654.65,23.91,89.31,7.93,0.26,0.8,0.16,0.2,-99.9,-99.9,7.99,-99.9,3.05,1.61,1.19,32.44,0,0,1145
"2026-02-08 10:32:00",1704,6.11,13.02,0,0,1.63,14.04,29742.39,37614.24,23.88,85.96,7.64,0.23,0.67,0.16,0.19,-99.9,-99.9,7.98,-99.9,3.13,1.65,1.19,32.44,0,0,1146
"2026-02-08 10:47:00",1705,6.12,13.02,0,0,1.6,14.07,29682.01,37514.55,23.81,91.2,8.1,0.25,0.75,0.17,0.21,-99.9,-99.9,8,-99.9,3.06,1.55,1.2,34.69,0,0,1147
"2026-02-08 11:02:00",1706,6.12,13.01,0,0,1.6,14.06,29858.36,37749.65,23.98,90.88,8.07,0.27,0.82,0.16,0.19,-99.9,-99.9,7.99,-99.9,3.05,1.45,1.2,34.69,0,0,1148
"2026-02-08 11:17:00",1707,6.12,13.01,0,0,1.6,14.05,30001.12,37932.97,24.1,90.53,8.03,0.33,1.08,0.17,0.21,-99.9,-99.9,7.99,-99.9,3,2.01,1.19,32.96,0,0,1149
"2026-02-08 11:32:00",1708,6.12,13.02,0,0,1.63,14.07,29967.56,37873.69,24.06,89.55,7.94,0.45,1.55,0.22,0.26,-99.9,-99.9,8.01,-99.9,3,2,1.19,32.96,0,0,1150
"2026-02-08 11:47:00",1709,6.12,13.02,0,0,1.63,14.06,29982.04,37903.25,24.08,93.73,8.31,0.8,2.94,0.27,0.31,-99.9,-99.9,8.01,-99.9,2.88,2.17,1.2,32.57,0,0,1151
"2026-02-08 12:02:00",1710,6.12,13.02,0,0,1.66,14.05,29875.76,37772.85,23.99,89.35,7.93,0.26,0.78,0.14,0.18,-99.9,-99.9,7.99,-99.9,3.1,1.73,1.2,32.57,0,0,1152
"2026-02-08 12:17:00",1711,6.12,13.02,0,0,1.69,14.05,29870.27,37773.38,23.99,88.75,7.88,0.26,0.77,0.18,0.21,-99.9,-99.9,7.98,-99.9,3.05,1.67,1.21,31.93,0,0,1153
"2026-02-08 12:32:00",1712,6.12,13.02,0,0,1.71,14.05,29885.66,37790.85,24,89.18,7.92,0.27,0.81,0.16,0.2,-99.9,-99.9,7.99,-99.9,3.15,1.61,1.21,31.93,0,0,1154
"2026-02-08 12:47:00",1713,6.12,13.02,0,0,1.77,14.07,29932.04,37832.88,24.03,91.2,8.09,0.32,1.04,0.18,0.22,-99.9,-99.9,8,-99.9,2.92,1.6,1.2,32.07,0,0,1155
"2026-02-08 13:02:00",1714,6.12,13.02,0,0,1.8,14.07,29926.6,37821.54,24.03,89.88,7.97,0.28,0.88,0.19,0.23,-99.9,-99.9,7.99,-99.9,3,1.57,1.2,32.07,0,0,1156
"2026-02-08 13:17:00",1715,6.11,13.02,0,0,1.86,14.1,30046.24,37943.95,24.11,96.05,8.51,0.44,1.51,0.17,0.21,-99.9,-99.9,8.03,-99.9,2.92,2.04,1.19,32.34,0,0,1157
"2026-02-08 13:32:00",1716,6.12,13.02,0,0,1.9,14.09,29983.13,37874.28,24.06,94.31,8.36,0.35,1.14,0.18,0.21,-99.9,-99.9,8.03,-99.9,3.03,1.73,1.19,32.34,0,0,1158
"2026-02-08 13:47:00",1717,6.12,13.02,0,0,1.95,14.13,30036.77,37906.15,24.09,95.62,8.47,0.52,1.82,0.17,0.2,-99.9,-99.9,8.02,-99.9,3.02,1.89,1.2,36.04,0,0,1159
"2026-02-08 14:02:00",1718,6.12,13.02,0,0,2,14.18,30032.14,37859.56,24.05,102.95,9.11,0.54,1.9,0.19,0.23,-99.9,-99.9,8.03,-99.9,3.01,1.92,1.2,36.04,0,0,1160
"2026-02-08 14:17:00",1719,6.12,13.02,0,0,2.05,14.94,30020.89,37161.27,23.58,111.88,9.78,1.39,5.31,0.32,0.36,-99.9,-99.9,8.15,-99.9,2.85,2.02,1.19,32,0,0,1161
"2026-02-08 14:32:00",1720,6.11,13.02,0,0,2.11,15.05,30098.48,37156.3,23.57,114.81,10.01,1.86,7.19,0.33,0.37,-99.9,-99.9,8.16,-99.9,2.72,2.24,1.19,32,0,0,1162
"2026-02-08 14:47:00",1721,6.12,13.02,0,0,2.17,14.9,30059.47,37244.65,23.63,111.04,9.71,1.68,6.47,0.35,0.39,-99.9,-99.9,8.14,-99.9,2.85,2.28,1.2,31.42,0,0,1163
"2026-02-08 15:02:00",1722,6.11,13.02,0,0,2.2,15.19,30269.23,37250.53,23.64,113.32,9.85,1.68,6.47,0.35,0.39,-99.9,-99.9,8.15,-99.9,2.74,2.19,1.2,31.42,0,0,1164
"2026-02-08 15:17:00",1723,6.12,13.03,0,0,2.25,15.35,30389.06,37252.05,23.65,115.65,10.02,2.06,7.99,0.35,0.38,-99.9,-99.9,8.16,-99.9,2.73,2.2,1.2,35.84,0,0,1165
"2026-02-08 15:32:00",1724,6.12,13.02,0,0,2.28,15.41,30357.18,37164.15,23.58,115.93,10.03,1.91,7.38,0.33,0.37,-99.9,-99.9,8.17,-99.9,2.79,2.25,1.2,35.84,0,0,1166
"2026-02-08 15:47:00",1725,6.11,13.03,0,0,2.33,15.3,30301.87,37192.04,23.6,117.15,10.16,1.65,6.36,0.34,0.38,-99.9,-99.9,8.17,-99.9,2.81,2.36,1.2,32.49,0,0,1167
"2026-02-08 16:02:00",1726,6.12,13.02,0,0,2.33,14.98,30029.24,37132.94,23.56,107.27,9.37,1.25,4.74,0.29,0.33,-99.9,-99.9,8.12,-99.9,2.84,2.57,1.2,32.49,0,0,1168
"2026-02-08 16:17:00",1727,6.12,13.02,0,0,2.38,14.92,29929.7,37067.18,23.51,106.07,9.28,1.33,5.06,0.29,0.32,-99.9,-99.9,8.09,-99.9,2.94,2.64,1.2,35.52,0,0,1169
"2026-02-08 16:32:00",1728,6.12,13.03,0,0,2.4,14.88,29867.67,37025.24,23.48,105.46,9.23,1.51,5.79,0.34,0.38,-99.9,-99.9,8.09,-99.9,2.96,2.65,1.2,35.52,0,0,1170
"2026-02-08 16:47:00",1729,6.12,13.03,0,0,2.41,14.82,29819.97,37019.79,23.48,105.52,9.25,1.68,6.47,0.31,0.35,-99.9,-99.9,8.1,-99.9,2.97,2.59,1.19,32.36,0,0,1171
"2026-02-08 17:02:00",1730,6.11,13.02,0,0,2.42,14.83,29810.93,37001.23,23.46,105.63,9.26,1.76,6.77,0.34,0.38,-99.9,-99.9,8.1,-99.9,2.98,2.69,1.19,32.36,0,0,1172
"2026-02-08 17:17:00",1731,6.12,13.02,0,0,2.44,14.73,29705.06,36956.72,23.43,105.21,9.24,1.8,6.93,0.32,0.36,-99.9,-99.9,8.1,-99.9,3.02,2.77,1.19,31.89,0,0,1173
"2026-02-08 17:32:00",1732,6.12,13.03,0,0,2.45,14.7,29696.22,36969.8,23.44,105.21,9.25,1.87,7.22,0.35,0.39,-99.9,-99.9,8.1,-99.9,3.03,2.83,1.19,31.89,0,0,1174
"2026-02-08 17:47:00",1733,6.12,13.02,0,0,2.44,14.71,29712.37,36982.22,23.45,105.1,9.23,2.11,8.17,0.39,0.42,-99.9,-99.9,8.1,-99.9,3.01,2.96,1.2,35.37,0,0,1175
"2026-02-08 18:02:00",1734,6.12,13.03,0,0,2.4,14.67,29669.57,36963.45,23.43,104.9,9.22,1.91,7.39,0.39,0.42,-99.9,-99.9,8.1,-99.9,3.06,2.92,1.2,35.37,0,0,1176
"2026-02-08 18:17:00",1735,6.12,13.02,0,0,2.41,14.72,29737.71,37001.7,23.46,105.23,9.24,2.34,9.09,0.44,0.48,-99.9,-99.9,8.1,-99.9,3.01,2.81,1.19,32.47,0,0,1177
"2026-02-08 18:32:00",1736,6.12,13.02,0,0,2.38,14.7,29681.53,36951.91,23.43,104.89,9.22,2.03,7.85,0.37,0.41,-99.9,-99.9,8.1,-99.9,3.06,2.79,1.19,32.47,0,0,1178
"2026-02-08 18:47:00",1737,6.12,13.03,0,0,2.34,14.71,29683.16,36945.71,23.42,104.64,9.19,2.2,8.53,0.41,0.45,-99.9,-99.9,8.09,-99.9,3.06,2.74,1.19,32.21,0,0,1179
"2026-02-08 19:02:00",1738,6.12,13.02,0,0,2.31,14.7,29667.24,36936,23.42,104.38,9.17,2.23,8.68,0.42,0.45,-99.9,-99.9,8.1,-99.9,3.09,2.79,1.19,32.21,0,0,1180
"2026-02-08 19:17:00",1739,6.12,13.02,0,0,2.31,14.68,29643.33,36917.13,23.4,104.28,9.17,2.22,8.62,0.38,0.41,-99.9,-99.9,8.1,-99.9,3.01,2.72,1.21,34.9,0,0,1181
"2026-02-08 19:32:00",1740,6.12,13.03,0,0,2.23,14.8,29969.34,37224.2,23.62,106.19,9.3,1.72,6.62,0.34,0.38,-99.9,-99.9,8.12,-99.9,2.95,2.98,1.21,34.9,0,0,1182
"2026-02-08 19:47:00",1741,6.12,13.02,0,0,2.19,14.67,29678.99,36973.09,23.44,104.24,9.17,1.9,7.36,0.35,0.39,-99.9,-99.9,8.1,-99.9,3.05,2.78,1.2,32.05,0,0,1183
"2026-02-08 20:02:00",1742,6.12,13.03,0,0,2.19,14.72,29768.11,37037.11,23.49,104.64,9.19,2.07,8.04,0.38,0.42,-99.9,-99.9,8.1,-99.9,3.07,2.91,1.2,32.05,0,0,1184
"2026-02-08 20:17:00",1743,6.12,13.03,0,0,2.12,14.56,29575.4,36937.7,23.42,102.73,9.05,1.92,7.44,0.36,0.4,-99.9,-99.9,8.09,-99.9,3.09,3.17,1.2,31.49,0,0,1185
"2026-02-08 20:32:00",1744,6.12,13.02,0,0,2.1,14.53,29534.23,36920.93,23.4,102.89,9.08,1.89,7.31,0.33,0.37,-99.9,-99.9,8.09,-99.9,3.05,3.18,1.2,31.49,0,0,1186
"2026-02-08 20:47:00",1745,6.12,13.03,0,0,2.09,14.52,29570.1,36969.09,23.44,103.16,9.1,1.97,7.62,0.35,0.39,-99.9,-99.9,8.09,-99.9,3.15,3.42,1.19,32.03,0,0,1187
"2026-02-08 21:02:00",1746,6.12,13.02,0,0,2.05,14.5,29523.87,36932.29,23.41,102.21,9.02,1.84,7.12,0.35,0.39,-99.9,-99.9,8.09,-99.9,3.06,3.06,1.19,32.03,0,0,1188
"2026-02-08 21:17:00",1747,6.12,13.02,0,0,2.05,14.48,29544.49,36969.83,23.44,102.72,9.07,2.15,8.35,0.42,0.46,-99.9,-99.9,8.09,-99.9,3.16,3.15,1.2,35.18,0,0,1189
"2026-02-08 21:32:00",1748,6.12,13.02,0,0,2.05,14.5,29567.84,36989.62,23.45,101.45,8.95,1.95,7.55,0.37,0.41,-99.9,-99.9,8.09,-99.9,3.06,3.27,1.2,35.18,0,0,1190
"2026-02-08 21:47:00",1749,6.12,13.02,0,0,2.02,14.48,29554.5,36981.86,23.45,102.22,9.02,1.93,7.45,0.35,0.39,-99.9,-99.9,8.09,-99.9,3.17,3.11,1.2,32.23,0,0,1191
"2026-02-08 22:02:00",1750,6.12,13.02,0,0,2.04,14.54,29636,37039.25,23.49,102.65,9.05,2.25,8.75,0.43,0.47,-99.9,-99.9,8.09,-99.9,3.05,3.18,1.2,32.23,0,0,1192
"2026-02-08 22:17:00",1751,6.11,13.02,0,0,2.05,14.47,29528.34,36961.33,23.43,101.3,8.94,1.96,7.6,0.37,0.41,-99.9,-99.9,8.08,-99.9,3.16,3.06,1.19,31.98,0,0,1193
"2026-02-08 22:32:00",1752,6.12,13.02,0,0,2.03,14.49,29607.84,37044.18,23.49,100.89,8.9,2.04,7.89,0.38,0.41,-99.9,-99.9,8.09,-99.9,3.03,3.08,1.19,31.98,0,0,1194
"2026-02-08 22:47:00",1753,6.12,13.02,0,0,2.07,14.49,29651.02,37102.38,23.53,100.61,8.88,1.73,6.65,0.32,0.36,-99.9,-99.9,8.08,-99.9,3.02,2.73,1.2,31.68,0,0,1195
"2026-02-08 23:02:00",1754,6.12,13.02,0,0,2.09,14.49,29715.41,37179.36,23.58,99.89,8.81,1.73,6.65,0.39,0.43,-99.9,-99.9,8.07,-99.9,3,2.65,1.2,31.68,0,0,1196
"2026-02-08 23:17:00",1755,6.12,13.02,0,0,2.09,14.46,29689.71,37169.02,23.58,97.83,8.63,1.21,4.58,0.29,0.32,-99.9,-99.9,8.05,-99.9,3.06,3.14,1.21,35.65,0,0,1197
"2026-02-08 23:32:00",1756,6.12,13.02,0,0,2.12,14.46,29574.46,37030.79,23.48,100.26,8.85,1.74,6.71,0.35,0.38,-99.9,-99.9,8.08,-99.9,3.11,2.87,1.21,35.65,0,0,1198
"2026-02-08 23:47:00",1757,6.12,13.02,0,0,2.17,14.46,29659.17,37133.95,23.55,100.33,8.85,1.66,6.39,0.36,0.4,-99.9,-99.9,8.08,-99.9,3.11,2.89,1.2,32.75,0,0,1199
"2026-02-09 00:02:00",1758,6.12,13.02,0,0,2.18,14.43,29805.67,37343.56,23.7,99.34,8.76,1.13,4.28,0.3,0.33,-99.9,-99.9,8.05,-99.9,3.07,3.02,1.2,32.75,0,0,1200
"2026-02-09 00:17:00",1759,6.12,13.03,0,0,2.26,14.4,29734.76,37284.13,23.66,100,8.83,1.52,5.82,0.31,0.35,-99.9,-99.9,8.06,-99.9,3.13,2.98,1.2,32.67,0,0,1201
"2026-02-09 00:32:00",1760,6.12,13.02,0,0,2.31,14.37,29866.96,37476.53,23.79,98.5,8.7,1.37,5.21,0.3,0.34,-99.9,-99.9,8.06,-99.9,2.94,3.25,1.2,32.67,0,0,1202
"2026-02-09 00:47:00",1761,6.12,13.02,0,0,2.36,14.4,29708.89,37247.06,23.63,98.82,8.73,1.41,5.39,0.31,0.34,-99.9,-99.9,8.06,-99.9,3.14,2.79,1.21,32.26,0,0,1203
"2026-02-09 01:02:00",1762,6.12,13.02,0,0,2.4,14.42,29625.26,37131.4,23.55,97.76,8.64,1.27,4.84,0.28,0.32,-99.9,-99.9,8.06,-99.9,3.12,2.78,1.21,32.26,0,0,1204
"2026-02-09 01:17:00",1763,6.12,13.02,0,0,2.46,14.34,29562.91,37119.95,23.54,99.2,8.78,1.6,6.16,0.31,0.35,-99.9,-99.9,8.06,-99.9,3.18,2.77,1.2,32.21,0,0,1205
"2026-02-09 01:32:00",1764,6.12,13.02,0,0,2.53,14.34,29522.52,37071.22,23.51,98.77,8.74,1.62,6.21,0.31,0.35,-99.9,-99.9,8.07,-99.9,3.13,2.81,1.2,32.21,0,0,1206
"2026-02-09 01:47:00",1765,6.12,13.02,0,0,2.58,14.35,29516.24,37056.27,23.49,99.07,8.77,1.48,5.66,0.31,0.35,-99.9,-99.9,8.06,-99.9,3.18,2.63,1.19,32.69,0,0,1207
"2026-02-09 02:02:00",1766,6.12,13.03,0,0,2.64,14.34,29497.75,37036.89,23.48,98.62,8.73,1.38,5.27,0.32,0.36,-99.9,-99.9,8.07,-99.9,3.13,2.71,1.19,32.69,0,0,1208
"2026-02-09 02:17:00",1767,6.12,13.02,0,0,2.69,14.34,29470.82,37003.41,23.46,100.25,8.87,1.64,6.3,0.35,0.39,-99.9,-99.9,8.07,-99.9,3.16,2.6,1.19,32.22,0,0,1209
"2026-02-09 02:32:00",1768,6.12,13.02,0,0,2.73,14.36,29499.01,37025.06,23.47,100.02,8.85,1.66,6.37,0.32,0.36,-99.9,-99.9,8.07,-99.9,3.13,2.6,1.19,32.22,0,0,1210
"2026-02-09 02:47:00",1769,6.12,13.02,0,0,2.79,14.33,29472.62,37012.99,23.46,99.73,8.83,1.59,6.09,0.32,0.36,-99.9,-99.9,8.07,-99.9,3.16,2.64,1.21,35.76,0,0,1211
"2026-02-09 03:02:00",1770,6.12,13.02,0,0,2.83,14.35,29510.09,37046.37,23.49,99.55,8.81,1.62,6.23,0.34,0.37,-99.9,-99.9,8.07,-99.9,3.16,2.58,1.21,35.76,0,0,1212
"2026-02-09 03:17:00",1771,6.12,13.03,0,0,2.87,14.36,29602.96,37150.52,23.56,99.64,8.81,1.59,6.11,0.3,0.34,-99.9,-99.9,8.07,-99.9,3.11,2.62,1.2,32.08,0,0,1213
"2026-02-09 03:32:00",1772,6.12,13.02,0,0,2.89,14.34,29584.54,37147.27,23.56,99.37,8.79,1.58,6.07,0.3,0.34,-99.9,-99.9,8.07,-99.9,3.04,2.5,1.2,32.08,0,0,1214
"2026-02-09 03:47:00",1773,6.12,13.02,0,0,2.93,14.38,29629.32,37167.72,23.57,98.87,8.74,1.55,5.95,0.33,0.36,-99.9,-99.9,8.07,-99.9,3.16,2.74,1.2,32.04,0,0,1215
"2026-02-09 04:02:00",1774,6.12,13.02,0,0,2.96,14.34,29641.87,37220.13,23.61,98.42,8.7,1.59,6.12,0.32,0.35,-99.9,-99.9,8.06,-99.9,3.05,2.78,1.2,32.04,0,0,1216
"2026-02-09 04:17:00",1775,6.12,13.03,0,0,2.97,14.32,29621.66,37208.7,23.6,98.41,8.71,1.61,6.17,0.3,0.34,-99.9,-99.9,8.06,-99.9,3.1,2.75,1.2,32.3,0,0,1217
"2026-02-09 04:32:00",1776,6.12,13.02,0,0,2.97,14.37,29711.59,37281.97,23.65,96.96,8.57,1.36,5.2,0.3,0.33,-99.9,-99.9,8.05,-99.9,2.85,2.75,-99.9,-99.9,0,0,1218
"2026-02-09 04:47:00",1777,6.12,13.03,0,0,2.98,14.36,29705.27,37281.7,23.65,97.56,8.62,1.41,5.4,0.3,0.34,-99.9,-99.9,8.06,-99.9,3.02,2.85,1.2,35.48,0,0,1219
"2026-02-09 05:02:00",1778,6.12,13.02,0,0,2.98,14.36,29720.57,37300.83,23.67,97.08,8.58,1.43,5.46,0.32,0.36,-99.9,-99.9,8.05,-99.9,2.85,2.77,1.2,35.48,0,0,1220
"2026-02-09 05:17:00",1779,6.12,13.02,0,0,2.95,14.37,29764.49,37344.87,23.7,97.19,8.58,1.32,5.04,0.29,0.33,-99.9,-99.9,8.05,-99.9,3,2.88,1.2,31.12,0,0,1221
"2026-02-09 05:32:00",1780,6.12,13.02,0,0,2.93,14.35,29747.11,37339.99,23.69,95.78,8.46,1.22,4.64,0.32,0.36,-99.9,-99.9,8.05,-99.9,2.97,3.47,1.2,31.12,0,0,1222
"2026-02-09 05:47:00",1781,6.12,13.02,0,0,2.91,14.34,29728.04,37327.77,23.68,96.02,8.49,1.18,4.46,0.26,0.3,-99.9,-99.9,8.04,-99.9,3.01,3.04,1.21,31.32,0,0,1223
"2026-02-09 06:02:00",1782,6.12,13.02,0,0,2.87,14.33,29724.55,37336.49,23.69,94.13,8.32,1.06,3.98,0.28,0.32,-99.9,-99.9,8.04,-99.9,2.93,2.94,1.21,31.32,0,0,1224
"2026-02-09 06:17:00",1783,6.12,13.02,0,0,2.83,14.36,29718.57,37301.65,23.67,95.6,8.45,1.3,4.93,0.3,0.34,-99.9,-99.9,8.04,-99.9,2.99,2.95,1.2,32.09,0,0,1225
"2026-02-09 06:32:00",1784,6.12,13.02,0,0,2.77,14.33,29708.48,37314.83,23.68,95.05,8.4,0.96,3.58,0.24,0.27,-99.9,-99.9,8.03,-99.9,3.07,3.12,1.2,32.09,0,0,1226
"2026-02-09 06:47:00",1785,6.12,13.02,0,0,2.7,14.19,29656.48,37374.8,23.71,94.91,8.42,0.87,3.23,0.24,0.28,-99.9,-99.9,8.03,-99.9,3.09,2.65,1.2,31.71,0,0,1227
"2026-02-09 07:02:00",1786,6.12,13.02,0,0,2.65,14.2,29653.01,37359.64,23.7,92.78,8.22,0.89,3.31,0.25,0.29,-99.9,-99.9,8.02,-99.9,2.93,2.89,1.2,31.71,0,0,1228
"2026-02-09 07:17:00",1787,6.13,13.02,0,0,2.56,14.19,29599.81,37303.86,23.67,95.1,8.43,1.05,3.94,0.28,0.32,-99.9,-99.9,8.03,-99.9,3.1,2.68,1.2,31.76,0,0,1229
"2026-02-09 07:32:00",1788,6.12,13.02,0,0,2.5,14.18,29594.52,37307.29,23.67,93.67,8.31,0.92,3.43,0.26,0.3,-99.9,-99.9,8.02,-99.9,3.07,2.65,1.2,31.76,0,0,1230
"2026-02-09 07:47:00",1789,6.12,13.02,0,0,2.41,14.16,29583.52,37311.36,23.67,94.75,8.41,0.86,3.2,0.25,0.28,-99.9,-99.9,8.02,-99.9,3.05,2.68,1.19,31.71,0,0,1231
"2026-02-09 08:02:00",1790,6.12,13.02,0,0,2.33,14.14,29559.54,37291.19,23.66,95.12,8.44,0.82,3.02,0.22,0.26,-99.9,-99.9,8.02,-99.9,3.07,2.53,1.19,31.71,0,0,1232
"2026-02-09 08:17:00",1791,6.12,13.02,0,0,2.28,14.14,29581.76,37322.19,23.68,94.81,8.42,0.73,2.67,0.19,0.23,-99.9,-99.9,8.02,-99.9,3.02,2.69,1.19,31.56,0,0,1233
"2026-02-09 08:32:00",1792,6.12,13.02,0,0,2.18,14.14,29554.2,37288.87,23.65,94.07,8.35,0.81,2.99,0.24,0.28,-99.9,-99.9,8.02,-99.9,3.12,2.66,1.19,31.56,0,0,1234
"2026-02-09 08:47:00",1793,6.12,13.02,0,0,2.12,14.14,29552.83,37285.49,23.65,94.56,8.39,0.72,2.63,0.24,0.28,-99.9,-99.9,8.02,-99.9,3,3.18,1.2,31.71,0,0,1235
"2026-02-09 09:02:00",1794,6.12,13.02,0,0,2.04,14.14,29537.93,37266.18,23.64,94.64,8.4,0.73,2.66,0.23,0.27,-99.9,-99.9,8.02,-99.9,3.13,2.75,1.2,31.71,0,0,1236
"2026-02-09 09:17:00",1795,6.12,13.02,0,0,1.97,14.15,29540.94,37264.49,23.64,94.75,8.41,0.77,2.82,0.27,0.31,-99.9,-99.9,8.02,-99.9,3.04,2.67,1.2,32.41,0,0,1237
"2026-02-09 09:32:00",1796,6.12,13.02,0,0,1.89,14.12,29498.73,37239.58,23.62,95.48,8.48,0.92,3.44,0.27,0.3,-99.9,-99.9,8.03,-99.9,3.07,3.02,1.2,32.41,0,0,1238
"2026-02-09 09:47:00",1797,6.12,13.01,0,0,1.82,14.16,29498.63,37197.56,23.59,93.29,8.28,0.78,2.86,0.26,0.29,-99.9,-99.9,8.01,-99.9,3.1,2.11,1.2,32.71,0,0,1239
"2026-02-09 10:02:00",1798,6.12,13.02,0,0,1.78,14.14,29508.09,37226.45,23.61,93.92,8.34,0.75,2.74,0.27,0.3,-99.9,-99.9,8.02,-99.9,3.14,2.24,1.2,32.71,0,0,1240
"2026-02-09 10:17:00",1799,6.12,13.02,0,0,1.73,14.15,29511.35,37223.18,23.61,93.71,8.32,0.69,2.51,0.24,0.28,-99.9,-99.9,8.02,-99.9,3.08,2.09,1.2,31.92,0,0,1241
"2026-02-09 10:32:00",1800,6.12,13.02,0,0,1.68,14.17,29508.69,37203.08,23.59,91.64,8.13,0.87,3.24,0.29,0.33,-99.9,-99.9,8.01,-99.9,3.18,1.87,1.2,31.92,0,0,1242
"2026-02-09 10:47:00",1801,6.12,13.01,0,0,1.66,14.17,29516.18,37212.13,23.6,95.18,8.45,0.89,3.31,0.24,0.28,-99.9,-99.9,8.02,-99.9,2.99,2.05,1.2,32.1,0,0,1243
"2026-02-09 11:02:00",1802,6.12,13.02,0,0,1.62,14.13,29453.94,37167.69,23.57,96.66,8.59,1.41,5.4,0.37,0.4,-99.9,-99.9,8.05,-99.9,3.06,2.21,1.2,32.1,0,0,1244
"2026-02-09 11:17:00",1803,6.12,13.02,0,0,1.6,14.18,29480.93,37163.98,23.57,99.49,8.83,1.43,5.45,0.36,0.4,-99.9,-99.9,8.06,-99.9,3.04,2.3,1.2,31.86,0,0,1245
"2026-02-09 11:32:00",1804,6.12,13.02,0,0,1.58,14.25,29527.67,37159.77,23.57,99.41,8.81,1.68,6.47,0.41,0.45,-99.9,-99.9,8.06,-99.9,3.02,2.34,1.2,31.86,0,0,1246
"2026-02-09 11:47:00",1805,6.12,13.02,0,0,1.54,14.24,29513.96,37148.83,23.56,99.51,8.82,1.27,4.84,0.35,0.39,-99.9,-99.9,8.06,-99.9,3.05,2.35,1.2,31.8,0,0,1247
"2026-02-09 12:02:00",1806,6.12,13.02,0,0,1.53,14.22,29508.16,37155.27,23.56,102.29,9.07,0.74,2.7,0.22,0.26,-99.9,-99.9,8.06,-99.9,3.01,2.13,1.2,31.8,0,0,1248
"2026-02-09 12:17:00",1807,6.12,13.02,0,0,1.54,14.31,29558.82,37139.27,23.55,103.42,9.15,1.35,5.15,0.37,0.41,-99.9,-99.9,8.09,-99.9,3.05,2.38,1.2,32.36,0,0,1249
"2026-02-09 12:32:00",1808,6.12,13.02,0,0,1.53,14.26,29544.43,37166.04,23.57,104.38,9.25,0.76,2.8,0.25,0.29,-99.9,-99.9,8.08,-99.9,3.12,2.62,1.2,32.36,0,0,1250
"2026-02-09 12:47:00",1809,6.12,13.02,0,0,1.55,14.29,29607.64,37218.13,23.61,100.59,8.91,1.1,4.15,0.3,0.34,-99.9,-99.9,8.06,-99.9,3.14,2.63,1.19,32.03,0,0,1251
"2026-02-09 13:02:00",1810,6.12,13.01,0,0,1.54,14.23,29605.24,37273.47,23.65,98.36,8.72,1.02,3.81,0.29,0.33,-99.9,-99.9,8.05,-99.9,3.07,2.59,1.19,32.03,0,0,1252
"2026-02-09 13:17:00",1811,6.12,13.02,0,0,1.58,14.27,29590.22,37214.68,23.6,99.58,8.82,1.05,3.94,0.31,0.34,-99.9,-99.9,8.06,-99.9,3.1,2.32,1.2,34.98,0,0,1253
"2026-02-09 13:32:00",1812,6.12,13.02,0,0,1.62,14.25,29598.28,37246.06,23.63,99.45,8.81,1.01,3.78,0.27,0.3,-99.9,-99.9,8.05,-99.9,3.03,2.58,1.2,34.98,0,0,1254
"2026-02-09 13:47:00",1813,6.12,13.02,0,0,1.63,14.41,29668.74,37193.17,23.59,105.08,9.28,1.54,5.91,0.37,0.41,-99.9,-99.9,8.1,-99.9,3.06,3.11,1.19,32.23,0,0,1255
"2026-02-09 14:02:00",1814,6.12,13.02,0,0,1.68,14.38,29666.11,37216.34,23.61,104.4,9.23,1.53,5.86,0.33,0.37,-99.9,-99.9,8.09,-99.9,3,3.2,1.19,32.23,0,0,1256
"2026-02-09 14:17:00",1815,6.12,13.02,0,0,1.71,14.38,29674.96,37222.19,23.61,103.95,9.19,1.37,5.23,0.3,0.34,-99.9,-99.9,8.09,-99.9,3.1,3.3,1.19,31.56,0,0,1257
"2026-02-09 14:32:00",1816,6.12,13.01,0,0,1.77,14.4,29679.3,37214.68,23.61,104.34,9.22,1.39,5.31,0.31,0.34,-99.9,-99.9,8.09,-99.9,3.03,2.96,1.19,31.56,0,0,1258
"2026-02-09 14:47:00",1817,6.12,13.02,0,0,1.8,14.39,29666.04,37207.02,23.6,104.91,9.27,1.4,5.34,0.35,0.38,-99.9,-99.9,8.09,-99.9,3.08,2.9,1.2,35.61,0,0,1259
"2026-02-09 15:02:00",1818,6.12,13.02,0,0,1.85,14.42,29675.05,37194.37,23.59,105.2,9.29,1.52,5.82,0.33,0.37,-99.9,-99.9,8.1,-99.9,2.99,2.77,1.2,35.61,0,0,1260
"2026-02-09 15:17:00",1819,6.12,13.02,0,0,1.88,14.48,29698.63,37168.17,23.58,106.44,9.39,1.64,6.31,0.35,0.39,-99.9,-99.9,8.11,-99.9,3.06,2.84,1.2,32.86,0,0,1261
"2026-02-09 15:32:00",1820,6.12,13.02,0,0,1.94,14.51,29736.09,37185.2,23.59,106.69,9.4,1.59,6.12,0.34,0.37,-99.9,-99.9,8.12,-99.9,3.01,2.92,1.2,32.86,0,0,1262
"2026-02-09 15:47:00",1821,6.12,13.02,0,0,2,14.52,29734.39,37175.59,23.58,106.9,9.42,1.83,7.08,0.37,0.41,-99.9,-99.9,8.11,-99.9,3.01,2.81,1.19,32.47,0,0,1263
"2026-02-09 16:02:00",1822,6.12,13.02,0,0,2.03,14.46,29728.15,37219.26,23.61,105.39,9.3,1.6,6.16,0.35,0.39,-99.9,-99.9,8.1,-99.9,2.95,2.93,1.19,32.47,0,0,1264
"2026-02-09 16:17:00",1823,6.12,13.02,0,0,2.08,14.48,29719.25,37190.62,23.59,109.09,9.62,1.75,6.74,0.36,0.4,-99.9,-99.9,8.13,-99.9,3.08,2.85,1.19,31.8,0,0,1265
"2026-02-09 16:32:00",1824,6.12,13.02,0,0,2.12,14.49,29723.52,37188.23,23.59,108.52,9.57,1.73,6.68,0.33,0.37,-99.9,-99.9,8.12,-99.9,2.97,3.07,1.19,31.8,0,0,1266
"2026-02-09 16:47:00",1825,6.12,13.02,0,0,2.16,14.48,29714.64,37189.08,23.59,108.22,9.54,1.83,7.08,0.36,0.4,-99.9,-99.9,8.12,-99.9,3.04,3.17,1.2,34.92,0,0,1267
"2026-02-09 17:02:00",1826,6.12,13.01,0,0,2.19,14.5,29717.69,37171.52,23.58,108.35,9.55,1.73,6.67,0.35,0.39,-99.9,-99.9,8.12,-99.9,2.94,2.79,1.2,34.92,0,0,1268
"2026-02-09 17:17:00",1827,6.12,13.02,0,0,2.24,14.52,29722.56,37164.61,23.57,108.32,9.55,1.94,7.49,0.37,0.41,-99.9,-99.9,8.13,-99.9,3,3.09,1.2,32.37,0,0,1269
"2026-02-09 17:32:00",1828,6.12,13.02,0,0,2.24,14.55,29749,37165.38,23.57,108.48,9.55,1.89,7.29,0.36,0.4,-99.9,-99.9,8.13,-99.9,2.94,2.72,1.2,32.37,0,0,1270
"2026-02-09 17:47:00",1829,6.12,13.02,0,0,2.32,14.52,29698.93,37133.85,23.55,107.84,9.51,1.99,7.69,0.4,0.44,-99.9,-99.9,8.12,-99.9,3.03,2.68,1.2,32.89,0,0,1271
"2026-02-09 18:02:00",1830,6.12,13.03,0,0,2.29,14.5,29672.76,37117.67,23.54,107.05,9.44,2.17,8.43,0.38,0.42,-99.9,-99.9,8.12,-99.9,2.98,2.76,1.2,32.89,0,0,1272
"2026-02-09 18:17:00",1831,6.12,13.02,0,0,2.33,14.51,29685.62,37122.86,23.54,108.69,9.58,2.17,8.42,0.4,0.44,-99.9,-99.9,8.13,-99.9,3.04,2.74,1.19,32.54,0,0,1273
"2026-02-09 18:32:00",1832,6.12,13.02,0,0,2.34,14.53,29698.34,37125.05,23.55,109.04,9.61,2.5,9.74,0.44,0.48,-99.9,-99.9,8.14,-99.9,2.98,2.72,1.19,32.54,0,0,1274
"2026-02-09 18:47:00",1833,6.12,13.02,0,0,2.36,14.55,29729,37142.5,23.56,111.82,9.85,2.23,8.67,0.42,0.45,-99.9,-99.9,8.16,-99.9,3,3.18,1.21,35.11,0,0,1275
"2026-02-09 19:02:00",1834,6.12,13.02,0,0,2.36,14.46,29624.98,37088.33,23.52,108.83,9.61,2.16,8.39,0.4,0.43,-99.9,-99.9,8.13,-99.9,2.94,2.7,1.21,35.11,0,0,1276
"2026-02-09 19:17:00",1835,6.12,13.02,0,0,2.38,14.4,29551.62,37057.64,23.5,105.67,9.34,2.12,8.24,0.37,0.4,-99.9,-99.9,8.11,-99.9,3.06,2.68,1.2,33.07,0,0,1277
"2026-02-09 19:32:00",1836,6.12,13.02,0,0,2.38,14.34,29847.52,37481.15,23.79,103.59,9.15,1.1,4.15,0.22,0.26,-99.9,-99.9,8.07,-99.9,3.01,2.82,1.2,33.07,0,0,1278
"2026-02-09 19:47:00",1837,6.12,13.03,0,0,2.38,14.35,29597.85,37156.43,23.56,101.68,8.99,1.72,6.63,0.35,0.39,-99.9,-99.9,8.09,-99.9,3.02,2.51,1.2,32.95,0,0,1279
"2026-02-09 20:02:00",1838,6.12,13.02,0,0,2.36,14.21,29883.34,37641.83,23.9,96.44,8.54,1.09,4.1,0.25,0.29,-99.9,-99.9,8.03,-99.9,2.91,2.74,1.2,32.95,0,0,1280
"2026-02-09 20:17:00",1839,6.12,13.02,0,0,2.33,14.33,29652.15,37246.39,23.63,101.31,8.96,1.09,4.09,0.26,0.3,-99.9,-99.9,8.08,-99.9,3.07,2.08,1.2,32.33,0,0,1281
"2026-02-09 20:32:00",1840,6.12,13.03,0,0,2.33,14.29,29737.69,37388.84,23.73,97.81,8.65,0.77,2.82,0.2,0.24,-99.9,-99.9,8.05,-99.9,3.05,2.13,1.2,32.33,0,0,1282
"2026-02-09 20:47:00",1841,6.12,13.03,0,0,2.32,14.33,29615.52,37200.17,23.6,99.06,8.76,1.09,4.12,0.22,0.26,-99.9,-99.9,8.07,-99.9,3.06,2.28,1.2,31.64,0,0,1283
"2026-02-09 21:02:00",1842,6.12,13.02,0,0,2.3,14.22,29828.7,37561.54,23.85,96.97,8.58,0.89,3.32,0.25,0.28,-99.9,-99.9,8.02,-99.9,3.04,2.69,1.2,31.64,0,0,1284
"2026-02-09 21:17:00",1843,6.12,13.02,0,0,2.29,14.32,29585.58,37167.38,23.57,98.02,8.67,0.84,3.11,0.22,0.25,-99.9,-99.9,8.05,-99.9,3.16,1.88,1.2,32.5,0,0,1285
"2026-02-09 21:32:00",1844,6.12,13.02,0,0,2.27,14.3,29526.6,37111.43,23.53,98.76,8.75,1.05,3.95,0.27,0.31,-99.9,-99.9,8.06,-99.9,3.07,1.87,1.2,32.5,0,0,1286
"2026-02-09 21:47:00",1845,6.12,13.02,0,0,2.23,14.2,29711.81,37437.41,23.76,94.42,8.37,1.09,4.1,0.25,0.29,-99.9,-99.9,8.05,-99.9,3.06,2.9,1.2,35.39,0,0,1287
"2026-02-09 22:02:00",1846,6.12,13.02,0,0,2.24,14.28,29653.05,37287.62,23.66,98.28,8.7,1.29,4.91,0.31,0.34,-99.9,-99.9,8.07,-99.9,3.03,2.31,1.2,35.39,0,0,1288
"2026-02-09 22:17:00",1847,6.12,13.02,0,0,2.22,14.23,29747.94,37452.02,23.77,93.76,8.3,0.82,3.04,0.21,0.25,-99.9,-99.9,8.01,-99.9,3.09,2.34,1.2,33.17,0,0,1289
"2026-02-09 22:32:00",1848,6.12,13.02,0,0,2.21,14.24,29726.86,37416.48,23.75,92.13,8.16,0.52,1.84,0.18,0.22,-99.9,-99.9,8.01,-99.9,2.95,1.74,1.2,33.17,0,0,1290
"2026-02-09 22:47:00",1849,6.12,13.02,0,0,2.17,14.2,29805.19,37552.24,23.84,95.89,8.49,1.08,4.06,0.29,0.32,-99.9,-99.9,8.03,-99.9,3,3.12,1.2,36.37,0,0,1291
"2026-02-09 23:02:00",1850,6.12,13.02,0,0,2.2,14.18,29790.93,37551.89,23.84,96.34,8.54,1.25,4.75,0.27,0.31,-99.9,-99.9,8.04,-99.9,3,3.15,1.2,36.37,0,0,1292
"2026-02-09 23:17:00",1851,6.12,13.03,0,0,2.19,14.21,29739.91,37464.3,23.78,98.17,8.7,1.53,5.85,0.32,0.36,-99.9,-99.9,8.05,-99.9,3.03,3.02,1.19,32.78,0,0,1293
"2026-02-09 23:32:00",1852,6.12,13.02,0,0,2.2,14.22,29721.07,37423.24,23.75,98.29,8.71,1.42,5.43,0.36,0.39,-99.9,-99.9,8.05,-99.9,3.01,2.77,1.19,32.78,0,0,1294
"2026-02-09 23:47:00",1853,6.12,13.02,0,0,2.2,14.22,29734.43,37442.62,23.76,97.6,8.64,1.26,4.77,0.28,0.31,-99.9,-99.9,8.05,-99.9,3.03,2.7,1.2,35.35,0,0,1295
"2026-02-10 00:02:00",1854,6.12,13.02,0,0,2.22,14.15,29868.33,37673.53,23.92,92.46,8.19,0.85,3.14,0.25,0.29,-99.9,-99.9,8,-99.9,2.98,2.26,1.2,35.35,0,0,1296
"2026-02-10 00:17:00",1855,6.12,13.02,0,0,2.22,14.14,29869.98,37686.31,23.93,93.52,8.29,0.82,3.03,0.24,0.28,-99.9,-99.9,8.01,-99.9,2.97,2.64,1.2,32.61,0,0,1297
"2026-02-10 00:32:00",1856,6.12,13.02,0,0,2.25,14.13,29823.91,37634.38,23.9,93.3,8.27,1.16,4.38,0.26,0.29,-99.9,-99.9,8.02,-99.9,3,2.68,1.2,32.61,0,0,1298
"2026-02-10 00:47:00",1857,6.12,13.02,0,0,2.28,14.14,29818.34,37619.68,23.89,94.71,8.4,1.16,4.38,0.3,0.34,-99.9,-99.9,8.03,-99.9,3,2.9,1.19,31.91,0,0,1299
"2026-02-10 01:02:00",1858,6.12,13.02,0,0,2.31,14.16,29817.93,37607.2,23.88,93.72,8.31,0.98,3.66,0.28,0.32,-99.9,-99.9,8.02,-99.9,3.03,2.4,1.19,31.91,0,0,1300
"2026-02-10 01:17:00",1859,6.12,13.02,0,0,2.33,14.16,29801.34,37579.79,23.86,94.63,8.39,1.19,4.51,0.28,0.31,-99.9,-99.9,8.03,-99.9,2.91,2.49,1.19,32.68,0,0,1301
"2026-02-10 01:32:00",1860,6.12,13.03,0,0,2.38,14.17,29803.74,37577.74,23.86,93.35,8.27,0.83,3.05,0.23,0.27,-99.9,-99.9,8.01,-99.9,2.92,2.16,1.19,32.68,0,0,1302
"2026-02-10 01:47:00",1861,6.12,13.02,0,0,2.42,14.18,29814.53,37584.74,23.86,92.05,8.16,0.57,2.03,0.22,0.25,-99.9,-99.9,8.01,-99.9,3.02,2.23,1.21,32.56,0,0,1303
"2026-02-10 02:02:00",1862,6.12,13.02,0,0,2.44,14.18,29809.64,37573.15,23.85,89.53,7.93,0.44,1.5,0.17,0.21,-99.9,-99.9,7.99,-99.9,2.92,1.73,1.21,32.56,0,0,1304
"2026-02-10 02:17:00",1863,6.12,13.03,0,0,2.5,14.17,29857.81,37643.07,23.9,87.95,7.79,0.35,1.14,0.16,0.2,-99.9,-99.9,7.97,-99.9,3.11,1.87,1.21,32.13,0,0,1305
"2026-02-10 02:32:00",1864,6.12,13.02,0,0,2.52,14.16,29870.04,37667.97,23.92,86.64,7.68,0.25,0.73,0.16,0.2,-99.9,-99.9,7.97,-99.9,3.04,1.65,1.21,32.13,0,0,1306
"2026-02-10 02:47:00",1865,6.12,13.02,0,0,2.57,14.16,29864.6,37663.1,23.92,87.56,7.76,0.27,0.83,0.16,0.2,-99.9,-99.9,7.97,-99.9,3.03,1.46,1.2,31.72,0,0,1307
"2026-02-10 03:02:00",1866,6.12,13.02,0,0,2.61,14.15,29878.51,37691.4,23.94,87.8,7.78,0.24,0.72,0.14,0.18,-99.9,-99.9,7.97,-99.9,3.13,1.21,1.2,31.72,0,0,1308
"2026-02-10 03:17:00",1867,6.12,13.02,0,0,2.68,14.16,29853.18,37643.48,23.9,87.76,7.78,0.32,1.02,0.13,0.17,-99.9,-99.9,7.97,-99.9,3.01,1.31,1.19,35.32,0,0,1309
"2026-02-10 03:32:00",1868,6.12,13.02,0,0,2.71,14.17,29837.19,37616.2,23.88,87.17,7.72,0.25,0.73,0.2,0.24,-99.9,-99.9,7.96,-99.9,3.04,1.28,1.19,35.32,0,0,1310
"2026-02-10 03:47:00",1869,6.12,13.02,0,0,2.75,14.16,29854.78,37650.8,23.91,86.98,7.71,0.24,0.72,0.16,0.2,-99.9,-99.9,7.97,-99.9,3.07,1.28,1.19,32.33,0,0,1311
"2026-02-10 04:02:00",1870,6.12,13.02,0,0,2.78,14.14,29841.7,37647.85,23.91,87.58,7.76,0.45,1.53,0.21,0.25,-99.9,-99.9,7.97,-99.9,3.08,1.42,1.19,32.33,0,0,1312
"2026-02-10 04:17:00",1871,6.12,13.02,0,0,2.82,14.17,29817.72,37589.68,23.86,85.72,7.59,0.26,0.78,0.18,0.22,-99.9,-99.9,7.96,-99.9,3.11,1.21,1.21,35.09,0,0,1313
"2026-02-10 04:32:00",1872,6.12,13.02,0,0,2.84,14.18,29798.46,37557.39,23.84,83.07,7.36,0.4,1.35,0.2,0.23,-99.9,-99.9,7.98,-99.9,2.96,1.31,1.21,35.09,0,0,1314
"2026-02-10 04:47:00",1873,6.12,13.02,0,0,2.87,14.19,29801.53,37554.21,23.84,88.07,7.8,0.43,1.47,0.2,0.24,-99.9,-99.9,7.99,-99.9,3.05,1.57,1.2,32.94,0,0,1315
"2026-02-10 05:02:00",1874,6.12,13.02,0,0,2.9,14.2,29767.58,37504.96,23.81,89.07,7.89,0.49,1.7,0.2,0.24,-99.9,-99.9,8,-99.9,3.02,1.39,1.2,32.94,0,0,1316
"2026-02-10 05:17:00",1875,6.12,13.02,0,0,2.92,14.2,29737.32,37461.3,23.78,91.55,8.11,0.63,2.28,0.21,0.25,-99.9,-99.9,8.01,-99.9,2.98,1.69,1.2,32.86,0,0,1317
"2026-02-10 05:32:00",1876,6.12,13.02,0,0,2.93,14.19,29793.01,37542.81,23.83,88.1,7.8,0.34,1.11,0.17,0.2,-99.9,-99.9,7.97,-99.9,3,1.55,1.2,32.86,0,0,1318
"2026-02-10 05:47:00",1877,6.12,13.02,0,0,2.94,14.21,29752.99,37480.78,23.79,87.75,7.77,0.39,1.31,0.16,0.2,-99.9,-99.9,7.98,-99.9,3.06,1.64,1.2,35.34,0,0,1319
"2026-02-10 06:02:00",1878,6.12,13.02,0,0,2.93,14.19,29771.15,37517.54,23.81,87.12,7.72,0.43,1.45,0.18,0.22,-99.9,-99.9,7.98,-99.9,3.06,1.71,1.2,35.34,0,0,1320
"2026-02-10 06:17:00",1879,6.12,13.02,0,0,2.91,14.09,29754.59,37586.47,23.86,92.62,8.22,0.75,2.76,0.22,0.26,-99.9,-99.9,8,-99.9,2.93,2.31,1.19,33.23,0,0,1321
"2026-02-10 06:32:00",1880,6.12,13.02,0,0,2.89,14.08,29739.67,37579.67,23.86,92.71,8.23,0.94,3.49,0.26,0.3,-99.9,-99.9,8.01,-99.9,2.95,2.79,1.19,33.23,0,0,1322
"2026-02-10 06:47:00",1881,6.12,13.01,0,0,2.86,14.07,29745.55,37590.43,23.86,93.6,8.31,1,3.76,0.23,0.27,-99.9,-99.9,8,-99.9,2.91,2.96,1.19,32.85,0,0,1323
"2026-02-10 07:02:00",1882,6.12,13.02,0,0,2.83,14.09,29735.57,37562,23.84,92.45,8.21,0.97,3.64,0.28,0.31,-99.9,-99.9,8.01,-99.9,2.97,2.96,1.19,32.85,0,0,1324
"2026-02-10 07:17:00",1883,6.12,13.02,0,0,2.79,14.1,29722.11,37536.84,23.83,92.27,8.19,0.57,2.01,0.19,0.22,-99.9,-99.9,7.99,-99.9,3.03,2.07,1.2,35.95,0,0,1325
"2026-02-10 07:32:00",1884,6.12,13.02,0,0,2.74,14.06,29708.57,37554.45,23.84,92.32,8.2,0.63,2.27,0.24,0.27,-99.9,-99.9,8,-99.9,3.04,3.27,1.2,35.95,0,0,1326
"2026-02-10 07:47:00",1885,6.12,13.02,0,0,2.7,14.05,29719.76,37582.42,23.86,92.32,8.2,0.63,2.28,0.22,0.25,-99.9,-99.9,8,-99.9,2.99,3.91,1.19,33.48,0,0,1327
"2026-02-10 08:02:00",1886,6.12,13.02,0,0,2.62,14.03,29720.76,37594.31,23.87,92.48,8.22,0.53,1.88,0.2,0.24,-99.9,-99.9,8,-99.9,3.06,3.03,1.19,33.48,0,0,1328
"2026-02-10 08:17:00",1887,6.12,13.01,0,0,2.54,14.03,29673.18,37542.77,23.83,92.32,8.21,0.57,2.04,0.23,0.27,-99.9,-99.9,8,-99.9,3,3.03,1.2,35.1,0,0,1329
"2026-02-10 08:32:00",1888,6.12,13.02,0,0,2.49,14.05,29730.76,37594.34,23.87,91.75,8.15,0.53,1.87,0.21,0.25,-99.9,-99.9,8,-99.9,3.02,2.75,1.2,35.1,0,0,1330
"2026-02-10 08:47:00",1889,6.12,13.02,0,0,2.41,14.05,29691.37,37547.51,23.83,91.81,8.16,0.56,1.99,0.2,0.23,-99.9,-99.9,8,-99.9,2.99,2.5,1.2,32.83,0,0,1331
"2026-02-10 09:02:00",1890,6.12,13.02,0,0,2.34,14.03,29569.07,37408.69,23.74,91.28,8.12,0.37,1.21,0.18,0.21,-99.9,-99.9,7.99,-99.9,3.1,1.61,1.2,32.83,0,0,1332
"2026-02-10 09:17:00",1891,6.12,13.02,0,0,2.27,13.89,29395.81,37313.64,23.67,92.97,8.3,0.56,2,0.17,0.2,-99.9,-99.9,8.02,-99.9,3.15,1.68,1.19,32.56,0,0,1333
"2026-02-10 09:32:00",1892,6.12,13.01,0,0,2.2,13.83,29317.87,37271.2,23.64,95.77,8.56,0.71,2.57,0.25,0.29,-99.9,-99.9,8.05,-99.9,3.06,1.7,1.19,32.56,0,0,1334
"2026-02-10 09:47:00",1893,6.12,13.02,0,0,2.1,13.91,29416.47,37325.83,23.68,92.19,8.22,0.44,1.48,0.18,0.22,-99.9,-99.9,8.01,-99.9,3.15,1.64,1.19,32.67,0,0,1335
"2026-02-10 10:02:00",1894,6.12,13.02,0,0,2.04,13.87,29367.16,37296.34,23.65,93.19,8.32,0.58,2.07,0.24,0.27,-99.9,-99.9,8.02,-99.9,3.1,1.7,1.19,32.67,0,0,1336
"2026-02-10 10:17:00",1895,6.12,13.02,0,0,1.96,13.87,29353.39,37282.04,23.64,94.99,8.48,0.77,2.82,0.25,0.28,-99.9,-99.9,8.03,-99.9,3.09,1.72,1.19,32.71,0,0,1337
"2026-02-10 10:32:00",1896,6.12,13.02,0,0,1.91,13.88,29351.6,37271.27,23.64,95.18,8.5,1.08,4.08,0.27,0.31,-99.9,-99.9,8.05,-99.9,3.04,1.8,1.19,32.71,0,0,1338
"2026-02-10 10:47:00",1897,6.12,13.01,0,0,1.85,13.93,29384.3,37266.63,23.63,102.78,9.17,1.33,5.05,0.33,0.37,-99.9,-99.9,8.11,-99.9,3.02,2.32,1.2,32.77,0,0,1339
"2026-02-10 11:02:00",1898,6.12,13.02,0,0,1.78,13.93,29385.1,37261.19,23.63,103.96,9.27,1.49,5.69,0.32,0.35,-99.9,-99.9,8.11,-99.9,3,2.47,1.2,32.77,0,0,1340
"2026-02-10 11:17:00",1899,6.12,13.02,0,0,1.75,13.95,29392.35,37256.74,23.63,105.56,9.41,1.45,5.55,0.36,0.4,-99.9,-99.9,8.12,-99.9,2.98,2.76,1.2,35.01,0,0,1341
"2026-02-10 11:32:00",1900,6.12,13.02,0,0,1.68,13.95,29377.84,37236.91,23.61,105.47,9.4,1.44,5.52,0.37,0.4,-99.9,-99.9,8.12,-99.9,3,2.17,1.2,35.01,0,0,1342
"2026-02-10 11:47:00",1901,6.12,13.02,0,0,1.63,13.95,29375.63,37238.36,23.62,105.31,9.39,1.27,4.81,0.3,0.34,-99.9,-99.9,8.12,-99.9,3,2.26,1.2,32.75,0,0,1343
"2026-02-10 12:02:00",1902,6.12,13.02,0,0,1.62,13.92,29353.68,37230.78,23.61,103.57,9.24,1.3,4.95,0.27,0.31,-99.9,-99.9,8.11,-99.9,3.02,2.21,1.2,32.75,0,0,1344
"2026-02-10 12:17:00",1903,6.12,13.02,0,0,1.58,13.94,29382.13,37250.53,23.62,104.05,9.28,1.14,4.29,0.32,0.36,-99.9,-99.9,8.12,-99.9,3.01,2.28,1.21,35.25,0,0,1345
"2026-02-10 12:32:00",1904,6.12,13.02,0,0,1.54,13.98,29402.87,37242.39,23.62,105.32,9.38,1.27,4.81,0.29,0.33,-99.9,-99.9,8.12,-99.9,3.02,2.21,1.21,35.25,0,0,1346
"2026-02-10 12:47:00",1905,6.12,13.02,0,0,1.55,14.01,29655.8,37530.29,23.82,95.81,8.52,0.49,1.71,0.2,0.24,-99.9,-99.9,8.03,-99.9,3.03,2.07,1.2,31.67,0,0,1347
"2026-02-10 13:02:00",1906,6.12,13.02,0,0,1.5,14.03,29643.84,37504.31,23.8,97.6,8.68,0.86,3.18,0.28,0.31,-99.9,-99.9,8.06,-99.9,3.03,2.26,1.2,31.67,0,0,1348
"2026-02-10 13:17:00",1907,6.12,13.02,0,0,1.51,14.05,29656.22,37501.8,23.8,97.77,8.69,0.84,3.1,0.25,0.29,-99.9,-99.9,8.05,-99.9,2.95,2.33,1.19,32.24,0,0,1349
"2026-02-10 13:32:00",1908,6.12,13.02,0,0,1.5,14.05,29646.91,37489.99,23.79,97.12,8.63,0.97,3.64,0.23,0.26,-99.9,-99.9,8.05,-99.9,3,2.05,1.19,32.24,0,0,1350
"2026-02-10 13:47:00",1909,6.12,13.02,0,0,1.51,14.05,29641.78,37481.95,23.79,97.68,8.68,0.87,3.24,0.25,0.28,-99.9,-99.9,8.04,-99.9,2.95,2.05,1.2,31.86,0,0,1351
"2026-02-10 14:02:00",1910,6.12,13.02,0,0,1.54,14.05,29690.87,37541.74,23.83,98.29,8.73,0.86,3.2,0.24,0.28,-99.9,-99.9,8.04,-99.9,3.01,2.29,1.2,31.86,0,0,1352
"2026-02-10 14:17:00",1911,6.12,13.02,0,0,1.54,14.05,29687.15,37536.08,23.83,97.49,8.66,0.87,3.23,0.27,0.31,-99.9,-99.9,8.04,-99.9,2.96,2.08,1.2,35.18,0,0,1353
"2026-02-10 14:32:00",1912,6.12,13.02,0,0,1.57,14.06,29702.36,37552.21,23.84,96.2,8.55,0.73,2.67,0.23,0.26,-99.9,-99.9,8.04,-99.9,3,1.99,1.2,35.18,0,0,1354
"2026-02-10 14:47:00",1913,6.13,13.03,0,0,1.59,14.06,29725.59,37579.42,23.86,95.64,8.49,0.61,2.17,0.22,0.26,-99.9,-99.9,8.03,-99.9,2.93,2.01,1.19,32.82,0,0,1355
"2026-02-10 15:02:00",1914,6.12,13.02,0,0,1.62,14.06,29694.08,37541.34,23.83,97.19,8.63,0.84,3.11,0.22,0.26,-99.9,-99.9,8.04,-99.9,3.04,2.13,1.19,32.82,0,0,1356
"2026-02-10 15:17:00",1915,6.12,13.02,0,0,1.68,14.06,29638.59,37468.04,23.78,97.62,8.67,0.94,3.52,0.26,0.29,-99.9,-99.9,8.05,-99.9,2.99,1.78,1.19,31.97,0,0,1357
"2026-02-10 15:32:00",1916,6.12,13.02,0,0,1.72,14.04,29602.35,37443.91,23.76,98.38,8.75,0.82,3.03,0.22,0.26,-99.9,-99.9,8.04,-99.9,3.07,1.61,1.19,31.97,0,0,1358
"2026-02-10 15:47:00",1917,6.12,13.02,0,0,1.77,14.07,29700.22,37535.56,23.83,97.29,8.64,0.76,2.79,0.22,0.26,-99.9,-99.9,8.04,-99.9,2.95,2.1,1.2,35.84,0,0,1359
"2026-02-10 16:02:00",1918,6.12,13.02,0,0,1.81,14.08,29755.42,37594.35,23.87,96.12,8.53,0.82,3.03,0.21,0.24,-99.9,-99.9,8.04,-99.9,3.05,2.43,1.2,35.84,0,0,1360
"2026-02-10 16:17:00",1919,6.12,13.01,0,0,1.84,13.98,29443.54,37289.68,23.65,102.18,9.1,2.34,9.08,0.43,0.47,-99.9,-99.9,8.1,-99.9,2.93,2.19,1.2,32.34,0,0,1361
"2026-02-10 16:32:00",1920,6.13,13.01,0,0,1.88,14.05,29593.46,37419.59,23.74,97.2,8.64,1.04,3.89,0.25,0.29,-99.9,-99.9,8.06,-99.9,2.99,1.81,1.2,32.34,0,0,1362
"2026-02-10 16:47:02",1921,6.12,13.02,0,0,1.95,14.02,29518.83,37355.58,23.7,101.43,9.03,1.76,6.78,0.37,0.41,-99.9,-99.9,8.09,-99.9,2.87,2.29,1.2,32.41,0,0,1
"2026-02-10 17:02:00",1922,6.12,13.02,0,0,2,14.07,29556.94,37358.52,23.7,101.76,9.05,1.93,7.47,0.36,0.39,-99.9,-99.9,8.08,-99.9,3.05,2.43,1.2,32.41,0,0,2
"2026-02-10 17:17:00",1923,6.12,13.02,0,0,2.06,14.05,29478.27,37269.65,23.64,101.74,9.05,1.51,5.77,0.32,0.35,-99.9,-99.9,8.09,-99.9,2.98,2.32,1.2,32.13,0,0,3
"2026-02-10 17:32:00",1924,6.12,13.02,0,0,2.1,14.01,29209.46,36972.24,23.43,100.44,8.95,1.8,6.95,0.37,0.4,-99.9,-99.9,8.09,-99.9,3.06,2.14,1.2,32.13,0,0,4
"2026-02-10 17:47:00",1925,6.12,13.02,0,0,2.15,13.98,29003.48,36736.45,23.27,99.15,8.85,1.83,7.08,0.35,0.39,-99.9,-99.9,8.09,-99.9,3.14,2.27,1.2,36.07,0,0,5
"2026-02-10 18:02:00",1926,6.12,13.03,0,0,2.21,13.96,28900.13,36620.24,23.18,98.16,8.77,1.59,6.1,0.32,0.36,-99.9,-99.9,8.09,-99.9,3.25,1.95,1.2,36.07,0,0,6
"2026-02-10 18:17:00",1927,6.12,13.02,0,0,2.24,13.95,28846.22,36559.99,23.14,98.01,8.76,1.9,7.36,0.38,0.42,-99.9,-99.9,8.09,-99.9,3.23,2.23,1.19,31.93,0,0,7
"2026-02-10 18:32:00",1928,6.12,13.03,0,0,2.28,13.94,28823.38,36542.88,23.13,96.24,8.61,1.7,6.55,0.38,0.42,-99.9,-99.9,8.08,-99.9,3.21,2.09,1.19,31.93,0,0,8
"2026-02-10 18:47:00",1929,6.12,13.02,0,0,2.29,13.99,29083.74,36827.85,23.33,98.52,8.79,1.5,5.73,0.31,0.35,-99.9,-99.9,8.09,-99.9,3.15,2.34,1.19,32.01,0,0,9
"2026-02-10 19:02:00",1930,6.12,13.02,0,0,2.35,14.01,29120.77,36861.35,23.35,99.8,8.9,1.94,7.5,0.39,0.43,-99.9,-99.9,8.09,-99.9,3.09,2.33,1.19,32.01,0,0,10
"2026-02-10 19:17:00",1931,6.12,13.03,0,0,2.37,14,29144.21,36892.93,23.38,98.6,8.79,1.62,6.24,0.35,0.39,-99.9,-99.9,8.08,-99.9,3.11,2.22,1.21,35.56,0,0,11
"2026-02-10 19:32:00",1932,6.12,13.02,0,0,2.41,13.97,28886.2,36599.62,23.17,97.14,8.68,1.17,4.43,0.28,0.31,-99.9,-99.9,8.06,-99.9,3.3,1.66,1.21,35.56,0,0,12
"2026-02-10 19:47:00",1933,6.12,13.02,0,0,2.42,13.97,28929.19,36648.71,23.2,95.92,8.57,2.4,9.33,0.29,0.32,-99.9,-99.9,8.06,-99.9,3.23,2.03,1.2,31.82,0,0,13
"2026-02-10 20:02:00",1934,6.12,13.02,0,0,2.45,13.99,29045.5,36784.02,23.3,94.45,8.43,1.01,3.79,0.27,0.31,-99.9,-99.9,8.06,-99.9,3.2,1.82,1.2,31.82,0,0,14
"2026-02-10 20:17:00",1935,6.12,13.02,0,0,2.45,13.97,28924.07,36646.44,23.2,96.29,8.6,1.12,4.23,0.28,0.32,-99.9,-99.9,8.07,-99.9,3.2,1.89,1.2,32.78,0,0,15
"2026-02-10 20:32:00",1936,6.12,13.02,0,0,2.47,14,29218.92,36993.54,23.45,95.88,8.55,0.97,3.62,0.24,0.28,-99.9,-99.9,8.06,-99.9,3.17,2.15,1.2,32.78,0,0,16
"2026-02-10 20:47:00",1937,6.12,13.02,0,0,2.47,14.01,29249.56,37021.13,23.46,99.24,8.84,1.37,5.23,0.28,0.32,-99.9,-99.9,8.08,-99.9,3.05,2.08,1.2,32.99,0,0,17
"2026-02-10 21:02:00",1938,6.12,13.02,0,0,2.49,14.01,29295.58,37074.51,23.5,98.8,8.8,1.23,4.66,0.32,0.36,-99.9,-99.9,8.08,-99.9,3.1,2.2,1.2,32.99,0,0,18
"2026-02-10 21:17:00",1939,6.12,13.02,0,0,2.46,14.03,29358.01,37139.85,23.55,99.25,8.84,1.05,3.95,0.24,0.28,-99.9,-99.9,8.07,-99.9,3.05,2.09,1.2,32.84,0,0,19
"2026-02-10 21:32:00",1940,6.12,13.02,0,0,2.48,14.05,29428.24,37207.67,23.6,99.8,8.88,1.32,5.03,0.29,0.32,-99.9,-99.9,8.08,-99.9,3.11,2.11,1.2,32.84,0,0,20
"2026-02-10 21:47:00",1941,6.12,13.02,0,0,2.46,14.04,29501.06,37310.54,23.67,97.43,8.67,1.12,4.24,0.27,0.3,-99.9,-99.9,8.06,-99.9,3.04,2.46,1.19,32.87,0,0,21
"2026-02-10 22:02:00",1942,6.12,13.02,0,0,2.45,14.06,29560.44,37365.56,23.71,97.63,8.68,1.35,5.13,0.31,0.35,-99.9,-99.9,8.06,-99.9,3.08,2.65,1.19,32.87,0,0,22
"2026-02-10 22:17:00",1943,6.12,13.02,0,0,2.43,14.04,29531.88,37346.91,23.69,97.46,8.67,1.15,4.36,0.27,0.31,-99.9,-99.9,8.06,-99.9,3.05,2.52,1.2,32.54,0,0,23
"2026-02-10 22:32:00",1944,6.12,13.02,0,0,2.44,14.05,29671.88,37514.45,23.81,97,8.62,1.16,4.38,0.28,0.32,-99.9,-99.9,8.05,-99.9,3.02,2.69,1.2,32.54,0,0,24
"2026-02-10 22:47:00",1945,6.12,13.02,0,0,2.4,14.05,29589.91,37418.89,23.74,96.85,8.61,1.64,6.31,0.29,0.33,-99.9,-99.9,8.05,-99.9,3.02,2.55,1.2,36.38,0,0,25
"2026-02-10 23:02:00",1946,6.12,13.02,0,0,2.41,14.06,29606.27,37429.5,23.75,96.72,8.6,1.27,4.83,0.28,0.31,-99.9,-99.9,8.05,-99.9,3.04,2.5,1.2,36.38,0,0,26
"2026-02-10 23:17:00",1947,6.12,13.02,0,0,2.38,14.06,29574.09,37389.65,23.72,96.67,8.59,1.1,4.15,0.29,0.32,-99.9,-99.9,8.06,-99.9,2.93,2.41,1.19,32.62,0,0,27
"2026-02-10 23:32:00",1948,6.12,13.03,0,0,2.36,14.06,29591.63,37411.49,23.74,96.26,8.56,1.34,5.11,0.31,0.35,-99.9,-99.9,8.05,-99.9,3.06,2.51,1.19,32.62,0,0,28
"2026-02-10 23:47:00",1949,6.12,13.02,0,0,2.36,14.03,29872.47,37787.35,24,92.69,8.23,0.94,3.51,0.25,0.28,-99.9,-99.9,8,-99.9,2.91,2.91,1.21,35.37,0,0,29
"2026-02-11 00:02:00",1950,6.12,13.02,0,0,2.34,14.05,29603.22,37432.28,23.75,88.94,7.91,0.79,2.92,0.23,0.27,-99.9,-99.9,8.03,-99.9,3.02,2.05,1.21,35.37,0,0,30
"2026-02-11 00:17:00",1951,6.12,13.02,0,0,2.36,14,29951.54,37914.05,24.09,90.48,8.03,0.68,2.48,0.23,0.27,-99.9,-99.9,7.99,-99.9,2.85,2.38,1.21,31.95,0,0,31
"2026-02-11 00:32:00",1952,6.12,13.02,0,0,2.34,14,29934.24,37891.82,24.07,88.69,7.88,0.57,2.03,0.21,0.24,-99.9,-99.9,7.98,-99.9,2.91,2.47,1.21,31.95,0,0,32
"2026-02-11 00:47:00",1953,6.12,13.03,0,0,2.38,14.02,29835.24,37756.04,23.98,90.1,8,0.41,1.39,0.18,0.22,-99.9,-99.9,7.99,-99.9,3.03,2.04,1.2,32.41,0,0,33
"2026-02-11 01:02:00",1954,6.12,13.02,0,0,2.42,14.01,29692.02,37580.87,23.86,89.5,7.96,0.36,1.2,0.17,0.21,-99.9,-99.9,7.99,-99.9,3.07,1.74,1.2,32.41,0,0,34
"2026-02-11 01:17:00",1955,6.12,13.02,0,0,2.42,13.97,29363.65,37201.71,23.59,95,8.47,0.93,3.45,0.24,0.27,-99.9,-99.9,8.04,-99.9,3.15,2.25,1.19,32.83,0,0,35
"2026-02-11 01:32:00",1956,6.12,13.02,0,0,2.38,13.95,29452.78,37332.55,23.68,95.07,8.47,0.96,3.59,0.26,0.3,-99.9,-99.9,8.03,-99.9,3.14,2.35,1.19,32.83,0,0,36
"2026-02-11 01:47:00",1957,6.12,13.01,0,0,2.39,13.95,29493.89,37387.44,23.72,94.77,8.44,1.05,3.93,0.27,0.31,-99.9,-99.9,8.03,-99.9,3.11,2.48,1.19,32.78,0,0,37
"2026-02-11 02:02:00",1958,6.12,13.02,0,0,2.42,13.93,29547.25,37469.29,23.78,94.2,8.39,0.95,3.55,0.24,0.28,-99.9,-99.9,8.03,-99.9,3.1,2.45,1.19,32.78,0,0,38
"2026-02-11 02:17:00",1959,6.12,13.03,0,0,2.42,13.91,29404.2,37303.62,23.66,93.55,8.34,0.85,3.13,0.24,0.28,-99.9,-99.9,8.02,-99.9,3.18,2.47,1.2,32.14,0,0,39
"2026-02-11 02:32:00",1960,6.12,13.02,0,0,2.45,13.9,29572.39,37530.37,23.82,94.22,8.4,0.95,3.55,0.26,0.3,-99.9,-99.9,8.03,-99.9,3.11,2.29,1.2,32.14,0,0,40
"2026-02-11 02:47:00",1961,6.12,13.02,0,0,2.45,13.9,29542.64,37493.87,23.79,93.46,8.33,0.92,3.44,0.26,0.3,-99.9,-99.9,8.02,-99.9,3.11,2.3,1.21,35.59,0,0,41
"2026-02-11 03:02:00",1962,6.12,13.03,0,0,2.5,13.91,29627.11,37586.37,23.86,93.32,8.31,0.87,3.21,0.26,0.3,-99.9,-99.9,8.02,-99.9,3.02,2.28,1.21,35.59,0,0,42
"2026-02-11 03:17:00",1963,6.12,13.02,0,0,2.54,13.9,29511.83,37452,23.76,93.38,8.33,0.77,2.82,0.22,0.25,-99.9,-99.9,8.02,-99.9,3.07,2.32,1.2,33.17,0,0,43
"2026-02-11 03:32:00",1964,6.12,13.02,0,0,2.6,13.88,29434.29,37376.17,23.71,92.11,8.22,0.83,3.06,0.25,0.29,-99.9,-99.9,8.01,-99.9,3.08,2.21,1.2,33.17,0,0,44
"2026-02-11 03:47:00",1965,6.12,13.02,0,0,2.66,13.88,29445.08,37387.45,23.72,93.01,8.3,0.84,3.11,0.25,0.29,-99.9,-99.9,8.02,-99.9,3.15,2.27,1.2,36.17,0,0,45
"2026-02-11 04:02:00",1966,6.12,13.02,0,0,2.72,13.87,29444.14,37391.43,23.72,93.12,8.31,0.85,3.14,0.26,0.29,-99.9,-99.9,8.02,-99.9,3.1,2.23,1.2,36.17,0,0,46
"2026-02-11 04:17:00",1967,6.12,13.02,0,0,2.77,13.87,29460.84,37417.83,23.74,93.59,8.35,0.91,3.37,0.26,0.29,-99.9,-99.9,8.02,-99.9,3.14,2.19,1.2,35.38,0,0,47
"2026-02-11 04:32:00",1968,6.12,13.02,0,0,2.81,13.86,29477.71,37444.05,23.76,93.55,8.35,0.84,3.11,0.25,0.28,-99.9,-99.9,8.03,-99.9,3.09,2.28,1.2,35.38,0,0,48
"2026-02-11 04:47:02",1969,6.12,13.02,0,0,2.85,13.86,29460.66,37423.37,23.74,93.64,8.36,0.89,3.32,0.24,0.28,-99.9,-99.9,8.02,-99.9,3.1,2.34,1.19,36.19,0,0,49
"2026-02-11 05:02:00",1970,6.12,13.02,0,0,2.9,13.85,29420.65,37382.88,23.71,93.03,8.31,0.83,3.06,0.28,0.32,-99.9,-99.9,8.01,-99.9,3.07,2.21,1.19,36.19,0,0,50
"2026-02-11 05:17:00",1971,6.12,13.02,0,0,2.92,13.84,29393.81,37357.59,23.7,92.14,8.23,0.75,2.75,0.21,0.25,-99.9,-99.9,8.01,-99.9,3.14,2.04,1.19,32.9,0,0,51
"2026-02-11 05:32:00",1972,6.12,13.02,0,0,2.96,13.84,29418.95,37386.97,23.72,92.12,8.23,0.79,2.92,0.25,0.29,-99.9,-99.9,8.01,-99.9,3.06,2.16,1.19,32.9,0,0,52
"2026-02-11 05:47:00",1973,6.12,13.01,0,0,2.99,13.82,29387.66,37365.7,23.7,91.42,8.17,0.78,2.86,0.24,0.28,-99.9,-99.9,8,-99.9,3.18,2.25,1.2,36.1,0,0,53
"2026-02-11 06:02:00",1974,6.12,13.02,0,0,3.03,13.83,29412.49,37389.94,23.72,91.66,8.19,0.78,2.87,0.23,0.26,-99.9,-99.9,8,-99.9,3.13,2.17,1.2,36.1,0,0,54
"2026-02-11 06:17:00",1975,6.12,13.02,0,0,3.06,13.85,29478.64,37455.19,23.76,92.01,8.21,0.78,2.88,0.24,0.28,-99.9,-99.9,8.01,-99.9,3.11,2.44,1.2,33.38,0,0,55
"2026-02-11 06:32:00",1976,6.12,13.02,0,0,3.07,13.85,29499.08,37482.28,23.78,91.67,8.18,0.73,2.66,0.22,0.25,-99.9,-99.9,8.01,-99.9,3.09,2.22,1.2,33.38,0,0,56
"2026-02-11 06:47:00",1977,6.13,13.02,0,0,3.06,13.84,29505.69,37502.24,23.8,91.64,8.18,0.75,2.74,0.21,0.25,-99.9,-99.9,8,-99.9,3.13,2.36,1.19,33.03,0,0,57
"2026-02-11 07:02:00",1978,6.12,13.02,0,0,3.07,13.81,29463.57,37473.89,23.78,91.02,8.13,0.69,2.51,0.21,0.25,-99.9,-99.9,8,-99.9,3.13,2.23,1.19,33.03,0,0,58
"2026-02-11 07:17:00",1979,6.12,13.02,0,0,3.05,13.83,29546.04,37555.09,23.83,89.95,8.03,0.55,1.93,0.22,0.26,-99.9,-99.9,7.99,-99.9,3.14,2.25,1.2,32.9,0,0,59
"2026-02-11 07:32:00",1980,6.12,13.02,0,0,3.04,13.81,29463,37473.17,23.78,90.56,8.09,0.63,2.25,0.21,0.25,-99.9,-99.9,7.99,-99.9,3.06,2.29,1.2,32.9,0,0,60
"2026-02-11 07:47:00",1981,6.12,13.02,0,0,3.02,13.84,29587.33,37598.65,23.87,90.4,8.06,0.52,1.81,0.2,0.24,-99.9,-99.9,7.99,-99.9,3.14,2.11,1.2,35.59,0,0,61
"2026-02-11 08:02:00",1982,6.12,13.02,0,0,2.99,13.82,29546.55,37571.74,23.85,90.41,8.07,0.53,1.85,0.22,0.26,-99.9,-99.9,7.99,-99.9,3.07,2.62,1.2,35.59,0,0,62
"2026-02-11 08:17:00",1983,6.12,13.02,0,0,2.94,13.8,29534.34,37567.38,23.84,90.79,8.11,0.54,1.91,0.19,0.23,-99.9,-99.9,7.99,-99.9,3.13,2.34,1.19,33.65,0,0,63
"2026-02-11 08:32:00",1984,6.13,13.02,0,0,2.89,13.8,29526.81,37564.8,23.84,90.52,8.08,0.52,1.83,0.21,0.25,-99.9,-99.9,7.99,-99.9,3.07,2.17,1.19,33.65,0,0,64
"2026-02-11 08:47:00",1985,6.12,13.02,0,0,2.82,13.8,29542.32,37577.51,23.85,90.32,8.06,0.45,1.56,0.17,0.21,-99.9,-99.9,7.99,-99.9,3.13,2.28,1.21,34.95,0,0,65
"2026-02-11 09:02:00",1986,6.12,13.02,0,0,2.73,13.81,29575.29,37618.81,23.88,91.8,8.2,0.48,1.66,0.21,0.24,-99.9,-99.9,8,-99.9,3.02,2.21,1.21,34.95,0,0,66
"2026-02-11 09:17:00",1987,6.12,13.02,0,0,2.67,13.82,29537.63,37555.14,23.83,91.87,8.2,0.45,1.53,0.22,0.26,-99.9,-99.9,7.99,-99.9,3.16,2.1,1.21,32.04,0,0,67
"2026-02-11 09:32:00",1988,6.12,13.02,0,0,2.6,13.83,29519.6,37526.48,23.81,91.83,8.2,0.45,1.54,0.22,0.26,-99.9,-99.9,7.99,-99.9,3.04,2.03,1.21,32.04,0,0,68
"2026-02-11 09:47:00",1989,6.12,13.02,0,0,2.53,13.83,29522.72,37526.18,23.81,93.1,8.31,0.55,1.96,0.26,0.3,-99.9,-99.9,8.01,-99.9,3.08,2.35,1.21,32.79,0,0,69
"2026-02-11 10:02:00",1990,6.12,13.02,0,0,2.44,13.84,29525.01,37527.67,23.82,93.18,8.32,0.52,1.81,0.23,0.27,-99.9,-99.9,8.01,-99.9,3.02,2.45,1.21,32.79,0,0,70
"2026-02-11 10:17:00",1991,6.12,13.02,0,0,2.35,13.86,29517.25,37495.62,23.79,94.49,8.43,0.57,2.01,0.28,0.32,-99.9,-99.9,8.02,-99.9,3.09,2.46,1.2,31.83,0,0,71
"2026-02-11 10:32:00",1992,6.12,13.02,0,0,2.26,13.87,29532.94,37505.21,23.8,94.74,8.45,0.59,2.1,0.22,0.26,-99.9,-99.9,8.02,-99.9,3.03,2.71,1.2,31.83,0,0,72
"2026-02-11 10:47:00",1993,6.12,13.02,0,0,2.17,13.88,29565.52,37538.23,23.82,94.68,8.44,0.61,2.2,0.26,0.3,-99.9,-99.9,8.01,-99.9,3.05,3.08,1.21,32.19,0,0,73
"2026-02-11 11:02:00",1994,6.12,13.02,0,0,2.06,13.89,29584.43,37553.78,23.83,94.61,8.43,0.64,2.3,0.25,0.28,-99.9,-99.9,8.01,-99.9,3.01,3.58,1.21,32.19,0,0,74
"2026-02-11 11:17:00",1995,6.13,13.02,0,0,1.99,13.92,29617.1,37566.22,23.84,95.01,8.46,0.66,2.4,0.25,0.28,-99.9,-99.9,8.01,-99.9,3,3.94,1.2,31.89,0,0,75
"2026-02-11 11:32:00",1996,6.12,13.02,0,0,1.93,13.94,29637.3,37574.47,23.85,94.97,8.46,0.63,2.27,0.27,0.31,-99.9,-99.9,8.02,-99.9,2.97,3.9,1.2,31.89,0,0,76
"2026-02-11 11:47:00",1997,6.12,13.02,0,0,1.82,13.97,29697.13,37622.7,23.88,94.95,8.45,0.61,2.19,0.25,0.28,-99.9,-99.9,8.01,-99.9,2.98,4.1,1.19,32.75,0,0,77
"2026-02-11 12:02:00",1998,6.12,13.02,0,0,1.77,13.97,29708.91,37636.92,23.89,94.75,8.43,0.63,2.27,0.28,0.31,-99.9,-99.9,8.01,-99.9,2.97,4.33,1.19,32.75,0,0,78
"2026-02-11 12:17:00",1999,6.12,13.02,0,0,1.69,13.96,29755.03,37709.86,23.95,93.63,8.33,0.53,1.88,0.25,0.29,-99.9,-99.9,8,-99.9,2.98,4.14,1.2,36.15,0,0,79
"2026-02-11 12:32:00",2000,6.12,13.02,0,0,1.65,13.92,29723.81,37702.51,23.94,93.8,8.35,0.6,2.13,0.23,0.26,-99.9,-99.9,8,-99.9,2.98,3.39,1.2,36.15,0,0,80
"2026-02-11 12:47:00",2001,6.12,13.01,0,0,1.59,13.94,29701.96,37658.65,23.91,94.04,8.37,0.83,3.05,0.28,0.32,-99.9,-99.9,8,-99.9,2.97,3.76,1.19,32.78,0,0,81
"2026-02-11 13:02:00",2002,6.12,13.03,0,0,1.55,13.91,29835.08,37852.9,24.04,92.4,8.22,0.56,1.99,0.21,0.25,-99.9,-99.9,7.99,-99.9,2.91,4.14,1.19,32.78,0,0,82
"2026-02-11 13:17:00",2003,6.12,13.02,0,0,1.5,13.95,29783.77,37752.15,23.98,94.1,8.37,0.69,2.49,0.21,0.25,-99.9,-99.9,8,-99.9,2.95,4.17,1.2,35.17,0,0,83
"2026-02-11 13:32:00",2004,6.12,13.02,0,0,1.47,14.02,29806.48,37716.18,23.95,94.31,8.38,0.65,2.36,0.24,0.27,-99.9,-99.9,8,-99.9,2.93,4.56,1.2,35.17,0,0,84
"2026-02-11 13:47:00",2005,6.13,13.02,0,0,1.45,14.03,29772.41,37662.58,23.91,95.19,8.46,0.71,2.6,0.24,0.28,-99.9,-99.9,8.01,-99.9,2.88,4.36,1.2,33.04,0,0,85
"2026-02-11 14:02:00",2006,6.12,13.02,0,0,1.45,14.06,29730.61,37586.42,23.86,95.42,8.47,0.71,2.6,0.24,0.28,-99.9,-99.9,8.01,-99.9,3,4.68,1.2,33.04,0,0,86
"2026-02-11 14:17:00",2007,6.12,13.02,0,0,1.44,14.03,29761.43,37653,23.91,95.34,8.47,0.71,2.57,0.24,0.28,-99.9,-99.9,8.01,-99.9,2.95,4.43,1.2,35.67,0,0,87
"2026-02-11 14:32:00",2008,6.12,13.02,0,0,1.44,14,29806.09,37737.57,23.97,93.66,8.32,0.58,2.06,0.23,0.27,-99.9,-99.9,7.99,-99.9,2.92,3.83,1.2,35.67,0,0,88
"2026-02-11 14:47:00",2009,6.12,13.02,0,0,1.46,13.97,29826.45,37782.67,24,92.74,8.24,0.48,1.64,0.21,0.25,-99.9,-99.9,7.99,-99.9,2.93,3.31,1.2,33.25,0,0,89
"2026-02-11 15:02:00",2010,6.12,13.02,0,0,1.45,13.97,29831.81,37791.16,24,92.87,8.26,0.57,2.03,0.22,0.26,-99.9,-99.9,7.99,-99.9,2.97,3.93,1.2,33.25,0,0,90
"2026-02-11 15:17:00",2011,6.12,13.02,0,0,1.47,13.98,29841.41,37793.66,24,93.32,8.29,0.6,2.13,0.21,0.25,-99.9,-99.9,7.99,-99.9,2.81,3.6,1.2,34.91,0,0,91
"2026-02-11 15:32:00",2012,6.12,13.02,0,0,1.51,13.95,29756.66,37717.56,23.95,89.44,7.96,0.37,1.21,0.21,0.25,-99.9,-99.9,7.97,-99.9,2.96,2.91,1.2,34.91,0,0,92
"2026-02-11 15:47:00",2013,6.12,13.02,0,0,1.55,13.95,29701.07,37650.39,23.9,90.49,8.05,0.31,0.99,0.2,0.24,-99.9,-99.9,7.98,-99.9,3,2.46,1.2,32.66,0,0,93
"2026-02-11 16:02:00",2014,6.12,13.02,0,0,1.59,13.94,29752.51,37718.4,23.95,90.42,8.05,0.34,1.11,0.18,0.22,-99.9,-99.9,7.97,-99.9,3,2.6,1.2,32.66,0,0,94
"2026-02-11 16:17:00",2015,6.12,13.02,0,0,1.64,13.96,29831.62,37801.61,24.01,91.18,8.11,0.39,1.31,0.22,0.25,-99.9,-99.9,7.98,-99.9,2.93,3.07,1.19,32.66,0,0,95
"2026-02-11 16:32:00",2016,6.12,13.02,0,0,1.69,13.9,29712.19,37701.76,23.94,88.11,7.85,0.23,0.65,0.19,0.23,-99.9,-99.9,7.96,-99.9,3.05,1.96,1.2,32.66,0,0,96
"2026-02-11 16:47:00",2017,6.12,13.02,0,0,1.75,13.89,29667.61,37657.55,23.91,88.55,7.89,0.26,0.78,0.19,0.23,-99.9,-99.9,7.97,-99.9,3.06,1.73,1.2,31.86,0,0,97
"2026-02-11 17:02:00",2018,6.12,13.02,0,0,1.81,13.9,29639.49,37616.55,23.88,89.91,8.01,0.28,0.86,0.16,0.2,-99.9,-99.9,7.98,-99.9,3.03,1.36,1.2,31.86,0,0,98
"2026-02-11 17:17:00",2019,6.12,13.02,0,0,1.86,13.9,29740.2,37739.2,23.97,89.75,7.99,0.38,1.24,0.18,0.22,-99.9,-99.9,7.97,-99.9,3.01,1.92,1.2,36.11,0,0,99
"2026-02-11 17:32:00",2020,6.12,13.02,0,0,1.93,13.91,29740.36,37736.95,23.96,90.93,8.1,0.48,1.68,0.21,0.25,-99.9,-99.9,7.98,-99.9,2.91,1.71,1.2,36.11,0,0,100
"2026-02-11 17:47:00",2021,6.12,13.02,0,0,1.99,13.89,29701.85,37698.2,23.94,92.16,8.21,0.49,1.72,0.21,0.24,-99.9,-99.9,7.99,-99.9,2.98,1.75,1.21,33.03,0,0,101
"2026-02-11 18:02:00",2022,6.12,13.02,0,0,2.06,13.89,29697.85,37697.31,23.94,92.87,8.27,0.54,1.92,0.23,0.27,-99.9,-99.9,7.99,-99.9,2.94,1.64,1.21,33.03,0,0,102
"2026-02-11 18:17:00",2023,6.12,13.02,0,0,2.11,13.89,29566.01,37531.66,23.82,92.21,8.22,0.64,2.29,0.25,0.29,-99.9,-99.9,7.99,-99.9,3.03,2.45,1.2,31.95,0,0,103
"2026-02-11 18:32:00",2024,6.12,13.02,0,0,2.17,13.86,29255.67,37165.58,23.56,93.13,8.32,0.94,3.52,0.27,0.3,-99.9,-99.9,8.01,-99.9,3.15,3.23,1.2,31.95,0,0,104
"2026-02-11 18:47:00",2025,6.12,13.02,0,0,2.22,13.81,28729.01,36540.71,23.13,94.18,8.45,0.98,3.66,0.28,0.31,-99.9,-99.9,8.05,-99.9,3.37,3.09,1.19,33.58,0,0,105
"2026-02-11 19:02:00",2026,6.12,13.02,0,0,2.28,13.82,28634.61,36408.2,23.03,94.22,8.45,0.89,3.3,0.25,0.28,-99.9,-99.9,8.05,-99.9,3.39,2.51,1.19,33.58,0,0,106
"2026-02-11 19:17:00",2027,6.12,13.02,0,0,2.33,13.87,29240.11,37134.41,23.54,93.54,8.36,0.8,2.94,0.26,0.3,-99.9,-99.9,8.01,-99.9,3.21,2.85,1.2,36.1,0,0,107
"2026-02-11 19:32:00",2028,6.12,13.02,0,0,2.4,13.85,29015.22,36868.44,23.36,92.5,8.28,0.66,2.39,0.25,0.29,-99.9,-99.9,8.02,-99.9,3.23,2.25,1.2,36.1,0,0,108
"2026-02-11 19:47:00",2029,6.12,13.02,0,0,2.43,13.87,29288,37197.23,23.59,94.33,8.43,0.87,3.22,0.25,0.28,-99.9,-99.9,8.03,-99.9,3.17,3.26,1.2,32.4,0,0,109
"2026-02-11 20:02:00",2030,6.12,13.02,0,0,2.48,13.86,29203.25,37093.68,23.51,94.51,8.45,0.83,3.05,0.22,0.25,-99.9,-99.9,8.03,-99.9,3.15,3.18,1.2,32.4,0,0,110
"2026-02-11 20:17:00",2031,6.12,13.02,0,0,2.52,13.86,29166.63,37050.03,23.48,93.19,8.33,0.82,3.02,0.28,0.31,-99.9,-99.9,8.02,-99.9,3.23,3.06,1.2,32.51,0,0,111
"2026-02-11 20:32:00",2032,6.12,13.02,0,0,2.54,13.85,29004.25,36855.14,23.35,92.28,8.26,0.75,2.74,0.24,0.28,-99.9,-99.9,8.02,-99.9,3.27,2.72,1.2,32.51,0,0,112
"2026-02-11 20:47:00",2033,6.12,13.02,0,0,2.58,13.85,28884.1,36701.76,23.24,93.8,8.4,0.86,3.17,0.27,0.31,-99.9,-99.9,8.04,-99.9,3.31,2.8,1.19,32.87,0,0,113
"2026-02-11 21:02:00",2034,6.12,13.02,0,0,2.59,13.84,28876.78,36700.18,23.24,90.67,8.12,0.7,2.55,0.19,0.23,-99.9,-99.9,8.02,-99.9,3.28,2.37,1.19,32.87,0,0,114
"2026-02-11 21:17:00",2035,6.12,13.02,0,0,2.63,13.86,29188.78,37076.01,23.5,91.03,8.14,0.46,1.59,0.2,0.24,-99.9,-99.9,8,-99.9,3.29,2.64,1.19,32.88,0,0,115
"2026-02-11 21:32:00",2036,6.12,13.02,0,0,2.64,13.75,28584.48,36408.07,23.03,94.6,8.5,0.97,3.64,0.27,0.3,-99.9,-99.9,8.05,-99.9,3.39,2.7,1.19,32.88,0,0,116
"2026-02-11 21:47:00",2037,6.13,13.02,0,0,2.63,13.83,29404.86,37375.42,23.71,94.51,8.44,0.75,2.74,0.26,0.3,-99.9,-99.9,8.01,-99.9,3.13,2.79,1.2,35.89,0,0,117
"2026-02-11 22:02:00",2038,6.12,13.02,0,0,2.64,13.85,29503.82,37485.2,23.79,94.46,8.43,0.84,3.11,0.26,0.3,-99.9,-99.9,8.01,-99.9,3.02,2.91,1.2,35.89,0,0,118
"2026-02-11 22:17:00",2039,6.12,13.02,0,0,2.63,13.86,29544.34,37532.79,23.82,94.42,8.42,0.9,3.34,0.26,0.29,-99.9,-99.9,8.01,-99.9,3.02,2.95,1.2,33.36,0,0,119
"2026-02-11 22:32:00",2040,6.13,13.02,0,0,2.62,13.86,29541.98,37528.98,23.82,93.99,8.38,0.97,3.64,0.29,0.33,-99.9,-99.9,8.01,-99.9,2.95,2.93,1.2,33.36,0,0,120
"2026-02-11 22:47:00",2041,6.12,13.02,0,0,2.6,13.86,29548.29,37537.06,23.82,94.43,8.42,1.02,3.83,0.29,0.33,-99.9,-99.9,8.01,-99.9,3.02,3.56,1.19,32.78,0,0,121
"2026-02-11 23:02:00",2042,6.12,13.02,0,0,2.61,13.86,29586.53,37585.76,23.86,93.88,8.37,0.88,3.25,0.25,0.29,-99.9,-99.9,8.01,-99.9,2.93,2.92,1.19,32.78,0,0,122
"2026-02-11 23:17:00",2043,6.12,13.02,0,0,2.58,13.86,29596.3,37596.83,23.86,94.15,8.4,0.96,3.59,0.29,0.33,-99.9,-99.9,8.01,-99.9,3.01,3.25,1.2,32.51,0,0,123
"2026-02-11 23:32:00",2044,6.12,13.02,0,0,2.57,13.86,29540.83,37526.68,23.82,94.41,8.42,0.97,3.64,0.25,0.29,-99.9,-99.9,8.02,-99.9,2.93,3.19,1.2,32.51,0,0,124
"2026-02-11 23:47:00",2045,6.12,13.02,0,0,2.55,13.86,29575.73,37573.54,23.85,93.95,8.38,0.95,3.54,0.3,0.33,-99.9,-99.9,8.01,-99.9,2.95,3.24,1.2,35.34,0,0,125
"2026-02-12 00:02:00",2046,6.12,13.02,0,0,2.52,13.85,29563.11,37558.74,23.84,93.37,8.33,0.88,3.25,0.26,0.29,-99.9,-99.9,8.01,-99.9,2.9,3.13,1.2,35.34,0,0,126
"2026-02-12 00:17:00",2047,6.13,13.02,0,0,2.48,13.81,29294.54,37258.38,23.63,92.67,8.29,0.83,3.08,0.26,0.29,-99.9,-99.9,8.02,-99.9,3.17,2.84,1.2,32.84,0,0,127
"2026-02-12 00:32:00",2048,6.12,13.02,0,0,2.47,13.85,29434.86,37401.9,23.73,91.66,8.18,0.53,1.87,0.18,0.21,-99.9,-99.9,8,-99.9,2.97,2.23,1.2,32.84,0,0,128
"2026-02-12 00:47:00",2049,6.12,13.02,0,0,2.43,13.77,29170.7,37135.1,23.54,92.9,8.32,0.77,2.82,0.24,0.28,-99.9,-99.9,8.02,-99.9,3.21,2.58,1.19,32.63,0,0,129
"2026-02-12 01:02:00",2050,6.12,13.02,0,0,2.42,13.85,29409.94,37364.51,23.7,92.03,8.22,0.54,1.92,0.2,0.24,-99.9,-99.9,8,-99.9,2.94,2.16,1.19,32.63,0,0,130
"2026-02-12 01:17:00",2051,6.12,13.02,0,0,2.41,13.84,29366.75,37321.69,23.67,91.44,8.17,0.56,1.98,0.21,0.25,-99.9,-99.9,8,-99.9,3.05,2.14,1.19,32.85,0,0,131
"2026-02-12 01:32:00",2052,6.12,13.02,0,0,2.39,13.86,29492.38,37462.5,23.77,91.03,8.12,0.49,1.72,0.17,0.21,-99.9,-99.9,7.99,-99.9,3.06,2.02,1.19,32.85,0,0,132
"2026-02-12 01:47:00",2053,6.12,13.01,0,0,2.4,13.87,29533.43,37506.96,23.8,90.12,8.04,0.33,1.06,0.18,0.22,-99.9,-99.9,7.99,-99.9,2.99,1.86,1.2,35.38,0,0,133
"2026-02-12 02:02:00",2054,6.12,13.02,0,0,2.39,13.86,29559.05,37545.92,23.83,90.76,8.1,0.33,1.07,0.17,0.2,-99.9,-99.9,7.99,-99.9,2.93,1.99,1.2,35.38,0,0,134
"2026-02-12 02:17:00",2055,6.12,13.02,0,0,2.38,13.86,29556.03,37544.06,23.83,89.98,8.03,0.27,0.82,0.18,0.21,-99.9,-99.9,7.98,-99.9,3.02,1.57,1.2,33,0,0,135
"2026-02-12 02:32:00",2056,6.12,13.02,0,0,2.39,13.86,29562.67,37552.31,23.83,89.51,7.98,0.33,1.08,0.17,0.2,-99.9,-99.9,7.98,-99.9,2.99,1.68,1.2,33,0,0,136
"2026-02-12 02:47:00",2057,6.12,13.02,0,0,2.41,13.87,29588.59,37578.77,23.85,89.79,8.01,0.32,1.02,0.17,0.21,-99.9,-99.9,7.98,-99.9,2.99,1.61,1.19,32.52,0,0,137
"2026-02-12 03:02:00",2058,6.12,13.02,0,0,2.42,13.87,29540.35,37515.05,23.81,88.68,7.91,0.27,0.84,0.17,0.2,-99.9,-99.9,7.97,-99.9,3.01,1.83,1.19,32.52,0,0,138
"2026-02-12 03:17:00",2059,6.12,13.02,0,0,2.44,13.87,29561.18,37544.05,23.83,88.04,7.85,0.25,0.73,0.17,0.21,-99.9,-99.9,7.97,-99.9,2.96,1.88,1.2,32.29,0,0,139
"2026-02-12 03:32:00",2060,6.13,13.02,0,0,2.47,13.87,29579.68,37566.35,23.84,89.2,7.95,0.27,0.83,0.16,0.2,-99.9,-99.9,7.98,-99.9,2.86,1.36,1.2,32.29,0,0,140
"2026-02-12 03:47:00",2061,6.12,13.02,0,0,2.5,13.87,29573.34,37557.34,23.84,87.32,7.79,0.25,0.73,0.17,0.2,-99.9,-99.9,7.97,-99.9,2.86,1.38,1.2,36.68,0,0,141
"2026-02-12 04:02:00",2062,6.13,13.02,0,0,2.54,13.87,29582.34,37570.1,23.85,89.16,7.95,0.31,1,0.18,0.21,-99.9,-99.9,7.98,-99.9,2.97,1.67,1.2,36.68,0,0,142
"2026-02-12 04:17:00",2063,6.12,13.02,0,0,2.58,13.87,29582.76,37568.26,23.84,88.35,7.88,0.36,1.19,0.2,0.23,-99.9,-99.9,7.97,-99.9,3.01,1.77,1.2,32.5,0,0,143
"2026-02-12 04:32:00",2064,6.12,13.02,0,0,2.63,13.87,29575.6,37557.73,23.84,87.06,7.76,0.25,0.75,0.16,0.2,-99.9,-99.9,7.96,-99.9,2.79,1.53,1.2,32.5,0,0,144
"2026-02-12 04:47:00",2065,6.12,13.02,0,0,2.67,13.88,29568.55,37542.04,23.83,87.6,7.81,0.28,0.86,0.18,0.21,-99.9,-99.9,7.97,-99.9,2.87,1.46,1.2,36.17,0,0,145
"2026-02-12 05:02:00",2066,6.12,13.02,0,0,2.71,13.88,29554.99,37522.52,23.81,86.41,7.71,0.19,0.52,0.17,0.21,-99.9,-99.9,7.96,-99.9,2.92,1.44,1.2,36.17,0,0,146
"2026-02-12 05:17:00",2067,6.12,13.02,0,0,2.76,13.88,29553.99,37520.15,23.81,87.32,7.79,0.18,0.48,0.15,0.19,-99.9,-99.9,7.97,-99.9,3.07,1.35,1.19,33.41,0,0,147
"2026-02-12 05:32:00",2068,6.12,13.02,0,0,2.81,13.87,29576.93,37557.48,23.84,87.8,7.83,0.23,0.68,0.17,0.21,-99.9,-99.9,7.97,-99.9,2.94,1.37,1.19,33.41,0,0,148
"2026-02-12 05:47:00",2069,6.12,13.02,0,0,2.86,13.88,29574.11,37551.66,23.83,87.78,7.83,0.23,0.67,0.17,0.21,-99.9,-99.9,7.97,-99.9,2.81,1.41,1.2,35.15,0,0,149
"2026-02-12 06:02:00",2070,6.12,13.01,0,0,2.91,13.87,29568.49,37547.08,23.83,89.15,7.95,0.31,0.98,0.17,0.21,-99.9,-99.9,7.97,-99.9,2.96,1.71,1.2,35.15,0,0,150
"2026-02-12 06:17:00",2071,6.12,13.02,0,0,2.96,13.86,29562.56,37555.5,23.84,88.56,7.9,0.4,1.34,0.2,0.23,-99.9,-99.9,7.98,-99.9,3.07,2.34,1.2,32.94,0,0,151
"2026-02-12 06:32:00",2072,6.12,13.02,0,0,2.99,13.79,29575.66,37631.15,23.89,90.99,8.12,0.57,2.04,0.23,0.27,-99.9,-99.9,7.99,-99.9,2.93,5.81,1.2,32.94,0,0,152
"2026-02-12 06:47:00",2073,6.12,13.02,0,0,3.01,13.79,29480.77,37513.82,23.8,89.76,8.02,0.46,1.58,0.2,0.24,-99.9,-99.9,7.98,-99.9,3.07,4.01,1.2,32.18,0,0,153
"2026-02-12 07:02:00",2074,6.12,13.02,0,0,3.05,13.79,29509.87,37550.11,23.83,90.92,8.12,0.56,1.99,0.25,0.29,-99.9,-99.9,7.99,-99.9,2.91,3.27,1.2,32.18,0,0,154
"2026-02-12 07:17:00",2075,6.12,13.02,0,0,3.06,13.77,29469.65,37513.6,23.8,90.92,8.13,0.47,1.62,0.23,0.27,-99.9,-99.9,7.99,-99.9,3.08,2.99,1.19,32.77,0,0,155
"2026-02-12 07:32:00",2076,6.12,13.02,0,0,3.09,13.78,29465.43,37500.27,23.8,89.74,8.02,0.44,1.51,0.18,0.21,-99.9,-99.9,7.99,-99.9,2.98,2.42,1.19,32.77,0,0,156
"2026-02-12 07:47:00",2077,6.12,13.02,0,0,3.09,13.78,29517.03,37565.38,23.84,90.26,8.06,0.43,1.47,0.2,0.24,-99.9,-99.9,7.99,-99.9,3.07,3.01,1.19,32.71,0,0,157
"2026-02-12 08:02:00",2078,6.12,13.02,0,0,3.11,13.78,29483.29,37525.81,23.81,90.55,8.09,0.43,1.45,0.24,0.27,-99.9,-99.9,7.99,-99.9,2.97,2.5,1.19,32.71,0,0,158
"2026-02-12 08:17:00",2079,6.13,13.02,0,0,3.09,13.74,29402.97,37455.79,23.76,88.22,7.89,0.32,1.03,0.2,0.23,-99.9,-99.9,7.97,-99.9,3.17,2.22,1.2,32.97,0,0,159
"2026-02-12 08:32:00",2080,6.12,13.02,0,0,3.07,13.76,29517.64,37587.54,23.86,89.5,8,0.39,1.3,0.2,0.24,-99.9,-99.9,7.98,-99.9,3,3.14,1.2,32.97,0,0,160
"2026-02-12 08:47:00",2081,6.12,13.02,0,0,3.02,13.76,29500.54,37567.01,23.84,89.53,8,0.35,1.16,0.21,0.24,-99.9,-99.9,7.98,-99.9,3.09,2.76,1.21,33.1,0,0,161
"2026-02-12 09:02:00",2082,6.12,13.02,0,0,2.98,13.75,29491.77,37567.55,23.84,89.58,8.01,0.4,1.34,0.17,0.21,-99.9,-99.9,7.98,-99.9,3.07,2.51,1.21,33.1,0,0,162
"2026-02-12 09:17:00",2083,6.12,13.01,0,0,2.94,13.71,29416.32,37507.27,23.8,90.58,8.11,0.42,1.41,0.23,0.27,-99.9,-99.9,7.99,-99.9,3.12,2.37,1.2,32.22,0,0,163
"2026-02-12 09:32:00",2084,6.12,13.02,0,0,2.88,13.72,29426.02,37508.74,23.8,90.07,8.06,0.4,1.33,0.19,0.23,-99.9,-99.9,7.99,-99.9,3.09,2.48,1.2,32.22,0,0,164
"2026-02-12 09:47:00",2085,6.12,13.02,0,0,2.8,13.7,29394.03,37483.35,23.78,90.29,8.08,0.44,1.5,0.2,0.23,-99.9,-99.9,7.99,-99.9,3.11,2.19,1.19,32.57,0,0,165
"2026-02-12 10:02:00",2086,6.13,13.02,0,0,2.73,13.7,29385.16,37471.29,23.77,90.21,8.08,0.4,1.36,0.21,0.25,-99.9,-99.9,7.99,-99.9,3.11,2.32,1.19,32.57,0,0,166
"2026-02-12 10:17:00",2087,6.13,13.02,0,0,2.64,13.67,29270.17,37355.1,23.69,92.05,8.25,0.58,2.05,0.24,0.27,-99.9,-99.9,8.01,-99.9,3.13,2.22,1.2,32.36,0,0,167
"2026-02-12 10:32:00",2088,6.12,13.02,0,0,2.54,13.7,29335.43,37408.22,23.73,92.15,8.25,0.44,1.49,0.21,0.25,-99.9,-99.9,8.01,-99.9,3.03,2.08,1.2,32.36,0,0,168
"2026-02-12 10:47:00",2089,6.12,13.02,0,0,2.46,13.73,29450.56,37526.16,23.81,90.84,8.12,0.44,1.49,0.21,0.25,-99.9,-99.9,7.99,-99.9,3.09,2.36,1.2,35.97,0,0,169
"2026-02-12 11:02:00",2090,6.12,13.02,0,0,2.36,13.74,29443.59,37512.56,23.8,90.91,8.13,0.43,1.48,0.22,0.26,-99.9,-99.9,7.99,-99.9,2.99,2.55,1.2,35.97,0,0,170
"2026-02-12 11:17:00",2091,6.12,13.01,0,0,2.28,13.71,29331.52,37395.76,23.72,93.68,8.39,0.56,1.99,0.24,0.28,-99.9,-99.9,8.02,-99.9,3.19,2.2,1.2,33.24,0,0,171
"2026-02-12 11:32:00",2092,6.12,13.02,0,0,2.16,13.72,29180.75,37191.1,23.58,94.21,8.44,0.54,1.91,0.27,0.31,-99.9,-99.9,8.04,-99.9,3.2,2.14,1.2,33.24,0,0,172
"2026-02-12 11:47:00",2093,6.13,13.02,0,0,2.07,13.9,28928.71,36714.67,23.25,96.17,8.6,0.58,2.06,0.27,0.3,-99.9,-99.9,8.08,-99.9,3.2,2.14,1.2,32.22,0,0,173
"2026-02-12 12:02:00",2094,6.13,13.02,0,0,1.95,13.86,29073.74,36931.1,23.4,100.83,9.02,0.43,1.45,0.22,0.26,-99.9,-99.9,8.09,-99.9,3.12,2.04,1.2,32.22,0,0,174
"2026-02-12 12:17:00",2095,6.12,13.02,0,0,1.86,13.97,28874.06,36584.72,23.16,100.93,9.02,0.6,2.14,0.19,0.23,-99.9,-99.9,8.1,-99.9,3.22,2.22,1.2,35.72,0,0,175
"2026-02-12 12:32:00",2096,6.12,13.02,0,0,1.78,13.83,28923.85,36766.25,23.28,100,8.96,0.55,1.96,0.25,0.29,-99.9,-99.9,8.12,-99.9,3.23,2.69,1.2,35.72,0,0,176
"2026-02-12 12:47:00",2097,6.12,13.02,0,0,1.68,13.79,29087.73,37009.29,23.45,99.83,8.94,0.56,2,0.22,0.26,-99.9,-99.9,8.07,-99.9,3.23,2.79,1.21,33.03,0,0,177
"2026-02-12 13:02:00",2098,6.12,13.02,0,0,1.63,13.7,29068.11,37071.14,23.49,97.37,8.73,0.64,2.31,0.25,0.29,-99.9,-99.9,8.06,-99.9,3.23,2.62,1.21,33.03,0,0,178
"2026-02-12 13:17:00",2099,6.12,13.02,0,0,1.58,13.88,29127.75,36985.71,23.44,98.02,8.76,0.73,2.65,0.26,0.29,-99.9,-99.9,8.07,-99.9,3.22,2.88,1.19,32.6,0,0,179
"2026-02-12 13:32:00",2100,6.12,13.02,0,0,1.51,13.9,29076.43,36900.41,23.38,100.43,8.98,0.67,2.43,0.24,0.28,-99.9,-99.9,8.09,-99.9,3.17,2.42,1.19,32.6,0,0,180
"2026-02-12 13:47:00",2101,6.12,13.02,0,0,1.44,13.84,29073.65,36954.04,23.42,98.68,8.83,0.6,2.14,0.25,0.28,-99.9,-99.9,8.07,-99.9,3.21,2.24,1.2,32.51,0,0,181
"2026-02-12 14:02:00",2102,6.13,13.02,0,0,1.39,13.97,29062.48,36816.59,23.32,102.58,9.16,0.76,2.77,0.27,0.3,-99.9,-99.9,8.11,-99.9,3.23,2.67,1.2,32.51,0,0,182
"2026-02-12 14:17:00",2103,6.12,13.02,0,0,1.35,14.11,29191.92,36859.84,23.35,102.07,9.08,0.81,3,0.28,0.32,-99.9,-99.9,8.1,-99.9,3.13,2.79,1.2,35.62,0,0,183
"2026-02-12 14:32:00",2104,6.12,13.02,0,0,1.32,14.19,29198.76,36793.39,23.31,103.18,9.17,0.78,2.87,0.27,0.31,-99.9,-99.9,8.11,-99.9,3.15,2.78,1.2,35.62,0,0,184
"2026-02-12 14:47:00",2105,6.12,13.02,0,0,1.31,14.27,29268.72,36809.83,23.32,100.88,8.95,0.96,3.59,0.29,0.33,-99.9,-99.9,8.09,-99.9,3.12,2.54,1.19,32.49,0,0,185
"2026-02-12 15:02:00",2106,6.12,13.03,0,0,1.29,14.3,29282.87,36806.08,23.32,101.3,8.98,0.86,3.17,0.28,0.31,-99.9,-99.9,8.09,-99.9,3.13,2.45,1.19,32.49,0,0,186
"2026-02-12 15:17:00",2107,6.12,13.02,0,0,1.3,14.34,29295.79,36787.18,23.31,101.59,9,0.88,3.25,0.26,0.3,-99.9,-99.9,8.09,-99.9,3.14,2.53,1.21,35.88,0,0,187
"2026-02-12 15:32:00",2108,6.12,13.02,0,0,1.3,14.32,29279.54,36780.56,23.3,103.03,9.13,0.72,2.62,0.22,0.25,-99.9,-99.9,8.1,-99.9,3.05,2.4,1.21,35.88,0,0,188
"2026-02-12 15:47:00",2109,6.12,13.03,0,0,1.31,14.59,29408.05,36710.61,23.26,104.4,9.21,0.95,3.53,0.26,0.3,-99.9,-99.9,8.11,-99.9,3.08,2.53,1.2,31.62,0,0,189
"2026-02-12 16:02:00",2110,6.12,13.03,0,0,1.34,14.5,29369.7,36740.09,23.28,108.37,9.57,0.66,2.39,0.26,0.3,-99.9,-99.9,8.14,-99.9,3.06,3.11,1.2,31.62,0,0,190
"2026-02-12 16:17:00",2111,6.12,13.03,0,0,1.38,14.37,29263.51,36721.13,23.26,103.94,9.21,0.8,2.95,0.25,0.29,-99.9,-99.9,8.11,-99.9,3.15,2.78,1.19,32.51,0,0,191
"2026-02-12 16:32:00",2112,6.12,13.02,0,0,1.41,14.4,29280.17,36712.6,23.26,104.04,9.21,0.82,3.02,0.27,0.31,-99.9,-99.9,8.12,-99.9,3.04,2.88,1.19,32.51,0,0,192
"2026-02-12 16:47:00",2113,6.12,13.03,0,0,1.47,14.46,29291.99,36676.63,23.23,105.22,9.3,0.77,2.84,0.23,0.26,-99.9,-99.9,8.13,-99.9,3.11,3.09,1.19,31.52,0,0,193
"2026-02-12 17:02:00",2114,6.12,13.02,0,0,1.52,14.56,29273.24,36566.51,23.16,104.91,9.26,0.91,3.39,0.24,0.27,-99.9,-99.9,8.12,-99.9,3.1,2.9,1.19,31.52,0,0,194
"2026-02-12 17:17:00",2115,6.12,13.03,0,0,1.57,14.57,29262.93,36538.44,23.14,104.99,9.27,0.99,3.71,0.26,0.3,-99.9,-99.9,8.13,-99.9,3.1,2.67,1.19,31.59,0,0,195
"2026-02-12 17:32:00",2116,6.12,13.02,0,0,1.66,14.51,29281.72,36620.64,23.19,106.45,9.41,0.95,3.56,0.25,0.29,-99.9,-99.9,8.13,-99.9,3.07,2.94,1.19,31.59,0,0,196
"2026-02-12 17:47:00",2117,6.12,13.03,0,0,1.71,14.46,29280.45,36659.75,23.22,106.23,9.39,0.81,2.98,0.24,0.27,-99.9,-99.9,8.13,-99.9,3.15,2.78,1.2,35.64,0,0,197
"2026-02-12 18:02:00",2118,6.13,13.03,0,0,1.78,14.55,29278.88,36583.71,23.17,109.38,9.66,0.91,3.37,0.25,0.29,-99.9,-99.9,8.15,-99.9,3.12,3.08,1.2,35.64,0,0,198
"2026-02-12 18:17:00",2119,6.12,13.03,0,0,1.86,14.38,28848.83,36193.18,22.89,103.27,9.17,1.05,3.96,0.26,0.3,-99.9,-99.9,8.15,-99.9,3.3,2.62,1.21,32.16,0,0,199
"2026-02-12 18:32:02",2120,6.13,13.03,0,0,1.93,14.25,28510.81,35879.76,22.67,98.82,8.81,1,3.74,0.26,0.3,-99.9,-99.9,8.16,-99.9,3.43,2.43,1.21,32.16,0,0,200
"2026-02-12 18:47:00",2121,6.12,13.03,0,0,2,14.2,28314.11,35671.19,22.53,98.38,8.78,0.84,3.09,0.26,0.29,-99.9,-99.9,8.17,-99.9,3.63,2.51,1.2,31.84,0,0,201
"2026-02-12 19:02:00",2122,6.12,13.03,0,0,2.08,14.19,28256.16,35611.18,22.49,97.87,8.74,0.86,3.19,0.25,0.29,-99.9,-99.9,8.17,-99.9,3.66,2.44,1.2,31.84,0,0,202
"2026-02-12 19:17:00",2123,6.12,13.03,0,0,2.17,14.18,28226.01,35578.81,22.46,97.85,8.74,0.85,3.14,0.23,0.26,-99.9,-99.9,8.17,-99.9,3.7,2.56,1.2,32.3,0,0,203
"2026-02-12 19:32:00",2124,6.12,13.03,0,0,2.22,14.18,28222.79,35571.21,22.46,96.42,8.62,0.82,3.03,0.23,0.27,-99.9,-99.9,8.17,-99.9,3.59,2.53,1.2,32.3,0,0,204
"2026-02-12 19:47:00",2125,6.13,13.03,0,0,2.3,14.17,28208.07,35567.43,22.45,97.56,8.72,1.08,4.06,0.28,0.32,-99.9,-99.9,8.17,-99.9,3.54,2.46,1.19,32.19,0,0,205
"2026-02-12 20:02:00",2126,6.12,13.02,0,0,2.36,14.17,28218.39,35573.74,22.46,93.23,8.33,0.85,3.15,0.24,0.27,-99.9,-99.9,8.16,-99.9,3.61,2.38,1.19,32.19,0,0,206
"2026-02-12 20:17:00",2127,6.12,13.03,0,0,2.43,14.16,28196.15,35558.04,22.45,96.31,8.61,0.76,2.79,0.21,0.25,-99.9,-99.9,8.16,-99.9,3.56,2.3,1.2,31.56,0,0,207
"2026-02-12 20:32:00",2128,6.12,13.03,0,0,2.48,14.16,28187.03,35549.78,22.44,96.67,8.64,0.69,2.52,0.24,0.28,-99.9,-99.9,8.16,-99.9,3.74,2.36,1.2,31.56,0,0,208
"2026-02-12 20:47:00",2129,6.12,13.02,0,0,2.53,14.2,28327.82,35690.68,22.54,98.05,8.75,0.89,3.28,0.23,0.27,-99.9,-99.9,8.16,-99.9,3.62,2.66,1.2,32.3,0,0,209
"2026-02-12 21:02:00",2130,6.12,13.02,0,0,2.58,14.21,28352.66,35714.96,22.56,99.02,8.84,0.99,3.7,0.27,0.31,-99.9,-99.9,8.17,-99.9,3.63,2.66,1.2,32.3,0,0,210
"2026-02-12 21:17:00",2131,6.13,13.02,0,0,2.63,14.23,28414.86,35776.92,22.6,99.4,8.87,0.96,3.57,0.27,0.31,-99.9,-99.9,8.16,-99.9,3.61,2.82,1.2,32.3,0,0,211
"2026-02-12 21:32:00",2132,6.12,13.03,0,0,2.66,14.29,28611.78,35967.78,22.74,101.81,9.06,1.04,3.91,0.27,0.31,-99.9,-99.9,8.16,-99.9,3.48,3.06,1.2,32.3,0,0,212
"2026-02-12 21:47:00",2133,6.12,13.02,0,0,2.68,14.29,28517.51,35848.36,22.65,101.27,9.02,0.97,3.63,0.25,0.29,-99.9,-99.9,8.17,-99.9,3.53,3.05,1.19,32.57,0,0,213
"2026-02-12 22:02:00",2134,6.12,13.03,0,0,2.69,14.29,29193.77,36697.49,23.24,106.62,9.46,0.65,2.36,0.19,0.23,-99.9,-99.9,8.15,-99.9,3.29,3.16,1.19,32.57,0,0,214
"2026-02-12 22:17:00",2135,6.12,13.03,0,0,2.71,14.29,29013.66,36474.5,23.09,103.97,9.23,0.79,2.91,0.22,0.26,-99.9,-99.9,8.15,-99.9,3.35,3.05,1.2,34.7,0,0,215
"2026-02-12 22:32:00",2136,6.12,13.03,0,0,2.71,14.29,29350.3,36894.81,23.38,103.84,9.21,0.71,2.59,0.22,0.25,-99.9,-99.9,8.14,-99.9,3.24,3.07,1.2,34.7,0,0,216
"2026-02-12 22:47:00",2137,6.12,13.03,0,0,2.7,14.23,29637.08,37312.24,23.67,103.6,9.18,0.77,2.82,0.23,0.27,-99.9,-99.9,8.12,-99.9,3.15,3.52,1.2,32.08,0,0,217
"2026-02-12 23:02:00",2138,6.12,13.02,0,0,2.69,14.17,29780.16,37550.09,23.84,99.31,8.8,0.64,2.32,0.21,0.25,-99.9,-99.9,8.09,-99.9,3.08,3.32,1.2,32.08,0,0,218
"2026-02-12 23:17:00",2139,6.12,13.02,0,0,2.66,14.08,29685.6,37505.52,23.8,96.5,8.57,0.73,2.64,0.22,0.26,-99.9,-99.9,8.07,-99.9,3.09,2.67,1.2,32.33,0,0,219
"2026-02-12 23:32:00",2140,6.12,13.02,0,0,2.64,14.22,29464.99,37105.77,23.53,100.91,8.95,0.7,2.53,0.22,0.26,-99.9,-99.9,8.11,-99.9,3.18,2.75,1.2,32.33,0,0,220
"2026-02-12 23:47:00",2141,6.13,13.03,0,0,2.61,14.14,29679.5,37443.92,23.76,97.63,8.66,0.79,2.92,0.27,0.31,-99.9,-99.9,8.08,-99.9,3.14,2.97,1.2,31.79,0,0,221
"2026-02-13 00:02:00",2142,6.13,13.03,0,0,2.57,14.23,29166.62,36718.66,23.26,97.94,8.7,0.57,2.04,0.2,0.24,-99.9,-99.9,8.11,-99.9,3.28,2.4,1.2,31.79,0,0,222
"2026-02-13 00:17:00",2143,6.12,13.02,0,0,2.55,14.19,29300.04,36920.54,23.4,98.37,8.74,0.76,2.77,0.22,0.25,-99.9,-99.9,8.1,-99.9,3.23,2.78,1.2,31.92,0,0,223
"2026-02-13 00:32:00",2144,6.12,13.03,0,0,2.51,14.14,29699.66,37468.64,23.78,95.5,8.47,0.48,1.68,0.21,0.24,-99.9,-99.9,8.06,-99.9,3.16,2.72,1.2,31.92,0,0,224
"2026-02-13 00:47:00",2145,6.12,13.02,0,0,2.45,14.13,29718.2,37500.52,23.8,94.45,8.38,0.43,1.46,0.19,0.23,-99.9,-99.9,8.06,-99.9,3.16,2.56,1.21,32.47,0,0,225
"2026-02-13 01:02:00",2146,6.12,13.02,0,0,2.41,14.13,29523.27,37261.79,23.63,91.69,8.14,0.33,1.06,0.21,0.25,-99.9,-99.9,8.03,-99.9,3.19,2.13,1.21,32.47,0,0,226
"2026-02-13 01:17:00",2147,6.12,13.02,0,0,2.36,14.09,29632.51,37428.42,23.75,91.57,8.13,0.39,1.32,0.16,0.2,-99.9,-99.9,8.03,-99.9,3.14,2.08,1.21,31.92,0,0,227
"2026-02-13 01:32:00",2148,6.13,13.02,0,0,2.34,14.11,29596.3,37370.83,23.71,90.31,8.02,0.41,1.4,0.2,0.24,-99.9,-99.9,8.02,-99.9,3.21,2.05,1.21,31.92,0,0,228
"2026-02-13 01:47:00",2149,6.12,13.02,0,0,2.32,14.16,29194.15,36815.66,23.32,90.48,8.05,0.43,1.47,0.19,0.23,-99.9,-99.9,8.05,-99.9,3.32,1.79,1.2,31.86,0,0,229
"2026-02-13 02:02:00",2150,6.12,13.02,0,0,2.29,14.16,29138.96,36749.88,23.28,90.97,8.09,0.3,0.96,0.17,0.21,-99.9,-99.9,8.05,-99.9,3.42,1.73,1.2,31.86,0,0,230
"2026-02-13 02:17:00",2151,6.13,13.02,0,0,2.28,14.16,29117.93,36718.86,23.26,90.98,8.09,0.31,0.97,0.17,0.21,-99.9,-99.9,8.06,-99.9,3.24,1.62,1.19,32.67,0,0,231
"2026-02-13 02:32:00",2152,6.12,13.02,0,0,2.27,14.21,28988.68,36514.53,23.11,90.34,8.04,0.32,1.04,0.2,0.24,-99.9,-99.9,8.1,-99.9,3.43,1.68,1.19,32.67,0,0,232
"2026-02-13 02:47:00",2153,6.12,13.02,0,0,2.26,14.17,29095.81,36684.01,23.23,91.27,8.12,0.27,0.81,0.16,0.2,-99.9,-99.9,8.05,-99.9,3.35,1.55,1.19,31.5,0,0,233
"2026-02-13 03:02:00",2154,6.12,13.02,0,0,2.24,14.22,29009.45,36531.96,23.13,93.7,8.33,0.4,1.33,0.18,0.22,-99.9,-99.9,8.08,-99.9,3.19,1.65,1.19,31.5,0,0,234
"2026-02-13 03:17:00",2155,6.12,13.02,0,0,2.24,14.19,29052.94,36615.68,23.18,90.81,8.08,0.23,0.66,0.13,0.16,-99.9,-99.9,8.06,-99.9,3.24,1.56,1.2,31.98,0,0,235
"2026-02-13 03:32:00",2156,6.12,13.02,0,0,2.26,14.16,29251.8,36886.33,23.37,90.06,8.01,0.21,0.59,0.14,0.17,-99.9,-99.9,8.03,-99.9,3.12,1.57,1.2,31.98,0,0,236
"2026-02-13 03:47:00",2157,6.12,13.02,0,0,2.27,14.08,29563.17,37355.86,23.7,91.52,8.13,0.57,2.03,0.2,0.24,-99.9,-99.9,8.04,-99.9,3.24,2.39,1.21,31.95,0,0,237
"2026-02-13 04:02:00",2158,6.12,13.02,0,0,2.31,14.05,29628.71,37462.43,23.77,93.24,8.29,0.55,1.95,0.22,0.25,-99.9,-99.9,8.05,-99.9,3.2,2.32,1.21,31.95,0,0,238
"2026-02-13 04:17:00",2159,6.13,13.02,0,0,2.34,14.03,29628.62,37480.56,23.79,93.23,8.29,0.66,2.38,0.23,0.27,-99.9,-99.9,8.04,-99.9,3.13,2.41,1.2,31.74,0,0,239
"2026-02-13 04:32:00",2160,6.12,13.02,0,0,2.38,14.03,29623.79,37471.86,23.78,92.92,8.26,0.7,2.55,0.2,0.23,-99.9,-99.9,8.04,-99.9,3.19,2.45,1.2,31.74,0,0,240
"2026-02-13 04:47:00",2161,6.12,13.02,0,0,2.43,14.05,29630.1,37463.23,23.77,93.74,8.33,0.61,2.17,0.23,0.27,-99.9,-99.9,8.04,-99.9,3.11,2.23,1.2,32.45,0,0,241
"2026-02-13 05:02:00",2162,6.12,13.02,0,0,2.48,14.07,29596.28,37407.68,23.74,91.07,8.09,0.47,1.6,0.22,0.26,-99.9,-99.9,8.04,-99.9,3.2,1.98,1.2,32.45,0,0,242
"2026-02-13 05:17:00",2163,6.12,13.01,0,0,2.52,14.06,29575.86,37388.45,23.72,92.85,8.25,0.67,2.43,0.22,0.26,-99.9,-99.9,8.04,-99.9,3.11,2.31,1.2,31.89,0,0,243
"2026-02-13 05:32:00",2164,6.12,13.02,0,0,2.59,14.06,29607.67,37431.29,23.75,91.9,8.17,0.64,2.3,0.22,0.26,-99.9,-99.9,8.03,-99.9,3.17,2.41,1.2,31.89,0,0,244
"2026-02-13 05:47:00",2165,6.12,13.02,0,0,2.65,14.05,29654.76,37500.93,23.8,91.48,8.13,0.58,2.05,0.22,0.26,-99.9,-99.9,8.02,-99.9,3.1,2.35,1.2,35.72,0,0,245
"2026-02-13 06:02:00",2166,6.12,13.02,0,0,2.7,14.11,29437.22,37167.07,23.57,89.95,8,0.45,1.53,0.18,0.22,-99.9,-99.9,8.04,-99.9,3.22,1.98,1.2,35.72,0,0,246
"2026-02-13 06:17:00",2167,6.13,13.02,0,0,2.77,14.1,29421.97,37154.82,23.56,91.66,8.15,0.51,1.8,0.23,0.26,-99.9,-99.9,8.04,-99.9,3.18,2.17,1.19,31.88,0,0,247
"2026-02-13 06:32:00",2168,6.12,13.02,0,0,2.83,14.08,29011.12,36652.69,23.21,89.85,8.01,0.37,1.21,0.17,0.21,-99.9,-99.9,8.05,-99.9,3.43,1.48,1.19,31.88,0,0,248
"2026-02-13 06:47:00",2169,6.12,13.02,0,0,2.89,14.1,29398.42,37125.99,23.54,92.38,8.21,0.55,1.95,0.2,0.24,-99.9,-99.9,8.05,-99.9,3.2,2.16,1.2,31.77,0,0,249
"2026-02-13 07:02:00",2170,6.13,13.02,0,0,2.95,14.12,29128.57,36771.47,23.29,89.24,7.94,0.36,1.19,0.16,0.2,-99.9,-99.9,8.04,-99.9,3.39,1.66,1.2,31.77,0,0,250
"2026-02-13 07:17:00",2171,6.13,13.02,0,0,2.99,14.08,29234.67,36936.73,23.41,92.35,8.22,0.51,1.78,0.2,0.23,-99.9,-99.9,8.05,-99.9,3.22,2.32,1.2,35.79,0,0,251
"2026-02-13 07:32:00",2172,6.12,13.02,0,0,3.05,14.07,29187.57,36888,23.37,91.89,8.18,0.4,1.34,0.21,0.25,-99.9,-99.9,8.05,-99.9,3.3,1.99,1.2,35.79,0,0,252
"2026-02-13 07:47:00",2173,6.13,13.02,0,0,3.09,14,28974.54,36680.47,23.23,92.57,8.26,0.43,1.47,0.16,0.19,-99.9,-99.9,8.07,-99.9,3.37,1.66,1.19,32.62,0,0,253
"2026-02-13 08:02:00",2174,6.12,13.02,0,0,3.12,14.04,28917.81,36572.73,23.15,90.65,8.09,0.28,0.87,0.16,0.2,-99.9,-99.9,8.06,-99.9,3.4,1.5,1.19,32.62,0,0,254
"2026-02-13 08:17:00",2175,6.12,13.02,0,0,3.15,13.91,28631.49,36324.03,22.98,92.79,8.31,0.43,1.46,0.19,0.22,-99.9,-99.9,8.09,-99.9,3.49,1.73,1.2,35.52,0,0,255
"2026-02-13 08:32:00",2176,6.12,13.02,0,0,3.18,14.02,29012.06,36709.92,23.25,90.71,8.09,0.35,1.15,0.19,0.22,-99.9,-99.9,8.05,-99.9,3.38,1.82,1.2,35.52,0,0,256
"2026-02-13 08:47:00",2177,6.13,13.02,0,0,3.16,14.03,29058.41,36763.27,23.28,92.66,8.26,0.4,1.36,0.2,0.24,-99.9,-99.9,8.07,-99.9,3.33,1.97,1.2,32.5,0,0,257
"2026-02-13 09:02:00",2178,6.12,13.02,0,0,3.16,14.05,29220.66,36949.56,23.42,91.11,8.12,0.35,1.14,0.16,0.19,-99.9,-99.9,8.05,-99.9,3.32,2.13,1.2,32.5,0,0,258
"2026-02-13 09:17:00",2179,6.12,13.02,0,0,3.15,14.05,29255.77,36994.9,23.45,92.41,8.23,0.34,1.09,0.2,0.23,-99.9,-99.9,8.05,-99.9,3.25,2.26,1.19,32.41,0,0,259
"2026-02-13 09:32:00",2180,6.12,13.02,0,0,3.1,13.84,29932.04,38037.64,24.17,91.4,8.14,0.36,1.19,0.21,0.25,-99.9,-99.9,8.02,-99.9,3.05,2.35,1.19,32.41,0,0,260
"2026-02-13 09:47:00",2181,6.12,13.02,0,0,3.06,13.88,30057.38,38163.09,24.26,90.48,8.05,0.31,0.98,0.17,0.21,-99.9,-99.9,8.01,-99.9,3.04,2.49,1.2,32.29,0,0,261
"2026-02-13 10:02:00",2182,6.13,13.02,0,0,3.01,13.81,30649.54,38979.91,24.83,87.18,7.74,0.23,0.65,0.17,0.21,-99.9,-99.9,7.97,-99.9,2.83,2.21,1.2,32.29,0,0,262
"2026-02-13 10:17:00",2183,6.12,13.01,0,0,2.93,13.81,30704.65,39052.75,24.88,86.86,7.71,0.23,0.65,0.16,0.19,-99.9,-99.9,7.97,-99.9,2.84,2.34,1.2,32.41,0,0,263
"2026-02-13 10:32:00",2184,6.12,13.02,0,0,2.87,14.06,29386.78,37153.14,23.56,90.9,8.09,0.36,1.18,0.19,0.23,-99.9,-99.9,8.03,-99.9,3.25,2.19,1.2,32.41,0,0,264
"2026-02-13 10:47:00",2185,6.13,13.02,0,0,2.78,14.13,29326.34,37007.76,23.46,93.45,8.31,0.45,1.56,0.23,0.26,-99.9,-99.9,8.06,-99.9,3.24,2.42,1.2,32.22,0,0,265
"2026-02-13 11:02:00",2186,6.13,13.02,0,0,2.68,14.09,29157.71,36832.06,23.33,93.8,8.35,0.44,1.51,0.17,0.21,-99.9,-99.9,8.07,-99.9,3.38,2.07,1.2,32.22,0,0,266
"2026-02-13 11:17:00",2187,6.12,13.02,0,0,2.58,14.25,29225.63,36777.67,23.3,91.76,8.15,0.56,1.99,0.21,0.24,-99.9,-99.9,8.05,-99.9,3.31,2.59,1.19,32.58,0,0,267
"2026-02-13 11:32:00",2188,6.12,13.02,0,0,2.46,14.2,29177.53,36760.16,23.29,93.61,8.32,0.47,1.61,0.22,0.26,-99.9,-99.9,8.07,-99.9,3.32,2.36,1.19,32.58,0,0,268
"2026-02-13 11:47:00",2189,6.12,13.02,0,0,2.34,14.24,29199.36,36752.08,23.28,94.07,8.35,0.6,2.13,0.19,0.22,-99.9,-99.9,8.07,-99.9,3.3,2.76,1.2,35.99,0,0,269
"2026-02-13 12:02:00",2190,6.13,13.02,0,0,2.23,14.24,29199.11,36751.96,23.28,93.83,8.33,0.79,2.89,0.22,0.26,-99.9,-99.9,8.07,-99.9,3.31,2.56,1.2,35.99,0,0,270
"2026-02-13 12:17:00",2191,6.12,13.02,0,0,2.11,14.23,29198.65,36757.18,23.28,94.59,8.4,0.72,2.64,0.21,0.25,-99.9,-99.9,8.07,-99.9,3.34,2.53,1.2,32.46,0,0,271
"2026-02-13 12:32:00",2192,6.12,13.02,0,0,2.01,14.26,29175.47,36703.43,23.25,95.73,8.5,0.81,2.99,0.22,0.26,-99.9,-99.9,8.08,-99.9,3.28,2.46,1.2,32.46,0,0,272
"2026-02-13 12:47:00",2193,6.12,13.02,0,0,1.9,14.27,29194.85,36722.35,23.26,96.87,8.6,0.71,2.58,0.25,0.29,-99.9,-99.9,8.09,-99.9,3.32,2.44,1.2,36.07,0,0,273
"2026-02-13 13:02:00",2194,6.13,13.02,0,0,1.79,14.24,29178.86,36729.65,23.27,97.89,8.69,0.85,3.14,0.26,0.29,-99.9,-99.9,8.1,-99.9,3.31,2.27,1.2,36.07,0,0,274
"2026-02-13 13:17:00",2195,6.13,13.02,0,0,1.73,14.22,29300.41,36893.24,23.38,97.67,8.67,0.7,2.54,0.23,0.27,-99.9,-99.9,8.09,-99.9,3.26,2.45,1.2,32.37,0,0,275
"2026-02-13 13:32:00",2196,6.13,13.02,0,0,1.63,14.22,29281.79,36872.22,23.36,96.42,8.56,0.77,2.82,0.24,0.28,-99.9,-99.9,8.1,-99.9,3.25,2.35,1.2,32.37,0,0,276
"2026-02-13 13:47:00",2197,6.13,13.02,0,0,1.54,14.2,29354.82,36980.08,23.44,97.58,8.66,0.67,2.43,0.22,0.25,-99.9,-99.9,8.08,-99.9,3.28,2.41,1.21,31.91,0,0,277
"2026-02-13 14:02:00",2198,6.13,13.02,0,0,1.46,14.44,28988.65,36313.03,22.98,102.51,9.08,0.87,3.24,0.27,0.31,-99.9,-99.9,8.14,-99.9,3.32,2.21,1.21,31.91,0,0,278
"2026-02-13 14:17:00",2199,6.13,13.01,0,0,1.39,14.37,29184.49,36617.7,23.19,102.48,9.08,0.98,3.64,0.28,0.32,-99.9,-99.9,8.13,-99.9,3.26,2.53,-99.9,-99.9,0,0,279
"2026-02-13 14:32:00",2200,6.13,13.02,0,0,1.32,14.38,29157.58,36580.05,23.16,102.71,9.1,0.66,2.38,0.22,0.26,-99.9,-99.9,8.13,-99.9,3.29,2.4,1.21,32.38,0,0,280
"2026-02-13 14:47:00",2201,6.13,13.03,0,0,1.26,14.42,29098.09,36463.02,23.08,100.63,8.91,0.46,1.59,0.19,0.23,-99.9,-99.9,8.12,-99.9,3.37,2.05,1.2,32.19,0,0,281
"2026-02-13 15:02:00",2202,6.12,13.02,0,0,1.23,14.43,29091.52,36453.05,23.08,100.53,8.9,0.46,1.6,0.21,0.25,-99.9,-99.9,8.12,-99.9,3.3,1.98,1.2,32.19,0,0,282
"2026-02-13 15:17:00",2203,6.12,13.02,0,0,1.21,14.32,29279.53,36781.07,23.3,98.89,8.77,0.49,1.7,0.2,0.24,-99.9,-99.9,8.1,-99.9,3.28,2.12,1.19,32.82,0,0,283
"2026-02-13 15:32:00",2204,6.12,13.02,0,0,1.18,14.49,29089.52,36398.1,23.04,99.97,8.85,0.46,1.59,0.18,0.22,-99.9,-99.9,8.12,-99.9,3.22,1.95,1.19,32.82,0,0,284
"2026-02-13 15:47:00",2205,6.12,13.02,0,0,1.17,14.44,29183.42,36557.66,23.15,104.17,9.22,0.55,1.96,0.25,0.28,-99.9,-99.9,8.13,-99.9,3.33,2.21,1.2,31.97,0,0,285
"2026-02-13 16:02:00",2206,6.13,13.02,0,0,1.16,14.42,29213.87,36611.73,23.19,99.53,8.81,0.76,2.8,0.22,0.26,-99.9,-99.9,8.11,-99.9,3.2,2.05,1.2,31.97,0,0,286
"2026-02-13 16:17:00",2207,6.12,13.02,0,0,1.15,14.47,29256.54,36618.08,23.19,99.31,8.78,0.76,2.78,0.25,0.29,-99.9,-99.9,8.11,-99.9,3.23,2.01,1.2,35.35,0,0,287
"2026-02-13 16:32:00",2208,6.13,13.02,0,0,1.18,14.51,29222.51,36546.2,23.14,99.93,8.83,0.76,2.77,0.24,0.28,-99.9,-99.9,8.11,-99.9,3.13,2.59,1.2,35.35,0,0,288
"2026-02-13 16:47:00",2209,6.12,13.02,0,0,1.24,14.48,29272.1,36632.04,23.2,100.52,8.89,0.68,2.47,0.23,0.26,-99.9,-99.9,8.11,-99.9,3.25,1.98,1.19,32.24,0,0,289
"2026-02-13 17:02:00",2210,6.12,13.02,0,0,1.26,14.51,29317.76,36664.78,23.22,101.24,8.94,0.83,3.08,0.25,0.29,-99.9,-99.9,8.12,-99.9,3.11,2.67,1.19,32.24,0,0,290
"2026-02-13 17:17:00",2211,6.12,13.02,0,0,1.33,14.51,29288.82,36630.84,23.2,100.68,8.9,0.93,3.46,0.27,0.31,-99.9,-99.9,8.12,-99.9,3.17,2.86,1.2,31.52,0,0,291
"2026-02-13 17:32:00",2212,6.13,13.02,0,0,1.38,14.5,29274.34,36616.23,23.19,100.87,8.91,1,3.75,0.27,0.31,-99.9,-99.9,8.12,-99.9,3.14,2.47,1.2,31.52,0,0,292
"2026-02-13 17:47:00",2213,6.12,13.03,0,0,1.44,14.49,29250.81,36597.47,23.18,101,8.93,1.09,4.09,0.26,0.3,-99.9,-99.9,8.12,-99.9,3.25,2.48,1.2,35,0,0,293
"2026-02-13 18:02:00",2214,6.12,13.02,0,0,1.51,14.49,29235.28,36573.63,23.16,103.39,9.14,1.22,4.61,0.26,0.3,-99.9,-99.9,8.14,-99.9,3.16,3.2,1.2,35,0,0,294
"2026-02-13 18:17:00",2215,6.13,13.03,0,0,1.59,14.48,29223.56,36572.01,23.16,102.45,9.06,1.27,4.82,0.3,0.34,-99.9,-99.9,8.14,-99.9,3.21,3.46,1.19,31.9,0,0,295
"2026-02-13 18:32:00",2216,6.12,13.03,0,0,1.68,14.44,29189.62,36562.07,23.15,102.43,9.06,1.31,4.97,0.3,0.34,-99.9,-99.9,8.14,-99.9,3.23,2.89,1.19,31.9,0,0,296
"2026-02-13 18:47:00",2217,6.13,13.02,0,0,1.76,14.43,29193.11,36574.75,23.16,102.75,9.09,1.31,4.97,0.3,0.34,-99.9,-99.9,8.14,-99.9,3.25,2.98,1.19,35.45,0,0,297
"2026-02-13 19:02:00",2218,6.13,13.03,0,0,1.84,14.39,29151.6,36564.11,23.15,102.23,9.06,1.24,4.72,0.29,0.33,-99.9,-99.9,8.14,-99.9,3.2,2.62,1.19,35.45,0,0,298
"2026-02-13 19:17:00",2219,6.12,13.03,0,0,1.94,14.35,29144.9,36583.6,23.17,102.63,9.1,1.2,4.54,0.28,0.31,-99.9,-99.9,8.14,-99.9,3.27,2.65,1.19,31.65,0,0,299
"2026-02-13 19:32:00",2220,6.13,13.02,0,0,2,14.32,29138.23,36601.18,23.18,102.17,9.06,1.21,4.58,0.25,0.29,-99.9,-99.9,8.14,-99.9,3.23,3.13,1.19,31.65,0,0,300
"2026-02-13 19:47:00",2221,6.12,13.02,0,0,2.08,14.26,29071.05,36575.76,23.16,102.54,9.11,1.21,4.56,0.31,0.35,-99.9,-99.9,8.15,-99.9,3.26,3.6,1.19,31.78,0,0,301
"2026-02-13 20:02:00",2222,6.12,13.03,0,0,2.16,14.22,28964.16,36472.98,23.09,100.57,8.94,1.22,4.63,0.28,0.32,-99.9,-99.9,8.14,-99.9,3.25,2.91,1.19,31.78,0,0,302
"2026-02-13 20:17:00",2223,6.13,13.02,0,0,2.25,14.19,28835.03,36333.85,22.99,99.11,8.82,1.14,4.29,0.26,0.29,-99.9,-99.9,8.14,-99.9,3.35,2.81,1.21,34.72,0,0,303
"2026-02-13 20:32:00",2224,6.12,13.03,0,0,2.33,14.18,28795.66,36299.27,22.96,99.01,8.82,1.04,3.92,0.29,0.33,-99.9,-99.9,8.14,-99.9,3.39,2.44,1.2,34.72,0,0,304
"2026-02-13 20:47:00",2225,6.13,13.02,0,0,2.39,14.16,28749.73,36256.13,22.93,98.49,8.78,1.09,4.11,0.26,0.3,-99.9,-99.9,8.14,-99.9,3.37,2.4,1.21,32.19,0,0,305
"2026-02-13 21:02:00",2226,6.13,13.02,0,0,2.47,14.14,28683.27,36190.86,22.89,98.11,8.75,1.06,3.97,0.26,0.29,-99.9,-99.9,8.14,-99.9,3.47,2.65,1.21,32.19,0,0,306
"2026-02-13 21:17:00",2227,6.13,13.02,0,0,2.53,14.12,28654.97,36168.63,22.87,98.32,8.77,1.01,3.79,0.26,0.3,-99.9,-99.9,8.15,-99.9,3.41,2.5,1.19,32.23,0,0,307
"2026-02-13 21:32:00",2228,6.12,13.02,0,0,2.57,14.12,28646.66,36157.44,22.86,97.08,8.66,1.1,4.13,0.3,0.34,-99.9,-99.9,8.14,-99.9,3.5,2.34,1.19,32.23,0,0,308
"2026-02-13 21:47:00",2229,6.12,13.03,0,0,2.64,14.14,28656.19,36159.04,22.87,97.65,8.71,1.05,3.94,0.26,0.3,-99.9,-99.9,8.14,-99.9,3.47,2.77,1.2,34.86,0,0,309
"2026-02-13 22:02:00",2230,6.12,13.02,0,0,2.68,14.11,28719.75,36262.51,22.94,98.36,8.78,1.16,4.38,0.28,0.32,-99.9,-99.9,8.15,-99.9,3.52,2.74,1.2,34.86,0,0,310
"2026-02-13 22:17:00",2231,6.12,13.02,0,0,2.7,14.1,29203.75,36884.94,23.37,96.68,8.61,0.94,3.49,0.27,0.31,-99.9,-99.9,8.12,-99.9,3.24,2.67,1.19,32.31,0,0,311
"2026-02-13 22:32:00",2232,6.12,13.03,0,0,2.74,14.09,29082.28,36734.77,23.27,94.91,8.45,0.99,3.69,0.31,0.35,-99.9,-99.9,8.12,-99.9,3.34,2.84,1.19,32.31,0,0,312
"2026-02-13 22:47:00",2233,6.13,13.02,0,0,2.76,14.08,29399.97,37145.5,23.55,94.86,8.44,0.88,3.27,0.25,0.28,-99.9,-99.9,8.09,-99.9,3.19,2.85,1.19,31.9,0,0,313
"2026-02-13 23:02:00",2234,6.12,13.02,0,0,2.75,14.07,29578.41,37385.06,23.72,95.06,8.45,0.82,3.03,0.26,0.29,-99.9,-99.9,8.08,-99.9,3.18,2.85,1.19,31.9,0,0,314
"2026-02-13 23:17:00",2235,6.13,13.02,0,0,2.75,14.06,29553.77,37357.93,23.7,95.5,8.49,1.04,3.91,0.31,0.35,-99.9,-99.9,8.08,-99.9,3.07,3.26,1.21,34.77,0,0,315
"2026-02-13 23:32:00",2236,6.13,13.02,0,0,2.74,14.06,29565.95,37378.84,23.72,94.17,8.37,0.94,3.51,0.25,0.29,-99.9,-99.9,8.07,-99.9,3.05,2.8,1.21,34.77,0,0,316
"2026-02-13 23:47:00",2237,6.12,13.01,0,0,2.71,14.05,29663.15,37505.45,23.8,94.37,8.39,0.83,3.08,0.22,0.26,-99.9,-99.9,8.07,-99.9,3.13,3.42,-99.9,-99.9,0,0,317
"2026-02-14 00:02:00",2238,6.12,13.02,0,0,2.69,14.05,29694.61,37550.28,23.84,91.93,8.17,0.82,3.02,0.24,0.28,-99.9,-99.9,8.07,-99.9,3.16,2.97,1.19,31.92,0,0,318
"2026-02-14 00:17:00",2239,6.12,13.02,0,0,2.65,14.09,29228.3,36920.63,23.4,92.77,8.26,0.61,2.19,0.21,0.25,-99.9,-99.9,8.09,-99.9,3.3,2.43,1.2,34.73,0,0,319
"2026-02-14 00:32:00",2240,6.12,13.02,0,0,2.61,14.08,29473.36,37243.56,23.62,90.86,8.08,0.46,1.6,0.15,0.19,-99.9,-99.9,8.06,-99.9,3.27,2.3,1.2,34.73,0,0,320
"2026-02-14 00:47:00",2241,6.12,13.02,0,0,2.56,14.07,29652.34,37479.33,23.79,90.57,8.05,0.48,1.67,0.19,0.22,-99.9,-99.9,8.05,-99.9,2.98,2.35,1.19,31.8,0,0,321
"2026-02-14 01:02:00",2242,6.12,13.02,0,0,2.51,14.07,29504.29,37285.37,23.65,89.03,7.92,0.56,1.97,0.18,0.22,-99.9,-99.9,8.05,-99.9,3.17,2.29,1.19,31.8,0,0,322
"2026-02-14 01:17:00",2243,6.12,13.03,0,0,2.47,14.08,29407.85,37161.09,23.56,89.97,8,0.46,1.59,0.21,0.25,-99.9,-99.9,8.05,-99.9,3.21,2.19,1.2,34.99,0,0,323
"2026-02-14 01:32:00",2244,6.13,13.02,0,0,2.42,14.06,29712.46,37563.68,23.84,89.92,7.99,0.43,1.45,0.18,0.22,-99.9,-99.9,8.04,-99.9,3.2,2.55,1.2,34.99,0,0,324
"2026-02-14 01:47:00",2245,6.13,13.02,0,0,2.36,14.09,29644.49,37449.68,23.77,88.23,7.84,0.41,1.39,0.19,0.22,-99.9,-99.9,8.03,-99.9,3.13,2.03,1.2,33.04,0,0,325
"2026-02-14 02:02:00",2246,6.13,13.02,0,0,2.32,14.03,29950.77,37889.31,24.07,89.89,7.98,0.52,1.84,0.2,0.24,-99.9,-99.9,8.03,-99.9,3.06,2.88,1.2,33.04,0,0,326
"2026-02-14 02:17:00",2247,6.13,13.02,0,0,2.27,14,30045.74,38034.88,24.17,91.45,8.12,0.79,2.9,0.23,0.27,-99.9,-99.9,8.03,-99.9,2.9,3.11,1.21,34.8,0,0,327
"2026-02-14 02:32:00",2248,6.12,13.02,0,0,2.24,14.03,29971.7,37919.98,24.09,89.11,7.91,0.53,1.85,0.2,0.23,-99.9,-99.9,8.03,-99.9,3.01,2.69,1.21,34.8,0,0,328
"2026-02-14 02:47:00",2249,6.13,13.02,0,0,2.21,14.04,29825.74,37724.68,23.96,89.61,7.96,0.41,1.38,0.19,0.23,-99.9,-99.9,8.02,-99.9,3.06,1.99,1.2,31.82,0,0,329
"2026-02-14 03:02:00",2250,6.13,13.02,0,0,2.2,14.04,29634,37477.05,23.78,88.06,7.83,0.53,1.85,0.21,0.25,-99.9,-99.9,8.03,-99.9,3.22,2,1.2,31.82,0,0,330
"2026-02-14 03:17:00",2251,6.13,13.02,0,0,2.18,14.04,29479.57,37286.85,23.65,88.51,7.88,0.39,1.31,0.2,0.24,-99.9,-99.9,8.03,-99.9,3.14,1.68,1.2,32.48,0,0,331
"2026-02-14 03:32:00",2252,6.13,13.02,0,0,2.16,14.07,29252.17,36972.01,23.43,88.15,7.85,0.39,1.29,0.18,0.21,-99.9,-99.9,8.05,-99.9,3.26,1.63,1.2,32.48,0,0,332
"2026-02-14 03:47:00",2253,6.13,13.02,0,0,2.17,14.04,29747.06,37623.29,23.89,89.43,7.94,0.49,1.7,0.19,0.23,-99.9,-99.9,8.03,-99.9,3.03,2.12,1.19,32.49,0,0,333
"2026-02-14 04:02:00",2254,6.12,13.02,0,0,2.16,14.03,29801.29,37698.75,23.94,87.24,7.75,0.5,1.74,0.21,0.25,-99.9,-99.9,8.01,-99.9,3.04,2.3,1.19,32.49,0,0,334
"2026-02-14 04:17:00",2255,6.13,13.02,0,0,2.17,14.04,29485.64,37295.65,23.66,86.9,7.73,0.24,0.7,0.13,0.17,-99.9,-99.9,8.02,-99.9,3.04,1.48,1.19,31.96,0,0,335
"2026-02-14 04:32:00",2256,6.13,13.02,0,0,2.22,14.03,29682.71,37549.62,23.83,87.33,7.76,0.28,0.85,0.17,0.21,-99.9,-99.9,8.02,-99.9,3.15,1.91,1.19,31.96,0,0,336
"2026-02-14 04:47:00",2257,6.12,13.02,0,0,2.23,14.04,29749.98,37630.71,23.89,87.73,7.79,0.34,1.12,0.17,0.21,-99.9,-99.9,8.02,-99.9,2.95,2.09,1.2,34.96,0,0,337
"2026-02-14 05:02:00",2258,6.13,13.02,0,0,2.28,14.04,29778.25,37660,23.91,88.92,7.9,0.38,1.26,0.2,0.24,-99.9,-99.9,8.03,-99.9,3.13,1.84,1.2,34.96,0,0,338
"2026-02-14 05:17:00",2259,6.12,13.02,0,0,2.33,14.03,29778.92,37669.46,23.92,87.25,7.75,0.47,1.61,0.19,0.23,-99.9,-99.9,8.02,-99.9,3.09,2.25,1.19,32.93,0,0,339
"2026-02-14 05:32:00",2260,6.12,13.02,0,0,2.38,14.03,29840.31,37748.45,23.97,88.64,7.87,0.6,2.16,0.21,0.25,-99.9,-99.9,8.04,-99.9,3.07,2.5,1.19,32.93,0,0,340
"2026-02-14 05:47:00",2261,6.13,13.02,0,0,2.43,14.03,29545.34,37379.45,23.72,89.4,7.95,0.31,1,0.2,0.23,-99.9,-99.9,8.04,-99.9,3.16,1.66,1.21,35.95,0,0,341
"2026-02-14 06:02:00",2262,6.13,13.02,0,0,2.51,14.01,29537.44,37382.13,23.72,89.07,7.93,0.27,0.84,0.17,0.21,-99.9,-99.9,8.04,-99.9,3.11,1.6,1.21,35.95,0,0,342
"2026-02-14 06:17:00",2263,6.12,13.02,0,0,2.57,14.01,29546.84,37399.5,23.73,90.06,8.01,0.29,0.89,0.19,0.23,-99.9,-99.9,8.04,-99.9,3.13,1.55,1.2,32.45,0,0,343
"2026-02-14 06:32:00",2264,6.12,13.02,0,0,2.64,14.01,29456.55,37285.89,23.65,90.18,8.03,0.3,0.94,0.15,0.19,-99.9,-99.9,8.05,-99.9,3.24,1.51,1.2,32.45,0,0,344
"2026-02-14 06:47:00",2265,6.12,13.02,0,0,2.72,14.02,29573.83,37425.75,23.75,90.58,8.06,0.3,0.96,0.19,0.22,-99.9,-99.9,8.04,-99.9,3.17,1.62,1.19,32.71,0,0,345
"2026-02-14 07:02:00",2266,6.12,13.02,0,0,2.79,14.02,29633.63,37498.08,23.8,89.32,7.94,0.4,1.34,0.18,0.22,-99.9,-99.9,8.04,-99.9,3.18,1.62,1.19,32.71,0,0,346
"2026-02-14 07:17:00",2267,6.13,13.02,0,0,2.85,14.01,29433.11,37250.06,23.62,89.99,8.01,0.3,0.95,0.16,0.2,-99.9,-99.9,8.04,-99.9,3.21,1.49,1.19,32.42,0,0,347
"2026-02-14 07:32:00",2268,6.13,13.02,0,0,2.92,14,29270.61,37058.55,23.49,89.94,8.02,0.3,0.96,0.18,0.22,-99.9,-99.9,8.05,-99.9,3.32,1.35,1.19,32.42,0,0,348
"2026-02-14 07:47:00",2269,6.13,13.02,0,0,2.99,13.97,29145.15,36925.54,23.4,89.67,8,0.31,0.98,0.16,0.19,-99.9,-99.9,8.06,-99.9,3.31,1.41,1.2,34.72,0,0,349
"2026-02-14 08:02:00",2270,6.13,13.02,0,0,3.04,13.95,29067.54,36846.74,23.34,88.79,7.93,0.28,0.87,0.19,0.23,-99.9,-99.9,8.06,-99.9,3.34,1.35,1.2,34.72,0,0,350
"2026-02-14 08:17:02",2271,6.12,13.02,0,0,3.11,13.95,29070.87,36844.55,23.34,90.34,8.07,0.37,1.21,0.19,0.22,-99.9,-99.9,8.07,-99.9,3.37,1.52,1.2,32.31,0,0,351
"2026-02-14 08:32:00",2272,6.12,13.02,0,0,3.15,13.94,28982.1,36745.25,23.27,90.52,8.09,0.39,1.29,0.19,0.23,-99.9,-99.9,8.08,-99.9,3.43,1.53,1.2,32.31,0,0,352
"2026-02-14 08:47:00",2273,6.12,13.01,0,0,3.19,14,29154.42,36910.28,23.39,91.92,8.2,0.37,1.22,0.19,0.23,-99.9,-99.9,8.07,-99.9,3.34,1.79,1.2,32.31,0,0,353
"2026-02-14 09:02:00",2274,6.12,13.01,0,0,3.21,14.04,29210.51,36940.19,23.41,92.93,8.28,0.36,1.18,0.18,0.21,-99.9,-99.9,8.08,-99.9,3.36,1.91,1.2,32.31,0,0,354
"2026-02-14 09:17:00",2275,6.13,13.02,0,0,3.23,14.04,29243.87,36986.28,23.44,92.86,8.27,0.34,1.12,0.16,0.2,-99.9,-99.9,8.07,-99.9,3.24,1.95,1.19,32.04,0,0,355
"2026-02-14 09:32:00",2276,6.12,13.02,0,0,3.22,14.06,29341.92,37094.37,23.52,92.05,8.19,0.44,1.49,0.19,0.22,-99.9,-99.9,8.07,-99.9,3.29,2.02,1.19,32.04,0,0,356
"2026-02-14 09:47:00",2277,6.13,13.02,0,0,3.22,14.06,29347.71,37102.81,23.52,93.97,8.36,0.41,1.36,0.2,0.24,-99.9,-99.9,8.07,-99.9,3.13,2.03,1.2,32.15,0,0,357
"2026-02-14 10:02:00",2278,6.12,13.01,0,0,3.19,14.04,29402.07,37182.11,23.58,93.05,8.28,0.37,1.23,0.18,0.22,-99.9,-99.9,8.07,-99.9,3.27,2.05,1.2,32.15,0,0,358
"2026-02-14 10:17:00",2279,6.12,13.01,0,0,3.17,14.01,29941.28,37899.35,24.08,87.86,7.8,0.2,0.55,0.16,0.2,-99.9,-99.9,8,-99.9,3,2.1,1.19,32.23,0,0,359
"2026-02-14 10:32:00",2280,6.13,13.02,0,0,3.11,14.04,29699.62,37562.18,23.84,89.45,7.95,0.34,1.09,0.17,0.21,-99.9,-99.9,8.02,-99.9,3.15,2.57,1.19,32.23,0,0,360
"2026-02-14 10:47:00",2281,6.12,13.01,0,0,3.05,14.01,29849.25,37778.25,23.99,88.22,7.84,0.34,1.09,0.2,0.24,-99.9,-99.9,8.01,-99.9,3.01,2.51,1.19,32.16,0,0,361
"2026-02-14 11:02:00",2282,6.13,13.02,0,0,2.95,14.01,29788.24,37703.58,23.94,89.21,7.93,0.41,1.4,0.18,0.21,-99.9,-99.9,8.01,-99.9,3.07,2.29,1.19,32.16,0,0,362
"2026-02-14 11:17:00",2283,6.12,13.01,0,0,2.86,14.01,29800.81,37714.77,23.95,89.11,7.92,0.37,1.22,0.18,0.21,-99.9,-99.9,8.02,-99.9,2.95,2.44,1.19,31.31,0,0,363
"2026-02-14 11:32:00",2284,6.13,13.02,0,0,2.75,14.04,29736.82,37614.36,23.88,89.08,7.91,0.32,1.03,0.17,0.2,-99.9,-99.9,8.02,-99.9,3.13,1.97,1.19,31.31,0,0,364
"2026-02-14 11:47:00",2285,6.13,13.02,0,0,2.66,14.01,29566.69,37417.7,23.74,89.25,7.94,0.26,0.78,0.16,0.2,-99.9,-99.9,8.03,-99.9,3.16,1.77,1.2,34.68,0,0,365
"2026-02-14 12:02:00",2286,6.12,13.02,0,0,2.55,14.06,29520.14,37318.12,23.67,90.51,8.05,0.52,1.84,0.24,0.27,-99.9,-99.9,8.05,-99.9,3.2,2.05,1.2,34.68,0,0,366
"2026-02-14 12:17:00",2287,6.13,13.02,0,0,2.43,14.08,29351.57,37085.37,23.51,93.98,8.36,0.54,1.91,0.2,0.24,-99.9,-99.9,8.07,-99.9,3.23,1.94,1.19,32.41,0,0,367
"2026-02-14 12:32:00",2288,6.12,13.02,0,0,2.3,14.05,29355.26,37115.22,23.53,91.94,8.18,0.4,1.36,0.19,0.22,-99.9,-99.9,8.05,-99.9,3.26,1.68,1.19,32.41,0,0,368
"2026-02-14 12:47:00",2289,6.12,13.02,0,0,2.15,14.09,29434.26,37185.15,23.58,92.41,8.22,0.48,1.67,0.22,0.25,-99.9,-99.9,8.06,-99.9,3.21,1.96,1.19,32.67,0,0,369
"2026-02-14 13:02:00",2290,6.13,13.02,0,0,2.03,14.1,29468.59,37215.97,23.6,92.23,8.2,0.63,2.28,0.2,0.24,-99.9,-99.9,8.06,-99.9,3.22,2.13,1.19,32.67,0,0,370
"2026-02-14 13:17:00",2291,6.12,13.02,0,0,1.91,14.15,29470.91,37170.5,23.57,95.46,8.48,0.61,2.17,0.24,0.28,-99.9,-99.9,8.07,-99.9,3.18,2.06,1.2,34.7,0,0,371
"2026-02-14 13:32:00",2292,6.12,13.02,0,0,1.8,14.03,29589.45,37434.02,23.75,91.88,8.17,0.48,1.67,0.21,0.25,-99.9,-99.9,8.05,-99.9,3.17,1.99,1.2,34.7,0,0,372
"2026-02-14 13:47:00",2293,6.13,13.02,0,0,1.7,14.03,29623.68,37477.58,23.78,92.51,8.23,0.52,1.81,0.2,0.23,-99.9,-99.9,8.06,-99.9,3,2.14,1.2,32.07,0,0,373
"2026-02-14 14:02:00",2294,6.12,13.02,0,0,1.61,14.17,29375.26,37037.99,23.48,97.36,8.65,0.73,2.67,0.23,0.26,-99.9,-99.9,8.1,-99.9,3.23,2.03,1.2,32.07,0,0,374
"2026-02-14 14:17:00",2295,6.12,13.02,0,0,1.51,14.2,29379.97,37014.65,23.46,99.46,8.83,0.79,2.91,0.25,0.29,-99.9,-99.9,8.11,-99.9,3.21,2.24,1.2,31.72,0,0,375
"2026-02-14 14:32:00",2296,6.13,13.02,0,0,1.42,14.19,29429.78,37083.59,23.51,98.44,8.74,0.76,2.77,0.23,0.27,-99.9,-99.9,8.11,-99.9,3.25,2.17,1.2,31.72,0,0,376
"2026-02-14 14:47:00",2297,6.12,13.02,0,0,1.34,14.21,29433.32,37070.08,23.5,99.73,8.85,0.75,2.75,0.24,0.28,-99.9,-99.9,8.12,-99.9,3.19,2.18,1.19,32.27,0,0,377
"2026-02-14 15:02:00",2298,6.12,13.03,0,0,1.27,14.58,29104,36331.33,22.99,107.73,9.52,0.66,2.38,0.21,0.25,-99.9,-99.9,8.21,-99.9,3.21,2.14,1.19,32.27,0,0,378
"2026-02-14 15:17:00",2299,6.13,13.02,0,0,1.21,14.27,29345.72,36908.83,23.39,102.19,9.06,0.93,3.47,0.27,0.3,-99.9,-99.9,8.13,-99.9,3.22,2.18,1.2,35.69,0,0,379
"2026-02-14 15:32:00",2300,6.12,13.02,0,0,1.16,14.25,29359.44,36941.11,23.41,100.84,8.94,0.68,2.47,0.22,0.25,-99.9,-99.9,8.13,-99.9,3.26,1.92,1.2,35.69,0,0,380
"2026-02-14 15:47:00",2301,6.12,13.03,0,0,1.12,14.61,29071.45,36269.36,22.95,106.07,9.37,0.47,1.61,0.22,0.26,-99.9,-99.9,8.18,-99.9,3.29,1.66,1.2,31.56,0,0,381
"2026-02-14 16:02:00",2302,6.13,13.02,0,0,1.11,14.51,29078.92,36361.15,23.01,102.39,9.06,0.31,0.98,0.17,0.21,-99.9,-99.9,8.16,-99.9,3.28,1.81,1.2,31.56,0,0,382
"2026-02-14 16:17:00",2303,6.13,13.02,0,0,1.06,14.56,29021.52,36249.43,22.94,104.4,9.23,0.38,1.27,0.18,0.22,-99.9,-99.9,8.17,-99.9,3.38,1.67,1.2,34.77,0,0,383
"2026-02-14 16:32:00",2304,6.12,13.02,0,0,1.05,14.45,29077.27,36414.51,23.05,100.4,8.89,0.29,0.92,0.18,0.22,-99.9,-99.9,8.13,-99.9,3.25,2.63,1.2,34.77,0,0,384
"2026-02-14 16:47:00",2305,6.13,13.02,0,0,1.05,14.47,29089.8,36409.12,23.05,102.34,9.06,0.62,2.21,0.21,0.25,-99.9,-99.9,8.15,-99.9,3.24,2.18,1.19,32.05,0,0,385
"2026-02-14 17:02:00",2306,6.13,13.02,0,0,1.05,14.5,29102.78,36403.61,23.04,103.82,9.18,0.78,2.88,0.22,0.26,-99.9,-99.9,8.16,-99.9,3.15,2.55,1.19,32.05,0,0,386
"2026-02-14 17:17:00",2307,6.13,13.02,0,0,1.1,14.51,29045.99,36325.76,22.99,101.77,9,0.37,1.23,0.17,0.21,-99.9,-99.9,8.15,-99.9,3.28,2.05,1.19,31.77,0,0,387
"2026-02-14 17:32:00",2308,6.13,13.02,0,0,1.11,14.42,29047.5,36403.58,23.04,99.29,8.8,0.53,1.88,0.18,0.22,-99.9,-99.9,8.13,-99.9,3.2,2.06,1.19,31.77,0,0,388
"2026-02-14 17:47:00",2309,6.13,13.02,0,0,1.16,14.37,29055.99,36462.35,23.08,98.36,8.72,0.63,2.26,0.19,0.23,-99.9,-99.9,8.12,-99.9,3.24,1.7,1.2,34.08,0,0,389
"2026-02-14 18:02:00",2310,6.13,13.02,0,0,1.22,14.35,29063.62,36486.49,23.1,97.47,8.65,0.6,2.16,0.2,0.23,-99.9,-99.9,8.11,-99.9,3.26,2.01,1.2,34.08,0,0,390
"2026-02-14 18:17:00",2311,6.12,13.02,0,0,1.27,14.32,29081.04,36532.23,23.13,96.46,8.56,0.57,2.01,0.23,0.26,-99.9,-99.9,8.11,-99.9,3.25,1.75,1.2,32.52,0,0,391
"2026-02-14 18:32:00",2312,6.12,13.02,0,0,1.35,14.3,29093.48,36565.43,23.15,94.82,8.42,0.38,1.28,0.17,0.21,-99.9,-99.9,8.09,-99.9,3.29,1.64,1.2,32.52,0,0,392
"2026-02-14 18:47:00",2313,6.12,13.02,0,0,1.45,14.33,29065.65,36505.87,23.11,95.43,8.47,0.46,1.57,0.16,0.2,-99.9,-99.9,8.1,-99.9,3.25,1.91,1.2,32.26,0,0,393
"2026-02-14 19:02:00",2314,6.12,13.03,0,0,1.55,14.33,29065.91,36507.21,23.11,95.26,8.45,0.72,2.63,0.2,0.24,-99.9,-99.9,8.11,-99.9,3.19,1.99,1.2,32.26,0,0,394
"2026-02-14 19:17:00",2315,6.13,13.02,0,0,1.65,14.27,29101.01,36604.31,23.18,92.47,8.21,0.28,0.88,0.17,0.2,-99.9,-99.9,8.07,-99.9,3.21,1.81,1.2,34.36,0,0,395
"2026-02-14 19:32:00",2316,6.12,13.02,0,0,1.75,14.2,29332.34,36957.58,23.42,97.85,8.69,1.02,3.83,0.25,0.29,-99.9,-99.9,8.1,-99.9,3.17,1.75,1.2,34.36,0,0,396
"2026-02-14 19:47:00",2317,6.13,13.02,0,0,1.86,14.2,29370.12,37001.85,23.45,98.62,8.76,1.12,4.22,0.25,0.29,-99.9,-99.9,8.11,-99.9,3.16,2.05,1.2,32.4,0,0,397
"2026-02-14 20:02:00",2318,6.13,13.02,0,0,1.94,14.19,29320.65,36947.66,23.42,98.68,8.76,1.25,4.73,0.28,0.32,-99.9,-99.9,8.12,-99.9,3.22,2.01,1.2,32.4,0,0,398
"2026-02-14 20:17:00",2319,6.12,13.02,0,0,2.03,14.18,29264.01,36886.29,23.37,99.11,8.81,1.22,4.61,0.3,0.34,-99.9,-99.9,8.12,-99.9,3.14,2.01,1.21,35.26,0,0,399
"2026-02-14 20:32:00",2320,6.12,13.02,0,0,2.13,14.23,29054.07,36576.93,23.16,95.93,8.53,0.93,3.46,0.26,0.3,-99.9,-99.9,8.11,-99.9,3.16,1.54,1.21,35.26,0,0,400
"2026-02-14 20:47:00",2321,6.13,13.02,0,0,2.21,14.22,29043.38,36577.89,23.16,95.4,8.48,0.69,2.51,0.2,0.24,-99.9,-99.9,8.11,-99.9,3.3,1.53,1.21,31.84,0,0,401
"2026-02-14 21:02:00",2322,6.12,13.02,0,0,2.33,14.16,29029.43,36609,23.18,96.3,8.57,0.8,2.95,0.24,0.27,-99.9,-99.9,8.11,-99.9,3.24,1.52,1.21,31.84,0,0,402
"2026-02-14 21:17:00",2323,6.13,13.02,0,0,2.39,14.17,29048.19,36620.46,23.19,96.37,8.57,0.82,3.03,0.24,0.28,-99.9,-99.9,8.11,-99.9,3.07,1.56,1.2,31.45,0,0,403
"2026-02-14 21:32:00",2324,6.12,13.02,0,0,2.48,14.2,29108.12,36670.59,23.22,96.27,8.56,0.9,3.33,0.24,0.28,-99.9,-99.9,8.11,-99.9,3.2,1.74,1.2,31.45,0,0,404
"2026-02-14 21:47:00",2325,6.13,13.02,0,0,2.57,14.21,29099.45,36649.88,23.21,97.26,8.65,0.86,3.19,0.26,0.3,-99.9,-99.9,8.12,-99.9,3.28,1.68,1.19,31.57,0,0,405
"2026-02-14 22:02:00",2326,6.12,13.02,0,0,2.6,14.09,29496.19,37260.05,23.63,97.98,8.71,1.06,3.97,0.28,0.32,-99.9,-99.9,8.1,-99.9,3.15,2.63,1.19,31.57,0,0,406
"2026-02-14 22:17:00",2327,6.12,13.02,0,0,2.66,14.07,29696.58,37533.6,23.82,97.02,8.62,1.02,3.82,0.24,0.27,-99.9,-99.9,8.09,-99.9,3.05,2.69,1.21,35.35,0,0,407
"2026-02-14 22:32:00",2328,6.13,13.03,0,0,2.73,14.02,30045.7,38019.73,24.16,94.16,8.35,0.65,2.34,0.22,0.25,-99.9,-99.9,8.06,-99.9,2.98,2.58,1.21,35.35,0,0,408
"2026-02-14 22:47:00",2329,6.12,13.03,0,0,2.75,14.02,30089.26,38072.44,24.2,93.13,8.26,0.67,2.41,0.22,0.26,-99.9,-99.9,8.05,-99.9,2.94,3.15,1.2,32.23,0,0,409
"2026-02-14 23:02:00",2330,6.13,13.03,0,0,2.8,14,30227.83,38270.57,24.34,92.49,8.2,0.68,2.46,0.21,0.25,-99.9,-99.9,8.05,-99.9,2.92,3.31,1.2,32.23,0,0,410
"2026-02-14 23:17:00",2331,6.12,13.02,0,0,2.82,13.98,30333.4,38422.4,24.44,92.04,8.16,0.8,2.96,0.25,0.28,-99.9,-99.9,8.04,-99.9,2.88,3.04,1.19,32.35,0,0,411
"2026-02-14 23:32:00",2332,6.13,13.02,0,0,2.82,13.97,30420.23,38542.25,24.53,91.29,8.09,0.69,2.49,0.23,0.27,-99.9,-99.9,8.03,-99.9,2.85,3.38,1.19,32.35,0,0,412
"2026-02-14 23:47:00",2333,6.12,13.02,0,0,2.83,13.98,30331.86,38416.58,24.44,92.38,8.19,0.8,2.96,0.23,0.27,-99.9,-99.9,8.04,-99.9,2.85,2.99,1.19,31.88,0,0,413
"2026-02-15 00:02:00",2334,6.13,13.02,0,0,2.81,13.99,30297.06,38365.55,24.41,91.09,8.07,0.77,2.82,0.25,0.29,-99.9,-99.9,8.03,-99.9,2.88,2.65,1.19,31.88,0,0,414
"2026-02-15 00:17:00",2335,6.13,13.02,0,0,2.79,13.98,30384.95,38487.61,24.49,91.58,8.12,0.91,3.37,0.25,0.28,-99.9,-99.9,8.03,-99.9,2.81,3.07,1.2,31.62,0,0,415
"2026-02-15 00:32:00",2336,6.13,13.02,0,0,2.75,13.99,30316.29,38392.65,24.42,90.93,8.06,0.81,2.98,0.21,0.25,-99.9,-99.9,8.03,-99.9,2.83,2.84,1.2,31.62,0,0,416
"2026-02-15 00:47:00",2337,6.13,13.02,0,0,2.71,13.97,30432.68,38550.67,24.53,89.98,7.97,0.68,2.46,0.22,0.26,-99.9,-99.9,8.03,-99.9,2.78,3.2,1.19,32.5,0,0,417
"2026-02-15 01:02:00",2338,6.13,13.03,0,0,2.68,13.98,30399.04,38506.48,24.5,88.35,7.83,0.45,1.54,0.2,0.24,-99.9,-99.9,8.01,-99.9,2.87,2.51,1.19,32.5,0,0,418
"2026-02-15 01:17:00",2339,6.12,13.03,0,0,2.61,13.99,30342.55,38422.65,24.45,87.51,7.76,0.44,1.5,0.19,0.23,-99.9,-99.9,8.01,-99.9,2.86,2.37,1.19,32.13,0,0,419
"2026-02-15 01:32:00",2340,6.13,13.02,0,0,2.56,13.98,29254.39,37057.35,23.49,100.07,8.92,1.15,4.34,0.29,0.33,-99.9,-99.9,8.16,-99.9,3.17,2.43,1.19,32.13,0,0,420
"2026-02-15 01:47:00",2341,6.13,13.02,0,0,2.48,13.95,29237.56,37063.33,23.49,96.73,8.63,1.23,4.67,0.28,0.32,-99.9,-99.9,8.15,-99.9,3.17,2.4,1.2,36.17,0,0,421
"2026-02-15 02:02:00",2342,6.12,13.02,0,0,2.45,13.98,30291.98,38370.26,24.41,86.36,7.66,0.31,0.99,0.19,0.22,-99.9,-99.9,7.99,-99.9,2.98,1.85,1.2,36.17,0,0,422
"2026-02-15 02:17:00",2343,6.13,13.02,0,0,2.39,13.97,30305.22,38392.14,24.42,86.33,7.65,0.33,1.05,0.18,0.21,-99.9,-99.9,8,-99.9,2.99,1.92,1.19,33.38,0,0,423
"2026-02-15 02:32:00",2344,6.12,13.02,0,0,2.34,13.92,29756.06,37741.06,23.97,96.29,8.57,0.65,2.32,0.21,0.25,-99.9,-99.9,8.16,-99.9,3.08,2.17,1.19,33.38,0,0,424
"2026-02-15 02:47:00",2345,6.13,13.02,0,0,2.29,13.9,29156.02,37001.82,23.45,97.51,8.71,1.36,5.18,0.31,0.34,-99.9,-99.9,8.17,-99.9,3.26,2.59,1.19,35.41,0,0,425
"2026-02-15 03:02:00",2346,6.13,13.01,0,0,2.25,13.89,29103.01,36941.75,23.41,96.92,8.66,1.4,5.35,0.32,0.36,-99.9,-99.9,8.17,-99.9,3.29,2.47,1.19,35.41,0,0,426
"2026-02-15 03:17:00",2347,6.13,13.02,0,0,2.19,13.82,29075.82,36973.26,23.43,100.68,9.01,1.38,5.27,0.33,0.36,-99.9,-99.9,8.18,-99.9,3.3,2.63,1.19,32.64,0,0,427
"2026-02-15 03:32:00",2348,6.13,13.02,0,0,2.16,13.79,28962.72,36852.71,23.34,100.25,8.98,1.63,6.24,0.34,0.38,-99.9,-99.9,8.18,-99.9,3.22,2.53,1.19,32.64,0,0,428
"2026-02-15 03:47:00",2349,6.13,13.02,0,0,2.12,13.89,29671.76,37666.9,23.91,94.92,8.46,1.01,3.8,0.28,0.31,-99.9,-99.9,8.1,-99.9,3.14,2.36,1.19,32.42,0,0,429
"2026-02-15 04:02:00",2350,6.13,13.02,0,0,2.11,13.8,29278.39,37249.35,23.62,95.9,8.58,1.06,3.99,0.29,0.33,-99.9,-99.9,8.13,-99.9,3.15,2.42,1.19,32.42,0,0,430
"2026-02-15 04:17:00",2351,6.13,13.02,0,0,2.1,13.94,30564.9,38755.02,24.68,86.8,7.69,0.28,0.86,0.2,0.24,-99.9,-99.9,7.99,-99.9,2.88,2.15,1.2,35.24,0,0,431
"2026-02-15 04:32:00",2352,6.13,13.03,0,0,2.11,13.93,30534.08,38717.15,24.65,86.86,7.7,0.28,0.87,0.2,0.24,-99.9,-99.9,7.99,-99.9,2.81,2.09,1.2,35.24,0,0,432
"2026-02-15 04:47:00",2353,6.12,13.02,0,0,2.12,13.92,30826.85,39101.74,24.92,85.8,7.59,0.41,1.39,0.18,0.22,-99.9,-99.9,7.98,-99.9,2.75,2.61,1.19,32.57,0,0,433
"2026-02-15 05:02:00",2354,6.13,13.02,0,0,2.15,13.92,30778.46,39039.21,24.88,87.37,7.73,0.35,1.16,0.19,0.23,-99.9,-99.9,7.99,-99.9,2.76,2.08,1.19,32.57,0,0,434
"2026-02-15 05:17:00",2355,6.13,13.02,0,0,2.17,13.92,30827.05,39105.25,24.92,89.43,7.91,0.41,1.39,0.22,0.26,-99.9,-99.9,7.99,-99.9,2.74,2.31,1.19,32.44,0,0,435
"2026-02-15 05:32:00",2356,6.13,13.01,0,0,2.2,13.92,30773.06,39030.92,24.87,88.43,7.83,0.48,1.65,0.22,0.26,-99.9,-99.9,8,-99.9,2.71,2.36,1.19,32.44,0,0,436
"2026-02-15 05:47:00",2357,6.13,13.02,0,0,2.24,13.93,30598.77,38799.51,24.71,87.5,7.75,0.42,1.43,0.22,0.26,-99.9,-99.9,8,-99.9,2.85,2.15,1.19,31.55,0,0,437
"2026-02-15 06:02:00",2358,6.13,13.02,0,0,2.29,13.94,30514.2,38686.57,24.63,87.35,7.74,0.3,0.95,0.19,0.22,-99.9,-99.9,7.99,-99.9,2.86,2.08,1.19,31.55,0,0,438
"2026-02-15 06:17:00",2359,6.12,13.02,0,0,2.37,13.93,30172.68,38266.47,24.33,88.36,7.85,0.27,0.82,0.18,0.22,-99.9,-99.9,8.01,-99.9,2.98,1.81,1.2,31.75,0,0,439
"2026-02-15 06:32:00",2360,6.12,13.02,0,0,2.44,13.85,29932.87,38034.17,24.17,89.68,7.98,0.43,1.48,0.23,0.26,-99.9,-99.9,8.04,-99.9,2.97,2.01,1.2,31.75,0,0,440
"2026-02-15 06:47:00",2361,6.12,13.01,0,0,2.52,13.82,29980.89,38121.41,24.23,90.42,8.05,0.55,1.94,0.19,0.23,-99.9,-99.9,8.03,-99.9,3.06,2.12,1.19,31.79,0,0,441
"2026-02-15 07:02:00",2362,6.13,13.02,0,0,2.58,13.77,30009.15,38200.31,24.29,91.69,8.17,0.74,2.7,0.25,0.29,-99.9,-99.9,8.04,-99.9,2.93,2.43,1.19,31.79,0,0,442
"2026-02-15 07:17:00",2363,6.13,13.02,0,0,2.67,13.76,30132.84,38368.31,24.4,91.53,8.15,0.65,2.33,0.23,0.27,-99.9,-99.9,8.04,-99.9,2.97,2.37,1.2,32.59,0,0,443
"2026-02-15 07:32:00",2364,6.13,13.02,0,0,2.74,13.76,30130.64,38371.26,24.4,91.43,8.14,0.63,2.27,0.19,0.23,-99.9,-99.9,8.04,-99.9,2.91,2.5,1.2,32.59,0,0,444
"2026-02-15 07:47:00",2365,6.13,13.02,0,0,2.82,13.76,30084.93,38313.59,24.36,91.09,8.12,0.6,2.14,0.21,0.25,-99.9,-99.9,8.03,-99.9,3.01,2.52,1.2,32.61,0,0,445
"2026-02-15 08:02:00",2366,6.13,13.02,0,0,2.91,13.72,30076.16,38337.03,24.38,92.7,8.26,0.62,2.23,0.26,0.3,-99.9,-99.9,8.04,-99.9,2.89,2.5,1.2,32.61,0,0,446
"2026-02-15 08:17:00",2367,6.13,13.02,0,0,2.99,13.74,29979.24,38197.49,24.28,91.82,8.19,0.61,2.18,0.23,0.27,-99.9,-99.9,8.04,-99.9,3.01,2.39,1.2,31.77,0,0,447
"2026-02-15 08:32:00",2368,6.13,13.02,0,0,3.05,13.8,29991.05,38157.05,24.26,91.39,8.14,0.55,1.93,0.25,0.29,-99.9,-99.9,8.04,-99.9,2.94,2.06,1.2,31.77,0,0,448
"2026-02-15 08:47:00",2369,6.13,13.02,0,0,3.13,13.71,29771.55,37956.65,24.11,91.8,8.2,0.55,1.93,0.23,0.26,-99.9,-99.9,8.05,-99.9,3.1,2.08,1.2,32.03,0,0,449
"2026-02-15 09:02:00",2370,6.13,13.02,0,0,3.19,13.78,29954.96,38128.88,24.24,90.67,8.08,0.5,1.73,0.21,0.25,-99.9,-99.9,8.04,-99.9,2.97,1.95,1.2,32.03,0,0,450
"2026-02-15 09:17:00",2371,6.13,13.02,0,0,3.23,13.79,29968.35,38129.15,24.24,90.55,8.07,0.37,1.24,0.19,0.22,-99.9,-99.9,8.03,-99.9,3.01,1.93,1.2,32.52,0,0,451
"2026-02-15 09:32:00",2372,6.13,13.02,0,0,3.27,13.76,30074.82,38295.84,24.35,89.78,8,0.38,1.25,0.19,0.23,-99.9,-99.9,8.02,-99.9,2.93,2.2,1.2,32.52,0,0,452
"2026-02-15 09:47:00",2373,6.13,13.02,0,0,3.31,13.73,30129.11,38396.84,24.42,90.29,8.05,0.45,1.55,0.2,0.23,-99.9,-99.9,8.02,-99.9,2.98,2.56,1.19,31.86,0,0,453
"2026-02-15 10:02:00",2374,6.13,13.02,0,0,3.32,13.78,30482.64,38800.69,24.71,89.03,7.91,0.27,0.82,0.18,0.22,-99.9,-99.9,8.01,-99.9,2.76,2.65,1.19,31.86,0,0,454
"2026-02-15 10:17:00",2375,6.12,13.02,0,0,3.32,13.83,31072.98,39504.5,25.2,88.27,7.81,0.26,0.8,0.19,0.23,-99.9,-99.9,7.99,-99.9,2.64,2.63,1.2,32.08,0,0,455
"2026-02-15 10:32:00",2376,6.13,13.02,0,0,3.31,13.83,31101.02,39538.33,25.23,88.57,7.84,0.25,0.74,0.18,0.22,-99.9,-99.9,7.99,-99.9,2.57,3,1.2,32.08,0,0,456
"2026-02-15 10:47:00",2377,6.13,13.02,0,0,3.26,13.8,31431.85,39980.97,25.54,88.51,7.82,0.24,0.7,0.17,0.21,-99.9,-99.9,7.98,-99.9,2.45,3.59,1.2,35.54,0,0,457
"2026-02-15 11:02:00",2378,6.13,13.01,0,0,3.22,13.82,31449.58,39992.87,25.55,88.1,7.78,0.29,0.9,0.19,0.23,-99.9,-99.9,7.97,-99.9,2.4,3.41,1.2,35.54,0,0,458
"2026-02-15 11:17:00",2379,6.12,13.02,0,0,3.14,13.78,31515.37,40107.52,25.63,88.55,7.82,0.31,0.97,0.19,0.23,-99.9,-99.9,7.98,-99.9,2.39,4.14,1.2,32.82,0,0,459
"2026-02-15 11:32:00",2380,6.13,13.02,0,0,3.08,13.8,31547.82,40133.04,25.65,86.44,7.63,0.24,0.7,0.17,0.2,-99.9,-99.9,7.97,-99.9,2.36,3.24,1.2,32.82,0,0,460
"2026-02-15 11:47:00",2381,6.13,13.01,0,0,2.98,13.82,31207.71,39680.6,25.33,87.62,7.75,0.28,0.87,0.19,0.23,-99.9,-99.9,7.98,-99.9,2.51,2.96,1.21,35.47,0,0,461
"2026-02-15 12:02:00",2382,6.13,13.02,0,0,2.9,13.81,31173.56,39643.97,25.3,88.51,7.83,0.35,1.14,0.2,0.23,-99.9,-99.9,7.99,-99.9,2.51,2.88,1.21,35.47,0,0,462
"2026-02-15 12:17:00",2383,6.13,13.02,0,0,2.76,13.76,29949.75,38133.63,24.24,95.08,8.48,0.78,2.85,0.27,0.3,-99.9,-99.9,8.06,-99.9,2.96,2.56,1.2,32.41,0,0,463
"2026-02-15 12:32:00",2384,6.13,13.02,0,0,2.64,13.77,30002.58,38198.77,24.28,95.48,8.51,0.72,2.61,0.23,0.27,-99.9,-99.9,8.06,-99.9,2.82,2.66,1.2,32.41,0,0,464
"2026-02-15 12:47:00",2385,6.12,13.02,0,0,2.51,13.78,30114.82,38331.52,24.38,95.07,8.47,0.6,2.14,0.23,0.27,-99.9,-99.9,8.05,-99.9,2.86,2.72,1.19,32.06,0,0,465
"2026-02-15 13:02:00",2386,6.12,13.02,0,0,2.39,13.78,30057.43,38256.15,24.32,95.73,8.53,0.72,2.61,0.24,0.28,-99.9,-99.9,8.06,-99.9,2.82,2.68,1.19,32.06,0,0,466
"2026-02-15 13:17:00",2387,6.13,13.02,0,0,2.26,13.79,30143.3,38358.34,24.4,95.41,8.49,0.58,2.05,0.23,0.26,-99.9,-99.9,8.05,-99.9,2.87,2.61,1.21,35.6,0,0,467
"2026-02-15 13:32:00",2388,6.13,13.02,0,0,2.17,13.79,30133.79,38343.11,24.39,95.73,8.52,0.66,2.39,0.27,0.3,-99.9,-99.9,8.05,-99.9,2.81,2.69,1.21,35.6,0,0,468
"2026-02-15 13:47:00",2389,6.13,13.02,0,0,2.03,13.8,30185.38,38397.97,24.42,95.98,8.54,0.62,2.22,0.25,0.29,-99.9,-99.9,8.05,-99.9,2.86,2.75,1.2,32.72,0,0,469
"2026-02-15 14:02:00",2390,6.13,13.02,0,0,1.92,13.88,30303.62,38473.86,24.48,95.4,8.47,0.73,2.67,0.26,0.3,-99.9,-99.9,8.04,-99.9,2.75,2.91,1.2,32.72,0,0,470
"2026-02-15 14:17:00",2391,6.13,13.02,0,0,1.81,13.89,30316.58,38480.13,24.48,95.44,8.47,0.7,2.54,0.25,0.29,-99.9,-99.9,8.04,-99.9,2.77,2.95,1.19,35.61,0,0,471
"2026-02-15 14:32:00",2392,6.13,13.02,0,0,1.68,13.88,30299.91,38467.86,24.48,96.12,8.54,0.73,2.65,0.27,0.31,-99.9,-99.9,8.04,-99.9,2.75,2.88,1.19,35.61,0,0,472
"2026-02-15 14:47:00",2393,6.13,13.02,0,0,1.58,13.92,30343.68,38485.37,24.49,96.13,8.53,0.7,2.55,0.24,0.28,-99.9,-99.9,8.05,-99.9,2.79,2.94,1.19,32.05,0,0,473
"2026-02-15 15:02:00",2394,6.13,13.02,0,0,1.48,13.96,30461.42,38602.12,24.57,94.89,8.41,0.54,1.91,0.21,0.25,-99.9,-99.9,8.03,-99.9,2.77,3.2,1.19,32.05,0,0,474
"2026-02-15 15:17:00",2395,6.13,13.02,0,0,1.39,13.93,30636.41,38849.09,24.74,93.94,8.32,0.57,2.01,0.23,0.27,-99.9,-99.9,8.02,-99.9,2.66,4.04,1.19,31.74,0,0,475
"2026-02-15 15:32:00",2396,6.13,13.02,0,0,1.34,13.93,30591.39,38793.26,24.7,94.36,8.36,0.59,2.12,0.2,0.24,-99.9,-99.9,8.03,-99.9,2.64,3.98,1.19,31.74,0,0,476
"2026-02-15 15:47:00",2397,6.13,13.02,0,0,1.27,13.92,30452.36,38628.96,24.59,95.23,8.44,0.65,2.35,0.24,0.27,-99.9,-99.9,8.04,-99.9,2.74,3.27,1.2,31.64,0,0,477
"2026-02-15 16:02:00",2398,6.13,13.02,0,0,1.21,13.93,30551.6,38747.58,24.67,94.34,8.36,0.6,2.16,0.22,0.25,-99.9,-99.9,8.03,-99.9,2.67,3.42,1.2,31.64,0,0,478
"2026-02-15 16:17:00",2399,6.13,13.02,0,0,1.14,13.93,30528.31,38716.87,24.65,94.25,8.35,0.66,2.38,0.24,0.27,-99.9,-99.9,8.03,-99.9,2.65,3.19,1.2,32.29,0,0,479
"2026-02-15 16:32:00",2400,6.13,13.02,0,0,1.11,13.93,30593.97,38800.77,24.71,93.22,8.26,0.68,2.46,0.22,0.26,-99.9,-99.9,8.02,-99.9,2.58,3.23,1.2,32.29,0,0,480
"2026-02-15 16:47:00",2401,6.13,13.02,0,0,1.08,13.92,30592.86,38801.15,24.71,93.31,8.27,0.64,2.32,0.23,0.26,-99.9,-99.9,8.02,-99.9,2.66,3.21,1.2,31.83,0,0,481
"2026-02-15 17:02:00",2402,6.13,13.01,0,0,1.09,13.91,30546.36,38754.84,24.68,92.22,8.17,0.58,2.08,0.26,0.3,-99.9,-99.9,8.02,-99.9,2.71,3.29,1.2,31.83,0,0,482
"2026-02-15 17:17:00",2403,6.13,13.02,0,0,1.08,13.92,30565.75,38773.52,24.69,92.46,8.19,0.53,1.88,0.2,0.23,-99.9,-99.9,8.01,-99.9,2.74,3.02,1.2,31.87,0,0,483
"2026-02-15 17:32:00",2404,6.13,13.02,0,0,1.1,13.91,30596.98,38823.37,24.73,91.32,8.09,0.48,1.66,0.21,0.24,-99.9,-99.9,8.01,-99.9,2.68,3.06,1.2,31.87,0,0,484
"2026-02-15 17:47:00",2405,6.13,13.02,0,0,1.12,13.9,30531.18,38749.98,24.67,90.41,8.02,0.39,1.32,0.22,0.25,-99.9,-99.9,8,-99.9,2.75,2.68,1.2,32.43,0,0,485
"2026-02-15 18:02:00",2406,6.13,13.02,0,0,1.15,13.91,30672.4,38912.31,24.79,91.29,8.09,0.42,1.4,0.21,0.25,-99.9,-99.9,8.01,-99.9,2.65,2.5,1.2,32.43,0,0,486
"2026-02-15 18:17:00",2407,6.12,13.02,0,0,1.21,13.87,30307.14,38490.17,24.49,90.5,8.04,0.39,1.32,0.2,0.23,-99.9,-99.9,8.01,-99.9,2.81,1.85,1.19,32.3,0,0,487
"2026-02-15 18:32:00",2408,6.13,13.02,0,0,1.25,13.88,30483.93,38702.28,24.64,90.01,7.98,0.36,1.19,0.18,0.21,-99.9,-99.9,8,-99.9,2.77,2.43,1.19,32.3,0,0,488
"2026-02-15 18:47:00",2409,6.12,13.02,0,0,1.36,13.85,30273.88,38463.62,24.47,90.87,8.08,0.44,1.52,0.22,0.25,-99.9,-99.9,8.02,-99.9,2.82,1.98,1.19,32.34,0,0,489
"2026-02-15 19:02:00",2410,6.13,13.02,0,0,1.43,13.84,30305.31,38510.95,24.5,89.89,7.99,0.38,1.28,0.19,0.22,-99.9,-99.9,8.01,-99.9,2.77,2.12,1.19,32.34,0,0,490
"2026-02-15 19:17:00",2411,6.13,13.02,0,0,1.52,13.89,30629.01,38880.5,24.77,89.37,7.92,0.45,1.55,0.21,0.25,-99.9,-99.9,8,-99.9,2.7,3.6,1.19,31.84,0,0,491
"2026-02-15 19:32:00",2412,6.12,13.02,0,0,1.62,13.89,30628.88,38880.47,24.77,89.55,7.94,0.36,1.17,0.21,0.25,-99.9,-99.9,7.99,-99.9,2.62,3.35,1.19,31.84,0,0,492
"2026-02-15 19:47:00",2413,6.13,13.02,0,0,1.71,13.78,30253.64,38509.88,24.5,90.32,8.04,0.57,2.02,0.21,0.25,-99.9,-99.9,8,-99.9,2.82,2.96,1.19,31.77,0,0,493
"2026-02-15 20:02:00",2414,6.13,13.02,0,0,1.81,13.76,30247,38516.24,24.51,91.04,8.1,0.56,2,0.23,0.27,-99.9,-99.9,8.01,-99.9,2.75,2.45,1.19,31.77,0,0,494
"2026-02-15 20:17:00",2415,6.13,13.02,0,0,1.91,13.77,30256.43,38515.82,24.51,91.39,8.13,0.56,2,0.25,0.28,-99.9,-99.9,8,-99.9,2.85,2.85,1.2,34.82,0,0,495
"2026-02-15 20:32:00",2416,6.13,13.02,0,0,2.02,13.75,29731.52,37868.66,24.05,91.35,8.16,0.65,2.33,0.23,0.26,-99.9,-99.9,8.02,-99.9,3.08,2.91,1.2,34.82,0,0,496
"2026-02-15 20:47:00",2417,6.13,13.02,0,0,2.12,13.77,29954.39,38133.78,24.24,90.98,8.11,0.51,1.79,0.2,0.24,-99.9,-99.9,8.02,-99.9,3.06,2.47,1.2,32.43,0,0,497
"2026-02-15 21:02:00",2418,6.13,13.02,0,0,2.22,13.77,29686.2,37793.35,24,90.32,8.06,0.44,1.51,0.22,0.25,-99.9,-99.9,8.02,-99.9,2.97,2,1.2,32.43,0,0,498
"2026-02-15 21:17:00",2419,6.13,13.02,0,0,2.32,13.8,30398.02,38665.85,24.61,89.77,7.98,0.45,1.53,0.19,0.23,-99.9,-99.9,8,-99.9,2.83,2.44,1.2,36.17,0,0,499
"2026-02-15 21:32:00",2420,6.13,13.02,0,0,2.4,13.79,30466.58,38765.09,24.68,92.29,8.2,0.61,2.2,0.23,0.27,-99.9,-99.9,8.01,-99.9,2.71,3.29,1.2,36.17,0,0,500
"2026-02-15 21:47:00",2421,6.12,13.02,0,0,2.5,13.79,30371.24,38650.11,24.6,92.69,8.24,0.63,2.28,0.21,0.25,-99.9,-99.9,8.02,-99.9,2.81,3.36,1.19,32.18,0,0,501
"2026-02-15 22:02:02",2422,6.13,13.02,0,0,2.57,13.79,30495.8,38805.31,24.71,92.21,8.19,0.67,2.42,0.26,0.3,-99.9,-99.9,8.02,-99.9,2.69,3.24,1.19,32.18,0,0,502
"2026-02-15 22:17:00",2423,6.13,13.02,0,0,2.65,13.78,30320.73,38595.45,24.56,92.75,8.25,0.67,2.43,0.21,0.25,-99.9,-99.9,8.03,-99.9,2.8,3.22,1.19,32.48,0,0,503
"2026-02-15 22:32:00",2424,6.13,13.02,0,0,2.72,13.78,30497.91,38818.09,24.72,93,8.26,0.73,2.67,0.23,0.27,-99.9,-99.9,8.03,-99.9,2.71,3.02,1.19,32.48,0,0,504
"2026-02-15 22:47:00",2425,6.13,13.02,0,0,2.78,13.78,30573.24,38916.43,24.79,93.02,8.26,0.72,2.62,0.23,0.27,-99.9,-99.9,8.02,-99.9,2.68,3.37,1.2,34.62,0,0,505
"2026-02-15 23:02:00",2426,6.13,13.01,0,0,2.84,13.75,30863.87,39309.24,25.06,92.16,8.18,0.56,1.97,0.22,0.26,-99.9,-99.9,8.01,-99.9,2.54,3.75,1.2,34.62,0,0,506
"2026-02-15 23:17:00",2427,6.13,13.02,0,0,2.87,13.78,31062.09,39536.18,25.22,90.93,8.05,0.6,2.14,0.22,0.26,-99.9,-99.9,8.01,-99.9,2.56,4.55,1.19,33.54,0,0,507
"2026-02-15 23:32:00",2428,6.13,13.02,0,0,2.89,13.77,31164.98,39672.07,25.32,90.09,7.98,0.48,1.68,0.24,0.28,-99.9,-99.9,8,-99.9,2.47,4.71,1.19,33.54,0,0,508
"2026-02-15 23:47:00",2429,6.12,13.01,0,0,2.9,13.77,31023.28,39495.91,25.2,90.93,8.06,0.57,2.03,0.24,0.28,-99.9,-99.9,8,-99.9,2.57,4.24,1.2,34.83,0,0,509
"2026-02-16 00:02:00",2430,6.13,13.01,0,0,2.91,13.77,31032.35,39510.43,25.21,90.83,8.05,0.58,2.05,0.19,0.23,-99.9,-99.9,8,-99.9,2.5,3.6,1.2,34.83,0,0,510
"2026-02-16 00:17:00",2431,6.13,13.02,0,0,2.9,13.77,31078.98,39569.66,25.25,90.93,8.06,0.57,2.04,0.21,0.24,-99.9,-99.9,8,-99.9,2.55,3.74,1.2,32.38,0,0,511
"2026-02-16 00:32:00",2432,6.13,13.02,0,0,2.87,13.78,31273.37,39803.95,25.41,90.61,8.02,0.53,1.86,0.22,0.26,-99.9,-99.9,8,-99.9,2.44,4.38,1.2,32.38,0,0,512
"2026-02-16 00:47:00",2433,6.13,13.02,0,0,2.85,13.77,31526.03,40137.4,25.65,88.67,7.84,0.42,1.43,0.23,0.27,-99.9,-99.9,7.98,-99.9,2.4,4.71,1.2,32.86,0,0,513
"2026-02-16 01:02:00",2434,6.13,13.02,0,0,2.81,13.77,31067.51,39555.54,25.24,89.62,7.94,0.45,1.52,0.22,0.26,-99.9,-99.9,8,-99.9,2.5,3.5,1.2,32.86,0,0,514
"2026-02-16 01:17:00",2435,6.13,13.02,0,0,2.77,13.76,30889.69,39336.9,25.08,88.49,7.85,0.44,1.48,0.19,0.23,-99.9,-99.9,8.01,-99.9,2.63,3.79,1.2,31.21,0,0,515
"2026-02-16 01:32:00",2436,6.13,13.03,0,0,2.7,13.75,30904.2,39362.07,25.1,89.05,7.9,0.33,1.06,0.21,0.24,-99.9,-99.9,8.01,-99.9,2.63,2.91,1.2,31.21,0,0,516
"2026-02-16 01:47:00",2437,6.13,13.02,0,0,2.63,13.68,30192.25,38517.4,24.51,92.05,8.21,0.67,2.44,0.28,0.31,-99.9,-99.9,8.04,-99.9,2.83,2.97,1.21,32.11,0,0,517
"2026-02-16 02:02:00",2438,6.13,13.02,0,0,2.54,13.66,30259.09,38625.6,24.58,92.83,8.28,0.64,2.31,0.23,0.26,-99.9,-99.9,8.04,-99.9,2.85,3.11,1.21,32.11,0,0,518
"2026-02-16 02:17:00",2439,6.13,13.02,0,0,2.49,13.65,30205.99,38570.88,24.54,92.97,8.29,0.65,2.34,0.25,0.29,-99.9,-99.9,8.04,-99.9,2.83,3.21,1.2,32.42,0,0,519
"2026-02-16 02:32:00",2440,6.13,13.02,0,0,2.41,13.65,30352.7,38749.88,24.67,92.99,8.29,0.69,2.51,0.25,0.29,-99.9,-99.9,8.03,-99.9,2.7,3.26,1.2,32.42,0,0,520
"2026-02-16 02:47:00",2441,6.13,13.02,0,0,2.35,13.67,30404.12,38805.32,24.71,92.64,8.25,0.64,2.3,0.24,0.28,-99.9,-99.9,8.03,-99.9,2.77,3.22,1.19,33.04,0,0,521
"2026-02-16 03:02:00",2442,6.13,13.03,0,0,2.27,13.64,30276.39,38662.2,24.61,93.09,8.3,0.61,2.17,0.26,0.29,-99.9,-99.9,8.03,-99.9,2.74,3.2,1.19,33.04,0,0,522
"2026-02-16 03:17:00",2443,6.13,13.02,0,0,2.2,13.66,30376.52,38776.65,24.69,92.16,8.21,0.61,2.18,0.23,0.27,-99.9,-99.9,8.02,-99.9,2.81,3.24,1.2,32.11,0,0,523
"2026-02-16 03:32:00",2444,6.13,13.02,0,0,2.14,13.68,30575.26,39010.29,24.85,92.03,8.19,0.6,2.14,0.24,0.27,-99.9,-99.9,8.02,-99.9,2.69,3.21,1.2,32.11,0,0,524
"2026-02-16 03:47:00",2445,6.13,13.02,0,0,2.1,13.68,30531.89,38957.86,24.82,91.57,8.15,0.66,2.38,0.27,0.3,-99.9,-99.9,8.02,-99.9,2.68,3.61,1.19,32.82,0,0,525
"2026-02-16 04:02:00",2446,6.12,13.02,0,0,2.05,13.7,30623.31,39048.91,24.88,90.09,8.01,0.38,1.28,0.2,0.24,-99.9,-99.9,8,-99.9,2.59,2.59,1.19,32.82,0,0,526
"2026-02-16 04:17:00",2447,6.13,13.02,0,0,2.03,13.76,30705.78,39098.48,24.92,87.03,7.73,0.23,0.68,0.19,0.23,-99.9,-99.9,7.98,-99.9,2.69,1.98,1.19,31.38,0,0,527
"2026-02-16 04:32:00",2448,6.13,13.02,0,0,2.01,13.76,30702.14,39096.63,24.91,86.84,7.71,0.21,0.57,0.15,0.19,-99.9,-99.9,7.98,-99.9,2.51,2.03,1.19,31.38,0,0,528
"2026-02-16 04:47:00",2449,6.13,13.02,0,0,1.98,13.74,30645.33,39045.84,24.88,87.48,7.77,0.31,0.97,0.18,0.22,-99.9,-99.9,7.99,-99.9,2.63,2.52,1.21,34.28,0,0,529
"2026-02-16 05:02:00",2450,6.12,13.02,0,0,1.98,13.76,30731.93,39131.36,24.94,85.86,7.62,0.19,0.49,0.16,0.2,-99.9,-99.9,7.98,-99.9,2.64,1.97,1.21,34.28,0,0,530
"2026-02-16 05:17:00",2451,6.13,13.02,0,0,1.99,13.76,30743.82,39145.51,24.95,85.54,7.59,0.21,0.6,0.15,0.19,-99.9,-99.9,7.97,-99.9,2.75,1.82,1.21,32.38,0,0,531
"2026-02-16 05:32:00",2452,6.13,13.02,0,0,1.99,13.75,30734.62,39149.94,24.95,87.84,7.8,0.31,0.99,0.2,0.24,-99.9,-99.9,7.99,-99.9,2.61,2.1,1.21,32.38,0,0,532
"2026-02-16 05:47:00",2453,6.13,13.02,0,0,2.03,13.75,30720.99,39129.26,24.94,85.88,7.63,0.22,0.64,0.14,0.18,-99.9,-99.9,7.98,-99.9,2.67,2.12,1.19,32.59,0,0,533
"2026-02-16 06:02:00",2454,6.13,13.02,0,0,2.07,13.74,30678.07,39080.58,24.9,85.13,7.56,0.23,0.66,0.14,0.18,-99.9,-99.9,7.98,-99.9,2.59,1.95,1.19,32.59,0,0,534
"2026-02-16 06:17:00",2455,6.13,13.02,0,0,2.13,13.75,30705.78,39108.15,24.92,83.33,7.4,0.21,0.6,0.18,0.22,-99.9,-99.9,7.98,-99.9,2.8,1.8,1.2,34.46,0,0,535
"2026-02-16 06:32:00",2456,6.13,13.02,0,0,2.18,13.77,30835.2,39252.28,25.02,84.37,7.48,0.16,0.38,0.17,0.2,-99.9,-99.9,7.98,-99.9,2.65,1.58,1.2,34.46,0,0,536
"2026-02-16 06:47:00",2457,6.13,13.02,0,0,2.26,13.76,30842.85,39273.19,25.04,87.7,7.78,0.21,0.58,0.18,0.22,-99.9,-99.9,7.99,-99.9,2.62,1.92,1.2,32.99,0,0,537
"2026-02-16 07:02:00",2458,6.13,13.02,0,0,2.33,13.73,30853.12,39318.08,25.07,88.59,7.86,0.32,1.04,0.19,0.22,-99.9,-99.9,7.99,-99.9,2.62,2.17,1.2,32.99,0,0,538
"2026-02-16 07:17:00",2459,6.13,13.02,0,0,2.4,13.75,30839.95,39281.49,25.04,87.59,7.77,0.21,0.58,0.17,0.21,-99.9,-99.9,7.99,-99.9,2.69,1.93,1.21,34.9,0,0,539
"2026-02-16 07:32:00",2460,6.13,13.01,0,0,2.5,13.68,30699.3,39164.08,24.96,89.08,7.92,0.53,1.86,0.21,0.25,-99.9,-99.9,8,-99.9,2.52,2.83,1.21,34.9,0,0,540
"2026-02-16 07:47:00",2461,6.13,13.02,0,0,2.58,13.69,30718.42,39177.97,24.97,91.28,8.11,0.44,1.5,0.19,0.22,-99.9,-99.9,8.01,-99.9,2.62,2.64,1.2,33.01,0,0,541
"2026-02-16 08:02:00",2462,6.13,13.02,0,0,2.67,13.47,29292.36,37563.08,23.83,90.16,8.11,0.5,1.75,0.2,0.24,-99.9,-99.9,8.04,-99.9,3.06,2.17,1.2,33.01,0,0,542
"2026-02-16 08:17:00",2463,6.13,13.01,0,0,2.78,13.46,28980.34,37178.28,23.56,92.42,8.33,0.58,2.08,0.22,0.26,-99.9,-99.9,8.07,-99.9,3.12,2.35,1.19,32.36,0,0,543
"2026-02-16 08:32:00",2464,6.13,13.02,0,0,2.84,13.46,29128.38,37365.2,23.69,90.84,8.18,0.59,2.12,0.23,0.27,-99.9,-99.9,8.06,-99.9,3.17,2.45,1.19,32.36,0,0,544
"2026-02-16 08:47:00",2465,6.13,13.02,0,0,2.94,13.55,29818.32,38161.32,24.25,90.57,8.11,0.53,1.88,0.18,0.22,-99.9,-99.9,8.03,-99.9,2.9,2.39,1.2,32.59,0,0,545
"2026-02-16 09:02:00",2466,6.13,13.02,0,0,3.02,13.54,29776.32,38116.29,24.22,90.32,8.09,0.43,1.48,0.24,0.27,-99.9,-99.9,8.03,-99.9,2.89,2.32,1.2,32.59,0,0,546
"2026-02-16 09:17:00",2467,6.13,13.02,0,0,3.09,13.56,29871.87,38219.43,24.29,90.52,8.1,0.46,1.58,0.22,0.26,-99.9,-99.9,8.03,-99.9,2.89,2.92,1.2,32.82,0,0,547
"2026-02-16 09:32:00",2468,6.13,13.01,0,0,3.16,13.6,30143.43,38533.45,24.52,89.72,8.01,0.28,0.87,0.19,0.23,-99.9,-99.9,8.01,-99.9,2.82,2.75,1.2,32.82,0,0,548
"2026-02-16 09:47:00",2469,6.13,13.02,0,0,3.24,13.69,30816.88,39310.78,25.06,87.27,7.75,0.25,0.75,0.19,0.23,-99.9,-99.9,7.98,-99.9,2.6,2.96,1.2,32.77,0,0,549
"2026-02-16 10:02:00",2470,6.13,13.02,0,0,3.26,13.69,30856.87,39354.81,25.09,86.73,7.7,0.23,0.67,0.16,0.2,-99.9,-99.9,7.98,-99.9,2.55,2.73,1.2,32.77,0,0,550
"2026-02-16 10:17:00",2471,6.13,13.02,0,0,3.31,13.7,30969.61,39492.02,25.19,86.5,7.68,0.31,0.97,0.18,0.22,-99.9,-99.9,7.97,-99.9,2.52,3.54,1.2,33.59,0,0,551
"2026-02-16 10:32:00",2472,6.13,13.02,0,0,3.34,13.69,30999.09,39539.81,25.22,86.8,7.7,0.38,1.27,0.21,0.25,-99.9,-99.9,7.98,-99.9,2.57,3.62,1.2,33.59,0,0,552
"2026-02-16 10:32:02",2473,6.13,13.02,0,0,3.34,13.69,30999.09,39539.81,25.22,86.8,7.7,0.38,1.27,0.21,0.25,-99.9,-99.9,7.98,-99.9,2.57,3.62,1.2,33.59,0,0,553
"2026-02-16 10:47:00",2474,6.13,13.02,0,0,3.34,13.68,31004.44,39554.56,25.23,88.4,7.85,0.35,1.15,0.2,0.24,-99.9,-99.9,7.99,-99.9,2.57,3.85,1.2,35.36,0,0,554
"2026-02-16 11:02:00",2475,6.13,13.02,0,0,3.34,13.68,31071.6,39641.29,25.3,88.06,7.81,0.34,1.09,0.2,0.24,-99.9,-99.9,7.99,-99.9,2.48,3.67,1.2,35.36,0,0,555
"2026-02-16 11:17:00",2476,6.12,13.01,0,0,3.36,13.7,31376.61,40015.35,25.56,87.54,7.75,0.28,0.86,0.16,0.2,-99.9,-99.9,7.98,-99.9,2.42,3.38,1.19,32.2,0,0,556
"2026-02-16 11:32:00",2477,6.13,13.02,0,0,3.31,13.71,31615.98,40309.3,25.77,86.3,7.63,0.27,0.84,0.19,0.22,-99.9,-99.9,7.97,-99.9,2.36,2.77,1.19,32.2,0,0,557
"2026-02-16 11:47:00",2478,6.13,13.01,0,0,3.25,13.72,31716.97,40428.53,25.85,86.12,7.61,0.23,0.66,0.18,0.22,-99.9,-99.9,7.96,-99.9,2.38,3.14,1.21,34.81,0,0,558
"2026-02-16 12:02:00",2479,6.13,13.02,0,0,3.17,13.72,31658.33,40357,25.8,84.9,7.5,0.21,0.57,0.18,0.22,-99.9,-99.9,7.96,-99.9,2.38,2.7,1.21,34.81,0,0,559
"2026-02-16 12:17:00",2480,6.13,13.02,0,0,3.07,13.71,31439.41,40084.46,25.61,84.52,7.48,0.3,0.94,0.18,0.22,-99.9,-99.9,7.96,-99.9,2.41,2.82,1.2,32.09,0,0,560
"2026-02-16 12:32:00",2481,6.13,13.01,0,0,2.97,13.7,31304.3,39920.86,25.49,84.49,7.48,0.21,0.57,0.15,0.19,-99.9,-99.9,7.96,-99.9,2.49,3.03,1.2,32.09,0,0,561
"2026-02-16 12:47:00",2482,6.13,13.02,0,0,2.85,13.71,31305.41,39913.88,25.49,84.41,7.48,0.2,0.55,0.16,0.2,-99.9,-99.9,7.96,-99.9,2.55,2.45,1.19,32.68,0,0,562
"2026-02-16 13:02:00",2483,6.12,13.02,0,0,2.74,13.7,31135.41,39706.47,25.34,80.18,7.11,0.4,1.33,0.18,0.22,-99.9,-99.9,7.97,-99.9,2.52,2.54,1.19,32.68,0,0,563
"2026-02-16 13:17:00",2484,6.13,13.02,0,0,2.65,13.7,31174.31,39756.22,25.38,84.84,7.52,0.15,0.34,0.17,0.21,-99.9,-99.9,7.96,-99.9,2.57,2.46,1.19,32.17,0,0,564
"2026-02-16 13:32:00",2485,6.13,13.02,0,0,2.51,13.69,30995.61,39535.39,25.22,85.17,7.56,0.18,0.46,0.15,0.18,-99.9,-99.9,7.97,-99.9,2.59,1.74,1.19,32.17,0,0,565
"2026-02-16 13:47:00",2486,6.13,13.02,0,0,2.39,13.65,30521.31,38973.34,24.83,84.71,7.54,0.15,0.35,0.16,0.2,-99.9,-99.9,7.98,-99.9,2.71,1.71,1.19,32.06,0,0,566
"2026-02-16 14:02:00",2487,6.13,13.02,0,0,2.23,13.67,31013.53,39575.97,25.25,86.59,7.69,0.15,0.34,0.17,0.21,-99.9,-99.9,7.97,-99.9,2.6,2.17,1.19,32.06,0,0,567
"2026-02-16 14:17:00",2488,6.13,13.02,0,0,2.1,13.68,30823.11,39326.86,25.07,86.66,7.7,0.2,0.55,0.18,0.21,-99.9,-99.9,7.98,-99.9,2.66,2.11,1.21,32.08,0,0,568
"2026-02-16 14:32:00",2489,6.13,13.02,0,0,1.94,13.69,30893.85,39409.55,25.13,86.09,7.64,0.18,0.45,0.15,0.19,-99.9,-99.9,7.97,-99.9,2.6,2.28,1.21,32.08,0,0,569
"2026-02-16 14:47:00",2490,6.12,13.02,0,0,1.87,13.67,30617.28,39072.55,24.9,84.27,7.5,0.18,0.47,0.18,0.21,-99.9,-99.9,7.97,-99.9,2.65,2.04,1.2,32.51,0,0,570
"2026-02-16 15:02:00",2491,6.13,13.02,0,0,1.74,13.64,30352.17,38761.92,24.68,84.12,7.5,0.29,0.89,0.15,0.19,-99.9,-99.9,8,-99.9,2.81,2.34,1.2,32.51,0,0,571
"2026-02-16 15:17:00",2492,6.13,13.02,0,0,1.65,13.58,29918.99,38262.31,24.33,89.07,7.97,0.41,1.38,0.19,0.22,-99.9,-99.9,8.03,-99.9,2.86,2.06,1.2,31.56,0,0,572
"2026-02-16 15:32:00",2493,6.13,13.02,0,0,1.55,13.62,30041.14,38387.32,24.41,89.53,8,0.44,1.52,0.22,0.26,-99.9,-99.9,8.03,-99.9,2.86,2.22,1.2,31.56,0,0,573
"2026-02-16 15:47:00",2494,6.13,13.02,0,0,1.46,13.61,30045.37,38402.48,24.42,87.83,7.85,0.32,1.03,0.18,0.21,-99.9,-99.9,8.01,-99.9,2.88,1.88,1.19,32.44,0,0,574
"2026-02-16 16:02:00",2495,6.13,13.02,0,0,1.37,13.57,29610.48,37883.01,24.06,87.14,7.81,0.27,0.83,0.17,0.21,-99.9,-99.9,8.02,-99.9,2.99,2.01,1.19,32.44,0,0,575
"2026-02-16 16:17:00",2496,6.12,13.02,0,0,1.28,13.47,28810.77,36947.32,23.4,91.53,8.25,0.62,2.21,0.23,0.26,-99.9,-99.9,8.08,-99.9,3.16,1.72,1.2,32.3,0,0,576
"2026-02-16 16:32:00",2497,6.13,13.02,0,0,1.2,13.55,29442.46,37683.49,23.92,92.13,8.27,0.31,0.99,0.19,0.23,-99.9,-99.9,8.03,-99.9,3.06,1.89,1.2,32.3,0,0,577
"2026-02-16 16:47:00",2498,6.13,13.02,0,0,1.14,13.55,29393.4,37620.5,23.88,91.51,8.21,0.34,1.11,0.19,0.22,-99.9,-99.9,8.05,-99.9,3.07,1.83,1.2,32.35,0,0,578
"2026-02-16 17:02:00",2499,6.13,13.02,0,0,1.11,13.54,29299.35,37511.35,23.8,89.61,8.05,0.41,1.38,0.18,0.22,-99.9,-99.9,8.04,-99.9,3.05,1.91,1.2,32.35,0,0,579
"2026-02-16 17:17:00",2500,6.12,13.01,0,0,1.07,13.51,29261.81,37488.55,23.78,90.04,8.09,0.29,0.92,0.16,0.2,-99.9,-99.9,8.04,-99.9,3.05,1.53,1.2,33.07,0,0,580
"2026-02-16 17:32:00",2501,6.13,13.02,0,0,1.06,13.47,28938.44,37110.14,23.52,88.23,7.95,0.27,0.84,0.19,0.23,-99.9,-99.9,8.04,-99.9,3.14,1.32,1.2,33.07,0,0,581
"2026-02-16 17:47:00",2502,6.13,13.02,0,0,1.05,13.52,29302.02,37529.62,23.81,88.14,7.92,0.3,0.94,0.2,0.23,-99.9,-99.9,8.03,-99.9,3.1,1.41,1.2,35.83,0,0,582
"2026-02-16 18:02:00",2503,6.13,13.02,0,0,1.06,13.51,29266.36,37490.8,23.78,87.93,7.9,0.22,0.64,0.17,0.21,-99.9,-99.9,8.03,-99.9,3.01,1.45,1.2,35.83,0,0,583
"2026-02-16 18:17:00",2504,6.12,13.02,0,0,1.06,13.59,29767.34,38065.06,24.19,85.8,7.68,0.25,0.74,0.18,0.21,-99.9,-99.9,8,-99.9,2.95,1.7,1.19,32.29,0,0,584
"2026-02-16 18:32:00",2505,6.13,13.02,0,0,1.12,13.61,29870.11,38174.53,24.26,86.21,7.71,0.28,0.85,0.17,0.21,-99.9,-99.9,8,-99.9,2.95,2,1.19,32.29,0,0,585
"2026-02-16 18:47:00",2506,6.13,13.02,0,0,1.16,13.63,30295.24,38699.39,24.63,85.45,7.62,0.21,0.59,0.16,0.2,-99.9,-99.9,7.98,-99.9,2.82,1.94,1.19,35.27,0,0,586
"2026-02-16 19:02:00",2507,6.13,13.02,0,0,1.2,13.63,30273.45,38670.93,24.61,85.52,7.63,0.27,0.84,0.17,0.21,-99.9,-99.9,7.98,-99.9,2.85,1.7,1.19,35.27,0,0,587
"2026-02-16 19:17:00",2508,6.13,13.02,0,0,1.31,13.5,29156.15,37359.49,23.69,87.25,7.85,0.31,0.97,0.2,0.24,-99.9,-99.9,8.03,-99.9,3.1,1.63,1.19,31.84,0,0,588
"2026-02-16 19:32:00",2509,6.13,13.02,0,0,1.39,13.45,28975.18,37178.71,23.56,89.79,8.09,0.4,1.33,0.19,0.23,-99.9,-99.9,8.05,-99.9,3.2,1.44,1.19,31.84,0,0,589
"2026-02-16 19:47:00",2510,6.13,13.02,0,0,1.46,13.38,28975.57,37240.88,23.61,92.43,8.34,0.82,3.04,0.27,0.31,-99.9,-99.9,8.07,-99.9,3.07,1.79,1.2,34.9,0,0,590
"2026-02-16 20:02:00",2511,6.12,13.02,0,0,1.57,13.28,28736.21,37027.04,23.45,94.33,8.54,1.07,4.02,0.27,0.31,-99.9,-99.9,8.1,-99.9,3.21,1.8,1.2,34.9,0,0,591
"2026-02-16 20:17:00",2512,6.13,13.02,0,0,1.64,13.24,28623.92,36919.46,23.38,95,8.61,1.1,4.15,0.3,0.34,-99.9,-99.9,8.1,-99.9,3.16,1.84,1.19,33.18,0,0,592
"2026-02-16 20:32:00",2513,6.12,13.02,0,0,1.76,13.45,29487.83,37830.47,24.02,92.11,8.28,0.92,3.43,0.28,0.32,-99.9,-99.9,8.05,-99.9,3.03,2.39,1.19,33.18,0,0,593
"2026-02-16 20:47:00",2514,6.13,13.02,0,0,1.87,13.31,28771.44,37044.52,23.47,94.29,8.53,0.91,3.37,0.27,0.3,-99.9,-99.9,8.09,-99.9,3.2,2.16,1.2,32.84,0,0,594
"2026-02-16 21:02:00",2515,6.13,13.02,0,0,2,13.29,28768.98,37058.24,23.48,94.26,8.53,0.93,3.45,0.27,0.3,-99.9,-99.9,8.09,-99.9,3.24,2.23,1.2,32.84,0,0,595
"2026-02-16 21:17:00",2516,6.13,13.01,0,0,2.09,13.26,28740.12,37051.45,23.47,94.15,8.52,0.94,3.51,0.28,0.31,-99.9,-99.9,8.09,-99.9,3.22,2.36,1.2,32.47,0,0,596
"2026-02-16 21:32:00",2517,6.13,13.02,0,0,2.21,13.21,28602.25,36919.58,23.38,94.05,8.53,0.95,3.55,0.25,0.29,-99.9,-99.9,8.09,-99.9,3.24,2.35,1.2,32.47,0,0,597
"2026-02-16 21:47:00",2518,6.13,13.02,0,0,2.32,13.2,28538.07,36839.85,23.32,94.63,8.59,0.91,3.37,0.27,0.31,-99.9,-99.9,8.1,-99.9,3.29,2.5,1.2,35.12,0,0,598
"2026-02-16 22:02:00",2519,6.13,13.01,0,0,2.41,13.2,28484.47,36767.93,23.27,94.35,8.56,0.89,3.29,0.26,0.3,-99.9,-99.9,8.11,-99.9,3.34,2.52,1.2,35.12,0,0,599
"2026-02-16 22:17:00",2520,6.13,13.02,0,0,2.49,13.21,28448.27,36714.6,23.24,94.02,8.53,0.89,3.31,0.27,0.31,-99.9,-99.9,8.11,-99.9,3.39,2.51,1.2,33.34,0,0,600
"2026-02-16 22:32:00",2521,6.13,13.02,0,0,2.59,13.15,28395.28,36702.35,23.23,93.83,8.53,0.93,3.48,0.27,0.31,-99.9,-99.9,8.11,-99.9,3.34,2.45,1.2,33.34,0,0,601
"2026-02-16 22:47:00",2522,6.12,13.02,0,0,2.68,13.22,28643.16,36959.12,23.41,93.89,8.51,0.8,2.95,0.26,0.3,-99.9,-99.9,8.1,-99.9,3.3,2.68,1.19,33.2,0,0,602
"2026-02-16 23:02:00",2523,6.13,13.02,0,0,2.75,13.41,29444.7,37813.74,24.01,92.03,8.28,0.83,3.06,0.25,0.29,-99.9,-99.9,8.06,-99.9,3.09,2.99,1.19,33.2,0,0,603
"2026-02-16 23:17:00",2524,6.13,13.02,0,0,2.81,13.55,30040.42,38449.52,24.46,91.09,8.15,0.7,2.54,0.26,0.29,-99.9,-99.9,8.04,-99.9,2.83,3.89,1.19,32.51,0,0,604
"2026-02-16 23:32:00",2525,6.13,13.01,0,0,2.86,13.57,30209.15,38650.2,24.6,88.26,7.88,0.53,1.88,0.24,0.27,-99.9,-99.9,8.03,-99.9,2.82,3.28,1.19,32.51,0,0,605
"2026-02-16 23:47:00",2526,6.13,13.02,0,0,2.91,13.6,30641.33,39168.63,24.96,89.75,7.99,0.56,2,0.24,0.28,-99.9,-99.9,8.02,-99.9,2.64,4.28,1.21,35.4,0,0,606
"2026-02-17 00:02:00",2527,6.13,13.02,0,0,2.91,13.6,30599.81,39115.36,24.92,88.64,7.9,0.56,1.98,0.22,0.26,-99.9,-99.9,8.01,-99.9,2.72,2.9,1.21,35.4,0,0,607
"2026-02-17 00:17:00",2528,6.13,13.02,0,0,2.93,13.57,30454.99,38960.79,24.81,89.91,8.02,0.48,1.66,0.23,0.26,-99.9,-99.9,8.02,-99.9,2.76,3.79,1.2,32.72,0,0,608
"2026-02-17 00:32:00",2529,6.13,13.02,0,0,2.94,13.55,30439.97,38958.57,24.81,89.56,7.99,0.44,1.5,0.24,0.28,-99.9,-99.9,8.02,-99.9,2.72,4.01,1.2,32.72,0,0,609
"2026-02-17 00:47:00",2530,6.12,13.02,0,0,2.93,13.56,30497.59,39021.39,24.86,89.19,7.95,0.46,1.57,0.22,0.25,-99.9,-99.9,8.01,-99.9,2.72,4.2,1.2,32.96,0,0,610
"2026-02-17 01:02:00",2531,6.13,13.02,0,0,2.92,13.59,30544.61,39057.15,24.88,87.49,7.8,0.43,1.45,0.22,0.26,-99.9,-99.9,8,-99.9,2.67,2.69,1.2,32.96,0,0,611
"2026-02-17 01:17:00",2532,6.13,13.02,0,0,2.88,13.58,30504.51,39011.6,24.85,87.82,7.83,0.36,1.17,0.22,0.26,-99.9,-99.9,8.01,-99.9,2.69,2.81,1.2,32.04,0,0,612
"2026-02-17 01:32:00",2533,6.13,13.02,0,0,2.81,13.53,30270.36,38758.63,24.67,87.71,7.84,0.46,1.6,0.23,0.27,-99.9,-99.9,8.02,-99.9,2.79,3.02,1.2,32.04,0,0,613
"2026-02-17 01:47:00",2534,6.13,13.02,0,0,2.74,13.21,28760.85,37122.36,23.52,88.63,8.03,0.69,2.5,0.25,0.29,-99.9,-99.9,8.07,-99.9,3.23,2.55,1.2,33.08,0,0,614
"2026-02-17 02:02:00",2535,6.13,13.02,0,0,2.67,13.39,29912.28,38435.45,24.44,89.84,8.06,0.57,2.03,0.2,0.24,-99.9,-99.9,8.04,-99.9,2.9,3.01,1.2,33.08,0,0,615
"2026-02-17 02:17:00",2536,6.13,13.02,0,0,2.57,13.08,28555.42,36971.95,23.41,91.72,8.34,0.73,2.67,0.22,0.26,-99.9,-99.9,8.08,-99.9,3.36,2.45,1.2,33.72,0,0,616
"2026-02-17 02:32:00",2537,6.13,13.02,0,0,2.49,12.92,28288.04,36771.96,23.27,91.66,8.37,0.85,3.13,0.27,0.31,-99.9,-99.9,8.09,-99.9,3.32,2.61,1.2,33.72,0,0,617
"2026-02-17 02:47:00",2538,6.13,13.01,0,0,2.42,12.95,28317.91,36788.17,23.28,91.89,8.38,0.8,2.95,0.28,0.32,-99.9,-99.9,8.09,-99.9,3.38,2.54,1.21,31.91,0,0,618
"2026-02-17 03:02:00",2539,6.13,13.02,0,0,2.35,12.93,28307.85,36785.1,23.28,91.53,8.35,0.79,2.92,0.28,0.32,-99.9,-99.9,8.09,-99.9,3.37,2.42,1.21,31.91,0,0,619
"2026-02-17 03:17:00",2540,6.13,13.02,0,0,2.26,12.95,28318.09,36785.06,23.28,91.72,8.37,0.8,2.94,0.24,0.27,-99.9,-99.9,8.1,-99.9,3.4,2.55,1.2,32.47,0,0,620
"2026-02-17 03:32:00",2541,6.13,13.02,0,0,2.18,12.95,28324.66,36794.16,23.29,91.49,8.35,0.77,2.84,0.25,0.28,-99.9,-99.9,8.09,-99.9,3.43,2.45,1.2,32.47,0,0,621
"2026-02-17 03:47:00",2542,6.13,13.02,0,0,2.09,12.93,28303.49,36782.22,23.28,91.77,8.38,0.77,2.81,0.26,0.29,-99.9,-99.9,8.09,-99.9,3.45,2.42,1.2,32.6,0,0,622
"2026-02-17 04:02:00",2543,6.13,13.01,0,0,2.02,12.93,28341.16,36828.37,23.31,90.53,8.26,0.69,2.52,0.22,0.26,-99.9,-99.9,8.09,-99.9,3.36,2.46,1.2,32.6,0,0,623
"2026-02-17 04:17:00",2544,6.13,13.01,0,0,1.97,13.16,28637.62,37007.66,23.44,92.15,8.36,0.73,2.66,0.24,0.27,-99.9,-99.9,8.1,-99.9,3.51,2.71,1.19,32.21,0,0,624
"2026-02-17 04:32:00",2545,6.13,13.01,0,0,1.94,13.04,28435.75,36858.59,23.33,91.67,8.34,0.71,2.58,0.25,0.29,-99.9,-99.9,8.1,-99.9,3.46,2.57,1.19,32.21,0,0,625
"2026-02-17 04:47:00",2546,6.13,13.02,0,0,1.89,13,28411.66,36857.48,23.33,91.58,8.34,0.67,2.42,0.23,0.27,-99.9,-99.9,8.09,-99.9,3.5,2.55,1.19,32.86,0,0,626
"2026-02-17 05:02:00",2547,6.13,13.02,0,0,1.86,12.96,28353.6,36817.49,23.3,90.95,8.29,0.69,2.5,0.23,0.26,-99.9,-99.9,8.09,-99.9,3.45,2.56,1.19,32.86,0,0,627
"2026-02-17 05:17:00",2548,6.13,13.01,0,0,1.85,13,28420.25,36874.16,23.34,90.89,8.28,0.71,2.58,0.25,0.29,-99.9,-99.9,8.09,-99.9,3.48,2.63,1.2,35.42,0,0,628
"2026-02-17 05:32:00",2549,6.13,13.01,0,0,1.85,12.99,28411.39,36864.77,23.34,91.43,8.33,0.68,2.47,0.22,0.26,-99.9,-99.9,8.09,-99.9,3.44,2.55,1.2,35.42,0,0,629
"2026-02-17 05:47:00",2550,6.13,13.02,0,0,1.87,13.03,28481.74,36927.25,23.38,92.03,8.38,0.67,2.44,0.27,0.31,-99.9,-99.9,8.1,-99.9,3.47,2.74,1.2,32.79,0,0,630
"2026-02-17 06:02:00",2551,6.13,13.01,0,0,1.88,12.97,28427.72,36904.8,23.36,91.93,8.38,0.68,2.46,0.24,0.28,-99.9,-99.9,8.09,-99.9,3.38,2.77,1.2,32.79,0,0,631
"2026-02-17 06:17:00",2552,6.13,13.02,0,0,1.91,12.99,28479.33,36953.9,23.4,91.65,8.35,0.67,2.44,0.24,0.28,-99.9,-99.9,8.09,-99.9,3.51,2.48,1.21,33,0,0,632
"2026-02-17 06:32:00",2553,6.13,13.01,0,0,1.93,12.99,28494.06,36977.85,23.41,91.77,8.36,0.66,2.37,0.23,0.27,-99.9,-99.9,8.09,-99.9,3.44,2.54,1.21,33,0,0,633
"2026-02-17 06:47:00",2554,6.13,13.02,0,0,1.99,12.87,28306.02,36838.27,23.31,91.68,8.38,0.62,2.21,0.27,0.31,-99.9,-99.9,8.09,-99.9,3.5,2.47,1.2,32.3,0,0,634
"2026-02-17 07:02:00",2555,6.13,13.02,0,0,2.05,12.9,28371.3,36903.55,23.36,90.6,8.27,0.43,1.48,0.2,0.24,-99.9,-99.9,8.08,-99.9,3.44,2.44,1.2,32.3,0,0,635
"2026-02-17 07:17:00",2556,6.13,13.02,0,0,2.13,12.94,28552.78,37096.97,23.5,89.85,8.19,0.34,1.08,0.21,0.24,-99.9,-99.9,8.07,-99.9,3.45,1.98,1.19,33.57,0,0,636
"2026-02-17 07:32:00",2557,6.13,13.01,0,0,2.23,12.99,28743.98,37304.92,23.64,89.44,8.14,0.35,1.14,0.18,0.21,-99.9,-99.9,8.06,-99.9,3.32,2.03,1.19,33.57,0,0,637
"2026-02-17 07:47:00",2558,6.13,13.01,0,0,2.38,13,28862.97,37449.6,23.74,90.56,8.23,0.35,1.15,0.19,0.23,-99.9,-99.9,8.06,-99.9,3.29,2.07,1.19,33.24,0,0,638
"2026-02-17 08:02:00",2559,6.13,13.02,0,0,2.4,12.98,28826.37,37414.35,23.72,91.72,8.34,0.43,1.48,0.19,0.23,-99.9,-99.9,8.07,-99.9,3.21,2.21,1.19,33.24,0,0,639
"2026-02-17 08:17:00",2560,6.13,13.02,0,0,2.57,12.92,28664.3,37263.54,23.61,92.34,8.41,0.42,1.44,0.22,0.26,-99.9,-99.9,8.08,-99.9,3.4,2.11,1.2,35.18,0,0,640
"2026-02-17 08:32:00",2561,6.13,13.02,0,0,2.62,12.94,28702.69,37295.1,23.63,92.14,8.39,0.48,1.65,0.26,0.3,-99.9,-99.9,8.08,-99.9,3.26,2.2,1.2,35.18,0,0,641
"2026-02-17 08:47:00",2562,6.13,13.02,0,0,2.73,13,28895.13,37483.21,23.77,91.55,8.32,0.36,1.18,0.19,0.23,-99.9,-99.9,8.06,-99.9,3.3,2.61,1.2,33.07,0,0,642
"2026-02-17 09:02:00",2563,6.12,13.02,0,0,2.77,13.06,29095.12,37688.02,23.91,91.52,8.3,0.41,1.37,0.22,0.25,-99.9,-99.9,8.06,-99.9,3.14,2.84,1.2,33.07,0,0,643
"2026-02-17 09:17:00",2564,6.12,13.01,0,0,2.88,13.08,29122.98,37706.42,23.92,91.16,8.26,0.4,1.33,0.23,0.27,-99.9,-99.9,8.06,-99.9,3.2,2.98,1.2,32.82,0,0,644
"2026-02-17 09:32:00",2565,6.13,13.01,0,0,2.97,13.03,29065.44,37680,23.9,91.87,8.34,0.41,1.39,0.2,0.24,-99.9,-99.9,8.06,-99.9,3.19,2.93,1.21,32.82,0,0,645
"2026-02-17 09:47:00",2566,6.12,13.01,0,0,3.09,12.93,28725.25,37331.8,23.66,92.35,8.41,0.52,1.83,0.23,0.27,-99.9,-99.9,8.07,-99.9,3.35,2.66,1.21,33.88,0,0,646
"2026-02-17 10:02:00",2567,6.13,13.02,0,0,3.17,12.9,28645.42,37258.17,23.61,92.49,8.43,0.49,1.7,0.23,0.27,-99.9,-99.9,8.08,-99.9,3.23,2.76,1.21,33.88,0,0,647
"2026-02-17 10:17:00",2568,6.12,13.01,0,0,3.21,12.92,28711.79,37323.91,23.65,92.04,8.38,0.46,1.58,0.24,0.27,-99.9,-99.9,8.07,-99.9,3.27,2.65,1.2,32.48,0,0,648
"2026-02-17 10:32:00",2569,6.13,13.02,0,0,3.26,12.94,28835.01,37462.63,23.75,91.81,8.35,0.45,1.54,0.19,0.23,-99.9,-99.9,8.06,-99.9,3.26,2.82,1.2,32.48,0,0,649
"2026-02-17 10:47:00",2570,6.13,13.02,0,0,3.34,12.98,29023.02,37672.87,23.9,91.93,8.35,0.4,1.36,0.22,0.26,-99.9,-99.9,8.06,-99.9,3.23,3.1,1.2,36.15,0,0,650
"2026-02-17 11:02:00",2571,6.13,13.01,0,0,3.35,12.98,29083.84,37755.35,23.96,92.21,8.37,0.5,1.73,0.24,0.28,-99.9,-99.9,8.06,-99.9,3.16,3.18,1.2,36.15,0,0,651
"2026-02-17 11:17:00",2572,6.13,13.02,0,0,3.39,13.04,29278.52,37945.76,24.09,92.18,8.35,0.44,1.49,0.21,0.25,-99.9,-99.9,8.05,-99.9,3.09,4,1.2,32.88,0,0,652
"2026-02-17 11:32:00",2573,6.12,13.01,0,0,3.36,13.1,29504.57,38187.31,24.26,91.58,8.28,0.48,1.68,0.26,0.29,-99.9,-99.9,8.04,-99.9,2.92,3.82,1.2,32.88,0,0,653
"2026-02-17 11:47:00",2574,6.13,13.01,0,0,3.38,13.08,29401.68,38071.05,24.18,91.61,8.29,0.44,1.48,0.22,0.26,-99.9,-99.9,8.05,-99.9,3.05,3.67,1.2,33.54,0,0,654
"2026-02-17 12:02:00",2575,6.13,13.01,0,0,3.33,13.06,29308.05,37969.14,24.11,91.48,8.28,0.47,1.64,0.21,0.25,-99.9,-99.9,8.05,-99.9,3.04,3.49,1.2,33.54,0,0,655
"2026-02-17 12:17:00",2576,6.13,13.01,0,0,3.32,13.12,29934.95,38724.46,24.64,91.64,8.26,0.34,1.1,0.24,0.28,-99.9,-99.9,8.02,-99.9,2.95,3.65,1.21,35.6,0,0,656
"2026-02-17 12:32:00",2577,6.13,13.02,0,0,3.21,12.97,29027.11,37688.81,23.91,92.13,8.37,0.48,1.66,0.22,0.26,-99.9,-99.9,8.06,-99.9,3.09,2.83,1.21,35.6,0,0,657
"2026-02-17 12:47:00",2578,6.13,13.02,0,0,3.13,12.94,28950,37609.77,23.85,92.63,8.42,0.52,1.82,0.2,0.23,-99.9,-99.9,8.06,-99.9,3.18,3.1,1.19,33.13,0,0,658
"2026-02-17 13:02:00",2579,6.13,13.01,0,0,3.04,12.86,28728.36,37397.92,23.7,92.93,8.47,0.61,2.2,0.26,0.3,-99.9,-99.9,8.07,-99.9,3.15,2.86,1.19,33.13,0,0,659
"2026-02-17 13:17:00",2580,6.13,13.02,0,0,2.95,12.83,28665.36,37348.11,23.67,93.13,8.5,0.63,2.25,0.28,0.31,-99.9,-99.9,8.07,-99.9,3.26,2.89,1.2,32.3,0,0,660
"2026-02-17 13:32:00",2581,6.13,13.01,0,0,2.79,12.91,28888.42,37565.2,23.82,92.53,8.42,0.57,2.04,0.21,0.25,-99.9,-99.9,8.06,-99.9,3.12,2.93,1.2,32.3,0,0,661
"2026-02-17 13:47:00",2582,6.13,13.02,0,0,2.71,13.02,29195.28,37862.48,24.03,91.95,8.34,0.41,1.4,0.23,0.27,-99.9,-99.9,8.05,-99.9,3.16,3.24,1.2,35.74,0,0,662
"2026-02-17 14:02:00",2583,6.13,13.02,0,0,2.59,12.85,28712.28,37392.45,23.7,92.66,8.45,0.6,2.14,0.26,0.3,-99.9,-99.9,8.07,-99.9,3.19,2.73,1.2,35.74,0,0,663
"2026-02-17 14:17:00",2584,6.13,13.02,0,0,2.44,12.75,28496.97,37204.06,23.57,94,8.6,0.79,2.9,0.28,0.32,-99.9,-99.9,8.08,-99.9,3.3,3.04,1.19,33.21,0,0,664
"2026-02-17 14:32:00",2585,6.13,13.02,0,0,2.33,12.72,28457.23,37173.77,23.54,94.1,8.61,0.8,2.96,0.3,0.34,-99.9,-99.9,8.08,-99.9,3.24,2.84,1.19,33.21,0,0,665
"2026-02-17 14:47:00",2586,6.13,13.02,0,0,2.2,12.73,28481.92,37203.56,23.57,94.04,8.61,0.68,2.46,0.26,0.29,-99.9,-99.9,8.08,-99.9,3.31,2.99,1.21,32.54,0,0,666
"2026-02-17 15:02:00",2587,6.13,13.02,0,0,2.07,12.75,28524.24,37238.24,23.59,93.72,8.57,0.69,2.49,0.26,0.3,-99.9,-99.9,8.08,-99.9,3.23,3.26,1.21,32.54,0,0,667
"2026-02-17 15:17:00",2588,6.13,13.02,0,0,1.96,12.69,28409.02,37141.63,23.52,94.39,8.65,0.77,2.82,0.27,0.31,-99.9,-99.9,8.08,-99.9,3.21,2.97,1.2,32.36,0,0,668
"2026-02-17 15:32:00",2589,6.13,13.01,0,0,1.84,12.72,28500.07,37234.4,23.59,94.22,8.62,0.71,2.59,0.27,0.3,-99.9,-99.9,8.08,-99.9,3.28,3.17,1.2,32.36,0,0,669
"2026-02-17 15:47:00",2590,6.13,13.01,0,0,1.73,12.68,28409.26,37152.7,23.53,94.4,8.65,0.84,3.09,0.29,0.33,-99.9,-99.9,8.08,-99.9,3.25,3,1.21,33.23,0,0,670
"2026-02-17 16:02:00",2591,6.13,13.02,0,0,1.62,12.62,28202.47,36933.61,23.37,94.5,8.68,0.81,2.97,0.3,0.34,-99.9,-99.9,8.09,-99.9,3.31,3.01,1.21,33.23,0,0,671
"2026-02-17 16:17:00",2592,6.13,13.02,0,0,1.56,12.57,28093.35,36838.24,23.31,94.73,8.71,0.83,3.07,0.3,0.34,-99.9,-99.9,8.09,-99.9,3.33,3.15,1.2,31.74,0,0,672
"2026-02-17 16:32:00",2593,6.13,13.02,0,0,1.47,12.54,28061.57,36821.48,23.29,95.1,8.75,0.86,3.17,0.29,0.33,-99.9,-99.9,8.09,-99.9,3.36,3.43,1.2,31.74,0,0,673
"2026-02-17 16:47:00",2594,6.13,13.02,0,0,1.39,12.53,28032.63,36797.06,23.28,95.06,8.75,0.82,3.01,0.3,0.34,-99.9,-99.9,8.09,-99.9,3.4,3.51,1.2,33,0,0,674
"2026-02-17 17:02:00",2595,6.13,13.02,0,0,1.31,12.61,28261.15,37026.4,23.44,94.46,8.67,0.81,2.99,0.29,0.33,-99.9,-99.9,8.08,-99.9,3.27,3.77,1.2,33,0,0,675
"2026-02-17 17:17:00",2596,6.12,13.02,0,0,1.25,12.57,28262.16,37057.71,23.46,94.98,8.73,0.79,2.9,0.28,0.31,-99.9,-99.9,8.09,-99.9,3.34,3.22,1.19,33.37,0,0,676
"2026-02-17 17:32:00",2597,6.13,13.02,0,0,1.18,12.62,28312.12,37079.43,23.48,94.1,8.64,0.78,2.85,0.31,0.35,-99.9,-99.9,8.08,-99.9,3.28,3.99,1.19,33.37,0,0,677
"2026-02-17 17:47:00",2598,6.13,13.02,0,0,1.16,12.63,28373.54,37154.18,23.53,94.07,8.63,0.81,2.98,0.28,0.32,-99.9,-99.9,8.08,-99.9,3.27,3.99,1.19,32.42,0,0,678
"2026-02-17 18:02:00",2599,6.13,13.02,0,0,1.14,12.63,28394.8,37183.11,23.55,93.67,8.59,0.83,3.05,0.29,0.33,-99.9,-99.9,8.08,-99.9,3.27,3.8,1.19,32.42,0,0,679
"2026-02-17 18:17:00",2600,6.13,13.01,0,0,1.1,12.57,28275.22,37082.32,23.48,94.08,8.64,0.98,3.67,0.31,0.34,-99.9,-99.9,8.08,-99.9,3.24,3.69,1.2,31.75,0,0,680
"2026-02-17 18:32:00",2601,6.13,13.01,0,0,1.13,12.65,28500.41,37302.43,23.63,93.67,8.58,0.99,3.72,0.29,0.32,-99.9,-99.9,8.07,-99.9,3.25,3.95,1.2,31.75,0,0,681
"2026-02-17 18:47:00",2602,6.13,13.01,0,0,1.12,12.54,28217.19,37029.65,23.44,93.39,8.59,0.94,3.49,0.32,0.36,-99.9,-99.9,8.08,-99.9,3.33,4.26,1.2,35.7,0,0,682
"2026-02-17 19:02:00",2603,6.13,13.02,0,0,1.2,12.67,28608.89,37420.56,23.72,92.97,8.51,0.84,3.11,0.27,0.31,-99.9,-99.9,8.06,-99.9,3.14,4.17,1.2,35.7,0,0,683
"2026-02-17 19:17:00",2604,6.13,13.01,0,0,1.25,12.6,28541.85,37400.42,23.7,93.65,8.59,0.74,2.71,0.26,0.3,-99.9,-99.9,8.07,-99.9,3.15,5.59,1.19,33.38,0,0,684
"2026-02-17 19:32:00",2605,6.13,13.01,0,0,1.27,12.57,28465.73,37325.79,23.65,93.41,8.57,0.88,3.26,0.27,0.31,-99.9,-99.9,8.07,-99.9,3.19,5.13,1.19,33.38,0,0,685
"2026-02-17 19:47:00",2606,6.13,13.01,0,0,1.41,12.57,28470.79,37336.11,23.65,93.26,8.56,0.81,2.99,0.31,0.35,-99.9,-99.9,8.07,-99.9,3.19,5.15,1.2,34.54,0,0,686
"2026-02-17 20:02:00",2607,6.13,13.01,0,0,1.44,12.46,28227.8,37120.08,23.5,93.49,8.61,0.91,3.38,0.3,0.34,-99.9,-99.9,8.07,-99.9,3.15,5.39,1.2,34.54,0,0,687
"2026-02-17 20:17:00",2608,6.13,13.02,0,0,1.58,12.39,28118.05,37038.08,23.44,93.33,8.61,0.94,3.49,0.36,0.4,-99.9,-99.9,8.07,-99.9,3.27,5.67,1.2,31.82,0,0,688
"2026-02-17 20:32:00",2609,6.13,13.02,0,0,1.66,12.32,28024.95,36983.84,23.4,93.7,8.66,0.79,2.92,0.32,0.36,-99.9,-99.9,8.07,-99.9,3.23,6.59,1.2,31.82,0,0,689
"2026-02-17 20:47:00",2610,6.13,13.02,0,0,1.79,12.32,28088.32,37060.61,23.46,93.24,8.61,0.84,3.11,0.31,0.35,-99.9,-99.9,8.07,-99.9,3.23,8.11,1.2,33.14,0,0,690
"2026-02-17 21:02:00",2611,6.13,13.01,0,0,1.84,12.44,28418.02,37384.95,23.68,93.2,8.57,0.83,3.08,0.32,0.36,-99.9,-99.9,8.06,-99.9,2.93,11.57,1.2,33.14,0,0,691
"2026-02-17 21:17:00",2612,6.13,13.02,0,0,1.96,12.47,28367.28,37295.77,23.62,93.33,8.58,0.73,2.67,0.31,0.35,-99.9,-99.9,8.07,-99.9,3.16,8.62,1.2,32.72,0,0,692
"2026-02-17 21:32:00",2613,6.13,13.02,0,0,2.06,12.46,28042.37,36871.08,23.33,93.26,8.59,0.66,2.39,0.32,0.36,-99.9,-99.9,8.08,-99.9,3.31,9.98,1.2,32.72,0,0,693
"2026-02-17 21:47:00",2614,6.13,13.01,0,0,2.19,12.53,28013.86,36772.34,23.26,93.18,8.58,0.65,2.34,0.32,0.36,-99.9,-99.9,8.09,-99.9,3.37,12.07,1.2,32.74,0,0,694
"2026-02-17 22:02:00",2615,6.13,13.01,0,0,2.3,12.54,27972.18,36712.03,23.22,92.94,8.56,0.71,2.6,0.28,0.32,-99.9,-99.9,8.09,-99.9,3.38,9.11,1.2,32.74,0,0,695
"2026-02-17 22:17:00",2616,6.13,13.02,0,0,2.4,12.54,27990.28,36728.3,23.23,92.95,8.56,0.73,2.66,0.32,0.36,-99.9,-99.9,8.09,-99.9,3.38,10.7,1.2,33.11,0,0,696
"2026-02-17 22:32:00",2617,6.13,13.02,0,0,2.51,12.54,27956.2,36685.03,23.2,92.95,8.56,0.68,2.48,0.31,0.35,-99.9,-99.9,8.09,-99.9,3.3,10.5,1.2,33.11,0,0,697
"2026-02-17 22:47:00",2618,6.13,13.01,0,0,2.58,12.55,28002.1,36734.2,23.23,92.74,8.53,0.67,2.41,0.29,0.33,-99.9,-99.9,8.09,-99.9,3.43,7.48,1.2,32.67,0,0,698
"2026-02-17 23:02:00",2619,6.13,13.02,0,0,2.68,12.53,27969.27,36711.6,23.22,92.61,8.53,0.75,2.76,0.3,0.33,-99.9,-99.9,8.09,-99.9,3.33,10.79,1.2,32.67,0,0,699
"2026-02-17 23:17:00",2620,6.13,13.02,0,0,2.75,12.52,27940.78,36689.64,23.2,92.27,8.5,0.76,2.79,0.32,0.36,-99.9,-99.9,8.09,-99.9,3.39,10.39,1.19,32.21,0,0,700
"2026-02-17 23:32:00",2621,6.13,13.01,0,0,2.81,12.51,27937.34,36692.64,23.2,91.86,8.46,0.71,2.58,0.3,0.34,-99.9,-99.9,8.09,-99.9,3.37,7.77,1.19,32.21,0,0,701
"2026-02-17 23:47:00",2622,6.13,13.01,0,0,2.88,12.5,27965.91,36732.41,23.23,92.08,8.48,0.69,2.51,0.3,0.34,-99.9,-99.9,8.08,-99.9,3.4,8.66,1.2,32.63,0,0,702
"2026-02-18 00:02:00",2623,6.13,13.01,0,0,2.94,12.47,28106.18,36945.11,23.38,91.6,8.44,0.74,2.69,0.31,0.35,-99.9,-99.9,8.07,-99.9,3.24,9.2,1.2,32.63,0,0,703
"2026-02-18 00:17:00",2624,6.13,13.01,0,0,2.97,12.52,28259.93,37106.09,23.49,91.6,8.42,0.77,2.84,0.31,0.35,-99.9,-99.9,8.07,-99.9,3.29,8.5,1.19,35.44,0,0,704
"2026-02-18 00:32:00",2625,6.13,13.02,0,0,3,12.71,28842.55,37687.73,23.9,90.37,8.25,0.63,2.28,0.27,0.31,-99.9,-99.9,8.04,-99.9,3.11,6.66,1.19,35.44,0,0,705
"2026-02-18 00:47:00",2626,6.13,13.01,0,0,3.03,12.73,28863.27,37696.22,23.91,91.36,8.34,0.66,2.4,0.31,0.35,-99.9,-99.9,8.04,-99.9,3.16,6,1.2,33.46,0,0,706
"2026-02-18 01:02:00",2627,6.13,13.01,0,0,3,12.79,29038.27,37874.52,24.03,90.63,8.26,0.72,2.61,0.26,0.3,-99.9,-99.9,8.03,-99.9,3.1,6.1,1.2,33.46,0,0,707
"2026-02-18 01:17:00",2628,6.13,13.02,0,0,2.97,12.78,28959.45,37774.56,23.96,91.34,8.33,0.64,2.29,0.28,0.32,-99.9,-99.9,8.03,-99.9,3.1,6.13,1.2,36.1,0,0,708
"2026-02-18 01:32:00",2629,6.13,13.02,0,0,2.93,12.81,29025.08,37838.56,24.01,91.72,8.36,0.54,1.92,0.24,0.28,-99.9,-99.9,8.03,-99.9,3.15,5.14,1.2,36.1,0,0,709
"2026-02-18 01:47:00",2630,6.13,13.02,0,0,2.89,12.8,28993.83,37801.26,23.98,91.69,8.35,0.58,2.06,0.26,0.29,-99.9,-99.9,8.03,-99.9,3.19,5.88,1.2,32.71,0,0,710
"2026-02-18 02:02:00",2631,6.13,13.02,0,0,2.81,12.82,29085.62,37904.47,24.06,91.1,8.29,0.58,2.05,0.23,0.27,-99.9,-99.9,8.02,-99.9,3.16,4.88,1.2,32.71,0,0,711
"2026-02-18 02:17:00",2632,6.13,13.01,0,0,2.73,12.7,28735.14,37562.35,23.81,90.36,8.26,0.66,2.36,0.27,0.31,-99.9,-99.9,8.04,-99.9,3.18,5.54,1.19,33.42,0,0,712
"2026-02-18 02:32:00",2633,6.13,13.02,0,0,2.64,12.77,28996.38,37830.59,24,89.65,8.17,0.5,1.75,0.24,0.27,-99.9,-99.9,8.02,-99.9,3.17,5.34,1.19,33.42,0,0,713
"2026-02-18 02:47:00",2634,6.13,13.02,0,0,2.55,12.29,27918.98,36866.13,23.32,90.01,8.33,0.61,2.17,0.28,0.32,-99.9,-99.9,8.06,-99.9,3.4,5.4,1.21,35.28,0,0,714
"2026-02-18 03:02:00",2635,6.13,13.02,0,0,2.44,12.13,27700.38,36731.18,23.22,90.43,8.4,0.64,2.31,0.28,0.32,-99.9,-99.9,8.06,-99.9,3.44,5.68,1.21,35.28,0,0,715
"2026-02-18 03:17:00",2636,6.13,13.02,0,0,2.36,12.08,27684.61,36751.15,23.23,91.52,8.51,0.78,2.87,0.32,0.35,-99.9,-99.9,8.07,-99.9,3.35,6.57,1.19,33.75,0,0,716
"2026-02-18 03:32:00",2637,6.13,13.01,0,0,2.25,12.01,27603.84,36717,23.21,90.9,8.47,0.72,2.64,0.29,0.33,-99.9,-99.9,8.06,-99.9,3.44,6.81,1.19,33.75,0,0,717
"2026-02-18 03:47:00",2638,6.13,13.01,0,0,2.16,11.86,27430.76,36620.93,23.14,89.75,8.39,0.63,2.24,0.29,0.33,-99.9,-99.9,8.06,-99.9,3.36,5.83,1.19,33.56,0,0,718
"2026-02-18 04:02:00",2639,6.13,13.01,0,0,2.09,11.86,27455.79,36654.45,23.16,90.73,8.48,0.66,2.37,0.3,0.34,-99.9,-99.9,8.07,-99.9,3.44,5.89,1.19,33.56,0,0,719
"2026-02-18 04:17:00",2640,6.13,13.01,0,0,2,11.95,27526.47,36661.39,23.17,91.14,8.5,0.69,2.52,0.31,0.35,-99.9,-99.9,8.07,-99.9,3.43,5.76,1.2,35.5,0,0,720
"2026-02-18 04:32:00",2641,6.13,13.01,0,0,1.92,11.75,27292.3,36541.89,23.08,90.49,8.48,0.63,2.26,0.28,0.32,-99.9,-99.9,8.07,-99.9,3.43,5.22,1.2,35.5,0,0,721
"2026-02-18 04:47:00",2642,6.13,13.01,0,0,1.85,11.91,27519.4,36693.17,23.19,90.09,8.41,0.71,2.59,0.31,0.35,-99.9,-99.9,8.06,-99.9,3.45,5.55,1.2,33.29,0,0,722
"2026-02-18 05:02:00",2643,6.13,13.01,0,0,1.81,11.82,27378.87,36588.09,23.11,90.25,8.44,0.7,2.53,0.31,0.35,-99.9,-99.9,8.07,-99.9,3.49,5.62,1.2,33.29,0,0,723
"2026-02-18 05:17:00",2644,6.13,13.01,0,0,1.75,12,27585.76,36693.72,23.19,91.89,8.56,0.7,2.53,0.32,0.36,-99.9,-99.9,8.07,-99.9,3.45,5.83,1.2,34.12,0,0,724
"2026-02-18 05:32:00",2645,6.13,13.01,0,0,1.73,11.97,27522.01,36637.4,23.15,91.11,8.49,0.67,2.43,0.28,0.32,-99.9,-99.9,8.07,-99.9,3.5,6.18,1.2,34.12,0,0,725
"2026-02-18 05:47:00",2646,6.13,13.01,0,0,1.7,11.85,27410.72,36608.58,23.13,90.72,8.48,0.65,2.34,0.28,0.32,-99.9,-99.9,8.07,-99.9,3.57,5.2,1.21,33.74,0,0,726
"2026-02-18 06:02:00",2647,6.13,13.02,0,0,1.68,11.77,27311.53,36548.47,23.08,90.38,8.47,0.64,2.32,0.3,0.33,-99.9,-99.9,8.07,-99.9,3.53,5.16,1.21,33.74,0,0,727
"2026-02-18 06:17:00",2648,6.13,13.01,0,0,1.68,12.13,27714.9,36746.13,23.23,89.46,8.31,0.66,2.38,0.31,0.35,-99.9,-99.9,8.05,-99.9,3.43,5.47,1.21,32.69,0,0,728
"2026-02-18 06:32:00",2649,6.13,13.01,0,0,1.69,12.24,28044.3,37085.15,23.47,90,8.33,0.65,2.35,0.29,0.33,-99.9,-99.9,8.05,-99.9,3.39,6.55,1.21,32.69,0,0,729
"2026-02-18 06:47:00",2650,6.13,13.01,0,0,1.72,12.01,27648.31,36770.9,23.24,90.46,8.42,0.65,2.35,0.32,0.35,-99.9,-99.9,8.06,-99.9,3.43,7.03,1.2,32.45,0,0,730
"2026-02-18 07:02:00",2651,6.13,13.01,0,0,1.74,11.96,27559.23,36701.3,23.19,89.97,8.39,0.59,2.1,0.31,0.34,-99.9,-99.9,8.06,-99.9,3.5,5.92,1.2,32.45,0,0,731
"2026-02-18 07:17:00",2652,6.13,13.01,0,0,1.8,12.17,27912.41,36977.29,23.39,89.46,8.29,0.6,2.13,0.3,0.34,-99.9,-99.9,8.05,-99.9,3.33,7.16,1.21,33.06,0,0,732
"2026-02-18 07:32:00",2653,6.13,13.01,0,0,1.85,12.27,28096.85,37126.53,23.5,88.88,8.22,0.55,1.95,0.29,0.32,-99.9,-99.9,8.04,-99.9,3.32,6.57,1.21,33.06,0,0,733
"2026-02-18 07:47:00",2654,6.13,13.01,0,0,1.91,12.23,28045.47,37092.39,23.47,89.1,8.24,0.49,1.68,0.28,0.32,-99.9,-99.9,8.04,-99.9,3.36,6.48,1.2,32.23,0,0,734
"2026-02-18 08:02:00",2655,6.13,13.01,0,0,1.99,12.18,27977.25,37046.03,23.44,87.81,8.14,0.44,1.5,0.26,0.3,-99.9,-99.9,8.04,-99.9,3.42,5.84,1.2,32.23,0,0,735
"2026-02-18 08:17:00",2656,6.13,13.01,0,0,2.09,12.26,28106.44,37147.72,23.51,88.15,8.15,0.36,1.2,0.23,0.27,-99.9,-99.9,8.03,-99.9,3.36,5.46,1.19,33.89,0,0,736
"2026-02-18 08:32:00",2657,6.13,13.01,0,0,2.18,12.28,28121.29,37148.42,23.51,87.49,8.08,0.31,0.99,0.22,0.26,-99.9,-99.9,8.03,-99.9,3.33,4.03,1.19,33.89,0,0,737
"2026-02-18 08:47:00",2658,6.13,13.01,0,0,2.26,12.32,28255.02,37282.36,23.61,87.7,8.09,0.22,0.64,0.2,0.24,-99.9,-99.9,8.02,-99.9,3.41,4.09,1.19,35.78,0,0,738
"2026-02-18 09:02:00",2659,6.13,13.01,0,0,2.39,12.41,28397.76,37391.41,23.69,87.76,8.08,0.29,0.92,0.22,0.26,-99.9,-99.9,8.02,-99.9,3.32,4.23,1.19,35.78,0,0,739
"2026-02-18 09:17:00",2660,6.13,13.02,0,0,2.47,12.37,28338.83,37349.71,23.66,88.9,8.19,0.26,0.8,0.22,0.26,-99.9,-99.9,8.03,-99.9,3.46,3.42,1.2,35.08,0,0,740
"2026-02-18 09:32:00",2661,6.13,13.02,0,0,2.58,12.36,28293.05,37300.49,23.62,88.13,8.13,0.29,0.91,0.22,0.25,-99.9,-99.9,8.03,-99.9,3.35,3.56,1.2,35.08,0,0,741
"2026-02-18 09:47:00",2662,6.13,13.02,0,0,2.65,12.19,28009.96,37083.26,23.47,88.62,8.21,0.26,0.77,0.2,0.24,-99.9,-99.9,8.04,-99.9,3.46,3.22,1.19,33.1,0,0,742
"2026-02-18 10:02:00",2663,6.13,13.01,0,0,2.76,12.19,28041.64,37123.83,23.5,88.86,8.23,0.19,0.5,0.22,0.26,-99.9,-99.9,8.04,-99.9,3.48,2.78,1.19,33.1,0,0,743
"2026-02-18 10:17:00",2664,6.13,13.01,0,0,2.84,12.14,27942.62,37036.47,23.43,89.39,8.29,0.4,1.33,0.22,0.26,-99.9,-99.9,8.05,-99.9,3.39,4.08,1.19,33.33,0,0,744
"2026-02-18 10:32:00",2665,6.13,13.01,0,0,2.94,11.91,27562.85,36748.32,23.23,89.98,8.4,0.57,2.01,0.25,0.29,-99.9,-99.9,8.07,-99.9,3.47,4.25,1.19,33.33,0,0,745
"2026-02-18 10:47:00",2666,6.13,13.01,0,0,3,11.92,27559.21,36736.56,23.22,92.27,8.61,0.53,1.87,0.29,0.33,-99.9,-99.9,8.07,-99.9,3.48,4.34,1.19,33.13,0,0,746
"2026-02-18 11:02:00",2667,6.13,13.01,0,0,3.08,11.89,27532.9,36731.04,23.21,91.62,8.55,0.58,2.05,0.3,0.34,-99.9,-99.9,8.07,-99.9,3.49,4.16,1.19,33.13,0,0,747
"2026-02-18 11:17:00",2668,6.13,13.01,0,0,3.15,11.89,27520.71,36715.15,23.2,91.95,8.59,0.67,2.43,0.31,0.34,-99.9,-99.9,8.07,-99.9,3.5,4.18,1.2,35.37,0,0,748
"2026-02-18 11:32:00",2669,6.13,13.02,0,0,3.19,12.04,27681.44,36787.55,23.26,89.15,8.29,0.57,2.04,0.31,0.34,-99.9,-99.9,8.07,-99.9,3.5,4.4,1.2,35.37,0,0,749
"2026-02-18 11:47:00",2670,6.13,13.01,0,0,3.22,12.63,28905.59,37850.04,24.01,88.68,8.11,0.3,0.95,0.22,0.26,-99.9,-99.9,8,-99.9,3.22,4.33,1.2,33.04,0,0,750
"2026-02-18 12:02:00",2671,6.13,13.02,0,0,3.24,12.7,29082.59,38017.42,24.13,88.01,8.03,0.26,0.79,0.21,0.25,-99.9,-99.9,7.99,-99.9,3.22,3.51,1.2,33.04,0,0,751
"2026-02-18 12:17:00",2672,6.13,13.02,0,0,3.27,12.76,29260.52,38185.56,24.25,88.49,8.06,0.26,0.8,0.23,0.27,-99.9,-99.9,7.99,-99.9,3.07,3.45,1.2,35.87,0,0,752
"2026-02-18 12:32:02",2673,6.13,13.02,0,0,3.24,12.72,29102.4,38019.67,24.13,88.42,8.06,0.24,0.69,0.21,0.25,-99.9,-99.9,8,-99.9,3.18,3.71,1.2,35.87,0,0,753
"2026-02-18 12:47:00",2674,6.13,13.01,0,0,3.21,12.7,28990.87,37891.54,24.04,89.27,8.15,0.28,0.85,0.2,0.23,-99.9,-99.9,8.01,-99.9,3.25,3.69,1.19,35.96,0,0,754
"2026-02-18 13:02:00",2675,6.13,13.01,0,0,3.16,12.78,29314.02,38241.73,24.29,88.42,8.05,0.25,0.76,0.21,0.25,-99.9,-99.9,7.99,-99.9,3.1,3.96,1.19,35.96,0,0,755
"2026-02-18 13:17:00",2676,6.13,13.01,0,0,3.09,12.71,29148.06,38091.74,24.18,89.94,8.2,0.25,0.73,0.2,0.24,-99.9,-99.9,8,-99.9,3.08,4.14,1.2,32.62,0,0,756
"2026-02-18 13:32:00",2677,6.13,13.02,0,0,3,12.71,29248.82,38223.95,24.28,89.85,8.19,0.3,0.95,0.23,0.26,-99.9,-99.9,8,-99.9,3.11,4.05,1.2,32.62,0,0,757
"2026-02-18 13:47:00",2678,6.13,13.01,0,0,2.91,12.59,28946.9,37935.11,24.07,90.67,8.29,0.29,0.92,0.21,0.24,-99.9,-99.9,8.01,-99.9,3.08,4.77,1.2,35.56,0,0,758
"2026-02-18 14:02:00",2679,6.13,13.01,0,0,2.8,12.07,28007.27,37197.14,23.54,93.66,8.7,0.38,1.26,0.24,0.28,-99.9,-99.9,8.06,-99.9,3.33,3.59,1.2,35.56,0,0,759
"2026-02-18 14:17:00",2680,6.13,13.01,0,0,2.68,12.71,29148.07,38093.21,24.19,90.05,8.21,0.29,0.89,0.24,0.27,-99.9,-99.9,8.01,-99.9,3.1,3.97,1.19,33.69,0,0,760
"2026-02-18 14:32:00",2681,6.13,13.01,0,0,2.58,12.59,28785.24,37730.4,23.93,90.9,8.32,0.32,1.02,0.23,0.27,-99.9,-99.9,8.03,-99.9,3.17,3.59,1.19,33.69,0,0,761
"2026-02-18 14:47:00",2682,6.13,13.01,0,0,2.43,12.36,28285.07,37287.17,23.61,93.29,8.6,0.46,1.58,0.31,0.34,-99.9,-99.9,8.05,-99.9,3.38,3.9,1.19,35.27,0,0,762
"2026-02-18 15:02:00",2683,6.13,13.01,0,0,2.31,12.55,28926.77,37956.03,24.09,91.53,8.38,0.34,1.11,0.24,0.28,-99.9,-99.9,8.02,-99.9,3.08,4.27,1.19,35.27,0,0,763
"2026-02-18 15:17:00",2684,6.13,13.01,0,0,2.18,12.2,27960.34,37010.07,23.42,93.24,8.64,0.54,1.89,0.26,0.29,-99.9,-99.9,8.07,-99.9,3.3,3.87,1.2,33.28,0,0,764
"2026-02-18 15:32:00",2685,6.13,13.01,0,0,2.05,12.09,27676.38,36731.79,23.22,94.53,8.79,0.59,2.11,0.28,0.31,-99.9,-99.9,8.08,-99.9,3.41,3.56,1.2,33.28,0,0,765
"2026-02-18 15:47:00",2686,6.13,13.01,0,0,1.92,12.09,27730.42,36807.08,23.27,93.4,8.68,0.51,1.78,0.28,0.31,-99.9,-99.9,8.07,-99.9,3.46,4.06,1.2,32.68,0,0,766
"2026-02-18 16:02:00",2687,6.13,13.02,0,0,1.82,12.14,27714.11,36742.05,23.23,94.78,8.8,0.51,1.8,0.26,0.3,-99.9,-99.9,8.09,-99.9,3.45,3.74,1.2,32.68,0,0,767
"2026-02-18 16:17:00",2688,6.13,13.02,0,0,1.7,12.24,27981.48,37001.59,23.41,91.58,8.48,0.43,1.48,0.22,0.26,-99.9,-99.9,8.06,-99.9,3.47,3.62,1.2,33.09,0,0,768
"2026-02-18 16:32:00",2689,6.13,13.01,0,0,1.62,12.24,27964.49,36975.63,23.39,91.09,8.43,0.46,1.58,0.22,0.26,-99.9,-99.9,8.07,-99.9,3.46,3.86,1.2,33.09,0,0,769
"2026-02-18 16:47:00",2690,6.13,13.02,0,0,1.52,12.23,27899.15,36900.62,23.34,93.47,8.66,0.47,1.63,0.27,0.31,-99.9,-99.9,8.07,-99.9,3.49,3.61,1.2,32.77,0,0,770
"2026-02-18 17:02:00",2691,6.13,13.02,0,0,1.42,12.28,27927.86,36890.27,23.34,93.79,8.68,0.47,1.64,0.24,0.27,-99.9,-99.9,8.08,-99.9,3.43,4.13,1.2,32.77,0,0,771
"2026-02-18 17:17:00",2692,6.13,13.01,0,0,1.34,12.34,27864.39,36746.6,23.24,95.39,8.82,0.45,1.56,0.26,0.3,-99.9,-99.9,8.08,-99.9,3.36,3.66,1.21,32.85,0,0,772
"2026-02-18 17:32:00",2693,6.13,13.01,0,0,1.29,12.38,28032.21,36938.78,23.37,94.24,8.7,0.55,1.96,0.27,0.31,-99.9,-99.9,8.07,-99.9,3.32,3.52,1.21,32.85,0,0,773
"2026-02-18 17:47:00",2694,6.13,13.02,0,0,1.23,12.36,27997.36,36905.74,23.35,94.06,8.69,0.53,1.86,0.26,0.3,-99.9,-99.9,8.07,-99.9,3.41,3.71,1.2,33.48,0,0,774
"2026-02-18 18:02:00",2695,6.13,13.02,0,0,1.16,12.33,27888.76,36789.36,23.27,93.9,8.68,0.47,1.63,0.26,0.29,-99.9,-99.9,8.08,-99.9,3.32,3.64,1.2,33.48,0,0,775
"2026-02-18 18:17:00",2696,6.13,13.02,0,0,1.14,12.34,27904.65,36806.69,23.28,93.91,8.68,0.49,1.69,0.24,0.28,-99.9,-99.9,8.07,-99.9,3.38,3.61,1.2,36.11,0,0,776
"2026-02-18 18:32:00",2697,6.13,13.01,0,0,1.12,12.35,27915.8,36812.22,23.28,93.81,8.67,0.53,1.87,0.24,0.27,-99.9,-99.9,8.07,-99.9,3.26,3.39,1.2,36.11,0,0,777
"2026-02-18 18:47:00",2698,6.13,13.02,0,0,1.13,12.37,27995.71,36897.09,23.34,92.93,8.58,0.41,1.37,0.19,0.23,-99.9,-99.9,8.06,-99.9,3.36,3.42,1.21,33.04,0,0,778
"2026-02-18 19:02:00",2699,6.13,13.02,0,0,1.15,12.36,27999.21,36911.83,23.35,91.45,8.44,0.34,1.12,0.21,0.25,-99.9,-99.9,8.05,-99.9,3.4,3.19,1.21,33.04,0,0,779
"2026-02-18 19:17:00",2700,6.13,13.01,0,0,1.17,12.39,28075.68,36981.3,23.4,92.43,8.53,0.47,1.64,0.25,0.29,-99.9,-99.9,8.06,-99.9,3.43,3.85,1.21,32.56,0,0,780
"2026-02-18 19:32:00",2701,6.13,13.02,0,0,1.2,12.42,28127.25,37026.06,23.43,91.36,8.42,0.42,1.42,0.25,0.29,-99.9,-99.9,8.05,-99.9,3.28,3.45,1.21,32.56,0,0,781
"2026-02-18 19:47:00",2702,6.13,13.02,0,0,1.25,12.36,28041.21,36970.2,23.39,90.91,8.39,0.37,1.23,0.22,0.26,-99.9,-99.9,8.05,-99.9,3.41,3.45,1.19,32.56,0,0,782
"2026-02-18 20:02:00",2703,6.13,13.02,0,0,1.32,12.36,28098.86,37037.57,23.44,90.56,8.36,0.3,0.93,0.2,0.23,-99.9,-99.9,8.04,-99.9,3.23,2.82,1.19,32.56,0,0,783
"2026-02-18 20:17:00",2704,6.13,13.02,0,0,1.36,12.32,28030.12,36986.87,23.4,91.62,8.46,0.34,1.1,0.24,0.28,-99.9,-99.9,8.05,-99.9,3.27,2.73,1.2,35.56,0,0,784
"2026-02-18 20:32:00",2705,6.13,13.02,0,0,1.46,12.31,28027.2,36990.74,23.41,92.93,8.59,0.44,1.5,0.24,0.28,-99.9,-99.9,8.05,-99.9,3.35,2.73,1.2,35.56,0,0,785
"2026-02-18 20:47:00",2706,6.13,13.01,0,0,1.54,12.32,28045.43,37004.81,23.42,92.55,8.55,0.42,1.42,0.25,0.29,-99.9,-99.9,8.05,-99.9,3.26,3.2,1.19,33.48,0,0,786
"2026-02-18 21:02:00",2707,6.13,13.02,0,0,1.64,12.32,28045.95,37010.89,23.42,90.91,8.4,0.42,1.41,0.23,0.27,-99.9,-99.9,8.05,-99.9,3.3,2.98,1.19,33.48,0,0,787
"2026-02-18 21:17:00",2708,6.13,13.02,0,0,1.78,12.32,28061.29,37026.98,23.43,92.42,8.54,0.4,1.36,0.24,0.27,-99.9,-99.9,8.05,-99.9,3.33,2.68,1.21,35.89,0,0,788
"2026-02-18 21:32:00",2709,6.13,13.02,0,0,1.88,12.4,28483.77,37512.01,23.77,92.76,8.54,0.46,1.57,0.24,0.28,-99.9,-99.9,8.03,-99.9,3.18,3.89,1.21,35.89,0,0,789
"2026-02-18 21:47:00",2710,6.13,13.01,0,0,2.02,12.26,27983.88,36984.54,23.4,91.6,8.47,0.49,1.72,0.23,0.27,-99.9,-99.9,8.04,-99.9,3.24,3.09,1.2,31.76,0,0,790
"2026-02-18 22:02:00",2711,6.13,13.01,0,0,2.11,12.21,27819.2,36816.36,23.28,92.8,8.6,0.49,1.68,0.25,0.29,-99.9,-99.9,8.05,-99.9,3.32,3.01,1.2,31.76,0,0,791
"2026-02-18 22:17:00",2712,6.13,13.02,0,0,2.22,12.19,27745.16,36732.54,23.22,91.96,8.53,0.42,1.43,0.21,0.25,-99.9,-99.9,8.05,-99.9,3.42,2.85,1.2,33.33,0,0,792
"2026-02-18 22:32:00",2713,6.13,13.02,0,0,2.34,12.18,27403.1,36289.17,22.91,91.51,8.51,0.44,1.51,0.25,0.28,-99.9,-99.9,8.06,-99.9,3.59,3.5,1.2,33.33,0,0,793
"2026-02-18 22:47:00",2714,6.13,13.01,0,0,2.43,12.19,27389.29,36259.88,22.89,92.47,8.59,0.44,1.5,0.22,0.26,-99.9,-99.9,8.06,-99.9,3.62,3.6,1.2,32.92,0,0,794
"2026-02-18 23:02:00",2715,6.13,13.02,0,0,2.53,12.19,27398.18,36270.37,22.9,92.21,8.57,0.44,1.49,0.24,0.28,-99.9,-99.9,8.05,-99.9,3.63,3.63,1.2,32.92,0,0,795
"2026-02-18 23:17:00",2716,6.13,13.01,0,0,2.62,12.21,27420.43,36288.44,22.91,92.54,8.6,0.42,1.44,0.26,0.29,-99.9,-99.9,8.05,-99.9,3.57,3.44,1.19,35.32,0,0,796
"2026-02-18 23:32:00",2717,6.13,13.01,0,0,2.71,12.23,27717.09,36656.56,23.17,92.46,8.57,0.5,1.74,0.26,0.29,-99.9,-99.9,8.05,-99.9,3.4,3.69,1.19,35.32,0,0,797
"2026-02-18 23:47:00",2718,6.13,13.02,0,0,2.81,12.25,27859.27,36829.16,23.29,92.39,8.55,0.4,1.36,0.23,0.27,-99.9,-99.9,8.05,-99.9,3.35,3.44,1.19,33.11,0,0,798
"2026-02-19 00:02:00",2719,6.13,13.01,0,0,2.87,12.16,27422.63,36331.74,22.94,92.41,8.59,0.45,1.55,0.22,0.26,-99.9,-99.9,8.05,-99.9,3.61,3.42,1.19,33.11,0,0,799
"2026-02-19 00:17:00",2720,6.13,13.01,0,0,2.94,12.31,28086.92,37077.12,23.47,91.99,8.5,0.39,1.32,0.23,0.26,-99.9,-99.9,8.04,-99.9,3.32,3.44,1.2,32.98,0,0,800
"2026-02-19 00:32:00",2721,6.13,13.01,0,0,2.99,12.39,28386.93,37394.01,23.69,91.64,8.44,0.42,1.44,0.22,0.26,-99.9,-99.9,8.03,-99.9,3.19,3.78,1.2,32.98,0,0,801
"2026-02-19 00:47:00",2722,6.13,13.02,0,0,3.03,12.41,28446.16,37452.17,23.73,91.24,8.4,0.38,1.27,0.23,0.26,-99.9,-99.9,8.03,-99.9,3.16,3.61,1.2,36.02,0,0,802
"2026-02-19 01:02:00",2723,6.13,13.01,0,0,3.03,12.43,28480.37,37480.98,23.75,91.39,8.41,0.39,1.32,0.24,0.28,-99.9,-99.9,8.02,-99.9,3.13,4.43,1.2,36.02,0,0,803
"2026-02-19 01:17:00",2724,6.13,13.01,0,0,3.07,12.43,28529.95,37539.25,23.79,90.76,8.34,0.42,1.42,0.24,0.27,-99.9,-99.9,8.02,-99.9,3.22,4.03,1.2,33.68,0,0,804
"2026-02-19 01:32:00",2725,6.13,13.02,0,0,3.05,12.46,28617.51,37627.36,23.85,91.05,8.36,0.41,1.39,0.23,0.27,-99.9,-99.9,8.02,-99.9,3.17,4.24,1.2,33.68,0,0,805
"2026-02-19 01:47:00",2726,6.13,13.01,0,0,3.03,12.52,28820.14,37844.41,24.01,90.62,8.31,0.36,1.17,0.22,0.26,-99.9,-99.9,8.01,-99.9,3.08,4.76,1.2,35.81,0,0,806
"2026-02-19 02:02:00",2727,6.13,13.02,0,0,3,12.56,28965.65,37995.86,24.11,90.84,8.31,0.42,1.44,0.25,0.29,-99.9,-99.9,7.99,-99.9,2.93,5.63,1.2,35.81,0,0,807
"2026-02-19 02:17:00",2728,6.13,13.02,0,0,2.94,12.53,28898.6,37932.4,24.07,89.84,8.23,0.4,1.36,0.22,0.26,-99.9,-99.9,7.99,-99.9,3.07,4.72,1.19,33.06,0,0,808
"2026-02-19 02:32:00",2729,6.13,13.01,0,0,2.86,12.44,28589.35,37613.12,23.84,89.19,8.2,0.3,0.95,0.24,0.28,-99.9,-99.9,8.01,-99.9,3.11,3.48,1.19,33.06,0,0,809
"2026-02-19 02:47:00",2730,6.13,13.02,0,0,2.71,12.21,28275.05,37417.14,23.7,92.19,8.52,0.36,1.19,0.24,0.27,-99.9,-99.9,8.03,-99.9,3.23,3.9,1.2,32.85,0,0,810
"2026-02-19 03:02:00",2731,6.13,13.02,0,0,2.65,12.56,29019.91,38060.84,24.16,89.26,8.16,0.37,1.23,0.24,0.28,-99.9,-99.9,7.98,-99.9,2.93,4.34,1.2,32.85,0,0,811
"2026-02-19 03:17:00",2732,6.13,13.02,0,0,2.54,12.52,28853.75,37879.64,24.03,88.58,8.12,0.24,0.72,0.21,0.25,-99.9,-99.9,7.99,-99.9,3.16,3.28,1.2,33.08,0,0,812
"2026-02-19 03:32:00",2733,6.13,13.02,0,0,2.45,12.57,28962.93,37978.36,24.1,88.71,8.12,0.23,0.65,0.2,0.24,-99.9,-99.9,7.99,-99.9,3.07,3.48,1.2,33.08,0,0,813
"2026-02-19 03:47:00",2734,6.13,13.02,0,0,2.32,12.58,28974.71,37987.61,24.11,88.53,8.1,0.27,0.82,0.24,0.28,-99.9,-99.9,7.98,-99.9,3.1,3.58,1.2,32.75,0,0,814
"2026-02-19 04:02:00",2735,6.13,13.02,0,0,2.27,12.57,28962.07,37977.51,24.1,88.68,8.11,0.26,0.78,0.21,0.25,-99.9,-99.9,7.98,-99.9,3.04,3.4,1.2,32.75,0,0,815
"2026-02-19 04:17:00",2736,6.13,13.01,0,0,2.14,12.51,28859.75,37905.13,24.05,88.59,8.12,0.22,0.62,0.21,0.24,-99.9,-99.9,7.98,-99.9,3.14,3.66,1.2,32.86,0,0,816
"2026-02-19 04:32:00",2737,6.13,13.02,0,0,2.05,12.12,27950.16,37069.01,23.46,91.75,8.51,0.35,1.14,0.23,0.27,-99.9,-99.9,8.03,-99.9,3.23,3.65,1.2,32.86,0,0,817
"2026-02-19 04:47:00",2738,6.13,13.02,0,0,1.96,12.18,28110.24,37227.71,23.57,91.69,8.49,0.32,1.04,0.22,0.25,-99.9,-99.9,8.02,-99.9,3.21,3.68,1.2,33.13,0,0,818
"2026-02-19 05:02:00",2739,6.13,13.02,0,0,1.88,12.19,28151.03,37273.57,23.6,91.33,8.45,0.31,1,0.25,0.29,-99.9,-99.9,8.02,-99.9,3.17,3.88,1.2,33.13,0,0,819
"2026-02-19 05:17:00",2740,6.13,13.01,0,0,1.84,12.21,28265.43,37398.6,23.69,91.33,8.44,0.33,1.05,0.24,0.28,-99.9,-99.9,8.01,-99.9,3.15,4.25,1.2,36.07,0,0,820
"2026-02-19 05:32:00",2741,6.13,13.02,0,0,1.8,12.29,28412.29,37524.32,23.78,90.62,8.36,0.34,1.09,0.19,0.23,-99.9,-99.9,8,-99.9,3.2,3.9,1.2,36.07,0,0,821
"2026-02-19 05:47:00",2742,6.13,13.02,0,0,1.71,12.33,28738.28,37915.01,24.05,90.97,8.37,0.36,1.18,0.27,0.3,-99.9,-99.9,7.99,-99.9,2.98,10.45,1.2,33.07,0,0,822
"2026-02-19 06:02:00",2743,6.13,13.02,0,0,1.59,12.4,28795.4,37920.31,24.06,90.48,8.31,0.36,1.19,0.24,0.28,-99.9,-99.9,7.99,-99.9,3.01,7.45,1.2,33.07,0,0,823
"2026-02-19 06:17:00",2744,6.13,13.01,0,0,1.54,12.31,28555.99,37688.78,23.89,90.29,8.32,0.29,0.9,0.22,0.26,-99.9,-99.9,7.99,-99.9,3.09,5.47,1.19,33.03,0,0,824
"2026-02-19 06:32:00",2745,6.13,13.02,0,0,1.51,12.38,28688.5,37795.71,23.97,90.54,8.32,0.29,0.92,0.23,0.27,-99.9,-99.9,7.99,-99.9,3,5.2,1.19,33.03,0,0,825
"2026-02-19 06:47:00",2746,6.13,13.02,0,0,1.51,12.46,28815.98,37896.16,24.04,90.1,8.27,0.27,0.82,0.22,0.26,-99.9,-99.9,7.99,-99.9,3.13,3.41,1.2,32.38,0,0,826
"2026-02-19 07:02:00",2747,6.13,13.01,0,0,1.61,12.43,28786.21,37882.55,24.03,90.38,8.3,0.31,1,0.22,0.26,-99.9,-99.9,7.99,-99.9,3.05,3.66,1.2,32.38,0,0,827
"2026-02-19 07:17:00",2748,6.13,13.01,0,0,1.62,12.32,28608.29,37754.93,23.94,90.36,8.32,0.28,0.88,0.26,0.3,-99.9,-99.9,7.99,-99.9,3.1,6.29,1.2,32.46,0,0,828
"2026-02-19 07:32:00",2749,6.13,13.02,0,0,1.67,12.29,28574.51,37737.24,23.93,90.04,8.3,0.27,0.84,0.22,0.26,-99.9,-99.9,7.99,-99.9,3.01,5.88,1.2,32.46,0,0,829
"2026-02-19 07:47:00",2750,6.13,13.01,0,0,1.75,12.22,28496.4,37701,23.9,90.86,8.39,0.3,0.95,0.24,0.27,-99.9,-99.9,8,-99.9,3.13,4.8,1.2,33.07,0,0,830
"2026-02-19 08:02:00",2751,6.13,13.01,0,0,1.82,12.09,28327.55,37594.79,23.82,91.5,8.47,0.38,1.27,0.26,0.29,-99.9,-99.9,8.01,-99.9,3.12,6.17,1.2,33.07,0,0,831
"2026-02-19 08:17:00",2752,6.13,13.02,0,0,1.84,12.02,28206.45,37506.31,23.76,92.07,8.54,0.32,1.04,0.24,0.28,-99.9,-99.9,8.02,-99.9,3.04,7.65,1.2,33.44,0,0,832
"2026-02-19 08:32:00",2753,6.13,13.01,0,0,1.94,12,28156.39,37460.24,23.72,91.94,8.54,0.39,1.32,0.26,0.3,-99.9,-99.9,8.02,-99.9,3.08,8.33,1.2,33.44,0,0,833
"2026-02-19 08:47:00",2754,6.13,13.01,0,0,2.01,11.96,28109.52,37429.98,23.7,91.97,8.55,0.37,1.21,0.28,0.32,-99.9,-99.9,8.02,-99.9,3.06,7.96,1.2,32.77,0,0,834
"2026-02-19 09:02:00",2755,6.13,13.01,0,0,2.07,12.05,28101.42,37336.01,23.64,92.6,8.59,0.33,1.05,0.26,0.3,-99.9,-99.9,8.02,-99.9,3.21,5.13,1.2,32.77,0,0,835
"2026-02-19 09:17:00",2756,6.13,13.01,0,0,2.17,12.05,28037.14,37255.42,23.58,92.95,8.63,0.31,1,0.25,0.29,-99.9,-99.9,8.03,-99.9,3.19,4.68,1.19,33.51,0,0,836
"2026-02-19 09:32:00",2757,6.13,13.01,0,0,2.27,12.04,28010.46,37224.06,23.56,93.1,8.64,0.33,1.05,0.25,0.29,-99.9,-99.9,8.03,-99.9,3.26,4.62,1.19,33.51,0,0,837
"2026-02-19 09:47:00",2758,6.13,13.01,0,0,2.35,12.07,27987.83,37168.2,23.52,93.39,8.67,0.34,1.11,0.23,0.26,-99.9,-99.9,8.03,-99.9,3.22,4.35,1.19,32.53,0,0,838
"2026-02-19 10:02:00",2759,6.13,13.02,0,0,2.41,12.03,27931.96,37125.94,23.49,93.45,8.68,0.33,1.08,0.26,0.3,-99.9,-99.9,8.03,-99.9,3.29,4.93,1.19,32.53,0,0,839
"2026-02-19 10:17:00",2760,6.13,13.02,0,0,2.54,12.02,27914.06,37118.07,23.49,93.58,8.7,0.37,1.23,0.28,0.32,-99.9,-99.9,8.03,-99.9,3.21,4.88,1.21,35.01,0,0,840
"2026-02-19 10:32:00",2761,6.13,13.01,0,0,2.58,12,27776.34,36950.09,23.37,93.81,8.73,0.38,1.26,0.28,0.32,-99.9,-99.9,8.04,-99.9,3.29,6.2,1.21,35.01,0,0,841
"2026-02-19 10:47:00",2762,6.13,13.02,0,0,2.68,12.01,27684.34,36822.56,23.28,94.05,8.76,0.39,1.28,0.23,0.27,-99.9,-99.9,8.04,-99.9,3.28,6.57,1.2,32.7,0,0,842
"2026-02-19 11:02:00",2763,6.13,13.02,0,0,2.76,11.99,27567.68,36684.27,23.18,94,8.76,0.4,1.35,0.28,0.32,-99.9,-99.9,8.04,-99.9,3.37,7.16,1.2,32.7,0,0,843
"2026-02-19 11:17:00",2764,6.13,13.01,0,0,2.84,12.01,27541.62,36627,23.14,94.26,8.78,0.42,1.41,0.27,0.31,-99.9,-99.9,8.04,-99.9,3.32,7.33,1.2,33.43,0,0,844
"2026-02-19 11:32:00",2765,6.13,13.01,0,0,2.88,12.02,27507.14,36577.72,23.11,94.32,8.79,0.42,1.43,0.29,0.32,-99.9,-99.9,8.04,-99.9,3.39,7.25,1.2,33.43,0,0,845
"2026-02-19 11:47:00",2766,6.13,13.01,0,0,2.95,12.03,27533.73,36597.99,23.12,94.62,8.81,0.4,1.36,0.27,0.31,-99.9,-99.9,8.04,-99.9,3.34,6.69,1.2,33.93,0,0,846
"2026-02-19 12:02:00",2767,6.13,13.01,0,0,2.99,12,27583.12,36691.46,23.19,93.55,8.71,0.41,1.37,0.29,0.33,-99.9,-99.9,8.03,-99.9,3.32,8.09,1.2,33.93,0,0,847
"2026-02-19 12:17:00",2768,6.13,13.01,0,0,3.05,11.99,27622.04,36751.1,23.23,93.42,8.7,0.4,1.34,0.26,0.3,-99.9,-99.9,8.03,-99.9,3.25,8.69,1.2,33.61,0,0,848
"2026-02-19 12:32:00",2769,6.13,13.01,0,0,3.08,12.02,27663.48,36786.87,23.26,93.56,8.71,0.4,1.36,0.31,0.35,-99.9,-99.9,8.03,-99.9,3.29,8.75,1.2,33.61,0,0,849
"2026-02-19 12:47:00",2770,6.13,13.01,0,0,3.09,12.03,27738.59,36875.59,23.32,93.53,8.7,0.46,1.57,0.29,0.33,-99.9,-99.9,8.03,-99.9,3.19,8.14,1.19,33.33,0,0,850
"2026-02-19 13:02:00",2771,6.13,13.01,0,0,3.1,12.15,28129.18,37281.41,23.6,92.94,8.61,0.4,1.36,0.28,0.32,-99.9,-99.9,8.01,-99.9,3.1,9.7,1.19,33.33,0,0,851
"2026-02-19 13:17:00",2772,6.13,13.01,0,0,3.05,12.1,27809.28,36905.15,23.34,94.08,8.74,0.48,1.66,0.3,0.33,-99.9,-99.9,8.03,-99.9,3.18,8.65,1.2,32.99,0,0,852
"2026-02-19 13:32:00",2773,6.13,13.01,0,0,3.02,12.09,27788.58,36881.44,23.32,94.12,8.74,0.45,1.54,0.29,0.33,-99.9,-99.9,8.03,-99.9,3.21,8.48,1.2,32.99,0,0,853
"2026-02-19 13:47:00",2774,6.13,13.02,0,0,2.96,12.12,27937.3,37054.41,23.44,93.73,8.69,0.45,1.53,0.28,0.32,-99.9,-99.9,8.02,-99.9,3.11,9.06,1.2,36.25,0,0,854
"2026-02-19 14:02:00",2775,6.13,13.02,0,0,2.92,12.11,27826,36918.16,23.35,93.89,8.72,0.45,1.56,0.27,0.31,-99.9,-99.9,8.03,-99.9,3.21,8.7,1.2,36.25,0,0,855
"2026-02-19 14:17:00",2776,6.13,13.01,0,0,2.83,12.15,27775.52,36813.32,23.28,94.63,8.78,0.5,1.74,0.31,0.35,-99.9,-99.9,8.03,-99.9,3.17,8.6,1.2,33.42,0,0,856
"2026-02-19 14:32:00",2777,6.12,13.02,0,0,2.79,12.2,27805.93,36806.32,23.27,95.2,8.83,0.5,1.73,0.32,0.36,-99.9,-99.9,8.04,-99.9,3.19,9.12,1.2,33.42,0,0,857
"2026-02-19 14:47:00",2778,6.13,13.02,0,0,2.67,12.22,27856.02,36854.19,23.31,95.11,8.81,0.47,1.62,0.3,0.34,-99.9,-99.9,8.03,-99.9,3.17,9.48,1.21,36.03,0,0,858
"2026-02-19 15:02:00",2779,6.13,13.01,0,0,2.55,12.26,27945.77,36933.49,23.36,95.22,8.81,0.48,1.67,0.3,0.33,-99.9,-99.9,8.03,-99.9,3.12,9.29,1.21,36.03,0,0,859
"2026-02-19 15:17:00",2780,6.13,13.02,0,0,2.45,12.3,28034.05,37009.01,23.42,95.13,8.79,0.47,1.64,0.3,0.33,-99.9,-99.9,8.03,-99.9,3.08,9.7,1.19,33.51,0,0,860
"2026-02-19 15:32:00",2781,6.13,13.02,0,0,2.31,12.29,28001.47,36981.48,23.4,95.28,8.81,0.46,1.58,0.3,0.34,-99.9,-99.9,8.03,-99.9,3.05,10.1,1.19,33.51,0,0,861
"2026-02-19 15:47:00",2782,6.13,13.01,0,0,2.22,12.27,27937.72,36915.29,23.35,95.69,8.85,0.46,1.58,0.3,0.34,-99.9,-99.9,8.04,-99.9,3.09,9.17,1.2,32.87,0,0,862
"2026-02-19 16:02:00",2783,6.13,13.02,0,0,2.1,12.25,27899.69,36883.22,23.33,95.78,8.87,0.5,1.73,0.28,0.32,-99.9,-99.9,8.04,-99.9,3.09,10.31,1.2,32.87,0,0,863
"2026-02-19 16:17:00",2784,6.13,13.02,0,0,1.99,12.26,27920.51,36897.88,23.34,95.71,8.86,0.51,1.76,0.31,0.35,-99.9,-99.9,8.03,-99.9,3.11,10.4,1.2,35.54,0,0,864
"2026-02-19 16:32:00",2785,6.13,13.02,0,0,1.87,12.25,27896.71,36876.91,23.33,95.71,8.86,0.58,2.07,0.31,0.35,-99.9,-99.9,8.04,-99.9,3.14,10.12,1.2,35.54,0,0,865
"2026-02-19 16:47:00",2786,6.13,13.02,0,0,1.76,12.25,27946.65,36943.86,23.37,95.65,8.85,0.52,1.84,0.31,0.35,-99.9,-99.9,8.03,-99.9,3.12,9.66,1.19,33.66,0,0,866
"2026-02-19 17:02:00",2787,6.13,13.02,0,0,1.68,12.22,27847.65,36841.59,23.3,95.73,8.87,0.59,2.11,0.32,0.35,-99.9,-99.9,8.04,-99.9,3.04,10.86,1.19,33.66,0,0,867
"2026-02-19 17:17:00",2788,6.13,13.02,0,0,1.57,12.18,27808.04,36828.88,23.29,95.88,8.89,0.61,2.17,0.33,0.37,-99.9,-99.9,8.04,-99.9,3.09,10.48,1.19,33.08,0,0,868
"2026-02-19 17:32:00",2789,6.13,13.02,0,0,1.5,12.18,27863.01,36900.75,23.34,95.61,8.86,0.61,2.19,0.3,0.34,-99.9,-99.9,8.03,-99.9,3.1,10.43,1.19,33.08,0,0,869
"2026-02-19 17:47:00",2790,6.13,13.02,0,0,1.41,12.16,27870.95,36926.3,23.36,95.62,8.87,0.6,2.14,0.36,0.4,-99.9,-99.9,8.03,-99.9,3.12,10.22,1.2,35.59,0,0,870
"2026-02-19 18:02:00",2791,6.13,13.02,0,0,1.35,12.14,27875.13,36955.55,23.38,95.49,8.86,0.66,2.39,0.32,0.36,-99.9,-99.9,8.03,-99.9,3.04,10.32,1.2,35.59,0,0,871
"2026-02-19 18:17:00",2792,6.13,13.01,0,0,1.29,12.12,27852.21,36942.27,23.37,95.27,8.84,0.66,2.4,0.33,0.37,-99.9,-99.9,8.03,-99.9,3.06,10,1.19,34.57,0,0,872
"2026-02-19 18:32:00",2793,6.13,13.02,0,0,1.26,12.07,27794.9,36913.15,23.35,95.35,8.86,0.67,2.42,0.3,0.34,-99.9,-99.9,8.03,-99.9,3.15,9.89,1.19,34.57,0,0,873
"2026-02-19 18:47:00",2794,6.13,13.01,0,0,1.22,12.12,27889.65,36987.6,23.4,94.91,8.81,0.63,2.26,0.33,0.36,-99.9,-99.9,8.03,-99.9,3.05,10.92,1.19,32.92,0,0,874
"2026-02-19 19:02:00",2795,6.13,13.02,0,0,1.2,12.11,27925.48,37042.47,23.44,94.78,8.79,0.64,2.32,0.32,0.36,-99.9,-99.9,8.02,-99.9,3.05,10.33,1.19,32.92,0,0,875
"2026-02-19 19:17:00",2796,6.13,13.02,0,0,1.19,12.02,27765.35,36922.36,23.35,94.89,8.83,0.74,2.72,0.37,0.41,-99.9,-99.9,8.03,-99.9,3,13.24,1.2,35.94,0,0,876
"2026-02-19 19:32:00",2797,6.13,13.02,0,0,1.19,11.97,27767.11,36963.56,23.38,94.96,8.84,0.81,2.98,0.37,0.41,-99.9,-99.9,8.02,-99.9,3.06,13.23,1.2,35.94,0,0,877
"2026-02-19 19:47:00",2798,6.13,13.01,0,0,1.22,11.98,27786.32,36978.82,23.39,94.62,8.81,0.73,2.67,0.35,0.39,-99.9,-99.9,8.02,-99.9,2.98,13.21,1.2,33.72,0,0,878
"2026-02-19 20:02:00",2799,6.13,13.02,0,0,1.25,11.93,27733.19,36955.99,23.37,94.51,8.81,0.83,3.07,0.36,0.4,-99.9,-99.9,8.02,-99.9,3.02,11.63,1.2,33.72,0,0,879
"2026-02-19 20:17:00",2800,6.13,13.01,0,0,1.29,11.94,27771.88,37006.55,23.41,94.91,8.84,0.68,2.46,0.36,0.4,-99.9,-99.9,8.03,-99.9,3.01,13.83,1.21,36.4,0,0,880
"2026-02-19 20:32:00",2801,6.13,13.02,0,0,1.35,11.91,27752.24,37008.43,23.41,94.72,8.83,0.75,2.74,0.33,0.37,-99.9,-99.9,8.03,-99.9,3,11.75,1.21,36.4,0,0,881
"2026-02-19 20:47:00",2802,6.13,13.01,0,0,1.41,11.88,27741.53,37021.92,23.42,94.83,8.84,0.78,2.87,0.36,0.4,-99.9,-99.9,8.03,-99.9,3.07,9.14,1.2,32.81,0,0,882
"2026-02-19 21:02:00",2803,6.13,13.02,0,0,1.49,11.84,27726.32,37032.6,23.42,94.49,8.82,0.69,2.52,0.33,0.37,-99.9,-99.9,8.03,-99.9,3.04,10.64,1.2,32.81,0,0,883
"2026-02-19 21:17:00",2804,6.13,13.02,0,0,1.58,11.8,27677.14,37006.16,23.4,95.11,8.89,0.68,2.48,0.36,0.4,-99.9,-99.9,8.03,-99.9,3.07,10.33,1.2,32.28,0,0,884
"2026-02-19 21:32:00",2805,6.13,13.02,0,0,1.67,11.83,27707.67,37016.78,23.41,95.11,8.88,0.64,2.32,0.33,0.37,-99.9,-99.9,8.03,-99.9,3.06,10.33,1.2,32.28,0,0,885
"2026-02-19 21:47:00",2806,6.13,13.02,0,0,1.78,11.77,27663.78,37015.22,23.41,95.02,8.88,0.61,2.19,0.33,0.37,-99.9,-99.9,8.03,-99.9,3.12,10.5,1.21,35.93,0,0,886
"2026-02-19 22:02:00",2807,6.13,13.02,0,0,1.89,11.83,27715.75,37030.5,23.42,94.95,8.86,0.63,2.28,0.29,0.32,-99.9,-99.9,8.03,-99.9,3.09,8,1.21,35.93,0,0,887
"2026-02-19 22:17:00",2808,6.13,13.01,0,0,1.98,11.88,27799.31,37094.01,23.47,94.64,8.82,0.57,2.04,0.33,0.37,-99.9,-99.9,8.02,-99.9,3.12,9.35,1.19,33.36,0,0,888
"2026-02-19 22:32:00",2809,6.13,13.02,0,0,2.1,11.96,27894.71,37149.01,23.51,94.6,8.8,0.57,2.03,0.31,0.35,-99.9,-99.9,8.02,-99.9,3.11,9.65,1.19,33.36,0,0,889
"2026-02-19 22:47:00",2810,6.13,13.01,0,0,2.2,11.81,27732.43,37076.31,23.45,94.21,8.8,0.57,2.01,0.3,0.33,-99.9,-99.9,8.02,-99.9,3.17,8.32,1.19,33.18,0,0,890
"2026-02-19 23:02:00",2811,6.13,13.02,0,0,2.29,11.78,27722.3,37086.91,23.46,93.97,8.78,0.63,2.25,0.32,0.36,-99.9,-99.9,8.02,-99.9,3.07,9.08,1.19,33.18,0,0,891
"2026-02-19 23:17:00",2812,6.13,13.02,0,0,2.41,11.74,27679.3,37064.63,23.44,94.25,8.82,0.62,2.24,0.31,0.35,-99.9,-99.9,8.02,-99.9,3.2,8.66,1.19,33.95,0,0,892
"2026-02-19 23:32:00",2813,6.13,13.01,0,0,2.5,11.62,27569.09,37036.42,23.42,93.89,8.81,0.63,2.26,0.34,0.38,-99.9,-99.9,8.02,-99.9,3.1,9.41,1.19,33.95,0,0,893
"2026-02-19 23:47:00",2814,6.13,13.02,0,0,2.59,11.61,27576.8,37049.1,23.43,93.4,8.76,0.64,2.31,0.31,0.35,-99.9,-99.9,8.02,-99.9,3.19,8.99,1.2,33.2,0,0,894
"2026-02-20 00:02:00",2815,6.13,13.02,0,0,2.69,11.8,27740.79,37088.64,23.46,94.35,8.81,0.51,1.79,0.29,0.33,-99.9,-99.9,8.02,-99.9,3.19,6.25,1.2,33.2,0,0,895
"2026-02-20 00:17:00",2816,6.13,13.01,0,0,2.77,11.91,27977.4,37307.02,23.61,93.28,8.68,0.56,1.97,0.29,0.33,-99.9,-99.9,8.01,-99.9,3.14,6.36,1.21,33.85,0,0,896
"2026-02-20 00:32:00",2817,6.13,13.02,0,0,2.84,11.81,27754.64,37105.63,23.47,92.83,8.67,0.49,1.72,0.29,0.32,-99.9,-99.9,8.02,-99.9,3.1,5.16,1.21,33.85,0,0,897
"2026-02-20 00:47:00",2818,6.13,13.01,0,0,2.92,12.13,28419.5,37677.85,23.88,91.88,8.5,0.47,1.62,0.3,0.34,-99.9,-99.9,7.99,-99.9,2.91,5.07,1.2,32.71,0,0,898
"2026-02-20 01:02:00",2819,6.13,13.02,0,0,2.98,12.16,28432.35,37667.22,23.87,91.59,8.47,0.32,1.04,0.26,0.29,-99.9,-99.9,7.98,-99.9,2.99,3.75,1.2,32.71,0,0,899
"2026-02-20 01:17:00",2820,6.13,13.02,0,0,3.03,12.17,28466.03,37702.06,23.9,91.16,8.42,0.39,1.31,0.25,0.28,-99.9,-99.9,7.98,-99.9,2.89,5.74,1.2,34.07,0,0,900
"2026-02-20 01:32:00",2821,6.13,13.02,0,0,3.06,12.18,28500.38,37741.11,23.93,91.38,8.44,0.38,1.25,0.24,0.28,-99.9,-99.9,7.98,-99.9,2.78,4.58,1.2,34.07,0,0,901
"2026-02-20 01:47:00",2822,6.13,13.02,0,0,3.08,12.22,28567.85,37797.01,23.97,91.63,8.45,0.44,1.52,0.27,0.31,-99.9,-99.9,7.98,-99.9,2.88,6.4,1.2,36.69,0,0,902
"2026-02-20 02:02:00",2823,6.13,13.02,0,0,3.07,12.21,28558.72,37789.5,23.96,91.3,8.43,0.38,1.27,0.24,0.28,-99.9,-99.9,7.98,-99.9,2.89,4.24,1.2,36.69,0,0,903
"2026-02-20 02:17:02",2824,6.13,13.02,0,0,3.06,12.22,28574.63,37806.34,23.97,90.88,8.39,0.43,1.45,0.25,0.29,-99.9,-99.9,7.98,-99.9,2.82,5.28,1.2,34.25,0,0,904
"2026-02-20 02:32:00",2825,6.13,13.01,0,0,3.02,12.2,28551.97,37786.68,23.96,90.4,8.34,0.29,0.91,0.22,0.26,-99.9,-99.9,7.97,-99.9,2.86,3.85,1.2,34.25,0,0,905
"2026-02-20 02:47:00",2826,6.13,13.01,0,0,2.99,12.2,28518.08,37749.95,23.93,90.06,8.32,0.36,1.18,0.23,0.27,-99.9,-99.9,7.98,-99.9,2.77,4.69,1.2,36.09,0,0,906
"2026-02-20 03:02:00",2827,6.13,13.01,0,0,2.91,12.19,28484.84,37712.73,23.91,88.88,8.21,0.42,1.42,0.26,0.3,-99.9,-99.9,7.99,-99.9,2.95,5.43,1.2,36.09,0,0,907
"2026-02-20 03:17:00",2828,6.13,13.02,0,0,2.84,12.14,28403.88,37654.19,23.86,89.77,8.3,0.48,1.65,0.26,0.3,-99.9,-99.9,7.98,-99.9,2.88,4.81,1.19,33.73,0,0,908
"2026-02-20 03:32:00",2829,6.13,13.02,0,0,2.74,11.94,28056.03,37385.1,23.67,90.38,8.4,0.48,1.66,0.24,0.27,-99.9,-99.9,7.99,-99.9,3.15,4.96,1.19,33.73,0,0,909
"2026-02-20 03:47:00",2830,6.13,13.01,0,0,2.62,11.46,27524.94,37126.13,23.47,91.13,8.57,0.47,1.64,0.28,0.31,-99.9,-99.9,8.01,-99.9,3.24,5.4,1.2,34,0,0,910
"2026-02-20 04:02:00",2831,6.13,13.02,0,0,2.52,11.42,27505.35,37138.72,23.48,91.38,8.6,0.42,1.44,0.25,0.29,-99.9,-99.9,8,-99.9,3.19,5.36,1.2,34,0,0,911
"2026-02-20 04:17:00",2832,6.13,13.01,0,0,2.41,11.42,27505.85,37142.86,23.49,92.23,8.68,0.55,1.94,0.31,0.35,-99.9,-99.9,8.01,-99.9,3.21,5.79,1.2,34.45,0,0,912
"2026-02-20 04:32:00",2833,6.13,13.02,0,0,2.3,11.34,27423.07,37099.8,23.45,92.02,8.68,0.48,1.66,0.3,0.34,-99.9,-99.9,8.01,-99.9,3.27,5.45,1.2,34.45,0,0,913
"2026-02-20 04:47:00",2834,6.13,13.01,0,0,2.2,11.28,27378.84,37103.57,23.45,91.58,8.65,0.5,1.74,0.31,0.35,-99.9,-99.9,8.01,-99.9,3.18,5.59,1.2,34.22,0,0,914
"2026-02-20 05:02:00",2835,6.13,13.01,0,0,2.09,11.22,27326.74,37084.47,23.44,89.99,8.51,0.48,1.67,0.29,0.32,-99.9,-99.9,8,-99.9,3.27,5.05,1.2,34.22,0,0,915
"2026-02-20 05:17:00",2836,6.13,13.01,0,0,1.97,11.19,27276.64,37053.01,23.42,90.62,8.58,0.47,1.64,0.26,0.3,-99.9,-99.9,8.01,-99.9,3.14,5.14,1.2,34.08,0,0,916
"2026-02-20 05:32:00",2837,6.13,13.01,0,0,1.87,11.18,27268.53,37048.83,23.41,91.28,8.64,0.43,1.48,0.3,0.34,-99.9,-99.9,8.01,-99.9,3.29,4.68,1.2,34.08,0,0,917
"2026-02-20 05:47:00",2838,6.13,13.01,0,0,1.78,11.33,27492.54,37211.56,23.53,91.5,8.63,0.48,1.68,0.29,0.32,-99.9,-99.9,8.01,-99.9,3.17,5.05,1.19,34.79,0,0,918
"2026-02-20 06:02:00",2839,6.13,13.01,0,0,1.71,11.39,27385.81,37003.21,23.39,90.95,8.57,0.39,1.29,0.28,0.32,-99.9,-99.9,8.01,-99.9,3.19,4.37,1.19,34.79,0,0,919
"2026-02-20 06:17:00",2840,6.13,13.01,0,0,1.65,11.2,27281.88,37050.81,23.41,90.97,8.61,0.42,1.44,0.28,0.32,-99.9,-99.9,8.01,-99.9,3.33,4.82,1.19,33.62,0,0,920
"2026-02-20 06:32:00",2841,6.13,13.02,0,0,1.6,11.79,28071.84,37543.35,23.78,92.56,8.63,0.41,1.4,0.28,0.32,-99.9,-99.9,7.98,-99.9,2.93,6.47,1.19,33.62,0,0,921
"2026-02-20 06:47:00",2842,6.13,13.01,0,0,1.55,11.45,27598.66,37232.76,23.55,92.52,8.7,0.44,1.52,0.26,0.3,-99.9,-99.9,8,-99.9,3.19,4.64,1.21,35.51,0,0,922
"2026-02-20 07:02:00",2843,6.13,13.01,0,0,1.48,11.84,28173.26,37635.71,23.84,91.92,8.56,0.37,1.22,0.27,0.3,-99.9,-99.9,7.98,-99.9,2.94,6.04,1.21,35.51,0,0,923
"2026-02-20 07:17:00",2844,6.13,13.02,0,0,1.46,11.48,27638.91,37264.36,23.57,91.58,8.61,0.31,0.99,0.25,0.28,-99.9,-99.9,7.99,-99.9,3.13,4.95,1.2,33.51,0,0,924
"2026-02-20 07:32:00",2845,6.13,13.01,0,0,1.45,11.72,27998.77,37512.85,23.75,91.9,8.58,0.34,1.11,0.27,0.31,-99.9,-99.9,7.99,-99.9,2.92,5.2,1.2,33.51,0,0,925
"2026-02-20 07:47:00",2846,6.13,13.02,0,0,1.43,11.74,28008.09,37505.24,23.75,92.25,8.61,0.35,1.15,0.24,0.28,-99.9,-99.9,7.98,-99.9,3.02,4.83,1.19,33.64,0,0,926
"2026-02-20 08:02:00",2847,6.13,13.02,0,0,1.46,11.76,28048,37537.28,23.77,91.43,8.53,0.25,0.73,0.22,0.25,-99.9,-99.9,7.98,-99.9,2.94,4.1,1.19,33.64,0,0,927
"2026-02-20 08:17:00",2848,6.13,13.01,0,0,1.48,11.68,27912.05,37436.19,23.7,91.06,8.51,0.23,0.67,0.23,0.27,-99.9,-99.9,7.98,-99.9,3.13,4.3,1.19,33.28,0,0,928
"2026-02-20 08:32:00",2849,6.13,13.02,0,0,1.51,11.54,27728.45,37325.85,23.62,91.68,8.6,0.3,0.93,0.24,0.28,-99.9,-99.9,7.99,-99.9,3.12,3.95,1.19,33.28,0,0,929
"2026-02-20 08:47:00",2850,6.13,13.01,0,0,1.55,11.47,27633.96,37262.93,23.57,91.16,8.57,0.29,0.89,0.26,0.3,-99.9,-99.9,7.99,-99.9,3.14,3.66,1.19,33.11,0,0,930
"2026-02-20 09:02:00",2851,6.13,13.01,0,0,1.6,11.36,27495.79,37186.85,23.51,91.62,8.64,0.36,1.18,0.28,0.32,-99.9,-99.9,8,-99.9,3.21,3.63,1.19,33.11,0,0,931
"2026-02-20 09:17:00",2852,6.13,13.01,0,0,1.66,11.36,27499.67,37191.33,23.52,92.43,8.71,0.38,1.25,0.27,0.31,-99.9,-99.9,8.01,-99.9,3.05,3.84,1.2,33.47,0,0,932
"2026-02-20 09:32:00",2853,6.13,13.02,0,0,1.72,11.5,27600.25,37192.53,23.52,93.11,8.75,0.39,1.29,0.27,0.3,-99.9,-99.9,8.01,-99.9,3.16,4.04,1.2,33.47,0,0,933
"2026-02-20 09:47:00",2854,6.13,13.01,0,0,1.81,11.58,27694.94,37240.18,23.56,93.47,8.77,0.48,1.66,0.28,0.32,-99.9,-99.9,8.01,-99.9,3.14,3.92,1.2,33.23,0,0,934
"2026-02-20 10:02:00",2855,6.13,13.02,0,0,1.9,11.61,27714.28,37237.08,23.56,93.73,8.78,0.42,1.42,0.27,0.31,-99.9,-99.9,8.01,-99.9,3.11,3.73,1.2,33.23,0,0,935
"2026-02-20 10:17:00",2856,6.13,13.01,0,0,1.99,11.59,27812.59,37392.59,23.66,92.11,8.63,0.23,0.66,0.23,0.27,-99.9,-99.9,7.99,-99.9,3.2,3.59,1.2,33.75,0,0,936
"2026-02-20 10:32:00",2857,6.13,13.01,0,0,2.08,11.59,27812.45,37384.87,23.66,91.98,8.62,0.24,0.72,0.23,0.27,-99.9,-99.9,7.99,-99.9,3.12,3.9,1.2,33.75,0,0,937
"2026-02-20 10:47:00",2858,6.13,13.01,0,0,2.16,11.58,27753.16,37319.74,23.61,91.18,8.55,0.19,0.52,0.23,0.27,-99.9,-99.9,7.99,-99.9,3.13,4.09,1.2,33.69,0,0,938
"2026-02-20 11:02:00",2859,6.13,13.01,0,0,2.24,11.63,27834.81,37379.24,23.66,91.59,8.57,0.19,0.49,0.23,0.27,-99.9,-99.9,7.99,-99.9,3.1,3.06,1.2,33.69,0,0,939
"2026-02-20 11:17:00",2860,6.13,13.01,0,0,2.33,11.67,27904.75,37438.21,23.7,91.64,8.57,0.21,0.58,0.24,0.28,-99.9,-99.9,7.98,-99.9,3.13,3.86,1.2,33.19,0,0,940
"2026-02-20 11:32:00",2861,6.13,13.01,0,0,2.42,11.64,27831.45,37364.9,23.65,93.19,8.72,0.33,1.05,0.26,0.29,-99.9,-99.9,8,-99.9,3.1,3.53,1.2,33.19,0,0,941
"2026-02-20 11:47:00",2862,6.13,13.01,0,0,2.49,11.96,27899.3,37149.11,23.51,96.34,8.96,0.36,1.17,0.26,0.29,-99.9,-99.9,8.03,-99.9,3.03,3.38,1.21,35.39,0,0,942
"2026-02-20 12:02:00",2863,6.13,13.01,0,0,2.59,11.89,27855.26,37161.23,23.51,95.38,8.89,0.48,1.67,0.3,0.34,-99.9,-99.9,8.01,-99.9,3.02,4.02,1.21,35.39,0,0,943
"2026-02-20 12:17:00",2864,6.13,13.02,0,0,2.65,11.9,27806.09,37085.91,23.46,95.69,8.92,0.37,1.24,0.29,0.33,-99.9,-99.9,8.02,-99.9,3.04,3.73,1.2,34.4,0,0,944
"2026-02-20 12:32:00",2865,6.13,13.01,0,0,2.72,11.95,27842.38,37082.39,23.46,96.05,8.94,0.36,1.17,0.22,0.25,-99.9,-99.9,8.02,-99.9,3,3.32,1.2,34.4,0,0,945
"2026-02-20 12:47:00",2866,6.13,13.02,0,0,2.76,12,27857.56,37055.58,23.44,98.31,9.14,0.3,0.94,0.24,0.27,-99.9,-99.9,8.03,-99.9,2.98,3.43,1.19,33.52,0,0,946
"2026-02-20 13:02:00",2867,6.13,13.02,0,0,2.82,11.84,27897.51,37263.38,23.58,94.14,8.78,0.28,0.87,0.26,0.3,-99.9,-99.9,8,-99.9,3.05,3.71,1.19,33.52,0,0,947
"2026-02-20 13:17:00",2868,6.13,13.01,0,0,2.85,11.95,27842.35,37085.44,23.46,96.09,8.95,0.3,0.95,0.23,0.27,-99.9,-99.9,8.02,-99.9,3.02,3.47,1.2,36.09,0,0,948
"2026-02-20 13:32:00",2869,6.13,13.01,0,0,2.89,11.92,28210.29,37607.72,23.82,92.16,8.57,0.25,0.76,0.24,0.28,-99.9,-99.9,7.97,-99.9,2.94,4.89,1.2,36.09,0,0,949
"2026-02-20 13:47:00",2870,6.13,13.02,0,0,2.91,11.92,28091.97,37448.96,23.71,92.61,8.61,0.29,0.89,0.26,0.3,-99.9,-99.9,8,-99.9,2.93,4.24,1.19,33.43,0,0,950
"2026-02-20 14:02:00",2871,6.13,13.02,0,0,2.91,11.91,28188.19,37583.9,23.81,92.8,8.63,0.28,0.86,0.24,0.27,-99.9,-99.9,7.98,-99.9,2.95,4.28,1.19,33.43,0,0,951
"2026-02-20 14:17:00",2872,6.13,13.02,0,0,2.89,11.9,28181.45,37584.13,23.81,92.48,8.6,0.27,0.83,0.23,0.27,-99.9,-99.9,7.98,-99.9,2.93,3.99,1.21,33.42,0,0,952
"2026-02-20 14:32:00",2873,6.13,13.01,0,0,2.86,11.93,28175.83,37548.05,23.78,93.31,8.67,0.23,0.67,0.23,0.27,-99.9,-99.9,7.99,-99.9,2.93,4,1.21,33.42,0,0,953
"2026-02-20 14:47:00",2874,6.13,13.02,0,0,2.8,11.9,28092.08,37462.99,23.72,94.05,8.75,0.37,1.21,0.26,0.3,-99.9,-99.9,8,-99.9,3,3.81,1.21,33.37,0,0,954
"2026-02-20 15:02:00",2875,6.13,13.01,0,0,2.73,11.88,27924.85,37259.22,23.58,94.77,8.83,0.38,1.27,0.25,0.29,-99.9,-99.9,8.01,-99.9,3.06,3.82,1.21,33.37,0,0,955
"2026-02-20 15:17:00",2876,6.13,13.02,0,0,2.66,11.91,27958.76,37275.63,23.59,95.67,8.91,0.38,1.28,0.24,0.27,-99.9,-99.9,8.03,-99.9,3.02,4.08,1.2,33.55,0,0,956
"2026-02-20 15:32:00",2877,6.13,13.02,0,0,2.56,11.91,28110.9,37480.95,23.74,92.87,8.64,0.31,1,0.23,0.27,-99.9,-99.9,7.99,-99.9,2.88,4.48,1.2,33.55,0,0,957
"2026-02-20 15:47:00",2878,6.13,13.01,0,0,2.49,11.92,28135.83,37508.17,23.76,92,8.55,0.24,0.72,0.25,0.29,-99.9,-99.9,7.98,-99.9,2.98,4.28,1.2,33.19,0,0,958
"2026-02-20 16:02:00",2879,6.13,13.02,0,0,2.38,11.92,28072.64,37422.63,23.7,92.52,8.61,0.33,1.07,0.23,0.27,-99.9,-99.9,8,-99.9,2.98,3.68,1.2,33.19,0,0,959
"2026-02-20 16:17:00",2880,6.13,13.02,0,0,2.28,11.92,28141.17,37512.07,23.76,93.62,8.7,0.43,1.45,0.25,0.28,-99.9,-99.9,7.99,-99.9,3,4.65,1.2,33.2,0,0,960
"2026-02-20 16:32:00",2881,6.13,13.02,0,0,2.16,11.96,28169.57,37511.93,23.76,93.9,8.72,0.49,1.71,0.27,0.31,-99.9,-99.9,8,-99.9,2.99,5.1,1.2,33.2,0,0,961
"2026-02-20 16:47:00",2882,6.13,13.02,0,0,2.06,11.96,28102.3,37427.18,23.7,94.91,8.82,0.4,1.33,0.25,0.29,-99.9,-99.9,8,-99.9,3,4.12,1.19,32.54,0,0,962
"2026-02-20 17:02:00",2883,6.13,13.01,0,0,1.96,11.97,28087.83,37390.17,23.67,97.02,9.02,0.37,1.23,0.26,0.3,-99.9,-99.9,8.02,-99.9,3.04,3.97,1.19,32.54,0,0,963
"2026-02-20 17:17:00",2884,6.13,13.02,0,0,1.86,12,28006.1,37252.89,23.58,98.29,9.13,0.43,1.47,0.26,0.3,-99.9,-99.9,8.04,-99.9,3,3.44,1.2,32.49,0,0,964
"2026-02-20 17:32:00",2885,6.13,13.02,0,0,1.77,12.02,27987.45,37215.7,23.55,97.28,9.04,0.35,1.13,0.25,0.29,-99.9,-99.9,8.03,-99.9,3.02,3.31,1.2,32.49,0,0,965
"2026-02-20 17:47:00",2886,6.13,13.02,0,0,1.69,12.03,27983.47,37195.87,23.54,98.21,9.12,0.42,1.42,0.25,0.29,-99.9,-99.9,8.04,-99.9,2.99,3.33,1.2,36.57,0,0,966
"2026-02-20 18:02:00",2887,6.13,13.02,0,0,1.62,12.04,28032.94,37252.12,23.58,97.51,9.05,0.48,1.65,0.28,0.31,-99.9,-99.9,8.03,-99.9,3.06,3.62,1.2,36.57,0,0,967
"2026-02-20 18:17:00",2888,6.13,13.02,0,0,1.55,12.06,28022.07,37218.48,23.56,97.83,9.08,0.49,1.72,0.26,0.29,-99.9,-99.9,8.03,-99.9,2.95,3.29,1.2,34.35,0,0,968
"2026-02-20 18:32:00",2889,6.13,13.02,0,0,1.49,12.01,28050.19,37306.56,23.62,96.79,8.99,0.41,1.39,0.26,0.3,-99.9,-99.9,8.02,-99.9,2.94,3.02,1.2,34.35,0,0,969
"2026-02-20 18:47:00",2890,6.13,13.02,0,0,1.43,12.06,27996.96,37191.67,23.54,97.64,9.06,0.37,1.24,0.24,0.28,-99.9,-99.9,8.03,-99.9,2.96,3.07,1.2,35.62,0,0,970
"2026-02-20 19:02:00",2891,6.13,13.02,0,0,1.42,12.06,27935.94,37109.91,23.48,97.44,9.05,0.37,1.22,0.24,0.28,-99.9,-99.9,8.03,-99.9,3.07,2.62,1.2,35.62,0,0,971
"2026-02-20 19:17:00",2892,6.13,13.01,0,0,1.4,12.07,27937.3,37096.27,23.47,98.05,9.1,0.49,1.71,0.27,0.3,-99.9,-99.9,8.04,-99.9,2.99,2.86,1.19,33.51,0,0,972
"2026-02-20 19:32:00",2893,6.13,13.02,0,0,1.39,12,27881.52,37087.24,23.46,96.87,9.01,0.49,1.72,0.28,0.31,-99.9,-99.9,8.02,-99.9,3.08,3.05,1.19,33.51,0,0,973
"2026-02-20 19:47:00",2894,6.13,13.01,0,0,1.39,11.99,27879.85,37102.31,23.47,95.7,8.9,0.49,1.69,0.27,0.31,-99.9,-99.9,8.02,-99.9,3.03,3.1,1.19,32.49,0,0,974
"2026-02-20 20:02:00",2895,6.13,13.02,0,0,1.4,11.95,27847.83,37090.52,23.47,95.22,8.86,0.46,1.58,0.29,0.33,-99.9,-99.9,8.02,-99.9,3.11,2.91,1.19,32.49,0,0,975
"2026-02-20 20:17:00",2896,6.13,13.02,0,0,1.43,11.93,27819.36,37075.02,23.45,95.13,8.86,0.48,1.65,0.24,0.28,-99.9,-99.9,8.01,-99.9,3.04,3.03,1.2,36.64,0,0,976
"2026-02-20 20:32:00",2897,6.13,13.02,0,0,1.47,11.94,27841.16,37091.86,23.47,94.97,8.84,0.47,1.61,0.25,0.29,-99.9,-99.9,8.01,-99.9,3.09,3.16,1.2,36.64,0,0,977
"2026-02-20 20:47:00",2898,6.13,13.02,0,0,1.52,11.99,27950.14,37195.47,23.54,95.14,8.85,0.49,1.69,0.23,0.27,-99.9,-99.9,8.01,-99.9,3,2.92,1.2,33.06,0,0,978
"2026-02-20 21:02:00",2899,6.13,13.02,0,0,1.59,11.99,28079.54,37365.54,23.66,93.22,8.66,0.26,0.77,0.19,0.22,-99.9,-99.9,7.99,-99.9,3.08,3.51,1.2,33.06,0,0,979
"2026-02-20 21:17:00",2900,6.13,13.02,0,0,1.64,11.97,27898.18,37144.65,23.5,93.72,8.72,0.25,0.75,0.22,0.25,-99.9,-99.9,8,-99.9,2.98,2.33,1.2,34.26,0,0,980
"2026-02-20 21:32:00",2901,6.13,13.02,0,0,1.74,11.98,28122.67,37427.17,23.7,91.6,8.51,0.27,0.84,0.2,0.24,-99.9,-99.9,7.98,-99.9,3.1,3.74,1.2,34.26,0,0,981
"2026-02-20 21:47:00",2902,6.13,13.02,0,0,1.82,11.96,28092.1,37412.75,23.69,93.18,8.66,0.56,1.97,0.31,0.35,-99.9,-99.9,7.98,-99.9,2.98,3.99,1.19,32.96,0,0,982
"2026-02-20 22:02:00",2903,6.13,13.02,0,0,1.9,11.96,28133.74,37467.09,23.73,92.96,8.64,0.39,1.32,0.27,0.31,-99.9,-99.9,7.98,-99.9,2.97,4.25,1.19,32.96,0,0,983
"2026-02-20 22:17:00",2904,6.13,13.02,0,0,1.99,11.96,28137.33,37472.29,23.73,92.68,8.61,0.4,1.36,0.24,0.28,-99.9,-99.9,7.98,-99.9,2.74,3.99,1.19,35.82,0,0,984
"2026-02-20 22:32:00",2905,6.13,13.02,0,0,2.09,11.95,28113.21,37446.57,23.71,91.86,8.54,0.33,1.05,0.22,0.25,-99.9,-99.9,7.98,-99.9,2.88,3.52,1.19,35.82,0,0,985
"2026-02-20 22:47:00",2906,6.13,13.02,0,0,2.21,11.96,28112.41,37437.15,23.71,92.94,8.64,0.34,1.1,0.25,0.29,-99.9,-99.9,7.98,-99.9,2.85,3.25,1.19,33.06,0,0,986
"2026-02-20 23:02:00",2907,6.13,13.01,0,0,2.31,11.95,28111.89,37447.64,23.71,93.51,8.69,0.42,1.44,0.24,0.28,-99.9,-99.9,7.98,-99.9,3.01,3.77,1.19,33.06,0,0,987
"2026-02-20 23:17:00",2908,6.13,13.02,0,0,2.41,11.95,28079.05,37406.11,23.68,93.38,8.68,0.37,1.2,0.25,0.29,-99.9,-99.9,7.98,-99.9,2.85,3.56,1.21,32.96,0,0,988
"2026-02-20 23:32:00",2909,6.13,13.02,0,0,2.52,11.78,27809.48,37206.62,23.54,92.73,8.66,0.38,1.28,0.25,0.28,-99.9,-99.9,7.99,-99.9,2.95,2.66,1.21,32.96,0,0,989
"2026-02-20 23:47:00",2910,6.13,13.02,0,0,2.61,11.72,27639.55,37030.72,23.42,93.28,8.73,0.4,1.32,0.27,0.3,-99.9,-99.9,8,-99.9,3.21,3.12,1.2,33.07,0,0,990
"2026-02-21 00:02:00",2911,6.13,13.02,0,0,2.7,11.68,27441.74,36800.84,23.26,94.21,8.83,0.43,1.47,0.25,0.29,-99.9,-99.9,8.01,-99.9,3.22,3.18,1.2,33.07,0,0,991
"2026-02-21 00:17:00",2912,6.13,13.02,0,0,2.79,11.7,27399.61,36727.54,23.21,94.26,8.84,0.48,1.65,0.29,0.32,-99.9,-99.9,8.01,-99.9,3.27,3.44,1.2,33.56,0,0,992
"2026-02-21 00:32:00",2913,6.13,13.02,0,0,2.88,11.74,27506.84,36834.63,23.28,93.69,8.77,0.42,1.44,0.25,0.29,-99.9,-99.9,8.01,-99.9,3.19,4,1.2,33.56,0,0,993
"2026-02-21 00:47:00",2914,6.13,13.02,0,0,2.97,11.72,27556.74,36917.35,23.34,93.19,8.72,0.67,2.44,0.31,0.35,-99.9,-99.9,8,-99.9,3.03,3.12,1.2,35.93,0,0,994
"2026-02-21 01:02:00",2915,6.13,13.01,0,0,3.04,11.72,27655.92,37051.06,23.43,92.84,8.69,0.34,1.12,0.25,0.29,-99.9,-99.9,8,-99.9,3.12,3.31,1.2,35.93,0,0,995
"2026-02-21 01:17:00",2916,6.13,13.01,0,0,3.1,11.65,27608,37056.56,23.43,95.11,8.91,0.41,1.39,0.24,0.27,-99.9,-99.9,8.02,-99.9,3.19,3.21,1.19,34.47,0,0,996
"2026-02-21 01:32:00",2917,6.13,13.02,0,0,3.13,11.73,27779.43,37212.04,23.54,94.17,8.8,0.31,0.97,0.24,0.28,-99.9,-99.9,7.99,-99.9,3.05,3.14,1.19,34.47,0,0,997
"2026-02-21 01:47:00",2918,6.13,13.01,0,0,3.18,11.8,27842.6,37227.68,23.56,92.77,8.66,0.37,1.23,0.22,0.26,-99.9,-99.9,7.99,-99.9,3.12,3.34,1.19,35.39,0,0,998
"2026-02-21 02:02:00",2919,6.13,13.02,0,0,3.19,11.92,28070.61,37414.75,23.69,92.32,8.59,0.4,1.36,0.25,0.29,-99.9,-99.9,7.98,-99.9,3.01,4.98,1.19,35.39,0,0,999
"2026-02-21 02:17:00",2920,6.13,13.02,0,0,3.22,11.94,28077.35,37410.54,23.69,92.02,8.56,0.37,1.24,0.26,0.3,-99.9,-99.9,7.98,-99.9,3,4.69,1.2,33.51,0,0,1000
"2026-02-21 02:32:00",2921,6.13,13.02,0,0,3.21,11.91,28060.71,37412.47,23.69,91.52,8.52,0.4,1.35,0.25,0.28,-99.9,-99.9,7.98,-99.9,3,4.91,1.2,33.51,0,0,1001
"2026-02-21 02:47:00",2922,6.13,13.01,0,0,3.18,11.98,28121.91,37425.63,23.7,92.79,8.62,0.46,1.58,0.26,0.3,-99.9,-99.9,7.98,-99.9,2.97,5.05,1.19,32.7,0,0,1002
"2026-02-21 03:02:00",2923,6.13,13.01,0,0,3.13,11.98,28097.06,37392.34,23.68,92.99,8.64,0.88,3.27,0.35,0.38,-99.9,-99.9,7.98,-99.9,2.99,4.23,1.19,32.7,0,0,1003
"2026-02-21 03:17:00",2924,6.13,13.01,0,0,3.06,11.95,28032.34,37340.98,23.64,92.27,8.58,0.4,1.33,0.26,0.3,-99.9,-99.9,7.98,-99.9,2.96,3.77,1.2,33.72,0,0,1004
"2026-02-21 03:32:00",2925,6.13,13.02,0,0,2.98,11.86,27899.08,37245.28,23.57,91.17,8.5,0.33,1.07,0.23,0.27,-99.9,-99.9,7.99,-99.9,3.04,3.77,1.2,33.72,0,0,1005
"2026-02-21 03:47:00",2926,6.13,13.01,0,0,2.9,11.61,27506.1,36961.74,23.37,92.79,8.71,0.35,1.15,0.23,0.27,-99.9,-99.9,8,-99.9,3.23,3.49,1.21,33.66,0,0,1006
"2026-02-21 04:02:00",2927,6.13,13.01,0,0,2.8,11.47,27385.52,36927.62,23.34,93.36,8.79,0.59,2.11,0.29,0.33,-99.9,-99.9,8.01,-99.9,3.12,2.59,1.21,33.66,0,0,1007
"2026-02-21 04:17:00",2928,6.13,13.02,0,0,2.7,11.47,27400.64,36945.92,23.35,93.98,8.85,0.38,1.26,0.25,0.28,-99.9,-99.9,8.01,-99.9,3.25,2.84,1.2,33.07,0,0,1008
"2026-02-21 04:32:00",2929,6.13,13.01,0,0,2.6,11.51,27460.9,36994,23.38,93.16,8.76,0.42,1.42,0.28,0.32,-99.9,-99.9,8.01,-99.9,3.13,2.77,1.2,33.07,0,0,1009
"2026-02-21 04:47:00",2930,6.13,13.01,0,0,2.47,11.45,27372.91,36930.66,23.34,92.73,8.73,0.37,1.24,0.24,0.28,-99.9,-99.9,8.01,-99.9,3.08,2.76,1.2,33.17,0,0,1010
"2026-02-21 05:02:00",2931,6.13,13.01,0,0,2.35,11.44,27368.76,36934.28,23.34,93.99,8.85,0.34,1.12,0.25,0.29,-99.9,-99.9,8.01,-99.9,3.1,2.77,1.2,33.17,0,0,1011
"2026-02-21 05:17:00",2932,6.13,13.01,0,0,2.22,11.45,27377.41,36941.03,23.35,93.9,8.84,0.38,1.26,0.26,0.29,-99.9,-99.9,8.01,-99.9,3.14,2.92,1.19,34.3,0,0,1012
"2026-02-21 05:32:00",2933,6.13,13.01,0,0,2.12,11.44,27376.95,36941.02,23.35,94.45,8.9,0.49,1.7,0.24,0.28,-99.9,-99.9,8.01,-99.9,3.14,2.49,1.19,34.3,0,0,1013
"2026-02-21 05:47:00",2934,6.13,13.01,0,0,2.01,11.45,27378.39,36942.21,23.35,94.17,8.87,0.38,1.27,0.27,0.3,-99.9,-99.9,8.01,-99.9,3.18,2.98,1.21,35.52,0,0,1014
"2026-02-21 06:02:00",2935,6.13,13.01,0,0,1.93,11.46,27404.12,36962.45,23.36,94.24,8.87,0.36,1.18,0.25,0.29,-99.9,-99.9,8.01,-99.9,3.21,3.19,1.21,35.52,0,0,1015
"2026-02-21 06:17:00",2936,6.13,13.02,0,0,1.84,11.43,27369.46,36941.06,23.35,94.13,8.87,0.36,1.2,0.24,0.28,-99.9,-99.9,8.01,-99.9,3.19,2.8,1.2,33.86,0,0,1016
"2026-02-21 06:32:00",2937,6.13,13.01,0,0,1.75,11.37,27312.06,36924.9,23.33,93.49,8.82,0.36,1.17,0.25,0.29,-99.9,-99.9,8.01,-99.9,3.19,2.64,1.2,33.86,0,0,1017
"2026-02-21 06:47:00",2938,6.13,13.01,0,0,1.66,11.36,27303.62,36918.82,23.33,93.19,8.79,0.38,1.24,0.25,0.29,-99.9,-99.9,8.01,-99.9,3.19,2.92,1.2,33.57,0,0,1018
"2026-02-21 07:02:00",2939,6.13,13.01,0,0,1.58,11.33,27269.43,36907.86,23.32,92.81,8.76,0.4,1.34,0.27,0.31,-99.9,-99.9,8.01,-99.9,3.24,2.73,1.2,33.57,0,0,1019
"2026-02-21 07:17:00",2940,6.13,13.01,0,0,1.51,11.33,27273.25,36909.59,23.32,93.13,8.8,0.34,1.09,0.26,0.3,-99.9,-99.9,8.01,-99.9,3.21,2.88,1.2,32.77,0,0,1020
"2026-02-21 07:32:00",2941,6.13,13.01,0,0,1.47,11.33,27279.2,36915.89,23.32,92.94,8.78,0.36,1.18,0.23,0.27,-99.9,-99.9,8.02,-99.9,3.27,2.92,1.2,32.77,0,0,1021
"2026-02-21 07:47:00",2942,6.13,13.01,0,0,1.44,11.32,27257.98,36899.84,23.31,93.84,8.87,0.44,1.51,0.28,0.32,-99.9,-99.9,8.02,-99.9,3.1,2.65,1.2,33.45,0,0,1022
"2026-02-21 08:02:00",2943,6.13,13.01,0,0,1.41,11.35,27287.26,36909.56,23.32,94,8.87,0.41,1.37,0.28,0.31,-99.9,-99.9,8.02,-99.9,3.24,2.6,1.2,33.45,0,0,1023
"2026-02-21 08:17:00",2944,6.13,13.01,0,0,1.43,11.31,27258.08,36910.14,23.32,93.93,8.87,0.35,1.16,0.28,0.32,-99.9,-99.9,8.01,-99.9,3.1,3.19,1.2,33.59,0,0,1024
"2026-02-21 08:32:00",2945,6.13,13.02,0,0,1.4,11.46,27367.78,36918.2,23.33,92.34,8.7,0.31,0.99,0.28,0.31,-99.9,-99.9,8.01,-99.9,3.13,2.75,1.2,33.59,0,0,1025
"2026-02-21 08:47:00",2946,6.13,13.01,0,0,1.4,11.39,27338.31,36945.86,23.35,93.98,8.86,0.34,1.09,0.24,0.27,-99.9,-99.9,8.01,-99.9,3.15,3.1,1.2,33.59,0,0,1026
"2026-02-21 09:02:00",2947,6.13,13.01,0,0,1.4,11.41,27362.53,36957.26,23.36,94.3,8.89,0.4,1.33,0.23,0.27,-99.9,-99.9,8.01,-99.9,3.08,2.86,1.2,33.59,0,0,1027
"2026-02-21 09:17:00",2948,6.13,13.02,0,0,1.43,11.49,27444.67,36994.21,23.38,93.75,8.82,0.27,0.82,0.26,0.3,-99.9,-99.9,8.01,-99.9,3.1,2.94,1.2,36.44,0,0,1028
"2026-02-21 09:32:00",2949,6.13,13.02,0,0,1.46,11.45,27388.93,36954.2,23.36,95.28,8.97,0.32,1.02,0.26,0.3,-99.9,-99.9,8.02,-99.9,3.13,3.18,1.2,36.44,0,0,1029
"2026-02-21 09:47:00",2950,6.13,13.01,0,0,1.53,11.45,27403.44,36969.69,23.37,95.96,9.04,0.39,1.3,0.27,0.31,-99.9,-99.9,8.02,-99.9,3.16,3.22,1.19,33.09,0,0,1030
"2026-02-21 10:02:00",2951,6.13,13.01,0,0,1.59,11.5,27451.12,36987.76,23.38,95.92,9.02,0.33,1.05,0.25,0.29,-99.9,-99.9,8.02,-99.9,3.06,2.95,1.19,33.09,0,0,1031
"2026-02-21 10:17:00",2952,6.13,13.01,0,0,1.64,11.5,27448.49,36986.4,23.38,96.11,9.04,0.38,1.27,0.26,0.3,-99.9,-99.9,8.02,-99.9,3.09,3.07,1.2,36.26,0,0,1032
"2026-02-21 10:32:00",2953,6.13,13.01,0,0,1.73,11.53,27483.78,37000.91,23.39,96.32,9.05,0.24,0.69,0.25,0.29,-99.9,-99.9,8.02,-99.9,3.18,2.89,1.2,36.26,0,0,1033
"2026-02-21 10:47:00",2954,6.13,13.01,0,0,1.78,11.56,27492.99,36987.5,23.38,97.91,9.2,0.31,1,0.23,0.27,-99.9,-99.9,8.03,-99.9,3.15,2.8,1.19,33.43,0,0,1034
"2026-02-21 11:02:00",2955,6.13,13.01,0,0,1.87,11.61,27549.09,37014.34,23.4,95.65,8.97,0.27,0.82,0.22,0.26,-99.9,-99.9,8.02,-99.9,3.11,2.78,1.19,33.43,0,0,1035
"2026-02-21 11:17:00",2956,6.13,13.01,0,0,1.95,11.64,27552.79,36989.35,23.39,98.51,9.24,0.29,0.9,0.26,0.3,-99.9,-99.9,8.04,-99.9,3.18,2.91,1.21,36.54,0,0,1036
"2026-02-21 11:32:00",2957,6.13,13.02,0,0,2.06,11.94,28046.57,37370.04,23.66,89.93,8.36,0.16,0.39,0.25,0.29,-99.9,-99.9,7.95,-99.9,3.07,3.51,1.21,36.54,0,0,1037
"2026-02-21 11:47:00",2958,6.13,13.01,0,0,2.11,11.83,27867.51,37229.86,23.56,88.68,8.27,0.17,0.44,0.21,0.25,-99.9,-99.9,7.94,-99.9,3.14,3.23,1.2,33.39,0,0,1038
"2026-02-21 12:02:00",2959,6.13,13.01,0,0,2.22,11.71,27693.09,37113.01,23.47,89.97,8.42,0.11,0.2,0.19,0.23,-99.9,-99.9,7.96,-99.9,3.15,2.44,1.2,33.39,0,0,1039
"2026-02-21 12:17:00",2960,6.13,13.01,0,0,2.29,11.81,27678.59,37000.32,23.4,100.26,9.37,0.29,0.9,0.24,0.28,-99.9,-99.9,8.04,-99.9,3.12,2.85,1.2,33.66,0,0,1040
"2026-02-21 12:32:00",2961,6.13,13.02,0,0,2.36,11.8,27690.64,37025.52,23.42,97.29,9.09,0.32,1.04,0.23,0.26,-99.9,-99.9,8.02,-99.9,3,2.63,1.2,33.66,0,0,1041
"2026-02-21 12:47:00",2962,6.13,13.02,0,0,2.44,11.8,27729.55,37080.63,23.45,94.76,8.85,0.32,1.02,0.25,0.29,-99.9,-99.9,8,-99.9,3.07,2.57,1.2,36.5,0,0,1042
"2026-02-21 13:02:00",2963,6.13,13.01,0,0,2.51,11.81,27750.77,37094.93,23.46,94.67,8.84,0.25,0.75,0.25,0.28,-99.9,-99.9,8,-99.9,3.05,2.28,1.2,36.5,0,0,1043
"2026-02-21 13:17:00",2964,6.13,13.02,0,0,2.58,11.78,27740.18,37107.76,23.47,93.95,8.78,0.18,0.46,0.23,0.26,-99.9,-99.9,7.99,-99.9,3.12,2.49,1.19,33.59,0,0,1044
"2026-02-21 13:32:00",2965,6.13,13.02,0,0,2.65,11.95,27830.92,37071.02,23.45,96.43,8.98,0.35,1.15,0.25,0.29,-99.9,-99.9,8.02,-99.9,2.89,2.4,1.19,33.59,0,0,1045
"2026-02-21 13:47:00",2966,6.13,13.02,0,0,2.69,12.04,27851.66,37013.66,23.41,99.38,9.24,0.29,0.92,0.23,0.27,-99.9,-99.9,8.05,-99.9,2.94,2.36,1.19,35.33,0,0,1046
"2026-02-21 14:02:00",2967,6.13,13.01,0,0,2.73,11.95,27820.67,37053.4,23.44,97.78,9.1,0.28,0.87,0.25,0.28,-99.9,-99.9,8.03,-99.9,2.99,2.4,1.2,35.33,0,0,1047
"2026-02-21 14:17:00",2968,6.13,13.02,0,0,2.77,12.26,27960.24,36950.58,23.38,107.45,9.94,0.32,1.01,0.24,0.28,-99.9,-99.9,8.09,-99.9,2.96,2.52,1.2,36.1,0,0,1048
"2026-02-21 14:32:00",2969,6.13,13.02,0,0,2.78,12.16,27930.68,37003.67,23.41,103.37,9.58,0.34,1.1,0.26,0.29,-99.9,-99.9,8.06,-99.9,3.01,2.48,1.2,36.1,0,0,1049
"2026-02-21 14:47:00",2970,6.13,13.02,0,0,2.79,12.17,28010.68,37098.77,23.48,98.25,9.1,0.31,1,0.22,0.26,-99.9,-99.9,8,-99.9,3.03,3.23,1.2,32.7,0,0,1050
"2026-02-21 15:02:00",2971,6.13,13.02,0,0,2.8,12.11,28119.2,37303.49,23.62,95.11,8.82,0.31,0.97,0.23,0.27,-99.9,-99.9,7.98,-99.9,2.98,4.78,1.2,32.7,0,0,1051
"2026-02-21 15:17:00",2972,6.13,13.02,0,0,2.78,12.07,28274.93,37549.92,23.79,93.75,8.69,0.32,1.01,0.26,0.3,-99.9,-99.9,7.96,-99.9,2.88,6.97,1.2,33.29,0,0,1052
"2026-02-21 15:32:00",2973,6.13,13.02,0,0,2.75,12.1,28175.43,37386.83,23.68,94.95,8.8,0.31,0.97,0.25,0.28,-99.9,-99.9,7.98,-99.9,2.9,4.82,1.2,33.29,0,0,1053
"2026-02-21 15:47:00",2974,6.13,13.02,0,0,2.72,12.08,28164.07,37393.87,23.68,93.48,8.67,0.32,1.03,0.22,0.26,-99.9,-99.9,7.97,-99.9,2.85,4.87,1.19,33.52,0,0,1054
"2026-02-21 16:02:02",2975,6.13,13.01,0,0,2.66,12.26,28019.96,37027.19,23.43,100.28,9.27,0.21,0.58,0.22,0.25,-99.9,-99.9,8.04,-99.9,3,2.84,1.19,33.52,0,0,1055
"2026-02-21 16:17:00",2976,6.13,13.02,0,0,2.58,12.33,28108.62,37079.56,23.47,102.09,9.43,0.4,1.34,0.22,0.26,-99.9,-99.9,8.04,-99.9,2.94,2.88,1.2,36.54,0,0,1056
"2026-02-21 16:32:00",2977,6.13,13.02,0,0,2.51,12.34,28117.84,37089.24,23.48,103.32,9.54,0.35,1.16,0.25,0.29,-99.9,-99.9,8.05,-99.9,2.89,3,1.2,36.54,0,0,1057
"2026-02-21 16:47:00",2978,6.13,13.02,0,0,2.42,12.42,28214.81,37137.7,23.51,103.66,9.55,0.39,1.32,0.26,0.29,-99.9,-99.9,8.05,-99.9,2.91,2.97,1.19,34.63,0,0,1058
"2026-02-21 17:02:00",2979,6.13,13.02,0,0,2.35,12.42,28191.91,37112.5,23.49,104.62,9.64,0.37,1.22,0.28,0.32,-99.9,-99.9,8.06,-99.9,2.92,2.89,1.19,34.63,0,0,1059
"2026-02-21 17:17:00",2980,6.13,13.02,0,0,2.28,12.49,28275.29,37153.43,23.52,104.04,9.57,0.43,1.47,0.24,0.27,-99.9,-99.9,8.06,-99.9,2.92,2.96,1.19,32.56,0,0,1060
"2026-02-21 17:32:00",2981,6.13,13.02,0,0,2.19,12.57,28328.29,37149.79,23.52,105.46,9.68,0.5,1.75,0.26,0.29,-99.9,-99.9,8.07,-99.9,2.82,2.89,1.19,32.56,0,0,1061
"2026-02-21 17:47:00",2982,6.13,13.02,0,0,2.12,12.59,28347.49,37153.54,23.53,106.4,9.77,0.46,1.59,0.25,0.28,-99.9,-99.9,8.08,-99.9,2.89,2.8,1.2,35.44,0,0,1062
"2026-02-21 18:02:00",2983,6.13,13.02,0,0,2.04,12.59,28364.64,37173.96,23.54,106.2,9.75,0.57,2.03,0.27,0.31,-99.9,-99.9,8.08,-99.9,2.89,2.92,1.2,35.44,0,0,1063
"2026-02-21 18:17:00",2984,6.13,13.02,0,0,1.95,12.55,28328.15,37168.57,23.54,105.86,9.73,0.5,1.73,0.24,0.28,-99.9,-99.9,8.07,-99.9,2.89,2.84,1.21,33.06,0,0,1064
"2026-02-21 18:32:00",2985,6.13,13.02,0,0,1.87,12.55,28350.84,37191.51,23.55,106.01,9.74,0.53,1.85,0.23,0.27,-99.9,-99.9,8.08,-99.9,2.9,2.91,1.21,33.06,0,0,1065
"2026-02-21 18:47:00",2986,6.13,13.02,0,0,1.82,12.53,28328.25,37181.81,23.55,105.89,9.73,0.54,1.92,0.25,0.29,-99.9,-99.9,8.08,-99.9,2.89,2.8,1.2,33.02,0,0,1066
"2026-02-21 19:02:00",2987,6.13,13.02,0,0,1.76,12.53,28312.39,37165.29,23.53,105.53,9.7,0.52,1.81,0.26,0.3,-99.9,-99.9,8.07,-99.9,2.83,2.67,1.2,33.02,0,0,1067
"2026-02-21 19:17:00",2988,6.13,13.02,0,0,1.72,12.54,28338.41,37189.42,23.55,104.83,9.63,0.53,1.85,0.27,0.3,-99.9,-99.9,8.07,-99.9,2.82,3.14,1.2,33.86,0,0,1068
"2026-02-21 19:32:00",2989,6.13,13.02,0,0,1.69,12.47,28281.18,37180.19,23.54,103.08,9.49,0.49,1.71,0.24,0.28,-99.9,-99.9,8.06,-99.9,2.91,2.85,1.2,33.86,0,0,1069
"2026-02-21 19:47:00",2990,6.13,13.02,0,0,1.67,12.44,28270.82,37196.83,23.55,101.92,9.38,0.52,1.81,0.25,0.29,-99.9,-99.9,8.05,-99.9,2.8,3.21,1.2,35.32,0,0,1070
"2026-02-21 20:02:00",2991,6.13,13.02,0,0,1.65,12.43,28280.9,37212.88,23.56,101.26,9.32,0.41,1.39,0.25,0.29,-99.9,-99.9,8.04,-99.9,2.7,3.55,1.2,35.32,0,0,1071
"2026-02-21 20:17:00",2992,6.13,13.02,0,0,1.66,12.37,28212.89,37186.93,23.54,101.13,9.33,0.53,1.85,0.29,0.32,-99.9,-99.9,8.04,-99.9,2.96,3.09,1.19,33.6,0,0,1072
"2026-02-21 20:32:00",2993,6.13,13.01,0,0,1.66,12.34,28211.63,37210.49,23.56,100.41,9.26,0.47,1.61,0.25,0.29,-99.9,-99.9,8.03,-99.9,2.92,3.28,1.19,33.6,0,0,1073
"2026-02-21 20:47:00",2994,6.13,13.02,0,0,1.67,12.32,28163.77,37166.83,23.53,98.98,9.14,0.43,1.44,0.24,0.28,-99.9,-99.9,8.02,-99.9,2.89,2.87,1.19,33.03,0,0,1074
"2026-02-21 21:02:00",2995,6.13,13.02,0,0,1.72,12.17,28009.25,37097.16,23.48,96.32,8.92,0.34,1.11,0.22,0.26,-99.9,-99.9,8,-99.9,3.03,2.08,1.19,33.03,0,0,1075
"2026-02-21 21:17:00",2996,6.13,13.02,0,0,1.76,12.06,27883.49,37034.17,23.43,95.17,8.84,0.3,0.95,0.21,0.25,-99.9,-99.9,8,-99.9,2.84,2.22,1.19,33.24,0,0,1076
"2026-02-21 21:32:00",2997,6.13,13.02,0,0,1.79,12.12,27932,37048.03,23.44,96.86,8.99,0.36,1.18,0.25,0.29,-99.9,-99.9,8.01,-99.9,2.99,2.63,1.19,33.24,0,0,1077
"2026-02-21 21:47:00",2998,6.13,13.02,0,0,1.85,12.22,28129.89,37214.87,23.56,96.51,8.93,0.29,0.91,0.25,0.29,-99.9,-99.9,8,-99.9,2.97,2.91,1.21,33.42,0,0,1078
"2026-02-21 22:02:00",2999,6.13,13.03,0,0,1.91,12.22,28111.44,37188.76,23.54,96.42,8.92,0.27,0.84,0.23,0.27,-99.9,-99.9,8,-99.9,2.94,2.76,1.21,33.42,0,0,1079
"2026-02-21 22:17:00",3000,6.13,13.02,0,0,1.99,12.18,28064.44,37164.72,23.52,95.06,8.8,0.29,0.91,0.22,0.26,-99.9,-99.9,8,-99.9,2.93,2.58,1.2,32.92,0,0,1080
"2026-02-21 22:32:00",3001,6.13,13.02,0,0,2.07,12.14,28004.23,37121.15,23.49,94.61,8.77,0.18,0.47,0.19,0.23,-99.9,-99.9,7.99,-99.9,2.99,2.29,1.2,32.92,0,0,1081
"2026-02-21 22:47:00",3002,6.13,13.02,0,0,2.16,12.1,27984.08,37133.5,23.5,93.5,8.67,0.22,0.62,0.22,0.26,-99.9,-99.9,7.98,-99.9,3.03,2.75,1.2,33.88,0,0,1082
"2026-02-21 23:02:00",3003,6.13,13.02,0,0,2.25,12.04,27938.38,37130.14,23.5,92.63,8.6,0.17,0.44,0.2,0.24,-99.9,-99.9,7.97,-99.9,3.01,2.18,1.2,33.88,0,0,1083
"2026-02-21 23:17:00",3004,6.13,13.01,0,0,2.35,12.07,28012.6,37201.62,23.55,92.74,8.61,0.18,0.47,0.23,0.27,-99.9,-99.9,7.98,-99.9,3.07,2.33,1.19,32.71,0,0,1084
"2026-02-21 23:32:00",3005,6.13,13.02,0,0,2.44,12.02,27933.63,37140.15,23.5,92.11,8.56,0.19,0.52,0.19,0.23,-99.9,-99.9,7.97,-99.9,3.14,2.06,1.19,32.71,0,0,1085
"2026-02-21 23:47:00",3006,6.13,13.01,0,0,2.54,12.13,28208.9,37407.41,23.69,92.41,8.56,0.29,0.92,0.26,0.3,-99.9,-99.9,7.97,-99.9,2.87,3.97,1.19,32.4,0,0,1086
"2026-02-22 00:02:00",3007,6.13,13.01,0,0,2.63,12.12,28032.46,37174.45,23.53,97.23,9.01,0.43,1.48,0.25,0.29,-99.9,-99.9,8.02,-99.9,3.05,2.74,1.19,32.4,0,0,1087
"2026-02-22 00:17:00",3008,6.13,13.01,0,0,2.72,12.1,28002.71,37153.83,23.51,97.26,9.02,0.39,1.32,0.26,0.29,-99.9,-99.9,8.02,-99.9,3.02,2.6,1.19,32.11,0,0,1088
"2026-02-22 00:32:00",3009,6.13,13.02,0,0,2.81,12.03,27795.17,36951.64,23.37,96.83,9,0.42,1.43,0.22,0.26,-99.9,-99.9,8.01,-99.9,3.15,2.71,1.19,32.11,0,0,1089
"2026-02-22 00:47:00",3010,6.13,13.02,0,0,2.89,11.91,27511.53,36683.66,23.18,95.21,8.89,0.41,1.4,0.25,0.29,-99.9,-99.9,8.01,-99.9,3.23,3,1.2,36.13,0,0,1090
"2026-02-22 01:02:00",3011,6.13,13.02,0,0,2.97,11.9,27523.04,36708.22,23.2,95.73,8.94,0.47,1.62,0.25,0.29,-99.9,-99.9,8.01,-99.9,3.19,3.24,1.2,36.13,0,0,1091
"2026-02-22 01:17:00",3012,6.13,13.02,0,0,3.05,11.9,27502.23,36675.95,23.18,95.84,8.95,0.34,1.1,0.23,0.26,-99.9,-99.9,8.01,-99.9,3.2,2.88,1.21,33.67,0,0,1092
"2026-02-22 01:32:00",3013,6.13,13.02,0,0,3.11,11.89,27480.65,36656.45,23.16,95.54,8.92,0.34,1.11,0.23,0.27,-99.9,-99.9,8.01,-99.9,3.21,2.56,1.21,33.67,0,0,1093
"2026-02-22 01:47:00",3014,6.14,13.02,0,0,3.16,11.98,27710.17,36881.45,23.32,95.81,8.92,0.4,1.33,0.23,0.27,-99.9,-99.9,8.01,-99.9,3.12,3.08,1.21,32.97,0,0,1094
"2026-02-22 02:02:00",3015,6.13,13.02,0,0,3.22,11.98,27732.97,36913.89,23.34,96.22,8.96,0.39,1.29,0.27,0.31,-99.9,-99.9,8.01,-99.9,3.18,2.82,1.21,32.97,0,0,1095
"2026-02-22 02:17:00",3016,6.13,13.02,0,0,3.24,12,27768.51,36944.29,23.36,96.45,8.98,0.41,1.37,0.22,0.26,-99.9,-99.9,8.01,-99.9,3.13,3.06,1.19,33.01,0,0,1096
"2026-02-22 02:32:00",3017,6.13,13.02,0,0,3.29,11.96,27701.5,36891.79,23.33,95.78,8.92,0.4,1.33,0.26,0.3,-99.9,-99.9,8,-99.9,3.14,2.99,1.19,33.01,0,0,1097
"2026-02-22 02:47:00",3018,6.13,13.01,0,0,3.27,11.96,27685.31,36868.77,23.31,95.97,8.94,0.38,1.25,0.23,0.26,-99.9,-99.9,8.01,-99.9,3.16,2.88,1.2,36.09,0,0,1098
"2026-02-22 03:02:00",3019,6.13,13.02,0,0,3.28,11.94,27621.26,36799.24,23.26,95.79,8.93,0.36,1.19,0.24,0.28,-99.9,-99.9,8,-99.9,3.18,2.94,1.2,36.09,0,0,1099
"2026-02-22 03:17:00",3020,6.13,13.02,0,0,3.25,11.94,27594.63,36764.55,23.24,94.97,8.86,0.35,1.13,0.25,0.29,-99.9,-99.9,8,-99.9,3.23,2.73,1.2,33.62,0,0,1100
"2026-02-22 03:32:00",3021,6.13,13.02,0,0,3.21,11.94,27574.58,36736.47,23.22,94.16,8.78,0.25,0.74,0.24,0.27,-99.9,-99.9,7.99,-99.9,3.27,2.44,1.2,33.62,0,0,1101
"2026-02-22 03:47:00",3022,6.13,13.02,0,0,3.15,11.94,27538.03,36692.77,23.19,93.74,8.74,0.25,0.76,0.23,0.27,-99.9,-99.9,7.99,-99.9,3.26,2.46,1.2,33.17,0,0,1102
"2026-02-22 04:02:00",3023,6.13,13.02,0,0,3.09,11.81,27299.27,36488.39,23.04,93.98,8.8,0.32,1.03,0.26,0.29,-99.9,-99.9,7.99,-99.9,3.37,2.67,1.2,33.17,0,0,1103
"2026-02-22 04:17:00",3024,6.13,13.02,0,0,3.02,11.95,27649.74,36827.62,23.28,93.09,8.68,0.3,0.93,0.25,0.28,-99.9,-99.9,7.98,-99.9,3.21,3.1,1.21,32.62,0,0,1104
"2026-02-22 04:32:00",3025,6.13,13.01,0,0,2.94,11.97,27774.96,36977.79,23.39,93.95,8.75,0.34,1.11,0.25,0.29,-99.9,-99.9,7.99,-99.9,3.13,3.22,1.21,32.62,0,0,1105
"2026-02-22 04:47:00",3026,6.13,13.02,0,0,2.85,11.98,27814.77,37023.74,23.42,94.33,8.78,0.32,1.04,0.25,0.29,-99.9,-99.9,7.99,-99.9,3.14,3.35,1.2,33.71,0,0,1106
"2026-02-22 05:02:00",3027,6.13,13.01,0,0,2.74,11.99,27829.56,37026.93,23.42,93.87,8.73,0.25,0.75,0.25,0.29,-99.9,-99.9,7.99,-99.9,3.08,2.95,1.2,33.71,0,0,1107
"2026-02-22 05:17:00",3028,6.13,13.02,0,0,2.64,11.79,27372.53,36612.76,23.13,94.54,8.85,0.33,1.06,0.22,0.26,-99.9,-99.9,8,-99.9,3.32,2.89,1.2,33.51,0,0,1108
"2026-02-22 05:32:00",3029,6.13,13.01,0,0,2.53,11.75,27354.9,36623.19,23.13,94.86,8.89,0.38,1.25,0.23,0.26,-99.9,-99.9,8,-99.9,3.28,3.19,1.2,33.51,0,0,1109
"2026-02-22 05:47:00",3030,6.13,13.01,0,0,2.4,11.91,27645.29,36862.78,23.31,93.56,8.73,0.31,0.99,0.25,0.28,-99.9,-99.9,8,-99.9,3.21,2.9,1.19,35.89,0,0,1110
"2026-02-22 06:02:00",3031,6.13,13.02,0,0,2.29,11.87,27621.5,36863.04,23.3,93.82,8.76,0.26,0.79,0.23,0.26,-99.9,-99.9,7.99,-99.9,3.04,2.99,1.19,35.89,0,0,1111
"2026-02-22 06:17:00",3032,6.13,13.02,0,0,2.2,11.91,27683.58,36916.33,23.34,94.19,8.78,0.34,1.09,0.26,0.3,-99.9,-99.9,8,-99.9,3.13,3.03,1.2,32.99,0,0,1112
"2026-02-22 06:32:00",3033,6.13,13.02,0,0,2.09,11.97,27801.71,37011.36,23.41,93.85,8.74,0.38,1.28,0.24,0.28,-99.9,-99.9,7.99,-99.9,3.09,2.74,1.2,32.99,0,0,1113
"2026-02-22 06:47:00",3034,6.13,13.02,0,0,1.98,11.96,27757.24,36965.8,23.38,93.09,8.67,0.33,1.07,0.23,0.27,-99.9,-99.9,7.99,-99.9,3.02,2.76,1.2,33.08,0,0,1114
"2026-02-22 07:02:00",3035,6.13,13.02,0,0,1.89,11.94,27716.95,36926.89,23.35,93.61,8.72,0.34,1.09,0.22,0.26,-99.9,-99.9,7.99,-99.9,3.07,2.97,1.2,33.08,0,0,1115
"2026-02-22 07:17:00",3036,6.13,13.02,0,0,1.79,11.87,27521.75,36731.65,23.21,93.78,8.76,0.32,1.03,0.22,0.26,-99.9,-99.9,8,-99.9,3.01,3.14,1.2,33.6,0,0,1116
"2026-02-22 07:32:00",3037,6.13,13.02,0,0,1.72,11.76,27410.42,36688.42,23.18,94.24,8.82,0.28,0.85,0.26,0.3,-99.9,-99.9,8,-99.9,3.25,3.07,1.2,33.6,0,0,1117
"2026-02-22 07:47:00",3038,6.13,13.02,0,0,1.66,11.81,27474.06,36724.17,23.21,91.78,8.58,0.14,0.31,0.19,0.23,-99.9,-99.9,7.98,-99.9,3.3,2.53,1.2,32.86,0,0,1118
"2026-02-22 08:02:00",3039,6.13,13.01,0,0,1.6,11.76,27391.23,36658.2,23.16,91.1,8.53,0.31,1,0.24,0.28,-99.9,-99.9,7.98,-99.9,3.11,11.7,1.2,32.86,0,0,1119
"2026-02-22 08:17:00",3040,6.13,13.01,0,0,1.54,11.77,27405.4,36675.2,23.17,93.06,8.71,0.27,0.82,0.23,0.27,-99.9,-99.9,7.99,-99.9,3.29,2.51,1.19,33.26,0,0,1120
"2026-02-22 08:32:00",3041,6.13,13.01,0,0,1.51,12,27895.28,37108.81,23.48,92.39,8.59,0.16,0.37,0.21,0.25,-99.9,-99.9,7.99,-99.9,3.08,2.48,1.19,33.26,0,0,1121
"2026-02-22 08:47:00",3042,6.13,13.02,0,0,1.46,11.91,27649.39,36867.71,23.31,87.96,8.2,0.13,0.25,0.22,0.26,-99.9,-99.9,7.95,-99.9,3.18,2.92,1.19,35.57,0,0,1122
"2026-02-22 09:02:00",3043,6.13,13.02,0,0,1.44,11.72,27292.03,36568.08,23.1,95.01,8.91,0.24,0.69,0.23,0.27,-99.9,-99.9,8.01,-99.9,3.25,2.6,1.19,35.57,0,0,1123
"2026-02-22 09:17:00",3044,6.13,13.02,0,0,1.41,11.74,27329.26,36598.08,23.12,95.85,8.98,0.32,1.01,0.24,0.28,-99.9,-99.9,8.01,-99.9,3.28,3.08,1.19,32.83,0,0,1124
"2026-02-22 09:32:00",3045,6.13,13.02,0,0,1.42,11.75,27371.4,36642.81,23.15,95.99,8.99,0.37,1.23,0.26,0.3,-99.9,-99.9,8.01,-99.9,3.15,2.89,1.19,32.83,0,0,1125
"2026-02-22 09:47:00",3046,6.13,13.02,0,0,1.43,11.78,27410.39,36665.45,23.16,96.38,9.02,0.35,1.16,0.26,0.29,-99.9,-99.9,8.01,-99.9,3.23,2.77,1.2,32.88,0,0,1126
"2026-02-22 10:02:00",3047,6.13,13.02,0,0,1.44,11.82,27452.82,36690.87,23.18,95.95,8.97,0.27,0.82,0.23,0.27,-99.9,-99.9,8.01,-99.9,3.11,2.61,1.2,32.88,0,0,1127
"2026-02-22 10:17:00",3048,6.13,13.02,0,0,1.49,11.86,27524.57,36750.37,23.23,95.86,8.96,0.27,0.83,0.24,0.28,-99.9,-99.9,8,-99.9,3.14,2.42,1.21,36.4,0,0,1128
"2026-02-22 10:32:00",3049,6.13,13.02,0,0,1.51,11.85,27491.86,36709.6,23.2,95.99,8.97,0.29,0.91,0.26,0.29,-99.9,-99.9,8.01,-99.9,3.16,2.3,1.21,36.4,0,0,1129
"2026-02-22 10:47:00",3050,6.13,13.02,0,0,1.53,11.89,27563.36,36769.42,23.24,95.81,8.94,0.32,1.03,0.25,0.29,-99.9,-99.9,8,-99.9,3.16,2.52,1.2,33.25,0,0,1130
"2026-02-22 11:02:00",3051,6.13,13.02,0,0,1.58,11.93,27659.61,36864.6,23.31,92.25,8.6,0.16,0.39,0.23,0.27,-99.9,-99.9,7.98,-99.9,3.2,2.38,1.2,33.25,0,0,1131
"2026-02-22 11:17:00",3052,6.13,13.01,0,0,1.62,11.92,27594.95,36780.98,23.25,94.24,8.79,0.33,1.06,0.26,0.3,-99.9,-99.9,7.99,-99.9,3.09,2.56,1.19,32.94,0,0,1132
"2026-02-22 11:32:00",3053,6.13,13.02,0,0,1.7,11.95,27607.49,36772.49,23.24,96.58,9,0.3,0.93,0.27,0.31,-99.9,-99.9,8.01,-99.9,3.17,2.34,1.19,32.94,0,0,1133
"2026-02-22 11:47:00",3054,6.13,13.01,0,0,1.78,11.91,27646.59,36860.06,23.3,92.12,8.59,0.16,0.4,0.21,0.24,-99.9,-99.9,7.97,-99.9,3.11,2.54,1.2,32.48,0,0,1134
"2026-02-22 12:02:00",3055,6.13,13.02,0,0,1.85,11.93,27634.06,36832.12,23.28,93.25,8.7,0.14,0.31,0.19,0.23,-99.9,-99.9,7.98,-99.9,3.18,2.05,1.2,32.48,0,0,1135
"2026-02-22 12:17:00",3056,6.13,13.02,0,0,1.93,11.97,27679.8,36849.96,23.3,95.05,8.85,0.22,0.64,0.24,0.28,-99.9,-99.9,8,-99.9,3.1,2.27,1.2,36.07,0,0,1136
"2026-02-22 12:32:00",3057,6.13,13.02,0,0,1.99,11.99,27702.18,36866.32,23.31,95.05,8.85,0.21,0.58,0.23,0.27,-99.9,-99.9,8,-99.9,3.1,2.38,1.2,36.07,0,0,1137
"2026-02-22 12:47:00",3058,6.13,13.02,0,0,2.05,11.98,27667.81,36826.08,23.28,94.72,8.82,0.21,0.59,0.2,0.24,-99.9,-99.9,7.98,-99.9,3.05,1.86,1.2,33.4,0,0,1138
"2026-02-22 13:02:00",3059,6.13,13.02,0,0,2.13,12.02,27677.91,36805.58,23.27,96.35,8.97,0.3,0.93,0.25,0.29,-99.9,-99.9,8,-99.9,3.12,2.24,1.2,33.4,0,0,1139
"2026-02-22 13:17:00",3060,6.13,13.02,0,0,2.21,12.09,27627.37,36672.97,23.18,96.57,8.98,0.21,0.58,0.2,0.24,-99.9,-99.9,8,-99.9,3.07,1.86,1.2,32.61,0,0,1140
"2026-02-22 13:32:00",3061,6.13,13.02,0,0,2.28,12.83,28030.38,36520.32,23.09,102.02,9.34,0.32,1.03,0.22,0.25,-99.9,-99.9,8.01,-99.9,2.94,2.32,1.2,32.61,0,0,1141
"2026-02-22 13:47:00",3062,6.13,13.02,0,0,2.36,12.87,28008.54,36457.49,23.05,103.08,9.44,0.34,1.09,0.22,0.26,-99.9,-99.9,8.03,-99.9,3.02,2.4,1.2,32.65,0,0,1142
"2026-02-22 14:02:00",3063,6.13,13.02,0,0,2.42,12.73,27696.6,36178.78,22.85,99.58,9.15,0.39,1.29,0.22,0.26,-99.9,-99.9,8.02,-99.9,3.09,2.75,1.2,32.65,0,0,1143
"2026-02-22 14:17:00",3064,6.13,13.02,0,0,2.47,12.78,28091.78,36641.12,23.17,101.4,9.29,0.4,1.35,0.22,0.25,-99.9,-99.9,8.02,-99.9,2.96,2.54,1.2,32.28,0,0,1144
"2026-02-22 14:32:00",3065,6.13,13.01,0,0,2.52,12.61,27554.38,36099.82,22.79,98,9.03,0.38,1.27,0.25,0.28,-99.9,-99.9,8.01,-99.9,3.26,2.75,1.2,32.28,0,0,1145
"2026-02-22 14:47:00",3066,6.13,13.02,0,0,2.56,12.76,28013.08,36558.61,23.12,101.39,9.3,0.36,1.2,0.22,0.25,-99.9,-99.9,8.02,-99.9,2.98,2.65,1.19,32.75,0,0,1146
"2026-02-22 15:02:00",3067,6.13,13.02,0,0,2.6,12.76,27965.45,36502.11,23.08,101.31,9.29,0.38,1.27,0.22,0.25,-99.9,-99.9,8.02,-99.9,2.87,2.46,1.19,32.75,0,0,1147
"2026-02-22 15:17:00",3068,6.13,13.02,0,0,2.64,12.76,27979.18,36518.29,23.09,101.17,9.28,0.43,1.48,0.28,0.32,-99.9,-99.9,8.02,-99.9,3.02,2.8,1.2,32.88,0,0,1148
"2026-02-22 15:32:00",3069,6.13,13.02,0,0,2.66,12.74,28040.69,36616.5,23.16,100.98,9.26,0.5,1.75,0.23,0.27,-99.9,-99.9,8.02,-99.9,2.85,2.74,1.2,32.88,0,0,1149
"2026-02-22 15:47:00",3070,6.13,13.02,0,0,2.69,12.68,28186.15,36862.32,23.33,104.55,9.59,0.39,1.31,0.24,0.27,-99.9,-99.9,8.05,-99.9,2.9,2.88,1.2,35.38,0,0,1150
"2026-02-22 16:02:00",3071,6.13,13.02,0,0,2.67,12.65,28197.06,36899.15,23.35,103.73,9.52,0.37,1.21,0.22,0.26,-99.9,-99.9,8.04,-99.9,2.98,2.99,1.2,35.38,0,0,1151
"2026-02-22 16:17:00",3072,6.13,13.02,0,0,2.66,12.37,28143.3,37092.21,23.48,106.57,9.83,0.48,1.66,0.25,0.28,-99.9,-99.9,8.08,-99.9,3.04,2.95,1.2,32.38,0,0,1152
"2026-02-22 16:32:00",3073,6.13,13.02,0,0,2.62,12.33,28116.16,37089.29,23.48,107.36,9.91,0.49,1.69,0.27,0.3,-99.9,-99.9,8.08,-99.9,3,3.37,1.2,32.38,0,0,1153
"2026-02-22 16:47:00",3074,6.13,13.02,0,0,2.58,12.33,28115.27,37093.94,23.48,105.6,9.75,0.51,1.79,0.27,0.31,-99.9,-99.9,8.07,-99.9,3.07,3.26,1.2,33.03,0,0,1154
"2026-02-22 17:02:00",3075,6.13,13.03,0,0,2.54,12.32,28121.29,37107.1,23.49,104.49,9.65,0.54,1.89,0.28,0.31,-99.9,-99.9,8.06,-99.9,3.01,3.3,1.2,33.03,0,0,1155
"2026-02-22 17:17:00",3076,6.13,13.02,0,0,2.51,12.34,28129.08,37102.2,23.48,105.32,9.72,0.6,2.13,0.23,0.26,-99.9,-99.9,8.07,-99.9,3.04,3.31,1.2,32.86,0,0,1156
"2026-02-22 17:32:00",3077,6.13,13.02,0,0,2.45,12.31,28115.11,37107.51,23.49,101.91,9.41,0.52,1.84,0.24,0.28,-99.9,-99.9,8.07,-99.9,3.01,3.49,1.2,32.86,0,0,1157
"2026-02-22 17:47:00",3078,6.13,13.02,0,0,2.4,12.64,28175.75,36884.8,23.34,109.73,10.07,0.77,2.83,0.3,0.34,-99.9,-99.9,8.1,-99.9,3.02,2.75,1.2,32.77,0,0,1158
"2026-02-22 18:02:00",3079,6.13,13.02,0,0,2.33,12.58,28145.75,36900.67,23.35,104.35,9.59,0.46,1.57,0.26,0.3,-99.9,-99.9,8.07,-99.9,2.95,2.54,1.2,32.77,0,0,1159
"2026-02-22 18:17:00",3080,6.13,13.02,0,0,2.27,12.69,28129.23,36780.05,23.27,105.9,9.72,0.53,1.88,0.24,0.27,-99.9,-99.9,8.07,-99.9,2.94,2.56,1.19,31.72,0,0,1160
"2026-02-22 18:32:00",3081,6.13,13.02,0,0,2.19,12.65,28134.31,36817.47,23.29,106.41,9.77,0.44,1.52,0.21,0.25,-99.9,-99.9,8.07,-99.9,3.06,2.79,1.19,31.72,0,0,1161
"2026-02-22 18:47:00",3082,6.13,13.03,0,0,2.14,13.51,28373.06,36346.3,22.99,107.72,9.73,0.51,1.77,0.23,0.26,-99.9,-99.9,8.06,-99.9,3.04,2.68,1.2,35.9,0,0,1162
"2026-02-22 19:02:00",3083,6.13,13.02,0,0,2.08,12.87,28189.7,36689.68,23.21,106.54,9.74,0.57,2.02,0.25,0.29,-99.9,-99.9,8.07,-99.9,3.05,2.51,1.2,35.9,0,0,1163
"2026-02-22 19:17:00",3084,6.13,13.02,0,0,2.03,12.59,28135.4,36878.47,23.34,103.39,9.5,0.35,1.14,0.2,0.23,-99.9,-99.9,8.04,-99.9,2.99,2.79,1.19,33.94,0,0,1164
"2026-02-22 19:32:00",3085,6.13,13.03,0,0,1.98,12.96,28354.18,36817.38,23.3,108.88,9.93,0.45,1.55,0.22,0.26,-99.9,-99.9,8.07,-99.9,3,2.48,1.19,33.94,0,0,1165
"2026-02-22 19:47:00",3086,6.13,13.03,0,0,1.93,12.82,28208.94,36765.2,23.26,104.74,9.58,0.4,1.35,0.24,0.27,-99.9,-99.9,8.05,-99.9,3.07,2.59,1.2,35.7,0,0,1166
"2026-02-22 20:02:00",3087,6.13,13.02,0,0,1.9,12.61,28004.77,36682.57,23.2,92.25,8.48,0.2,0.53,0.19,0.23,-99.9,-99.9,8,-99.9,3.16,2.02,1.2,35.7,0,0,1167
"2026-02-22 20:17:00",3088,6.13,13.02,0,0,1.87,13.01,28244.59,36632.03,23.17,104.27,9.51,0.36,1.19,0.21,0.25,-99.9,-99.9,8.04,-99.9,2.94,2.53,1.2,32.89,0,0,1168
"2026-02-22 20:32:00",3089,6.13,13.03,0,0,1.86,13.12,28396.3,36733.33,23.25,101.78,9.25,0.58,2.06,0.25,0.29,-99.9,-99.9,8.07,-99.9,2.86,2.58,1.2,32.89,0,0,1169
"2026-02-22 20:47:00",3090,6.13,13.03,0,0,1.86,12.93,28158.95,36599.28,23.15,101.27,9.25,0.34,1.09,0.21,0.25,-99.9,-99.9,8.02,-99.9,3.2,1.8,1.2,31.85,0,0,1170
"2026-02-22 21:02:00",3091,6.13,13.02,0,0,1.86,12.63,27934.39,36579.25,23.13,89.31,8.21,0.17,0.44,0.2,0.23,-99.9,-99.9,7.99,-99.9,3.12,1.6,1.2,31.85,0,0,1171
"2026-02-22 21:17:00",3092,6.13,13.02,0,0,1.88,12.55,27982.79,36709.1,23.22,95.71,8.81,0.16,0.38,0.2,0.24,-99.9,-99.9,7.99,-99.9,3.02,1.97,1.2,32.76,0,0,1172
"2026-02-22 21:32:00",3093,6.13,13.02,0,0,1.88,12.7,28098.22,36727.37,23.23,96.05,8.81,0.26,0.78,0.2,0.24,-99.9,-99.9,8,-99.9,3.04,2.31,1.2,32.76,0,0,1173
"2026-02-22 21:47:00",3094,6.13,13.02,0,0,1.89,12.46,28015.58,36841.75,23.31,96.78,8.92,0.19,0.51,0.19,0.23,-99.9,-99.9,8,-99.9,2.99,2.25,1.2,36.47,0,0,1174
"2026-02-22 22:02:00",3095,6.13,13.02,0,0,1.92,12.41,28011.43,36882.35,23.33,95.71,8.83,0.19,0.5,0.21,0.25,-99.9,-99.9,8,-99.9,3.09,1.74,1.2,36.47,0,0,1175
"2026-02-22 22:17:00",3096,6.13,13.02,0,0,1.97,12.87,28111.49,36590.49,23.14,101.21,9.26,0.37,1.23,0.19,0.22,-99.9,-99.9,8.02,-99.9,3.15,2.45,1.2,32.78,0,0,1176
"2026-02-22 22:32:00",3097,6.13,13.03,0,0,2.03,12.43,27974.58,36814.25,23.29,93.05,8.58,0.15,0.36,0.22,0.26,-99.9,-99.9,7.97,-99.9,3.07,1.98,1.2,32.78,0,0,1177
"2026-02-22 22:47:00",3098,6.13,13.02,0,0,2.11,12.43,27950.44,36783.09,23.26,92.59,8.54,0.16,0.4,0.18,0.22,-99.9,-99.9,7.97,-99.9,3.11,1.9,1.2,33.22,0,0,1178
"2026-02-22 23:02:00",3099,6.13,13.02,0,0,2.15,12.63,28001.62,36663.4,23.19,93.29,8.57,0.2,0.55,0.22,0.25,-99.9,-99.9,7.97,-99.9,3.14,2.36,1.2,33.22,0,0,1179
"2026-02-22 23:17:00",3100,6.13,13.03,0,0,2.23,12.65,28049.9,36711.99,23.22,98.02,9,0.28,0.88,0.22,0.26,-99.9,-99.9,8.01,-99.9,3.11,1.88,1.2,35.96,0,0,1180
"2026-02-22 23:32:00",3101,6.13,13.02,0,0,2.29,12.32,28073.49,37046.4,23.44,97.47,9,0.41,1.37,0.25,0.29,-99.9,-99.9,8.01,-99.9,3.08,2.47,1.2,35.96,0,0,1181
"2026-02-22 23:47:00",3102,6.13,13.02,0,0,2.36,12.35,28096.43,37051.02,23.45,98.26,9.07,0.36,1.19,0.22,0.26,-99.9,-99.9,8.01,-99.9,2.97,3.11,1.19,33.63,0,0,1182
"2026-02-23 00:02:00",3103,6.13,13.02,0,0,2.46,12.66,27834.71,36415.94,23.01,98.12,9.02,0.37,1.21,0.19,0.23,-99.9,-99.9,8,-99.9,3.16,1.96,1.19,33.63,0,0,1183
"2026-02-23 00:17:00",3104,6.13,13.02,0,0,2.54,12.76,27813.88,36298.84,22.94,97.43,8.94,0.4,1.36,0.23,0.26,-99.9,-99.9,7.99,-99.9,3.16,1.64,1.2,32.96,0,0,1184
"2026-02-23 00:32:00",3105,6.13,13.02,0,0,2.63,12.69,27709.68,36228.51,22.89,99.27,9.13,0.41,1.38,0.23,0.27,-99.9,-99.9,8,-99.9,3.09,1.85,1.2,32.96,0,0,1185
"2026-02-23 00:47:00",3106,6.13,13.02,0,0,2.72,12.71,27778.45,36299.17,22.93,99.03,9.1,0.41,1.39,0.22,0.26,-99.9,-99.9,8.01,-99.9,3.25,2.1,1.2,36.69,0,0,1186
"2026-02-23 01:02:00",3107,6.13,13.02,0,0,2.79,12.9,27956.3,36361.36,22.98,99.76,9.13,0.5,1.76,0.21,0.25,-99.9,-99.9,8.02,-99.9,3.21,2.3,1.2,36.69,0,0,1187
"2026-02-23 01:17:00",3108,6.13,13.02,0,0,2.85,12.92,27880.26,36240.77,22.9,101.64,9.3,0.55,1.95,0.25,0.29,-99.9,-99.9,8.02,-99.9,3.26,2.32,1.19,33.81,0,0,1188
"2026-02-23 01:32:00",3109,6.13,13.02,0,0,2.94,12.87,27803.52,36186.09,22.86,101.37,9.29,0.54,1.92,0.22,0.26,-99.9,-99.9,8.02,-99.9,3.16,2.28,1.19,33.81,0,0,1189
"2026-02-23 01:47:00",3110,6.13,13.02,0,0,3,12.77,27671.53,36102.65,22.8,101.42,9.32,0.59,2.11,0.23,0.27,-99.9,-99.9,8.03,-99.9,3.36,2.36,1.19,33.04,0,0,1190
"2026-02-23 02:02:00",3111,6.13,13.02,0,0,3.07,12.77,27688.89,36127.68,22.82,101.22,9.3,0.67,2.44,0.28,0.31,-99.9,-99.9,8.02,-99.9,3.26,2.36,1.19,33.04,0,0,1191
"2026-02-23 02:17:00",3112,6.13,13.02,0,0,3.12,12.76,27685.9,36129.43,22.82,100.32,9.22,0.59,2.1,0.27,0.31,-99.9,-99.9,8.02,-99.9,3.25,2.38,1.2,35.85,0,0,1192
"2026-02-23 02:32:00",3113,6.13,13.02,0,0,3.17,12.66,27547.77,36042.62,22.76,99.5,9.16,0.53,1.86,0.2,0.23,-99.9,-99.9,8.02,-99.9,3.37,2.44,1.2,35.85,0,0,1193
"2026-02-23 02:47:00",3114,6.13,13.02,0,0,3.22,12.47,27397.17,36014.08,22.73,99.33,9.19,0.58,2.08,0.25,0.28,-99.9,-99.9,8.02,-99.9,3.48,2.63,1.19,33.6,0,0,1194
"2026-02-23 03:02:00",3115,6.13,13.02,0,0,3.25,12.48,27406.47,36019.12,22.73,99.03,9.16,0.58,2.05,0.24,0.28,-99.9,-99.9,8.02,-99.9,3.35,2.61,1.19,33.6,0,0,1195
"2026-02-23 03:17:00",3116,6.13,13.02,0,0,3.25,12.47,27384.73,35997.88,22.72,98.43,9.1,0.6,2.15,0.27,0.31,-99.9,-99.9,8.01,-99.9,3.42,2.77,1.19,33.81,0,0,1196
"2026-02-23 03:32:00",3117,6.13,13.02,0,0,3.25,12.45,27351.28,35974.1,22.7,97.69,9.04,0.51,1.8,0.26,0.29,-99.9,-99.9,8.01,-99.9,3.29,2.41,1.19,33.81,0,0,1197
"2026-02-23 03:47:00",3118,6.13,13.02,0,0,3.25,12.47,27375.61,35991.81,22.72,97.4,9.01,0.51,1.8,0.23,0.27,-99.9,-99.9,8.01,-99.9,3.5,2.63,1.19,32.19,0,0,1198
"2026-02-23 04:02:00",3119,6.13,13.02,0,0,3.22,12.58,27713.44,36331.1,22.95,99.48,9.17,0.42,1.44,0.21,0.25,-99.9,-99.9,8.02,-99.9,3.28,2.33,1.19,32.19,0,0,1199
"2026-02-23 04:17:00",3120,6.13,13.02,0,0,3.21,12.59,27822.5,36466.8,23.05,101.9,9.38,0.59,2.09,0.25,0.28,-99.9,-99.9,8.04,-99.9,3.19,2.6,1.21,34.86,0,0,1200
"2026-02-23 04:32:00",3121,6.13,13.02,0,0,3.15,12.48,27686.48,36390.96,22.99,99.91,9.22,0.62,2.21,0.25,0.29,-99.9,-99.9,8.03,-99.9,3.2,2.83,1.21,34.86,0,0,1201
"2026-02-23 04:47:00",3122,6.13,13.02,0,0,3.08,12.45,27644.44,36363.2,22.97,99.4,9.18,0.66,2.4,0.28,0.32,-99.9,-99.9,8.02,-99.9,3.34,2.91,1.2,32.37,0,0,1202
"2026-02-23 05:02:00",3123,6.13,13.02,0,0,3,12.44,27858.85,36651.71,23.17,99.31,9.16,0.54,1.89,0.26,0.3,-99.9,-99.9,8.02,-99.9,3.21,2.79,1.2,32.37,0,0,1203
"2026-02-23 05:17:00",3124,6.13,13.02,0,0,2.92,12.44,27883.1,36683.61,23.2,99,9.14,0.59,2.09,0.26,0.3,-99.9,-99.9,8.02,-99.9,3.28,3.33,1.19,33.2,0,0,1204
"2026-02-23 05:32:00",3125,6.13,13.02,0,0,2.82,12.49,27916,36680.22,23.19,98.88,9.11,0.62,2.21,0.28,0.32,-99.9,-99.9,8.04,-99.9,3.15,2.98,1.19,33.2,0,0,1205
"2026-02-23 05:47:00",3126,6.13,13.02,0,0,2.74,12.52,27887.62,36615.56,23.15,99.52,9.17,0.59,2.11,0.27,0.31,-99.9,-99.9,8.02,-99.9,3.2,3.17,1.19,32.97,0,0,1206
"2026-02-23 06:02:00",3127,6.13,13.02,0,0,2.64,12.51,27794.79,36504.2,23.07,98.7,9.1,0.68,2.48,0.24,0.28,-99.9,-99.9,8.03,-99.9,3.24,2.87,1.19,32.97,0,0,1207
"2026-02-23 06:17:00",3128,6.13,13.02,0,0,2.53,12.46,27961.01,36765.1,23.25,97.38,8.98,0.48,1.67,0.24,0.28,-99.9,-99.9,8,-99.9,3.1,5.01,1.2,35.56,0,0,1208
"2026-02-23 06:32:00",3129,6.13,13.02,0,0,2.41,12.45,27583.39,36278.89,22.91,97.17,8.98,0.59,2.12,0.28,0.31,-99.9,-99.9,8,-99.9,3.2,3.24,1.2,35.56,0,0,1209
"2026-02-23 06:47:00",3130,6.13,13.02,0,0,2.29,12.48,27403.1,36018.95,22.73,96.19,8.89,0.51,1.78,0.24,0.28,-99.9,-99.9,7.99,-99.9,3.41,2.61,1.21,33.81,0,0,1210
"2026-02-23 07:02:00",3131,6.13,13.02,0,0,2.19,12.45,27372.64,36005.01,22.72,96.36,8.92,0.43,1.48,0.22,0.25,-99.9,-99.9,7.99,-99.9,3.3,2.22,1.21,33.81,0,0,1211
"2026-02-23 07:17:00",3132,6.13,13.02,0,0,2.09,12.48,27516.83,36162.3,22.83,98.11,9.07,0.54,1.92,0.27,0.31,-99.9,-99.9,8.01,-99.9,3.43,2.43,1.21,32.96,0,0,1212
"2026-02-23 07:32:00",3133,6.13,13.02,0,0,1.98,12.43,27556.06,36258.88,22.9,97.53,9.02,0.56,1.98,0.26,0.29,-99.9,-99.9,8.01,-99.9,3.3,3.72,1.21,32.96,0,0,1213
"2026-02-23 07:47:00",3134,6.13,13.02,0,0,1.89,12.46,27453.93,36096.16,22.79,96.68,8.94,0.55,1.93,0.25,0.29,-99.9,-99.9,8,-99.9,3.44,2.7,1.2,32.82,0,0,1214
"2026-02-23 08:02:00",3135,6.13,13.02,0,0,1.81,12.39,27293.14,35953.2,22.69,96.16,8.91,0.55,1.95,0.23,0.27,-99.9,-99.9,7.99,-99.9,3.45,2.13,1.2,32.82,0,0,1215
"2026-02-23 08:17:00",3136,6.13,13.02,0,0,1.73,12.38,27276.92,35942.27,22.68,96.45,8.94,0.52,1.83,0.25,0.28,-99.9,-99.9,8,-99.9,3.45,2.22,1.2,35,0,0,1216
"2026-02-23 08:32:00",3137,6.13,13.02,0,0,1.66,12.37,27250.75,35913.4,22.66,96.26,8.93,0.57,2.04,0.27,0.31,-99.9,-99.9,7.99,-99.9,3.39,2.2,1.2,35,0,0,1217
"2026-02-23 08:47:00",3138,6.13,13.02,0,0,1.58,12.35,27206.67,35871.06,22.63,96.51,8.95,0.51,1.78,0.25,0.29,-99.9,-99.9,8,-99.9,3.48,2.26,1.2,33.19,0,0,1218
"2026-02-23 09:02:00",3139,6.13,13.01,0,0,1.53,12.36,27199.81,35854.23,22.62,96.47,8.95,0.49,1.71,0.23,0.27,-99.9,-99.9,8,-99.9,3.44,2.3,1.2,33.19,0,0,1219
"2026-02-23 09:17:00",3140,6.13,13.01,0,0,1.47,12.36,27194.18,35844.75,22.61,97.26,9.02,0.53,1.87,0.26,0.3,-99.9,-99.9,8,-99.9,3.58,2.27,1.2,33.13,0,0,1220
"2026-02-23 09:32:00",3141,6.13,13.02,0,0,1.43,12.35,27182.93,35838.72,22.61,97.68,9.06,0.55,1.94,0.26,0.29,-99.9,-99.9,8,-99.9,3.52,2.2,1.2,33.13,0,0,1221
"2026-02-23 09:47:00",3142,6.13,13.02,0,0,1.41,12.4,27371.7,36050.2,22.75,98.32,9.11,0.49,1.7,0.26,0.3,-99.9,-99.9,8.01,-99.9,3.37,2.33,1.2,32.77,0,0,1222
"2026-02-23 10:02:00",3143,6.13,13.01,0,0,1.37,12.38,27212.27,35853.37,22.62,98.57,9.14,0.51,1.78,0.22,0.26,-99.9,-99.9,8.01,-99.9,3.46,2.26,1.2,32.77,0,0,1223
"2026-02-23 10:17:00",3144,6.13,13.02,0,0,1.37,12.44,27338.01,35968.37,22.7,99.12,9.18,0.56,1.97,0.24,0.28,-99.9,-99.9,8.02,-99.9,3.43,2.29,1.2,32.97,0,0,1224
"2026-02-23 10:32:00",3145,6.13,13.02,0,0,1.33,12.45,27434.07,36081.68,22.78,98.45,9.11,0.56,1.98,0.26,0.3,-99.9,-99.9,8.01,-99.9,3.35,2.52,1.2,32.97,0,0,1225
"2026-02-23 10:47:00",3146,6.13,13.02,0,0,1.35,12.5,27510.39,36139.93,22.82,100.35,9.27,0.54,1.92,0.28,0.31,-99.9,-99.9,8.01,-99.9,3.37,2.39,1.19,32.96,0,0,1226
"2026-02-23 11:02:00",3147,6.13,13.02,0,0,1.34,12.49,27397.97,36003.79,22.72,100.05,9.25,0.59,2.11,0.27,0.31,-99.9,-99.9,8.02,-99.9,3.34,2.38,1.19,32.96,0,0,1227
"2026-02-23 11:17:00",3148,6.13,13.02,0,0,1.37,12.52,27605.89,36249.27,22.9,98.9,9.13,0.36,1.2,0.23,0.27,-99.9,-99.9,8.01,-99.9,3.33,3.11,1.21,36.2,0,0,1228
"2026-02-23 11:32:00",3149,6.13,13.02,0,0,1.4,12.54,27586.5,36199.24,22.86,99.93,9.22,0.44,1.51,0.27,0.3,-99.9,-99.9,8.03,-99.9,3.31,2.33,1.21,36.2,0,0,1229
"2026-02-23 11:47:00",3150,6.13,13.02,0,0,1.44,12.54,27641.15,36276.82,22.92,98.36,9.07,0.43,1.48,0.25,0.29,-99.9,-99.9,8.01,-99.9,3.29,2.34,1.2,33.44,0,0,1230
"2026-02-23 12:02:00",3151,6.13,13.02,0,0,1.48,12.5,27785.08,36498.69,23.07,96.17,8.87,0.24,0.72,0.23,0.27,-99.9,-99.9,7.98,-99.9,3.26,2.86,1.2,33.44,0,0,1231
"2026-02-23 12:17:00",3152,6.13,13.02,0,0,1.53,12.63,27468.59,35967.36,22.7,104.55,9.64,0.52,1.81,0.25,0.28,-99.9,-99.9,8.06,-99.9,3.37,2.48,1.19,33.78,0,0,1232
"2026-02-23 12:32:00",3153,6.13,13.02,0,0,1.56,12.69,27448.56,35885.69,22.65,102.28,9.42,0.54,1.89,0.25,0.28,-99.9,-99.9,8.04,-99.9,3.32,2.36,1.19,33.78,0,0,1233
"2026-02-23 12:47:00",3154,6.13,13.02,0,0,1.63,12.55,27799.89,36472.2,23.05,100.5,9.26,0.35,1.16,0.24,0.28,-99.9,-99.9,8.03,-99.9,3.31,2.45,1.19,33.9,0,0,1234
"2026-02-23 13:02:00",3155,6.13,13.02,0,0,1.67,12.5,28024.94,36816.33,23.29,97.52,8.98,0.4,1.32,0.23,0.27,-99.9,-99.9,8,-99.9,3.12,2.96,1.19,33.9,0,0,1235
"2026-02-23 13:17:00",3156,6.13,13.01,0,0,1.75,12.54,28090.29,36860.69,23.32,97.45,8.97,0.42,1.44,0.27,0.31,-99.9,-99.9,7.98,-99.9,3.14,2.66,1.2,36.84,0,0,1236
"2026-02-23 13:32:00",3157,6.13,13.02,0,0,1.81,12.63,27812.56,36418.06,23.02,100.16,9.22,0.36,1.18,0.23,0.27,-99.9,-99.9,8.02,-99.9,3.25,2.41,1.2,36.84,0,0,1237
"2026-02-23 13:47:00",3158,6.13,13.02,0,0,1.89,12.65,27852.98,36448.75,23.04,100.08,9.2,0.39,1.29,0.23,0.27,-99.9,-99.9,8.01,-99.9,3.17,2.23,1.21,33.27,0,0,1238
"2026-02-23 14:02:00",3159,6.13,13.02,0,0,1.96,12.98,27717.18,35980.02,22.72,104.19,9.53,0.45,1.54,0.25,0.29,-99.9,-99.9,8.08,-99.9,3.27,2.39,1.21,33.27,0,0,1239
"2026-02-23 14:17:00",3160,6.13,13.02,0,0,2.01,13.07,27725.19,35904.17,22.67,111.99,10.23,0.47,1.63,0.24,0.28,-99.9,-99.9,8.09,-99.9,3.27,2.43,1.2,33.18,0,0,1240
"2026-02-23 14:32:00",3161,6.13,13.02,0,0,2.09,13.2,27864.76,35973.69,22.72,103.46,9.42,0.54,1.89,0.25,0.29,-99.9,-99.9,8.02,-99.9,3.09,2.49,1.2,33.18,0,0,1241
"2026-02-23 14:47:00",3162,6.13,13.02,0,0,2.14,13.41,28011.48,35974.98,22.72,108.92,9.88,0.48,1.68,0.24,0.28,-99.9,-99.9,8.06,-99.9,3.11,2.82,1.19,33.63,0,0,1242
"2026-02-23 15:02:00",3163,6.13,13.02,0,0,2.2,13.11,27945.72,36153.61,22.84,105.76,9.64,0.5,1.75,0.26,0.3,-99.9,-99.9,8.05,-99.9,3.11,3.26,1.19,33.63,0,0,1243
"2026-02-23 15:17:00",3164,6.13,13.02,0,0,2.24,13.27,28014.77,36107.12,22.81,105.38,9.58,0.44,1.51,0.24,0.27,-99.9,-99.9,8.05,-99.9,3.11,3.14,1.2,32.87,0,0,1244
"2026-02-23 15:32:00",3165,6.13,13.02,0,0,2.33,13.5,28084.92,35987.57,22.74,107.28,9.71,0.53,1.85,0.26,0.3,-99.9,-99.9,8.05,-99.9,3.17,2.46,1.2,32.87,0,0,1245
"2026-02-23 15:47:00",3166,6.13,13.02,0,0,2.35,13.51,28026.33,35905.92,22.68,105.54,9.55,0.73,2.67,0.24,0.28,-99.9,-99.9,8.03,-99.9,3.1,2.39,1.2,37.29,0,0,1246
"2026-02-23 16:02:00",3167,6.13,13.02,0,0,2.38,13.53,28053.98,35926.14,22.69,105.18,9.51,0.64,2.28,0.23,0.27,-99.9,-99.9,8.04,-99.9,3.16,2.45,1.2,37.29,0,0,1247
"2026-02-23 16:17:00",3168,6.13,13.02,0,0,2.44,13.42,28003.77,35954.58,22.71,105.68,9.58,0.59,2.1,0.24,0.28,-99.9,-99.9,8.04,-99.9,3.13,2.36,1.2,33.68,0,0,1248
"2026-02-23 16:32:00",3169,6.13,13.02,0,0,2.46,13.3,27929.35,35963.93,22.71,105.24,9.56,0.69,2.51,0.27,0.31,-99.9,-99.9,8.04,-99.9,3.2,2.66,1.2,33.68,0,0,1249
"2026-02-23 16:47:00",3170,6.13,13.01,0,0,2.46,13.26,27902.62,35970.01,22.72,105.3,9.58,0.64,2.32,0.25,0.29,-99.9,-99.9,8.04,-99.9,3.13,2.63,1.21,36.71,0,0,1250
"2026-02-23 17:02:00",3171,6.13,13.02,0,0,2.51,13.13,27888.86,36061.6,22.78,106.99,9.75,0.71,2.57,0.29,0.32,-99.9,-99.9,8.07,-99.9,3.12,2.8,1.21,36.71,0,0,1251
"2026-02-23 17:17:00",3172,6.13,13.02,0,0,2.51,12.83,27814.16,36235.66,22.89,108.89,9.98,0.8,2.93,0.26,0.3,-99.9,-99.9,8.09,-99.9,3.31,3.4,1.2,32.89,0,0,1252
"2026-02-23 17:32:00",3173,6.13,13.02,0,0,2.5,12.88,27894.64,36294.99,22.94,112.25,10.28,0.9,3.33,0.32,0.36,-99.9,-99.9,8.11,-99.9,3.26,3.1,1.2,32.89,0,0,1253
"2026-02-23 17:47:00",3174,6.13,13.03,0,0,2.5,12.9,27844.04,36216.59,22.88,111.1,10.17,0.91,3.4,0.29,0.32,-99.9,-99.9,8.09,-99.9,3.24,3.11,1.2,33.32,0,0,1254
"2026-02-23 18:02:00",3175,6.13,13.02,0,0,2.47,12.77,27778.38,36242.55,22.9,108.99,10,0.89,3.31,0.29,0.33,-99.9,-99.9,8.08,-99.9,3.31,3.29,1.2,33.32,0,0,1255
"2026-02-23 18:17:02",3176,6.13,13.02,0,0,2.45,12.67,27678.08,36206.67,22.87,103.21,9.5,0.69,2.5,0.26,0.3,-99.9,-99.9,8.03,-99.9,3.25,3.89,1.21,33.46,0,0,1256
"2026-02-23 18:32:00",3177,6.13,13.02,0,0,2.42,12.68,27693.05,36210.87,22.87,105.53,9.71,0.7,2.56,0.25,0.28,-99.9,-99.9,8.05,-99.9,3.28,3.31,1.21,33.46,0,0,1257
"2026-02-23 18:47:00",3178,6.13,13.02,0,0,2.4,12.72,27738.25,36234.81,22.89,107.84,9.91,0.74,2.69,0.26,0.3,-99.9,-99.9,8.08,-99.9,3.27,3.97,1.2,33.2,0,0,1258
"2026-02-23 19:02:00",3179,6.13,13.03,0,0,2.35,12.77,27777.51,36242.66,22.9,108.59,9.97,0.72,2.64,0.28,0.31,-99.9,-99.9,8.08,-99.9,3.21,3.02,1.2,33.2,0,0,1259
"2026-02-23 19:17:00",3180,6.13,13.02,0,0,2.33,12.72,27717.88,36214.89,22.88,101.95,9.37,0.56,1.99,0.23,0.27,-99.9,-99.9,8.03,-99.9,3.28,2.88,1.2,33.73,0,0,1260
"2026-02-23 19:32:00",3181,6.13,13.03,0,0,2.28,12.79,27803.34,36260.52,22.91,106.28,9.75,0.46,1.6,0.24,0.28,-99.9,-99.9,8.06,-99.9,3.25,2.45,1.2,33.73,0,0,1261
"2026-02-23 19:47:00",3182,6.13,13.02,0,0,2.23,12.85,27833.02,36242.63,22.9,107.2,9.82,0.66,2.37,0.27,0.31,-99.9,-99.9,8.08,-99.9,3.34,3.19,1.2,33.52,0,0,1262
"2026-02-23 20:02:00",3183,6.13,13.02,0,0,2.21,12.8,27795.99,36240.69,22.9,106.22,9.74,0.57,2.03,0.26,0.3,-99.9,-99.9,8.05,-99.9,3.28,3.3,1.2,33.52,0,0,1263
"2026-02-23 20:17:00",3184,6.13,13.02,0,0,2.16,12.79,27769.63,36212.16,22.88,105.39,9.67,0.78,2.87,0.25,0.28,-99.9,-99.9,8.05,-99.9,3.31,3.34,1.2,35.69,0,0,1264
"2026-02-23 20:32:00",3185,6.13,13.02,0,0,2.13,12.69,27781.11,36323.9,22.95,99.44,9.14,0.49,1.69,0.23,0.26,-99.9,-99.9,8.01,-99.9,3.18,3.5,1.2,35.69,0,0,1265
"2026-02-23 20:47:00",3186,6.13,13.02,0,0,2.12,12.64,27784.99,36374.34,22.99,98.29,9.04,0.49,1.69,0.24,0.27,-99.9,-99.9,7.99,-99.9,3.13,3.57,1.2,33.49,0,0,1266
"2026-02-23 21:02:00",3187,6.13,13.02,0,0,2.09,12.72,27808.67,36326.27,22.95,99.43,9.13,0.44,1.49,0.24,0.28,-99.9,-99.9,8.02,-99.9,3.27,3,1.2,33.49,0,0,1267
"2026-02-23 21:17:00",3188,6.13,13.02,0,0,2.1,12.81,27839.23,36290.68,22.93,101.07,9.27,0.3,0.93,0.22,0.26,-99.9,-99.9,8.02,-99.9,3.3,2.66,1.19,32.42,0,0,1268
"2026-02-23 21:32:00",3189,6.13,13.02,0,0,2.07,12.82,27832.07,36272.03,22.92,97.35,8.93,0.26,0.78,0.2,0.24,-99.9,-99.9,8,-99.9,3.16,2.62,1.19,32.42,0,0,1269
"2026-02-23 21:47:00",3190,6.13,13.03,0,0,2.07,12.99,27837.75,36124.59,22.82,102.58,9.38,0.58,2.06,0.25,0.29,-99.9,-99.9,8.04,-99.9,3.3,2.47,1.19,32.91,0,0,1270
"2026-02-23 22:02:00",3191,6.13,13.02,0,0,2.07,13.06,27824.1,36046.22,22.77,102.51,9.36,0.62,2.21,0.26,0.3,-99.9,-99.9,8.02,-99.9,3.3,2.4,1.19,32.91,0,0,1271
"2026-02-23 22:17:00",3192,6.13,13.02,0,0,2.08,12.95,27820.84,36141.24,22.83,101.02,9.24,0.5,1.75,0.24,0.28,-99.9,-99.9,8.02,-99.9,3.23,2.43,1.21,35.98,0,0,1272
"2026-02-23 22:32:00",3193,6.13,13.02,0,0,2.11,12.86,27797.43,36191.84,22.86,100.6,9.22,0.58,2.06,0.22,0.26,-99.9,-99.9,8.03,-99.9,3.27,2.59,1.21,35.98,0,0,1273
"2026-02-23 22:47:00",3194,6.13,13.02,0,0,2.11,12.81,27785.97,36217.64,22.88,101.07,9.27,0.54,1.89,0.24,0.28,-99.9,-99.9,8.02,-99.9,3.22,2.88,1.2,32.88,0,0,1274
"2026-02-23 23:02:00",3195,6.12,13.02,0,0,2.14,12.83,27789.67,36201.81,22.87,99.95,9.16,0.5,1.73,0.24,0.28,-99.9,-99.9,8.02,-99.9,3.12,2.33,1.2,32.88,0,0,1275
"2026-02-23 23:17:00",3196,6.13,13.02,0,0,2.18,12.83,27803.67,36222.95,22.88,99.16,9.09,0.5,1.76,0.25,0.29,-99.9,-99.9,8.01,-99.9,3.15,2.75,1.2,33.09,0,0,1276
"2026-02-23 23:32:00",3197,6.13,13.02,0,0,2.21,12.85,27791.03,36191.42,22.86,99.48,9.12,0.36,1.18,0.21,0.25,-99.9,-99.9,8.02,-99.9,3.15,2.01,1.2,33.09,0,0,1277
"2026-02-23 23:47:00",3198,6.13,13.02,0,0,2.28,12.73,27766.8,36265.63,22.91,98.18,9.02,0.51,1.78,0.23,0.27,-99.9,-99.9,7.99,-99.9,3.2,3.01,1.2,36.34,0,0,1278
"2026-02-24 00:02:00",3199,6.13,13.02,0,0,2.32,12.76,27776.18,36251.4,22.9,97.88,8.99,0.66,2.39,0.25,0.28,-99.9,-99.9,8,-99.9,3.27,2.31,1.2,36.34,0,0,1279
"2026-02-24 00:17:00",3200,6.13,13.03,0,0,2.38,12.85,27801.48,36204.52,22.87,96.47,8.84,0.26,0.79,0.2,0.24,-99.9,-99.9,7.98,-99.9,3.19,2.2,1.19,32.52,0,0,1280
"2026-02-24 00:32:00",3201,6.13,13.02,0,0,2.45,12.87,27801.76,36183.85,22.86,93.58,8.57,0.17,0.41,0.2,0.24,-99.9,-99.9,7.96,-99.9,3.19,1.71,1.19,32.52,0,0,1281
"2026-02-24 00:47:00",3202,6.13,13.02,0,0,2.51,12.98,27799.6,36087.54,22.79,94.94,8.68,0.24,0.69,0.19,0.22,-99.9,-99.9,7.97,-99.9,3.26,1.66,1.2,32.44,0,0,1282
"2026-02-24 01:02:00",3203,6.13,13.02,0,0,2.6,13.09,27768.32,35946,22.7,97.06,8.86,0.3,0.95,0.22,0.26,-99.9,-99.9,7.98,-99.9,3.27,1.33,1.2,32.44,0,0,1283
"2026-02-24 01:17:00",3204,6.13,13.02,0,0,2.64,13.12,27713.53,35850.67,22.63,95.17,8.69,0.35,1.15,0.21,0.25,-99.9,-99.9,7.97,-99.9,3.32,1.75,1.2,36.15,0,0,1284
"2026-02-24 01:32:00",3205,6.13,13.02,0,0,2.72,13.15,27625.14,35704.48,22.53,98.88,9.02,0.49,1.69,0.2,0.24,-99.9,-99.9,8,-99.9,3.39,1.59,1.2,36.15,0,0,1285
"2026-02-24 01:47:00",3206,6.13,13.02,0,0,2.79,13.11,27733.22,35884.56,22.66,98.36,8.98,0.55,1.94,0.23,0.26,-99.9,-99.9,7.99,-99.9,3.39,1.73,1.19,33.72,0,0,1286
"2026-02-24 02:02:00",3207,6.13,13.01,0,0,2.85,13.12,27674.07,35792.8,22.59,100.52,9.18,0.55,1.94,0.22,0.25,-99.9,-99.9,8.01,-99.9,3.37,1.84,1.19,33.72,0,0,1287
"2026-02-24 02:17:00",3208,6.13,13.02,0,0,2.92,13.15,27598.07,35675.27,22.51,101.64,9.28,0.59,2.12,0.25,0.29,-99.9,-99.9,8.02,-99.9,3.43,1.92,1.19,36.04,0,0,1288
"2026-02-24 02:32:00",3209,6.13,13.03,0,0,2.98,13.16,27614.89,35683.44,22.52,100.17,9.14,0.67,2.41,0.26,0.3,-99.9,-99.9,8,-99.9,3.35,2.02,1.19,36.04,0,0,1289
"2026-02-24 02:47:00",3210,6.13,13.02,0,0,3.05,13.16,27607.09,35671.63,22.51,102.52,9.36,0.72,2.64,0.26,0.29,-99.9,-99.9,8.03,-99.9,3.4,2.21,1.2,36.59,0,0,1290
"2026-02-24 03:02:00",3211,6.13,13.02,0,0,3.11,13.04,27634.28,35812.88,22.6,101.5,9.28,0.69,2.51,0.23,0.27,-99.9,-99.9,8.02,-99.9,3.38,2.31,1.2,36.59,0,0,1291
"2026-02-24 03:17:00",3212,6.13,13.02,0,0,3.14,13.06,27619.57,35780.17,22.58,100.35,9.17,0.73,2.65,0.28,0.31,-99.9,-99.9,8.01,-99.9,3.4,2.22,1.2,35.39,0,0,1292
"2026-02-24 03:32:00",3213,6.13,13.02,0,0,3.17,13.14,27606.79,35693.24,22.52,101.65,9.28,0.86,3.19,0.28,0.31,-99.9,-99.9,8.02,-99.9,3.44,2.31,1.2,35.39,0,0,1293
"2026-02-24 03:47:00",3214,6.13,13.02,0,0,3.2,13.09,27549.85,35663.95,22.5,99.87,9.13,0.74,2.72,0.27,0.31,-99.9,-99.9,8,-99.9,3.39,2.26,1.2,33.22,0,0,1294
"2026-02-24 04:02:00",3215,6.13,13.02,0,0,3.22,13,27417.61,35574.72,22.44,99.4,9.11,0.74,2.69,0.27,0.31,-99.9,-99.9,8,-99.9,3.38,2.24,1.2,33.22,0,0,1295
"2026-02-24 04:17:00",3216,6.13,13.02,0,0,3.24,12.91,27294.39,35488.62,22.38,98.41,9.04,0.75,2.74,0.3,0.34,-99.9,-99.9,8,-99.9,3.47,2.27,1.21,33.44,0,0,1296
"2026-02-24 04:32:00",3217,6.13,13.02,0,0,3.24,12.9,27305.29,35509.23,22.39,98.05,9,0.67,2.41,0.25,0.29,-99.9,-99.9,7.99,-99.9,3.38,2.33,1.21,33.44,0,0,1297
"2026-02-24 04:47:00",3218,6.13,13.02,0,0,3.24,12.87,27266.85,35489.07,22.38,98.36,9.04,0.71,2.57,0.25,0.28,-99.9,-99.9,8,-99.9,3.51,2.67,1.2,32.73,0,0,1298
"2026-02-24 05:02:00",3219,6.13,13.02,0,0,3.21,12.89,27280.57,35491.4,22.38,98.14,9.02,0.7,2.54,0.23,0.26,-99.9,-99.9,8,-99.9,3.44,2.54,1.2,32.73,0,0,1299
"2026-02-24 05:17:00",3220,6.13,13.02,0,0,3.17,12.93,27393.84,35604.26,22.46,98.05,9,0.65,2.34,0.27,0.31,-99.9,-99.9,8,-99.9,3.32,2.82,1.19,33.59,0,0,1300
"2026-02-24 05:32:00",3221,6.13,13.02,0,0,3.1,12.93,27388.45,35592.86,22.45,98.99,9.08,0.67,2.41,0.26,0.29,-99.9,-99.9,8,-99.9,3.37,2.59,1.19,33.59,0,0,1301
"2026-02-24 05:47:00",3222,6.13,13.02,0,0,3.05,12.89,27368.67,35601.84,22.45,99.02,9.09,0.68,2.47,0.25,0.29,-99.9,-99.9,8,-99.9,3.45,2.82,1.21,35.84,0,0,1302
"2026-02-24 06:02:00",3223,6.13,13.02,0,0,2.96,12.88,27569.68,35869.99,22.64,98.31,9.02,0.54,1.92,0.24,0.27,-99.9,-99.9,8,-99.9,3.28,2.53,1.21,35.84,0,0,1303
"2026-02-24 06:17:00",3224,6.13,13.02,0,0,2.89,12.88,27418.77,35680.99,22.51,99.01,9.09,0.66,2.38,0.26,0.3,-99.9,-99.9,8.01,-99.9,3.39,2.82,1.2,32.96,0,0,1304
"2026-02-24 06:32:00",3225,6.13,13.02,0,0,2.8,12.96,27388.85,35564.61,22.43,97.98,8.98,0.7,2.55,0.26,0.3,-99.9,-99.9,7.99,-99.9,3.46,2.47,1.2,32.96,0,0,1305
"2026-02-24 06:47:00",3226,6.13,13.02,0,0,2.72,12.99,27375.5,35523.96,22.4,98.08,8.99,0.71,2.6,0.29,0.33,-99.9,-99.9,7.99,-99.9,3.42,2.38,1.2,32.78,0,0,1306
"2026-02-24 07:02:00",3227,6.13,13.02,0,0,2.63,12.99,27409.76,35569.03,22.43,98.34,9.01,0.76,2.77,0.27,0.31,-99.9,-99.9,8,-99.9,3.35,2.61,1.2,32.78,0,0,1307
"2026-02-24 07:17:00",3228,6.13,13.02,0,0,2.53,12.96,27567.78,35804.15,22.6,98.97,9.07,0.56,1.98,0.25,0.29,-99.9,-99.9,8.01,-99.9,3.41,2.68,1.19,33.29,0,0,1308
"2026-02-24 07:32:00",3229,6.13,13.02,0,0,2.39,12.95,27231.29,35376.72,22.3,98.14,9.01,0.63,2.25,0.25,0.29,-99.9,-99.9,7.98,-99.9,3.39,2.39,1.19,33.29,0,0,1309
"2026-02-24 07:47:00",3230,6.13,13.02,0,0,2.29,12.81,26996.36,35190.29,22.17,95.97,8.84,0.47,1.61,0.23,0.27,-99.9,-99.9,7.98,-99.9,3.35,2.72,1.2,32.31,0,0,1310
"2026-02-24 08:02:00",3231,6.13,13.02,0,0,2.16,12.8,26971.69,35161.88,22.15,96.22,8.87,0.49,1.69,0.26,0.3,-99.9,-99.9,7.98,-99.9,3.46,2.7,1.2,32.31,0,0,1311
"2026-02-24 08:17:00",3232,6.13,13.02,0,0,2.1,12.81,26954.45,35139.23,22.13,95.43,8.8,0.47,1.61,0.24,0.28,-99.9,-99.9,7.97,-99.9,3.45,2.6,1.2,33.12,0,0,1312
"2026-02-24 08:32:00",3233,6.13,13.02,0,0,1.98,12.8,26932.9,35114.74,22.12,95.99,8.85,0.5,1.76,0.24,0.28,-99.9,-99.9,7.98,-99.9,3.48,2.58,1.2,33.12,0,0,1313
"2026-02-24 08:47:00",3234,6.13,13.01,0,0,1.88,12.8,26909.64,35084.83,22.09,96.49,8.9,0.56,1.97,0.27,0.31,-99.9,-99.9,7.98,-99.9,3.4,2.63,1.19,33.01,0,0,1314
"2026-02-24 09:02:00",3235,6.13,13.02,0,0,1.81,12.83,26898.97,35043.82,22.07,95.95,8.84,0.47,1.64,0.24,0.28,-99.9,-99.9,7.97,-99.9,3.48,2.45,1.19,33.01,0,0,1315
"2026-02-24 09:17:00",3236,6.13,13.02,0,0,1.7,12.81,26906.95,35073.11,22.09,96.6,8.91,0.55,1.93,0.26,0.3,-99.9,-99.9,7.98,-99.9,3.46,2.57,1.19,32.78,0,0,1316
"2026-02-24 09:32:00",3237,6.13,13.02,0,0,1.61,12.81,26907.58,35073.57,22.09,96.58,8.9,0.66,2.37,0.28,0.32,-99.9,-99.9,7.98,-99.9,3.43,2.75,1.19,32.78,0,0,1317
"2026-02-24 09:47:00",3238,6.13,13.02,0,0,1.55,12.82,26946.3,35114.55,22.12,97.31,8.97,0.6,2.16,0.26,0.3,-99.9,-99.9,7.99,-99.9,3.41,2.65,1.2,32.68,0,0,1318
"2026-02-24 10:02:00",3239,6.13,13.02,0,0,1.48,12.84,26928.83,35079.54,22.09,97.88,9.02,0.71,2.6,0.29,0.33,-99.9,-99.9,7.99,-99.9,3.33,2.61,1.2,32.68,0,0,1319
"2026-02-24 10:17:00",3240,6.13,13.02,0,0,1.45,12.86,27011.07,35169.12,22.15,98.42,9.06,0.61,2.18,0.29,0.33,-99.9,-99.9,8,-99.9,3.34,2.68,1.2,32.83,0,0,1320
"2026-02-24 10:32:00",3241,6.13,13.02,0,0,1.4,12.88,26985.13,35113.56,22.12,99.66,9.17,0.72,2.62,0.29,0.32,-99.9,-99.9,8,-99.9,3.36,2.62,1.2,32.83,0,0,1321
"2026-02-24 10:47:00",3242,6.13,13.02,0,0,1.35,12.9,27129.83,35282.11,22.23,100.32,9.22,0.54,1.89,0.27,0.31,-99.9,-99.9,8.01,-99.9,3.41,2.72,1.19,32.36,0,0,1322
"2026-02-24 11:02:00",3243,6.13,13.02,0,0,1.32,12.91,27587.84,35872.62,22.64,100.78,9.24,0.5,1.76,0.27,0.31,-99.9,-99.9,8.01,-99.9,3.39,2.7,1.19,32.36,0,0,1323
"2026-02-24 11:17:00",3244,6.13,13.02,0,0,1.25,12.96,27603.07,35848.36,22.63,101.54,9.3,0.5,1.75,0.26,0.3,-99.9,-99.9,8.02,-99.9,3.34,2.92,1.2,31.7,0,0,1324
"2026-02-24 11:32:00",3245,6.13,13.02,0,0,1.29,12.95,27292.24,35451.08,22.35,99.71,9.15,0.38,1.25,0.23,0.27,-99.9,-99.9,8.01,-99.9,3.15,2.14,1.2,31.7,0,0,1325
"2026-02-24 11:47:00",3246,6.13,13.02,0,0,1.24,12.97,27475.41,35667.98,22.5,101.43,9.29,0.53,1.88,0.28,0.32,-99.9,-99.9,8.02,-99.9,3.36,2.53,1.2,32.83,0,0,1326
"2026-02-24 12:02:00",3247,6.13,13.02,0,0,1.29,12.94,27705.12,35996.92,22.73,103.15,9.44,0.52,1.81,0.25,0.29,-99.9,-99.9,8.03,-99.9,3.3,2.93,1.2,32.83,0,0,1327
"2026-02-24 12:17:00",3248,6.13,13.02,0,0,1.29,12.97,27505.48,35711.37,22.53,101.06,9.26,0.38,1.26,0.24,0.27,-99.9,-99.9,8.01,-99.9,3.3,2.41,1.19,32.36,0,0,1328
"2026-02-24 12:32:00",3249,6.13,13.03,0,0,1.28,12.95,27670.63,35942.12,22.69,102.85,9.42,0.55,1.96,0.24,0.28,-99.9,-99.9,8.02,-99.9,3.33,2.76,1.19,32.36,0,0,1329
"2026-02-24 12:47:00",3250,6.13,13.02,0,0,1.34,12.93,27698.49,35998.57,22.73,103.08,9.44,0.42,1.44,0.22,0.25,-99.9,-99.9,8.03,-99.9,3.39,2.8,1.19,35.93,0,0,1330
"2026-02-24 13:02:00",3251,6.13,13.02,0,0,1.36,12.94,27658.61,35938.87,22.69,101.59,9.31,0.46,1.57,0.23,0.26,-99.9,-99.9,8.02,-99.9,3.34,2.36,1.19,35.93,0,0,1331
"2026-02-24 13:17:00",3252,6.13,13.03,0,0,1.35,12.98,27659.74,35898.76,22.66,103.99,9.52,0.37,1.21,0.22,0.25,-99.9,-99.9,8.04,-99.9,3.39,3.17,1.19,33.21,0,0,1332
"2026-02-24 13:32:00",3253,6.13,13.02,0,0,1.45,12.92,27654.57,35952.04,22.7,100.67,9.22,0.37,1.21,0.25,0.29,-99.9,-99.9,8.01,-99.9,3.26,2.93,1.19,33.21,0,0,1333
"2026-02-24 13:47:00",3254,6.13,13.02,0,0,1.45,13.13,27584.14,35670.52,22.51,99.21,9.06,0.27,0.84,0.19,0.23,-99.9,-99.9,8,-99.9,3.37,3.27,1.21,35.16,0,0,1334
"2026-02-24 14:02:00",3255,6.13,13.02,0,0,1.58,12.94,27652.63,35927.24,22.68,101.42,9.29,0.36,1.17,0.23,0.26,-99.9,-99.9,8.02,-99.9,3.29,2.96,1.21,35.16,0,0,1335
"2026-02-24 14:17:00",3256,6.13,13.02,0,0,1.63,13.24,27603.43,35603.02,22.46,96.75,8.82,0.19,0.5,0.22,0.26,-99.9,-99.9,7.97,-99.9,3.28,2.62,1.21,32.25,0,0,1336
"2026-02-24 14:32:00",3257,6.13,13.02,0,0,1.68,13.53,27680.66,35445.43,22.36,98.86,8.96,0.32,1.04,0.22,0.26,-99.9,-99.9,7.99,-99.9,3.08,2.05,1.21,32.25,0,0,1337
"2026-02-24 14:47:00",3258,6.13,13.02,0,0,1.78,13.45,27696.21,35534.84,22.42,99.5,9.03,0.37,1.22,0.22,0.26,-99.9,-99.9,7.99,-99.9,3.19,1.96,1.19,32.25,0,0,1338
"2026-02-24 15:02:00",3259,6.13,13.02,0,0,1.79,13.44,27714.3,35570.65,22.44,101.08,9.18,0.58,2.05,0.25,0.29,-99.9,-99.9,8,-99.9,3.19,1.97,1.19,32.25,0,0,1339
"2026-02-24 15:17:00",3260,6.13,13.02,0,0,1.9,13.39,27704.5,35594.42,22.46,102.78,9.34,0.78,2.86,0.25,0.29,-99.9,-99.9,8.02,-99.9,3.14,2.13,1.19,34.94,0,0,1340
"2026-02-24 15:32:00",3261,6.13,13.03,0,0,1.93,13.4,27706.33,35592.45,22.46,102.89,9.35,0.91,3.38,0.3,0.34,-99.9,-99.9,8.02,-99.9,3.15,2.01,1.19,34.94,0,0,1341
"2026-02-24 15:47:00",3262,6.13,13.03,0,0,2.03,13.57,27739.38,35490.81,22.39,103.77,9.4,0.81,3,0.27,0.31,-99.9,-99.9,8.02,-99.9,3.11,2.16,1.2,35.04,0,0,1342
"2026-02-24 16:02:00",3263,6.13,13.02,0,0,2.07,13.45,27722.63,35565.15,22.44,102.41,9.29,0.75,2.76,0.24,0.28,-99.9,-99.9,8.01,-99.9,3.17,1.98,1.2,35.04,0,0,1343
"2026-02-24 16:17:00",3264,6.13,13.03,0,0,2.15,13.48,27729.44,35550.45,22.43,103.45,9.38,0.73,2.65,0.27,0.31,-99.9,-99.9,8.02,-99.9,3.13,2.24,1.2,32.86,0,0,1344
"2026-02-24 16:32:00",3265,6.13,13.02,0,0,2.19,13.5,27734.68,35538.34,22.42,104.04,9.43,0.81,2.97,0.29,0.33,-99.9,-99.9,8.03,-99.9,3.13,2.54,1.2,32.86,0,0,1345
"2026-02-24 16:47:00",3266,6.13,13.02,0,0,2.26,13.58,27758.45,35498.01,22.4,104.71,9.48,1.05,3.93,0.3,0.34,-99.9,-99.9,8.03,-99.9,3.13,2.53,1.21,36.02,0,0,1346
"2026-02-24 17:02:00",3267,6.13,13.03,0,0,2.32,13.59,27734.6,35462.37,22.37,104.54,9.46,1.02,3.81,0.29,0.33,-99.9,-99.9,8.03,-99.9,3.08,2.42,1.21,36.02,0,0,1347
"2026-02-24 17:17:00",3268,6.13,13.03,0,0,2.36,13.6,27734.22,35450.46,22.36,104.26,9.44,1.15,4.34,0.34,0.38,-99.9,-99.9,8.03,-99.9,3.11,2.51,1.2,32.22,0,0,1348
"2026-02-24 17:32:00",3269,6.13,13.03,0,0,2.4,13.53,27621.98,35369.9,22.31,103.09,9.35,1.33,5.05,0.31,0.35,-99.9,-99.9,8.02,-99.9,3.24,2.32,1.2,32.22,0,0,1349
"2026-02-24 17:47:00",3270,6.13,13.02,0,0,2.47,13.32,27194.97,35004.09,22.05,100.16,9.14,0.91,3.4,0.3,0.34,-99.9,-99.9,8,-99.9,3.31,2.83,1.19,32.92,0,0,1350
"2026-02-24 18:02:00",3271,6.13,13.03,0,0,2.48,13.28,27149.95,34978.82,22.03,99.34,9.07,0.9,3.34,0.3,0.34,-99.9,-99.9,8,-99.9,3.35,3.01,1.19,32.92,0,0,1351
"2026-02-24 18:17:00",3272,6.13,13.02,0,0,2.51,13.32,27176.06,34976.67,22.03,98.61,9,0.84,3.11,0.28,0.31,-99.9,-99.9,7.99,-99.9,3.33,2.7,1.2,35.26,0,0,1352
"2026-02-24 18:32:00",3273,6.13,13.03,0,0,2.55,13.26,27097.76,34934.11,22,98.34,8.99,0.69,2.49,0.27,0.31,-99.9,-99.9,7.99,-99.9,3.35,2.74,1.2,35.26,0,0,1353
"2026-02-24 18:47:00",3274,6.13,13.03,0,0,2.55,13.28,27126.39,34952.7,22.01,97.55,8.91,0.53,1.88,0.24,0.28,-99.9,-99.9,7.98,-99.9,3.36,2.89,1.19,32.38,0,0,1354
"2026-02-24 19:02:00",3275,6.13,13.03,0,0,2.56,13.35,27235.47,35034.45,22.07,99.38,9.06,0.64,2.32,0.26,0.3,-99.9,-99.9,7.98,-99.9,3.33,2.8,1.19,32.38,0,0,1355
"2026-02-24 19:17:00",3276,6.13,13.03,0,0,2.58,13.38,27407.59,35229.1,22.21,100.84,9.18,0.95,3.55,0.3,0.34,-99.9,-99.9,8.01,-99.9,3.29,2.91,1.2,34.99,0,0,1356
"2026-02-24 19:32:00",3277,6.13,13.02,0,0,2.55,13.4,27506.19,35333.4,22.28,101.03,9.19,1.01,3.77,0.32,0.36,-99.9,-99.9,8.01,-99.9,3.3,2.3,1.2,34.99,0,0,1357
"2026-02-24 19:47:00",3278,6.13,13.02,0,0,2.57,13.43,27512.07,35318.49,22.27,100.28,9.11,0.65,2.35,0.26,0.3,-99.9,-99.9,8,-99.9,3.27,2.32,1.2,32.36,0,0,1358
"2026-02-24 20:02:00",3279,6.13,13.03,0,0,2.55,13.41,27516.37,35339.78,22.28,100.22,9.11,0.8,2.93,0.25,0.28,-99.9,-99.9,8,-99.9,3.34,2.02,1.2,32.36,0,0,1359
"2026-02-24 20:17:00",3280,6.13,13.03,0,0,2.51,13.39,27432.51,35250.15,22.22,99.74,9.08,0.66,2.38,0.27,0.31,-99.9,-99.9,7.99,-99.9,3.26,2.21,1.2,32.08,0,0,1360
"2026-02-24 20:32:00",3281,6.13,13.02,0,0,2.49,13.38,27419.64,35242.97,22.22,100.31,9.13,0.94,3.52,0.29,0.33,-99.9,-99.9,8,-99.9,3.33,2.47,1.2,32.08,0,0,1361
"2026-02-24 20:47:00",3282,6.13,13.03,0,0,2.47,13.4,27494.77,35323.56,22.27,99.83,9.08,0.66,2.39,0.26,0.29,-99.9,-99.9,8,-99.9,3.27,2.03,1.19,32.72,0,0,1362
"2026-02-24 21:02:00",3283,6.13,13.02,0,0,2.43,13.39,27450.76,35271,22.24,98.85,8.99,0.56,2,0.2,0.23,-99.9,-99.9,7.99,-99.9,3.34,1.91,1.19,32.72,0,0,1363
"2026-02-24 21:17:00",3284,6.13,13.03,0,0,2.41,13.37,27374.27,35189.51,22.18,96.99,8.83,0.35,1.15,0.21,0.24,-99.9,-99.9,7.97,-99.9,3.3,2.05,1.19,32.26,0,0,1364
"2026-02-24 21:32:00",3285,6.13,13.02,0,0,2.39,13.36,27382.38,35208.63,22.19,95.67,8.71,0.26,0.78,0.2,0.24,-99.9,-99.9,7.96,-99.9,3.31,2,1.19,32.26,0,0,1365
"2026-02-24 21:47:00",3286,6.13,13.02,0,0,2.36,13.27,27422.69,35336.48,22.28,100.57,9.17,0.91,3.39,0.26,0.29,-99.9,-99.9,8,-99.9,3.3,2.87,1.2,36.32,0,0,1366
"2026-02-24 22:02:00",3287,6.13,13.03,0,0,2.32,13.3,27374.91,35248.55,22.22,97.8,8.91,0.66,2.37,0.23,0.27,-99.9,-99.9,7.98,-99.9,3.33,2.34,1.2,36.32,0,0,1367
"2026-02-24 22:17:00",3288,6.13,13.02,0,0,2.29,13.3,27338.85,35207.08,22.19,96.54,8.8,0.5,1.75,0.23,0.27,-99.9,-99.9,7.97,-99.9,3.36,2,1.2,32.39,0,0,1368
"2026-02-24 22:32:00",3289,6.13,13.02,0,0,2.29,13.3,27329.37,35194.02,22.18,93.66,8.54,0.47,1.61,0.25,0.28,-99.9,-99.9,7.96,-99.9,3.37,1.98,1.2,32.39,0,0,1369
"2026-02-24 22:47:00",3290,6.13,13.02,0,0,2.27,13.3,27286.24,35136.57,22.14,94.62,8.63,0.32,1.01,0.19,0.23,-99.9,-99.9,7.95,-99.9,3.39,1.92,1.2,31.95,0,0,1370
"2026-02-24 23:02:00",3291,6.13,13.02,0,0,2.26,13.29,27304.69,35169.75,22.16,94.28,8.6,0.35,1.15,0.22,0.26,-99.9,-99.9,7.96,-99.9,3.4,1.93,1.2,31.95,0,0,1371
"2026-02-24 23:17:00",3292,6.13,13.03,0,0,2.27,13.29,27298.73,35162.18,22.16,95.17,8.68,0.32,1.04,0.21,0.25,-99.9,-99.9,7.96,-99.9,3.38,1.89,1.2,35.86,0,0,1372
"2026-02-24 23:32:00",3293,6.13,13.01,0,0,2.26,13.29,27339.86,35219.56,22.2,95.57,8.72,0.38,1.25,0.21,0.25,-99.9,-99.9,7.97,-99.9,3.31,1.75,1.2,35.86,0,0,1373
"2026-02-24 23:47:00",3294,6.13,13.02,0,0,2.27,13.29,27483.31,35400.36,22.32,96.16,8.76,0.41,1.39,0.23,0.26,-99.9,-99.9,7.97,-99.9,3.28,2.03,1.19,32.9,0,0,1374
"2026-02-25 00:02:00",3295,6.13,13.02,0,0,2.27,13.3,27448.39,35349.04,22.29,97.24,8.86,0.41,1.39,0.23,0.27,-99.9,-99.9,7.99,-99.9,3.4,1.85,1.19,32.9,0,0,1375
"2026-02-25 00:17:00",3296,6.13,13.02,0,0,2.29,13.29,27449.27,35354.38,22.29,97.95,8.93,0.46,1.58,0.23,0.27,-99.9,-99.9,7.98,-99.9,3.33,1.81,1.21,35.94,0,0,1376
"2026-02-25 00:32:00",3297,6.13,13.02,0,0,2.3,13.29,27476.63,35396.39,22.32,95.98,8.75,0.4,1.34,0.21,0.25,-99.9,-99.9,7.98,-99.9,3.41,1.77,1.21,35.94,0,0,1377
"2026-02-25 00:47:00",3298,6.13,13.02,0,0,2.36,13.26,27515.89,35467.76,22.37,97.67,8.9,0.37,1.22,0.23,0.27,-99.9,-99.9,7.99,-99.9,3.34,1.84,1.2,32.48,0,0,1378
"2026-02-25 01:02:00",3299,6.13,13.03,0,0,2.39,13.24,27544.43,35522.72,22.41,98.53,8.98,0.37,1.23,0.2,0.23,-99.9,-99.9,7.99,-99.9,3.39,1.52,1.2,32.48,0,0,1379
"2026-02-25 01:17:00",3300,6.14,13.02,0,0,2.45,13.26,27510.35,35461.05,22.37,96.97,8.84,0.27,0.84,0.19,0.23,-99.9,-99.9,7.98,-99.9,3.35,1.55,1.2,32.78,0,0,1380
"2026-02-25 01:32:00",3301,6.13,13.02,0,0,2.48,13.28,27481.67,35408.93,22.33,98.92,9.02,0.47,1.62,0.24,0.27,-99.9,-99.9,8,-99.9,3.39,1.72,1.2,32.78,0,0,1381
"2026-02-25 01:47:00",3302,6.13,13.02,0,0,2.54,13.21,27558.79,35565.1,22.44,101.42,9.25,0.57,2.01,0.24,0.28,-99.9,-99.9,8.02,-99.9,3.43,2.19,1.2,32.76,0,0,1382
"2026-02-25 02:02:00",3303,6.13,13.03,0,0,2.58,13.46,27315.62,35041.89,22.08,99.36,9.04,0.75,2.75,0.24,0.28,-99.9,-99.9,8,-99.9,3.37,2.21,1.2,32.76,0,0,1383
"2026-02-25 02:17:00",3304,6.13,13.02,0,0,2.63,13.53,27057.36,34647.87,21.81,100.56,9.15,0.77,2.82,0.29,0.32,-99.9,-99.9,8.01,-99.9,3.41,2.25,1.19,32.6,0,0,1384
"2026-02-25 02:32:00",3305,6.13,13.02,0,0,2.7,13.51,26895.12,34455.64,21.67,100.64,9.16,0.84,3.09,0.26,0.3,-99.9,-99.9,8.01,-99.9,3.43,2.3,1.19,32.6,0,0,1385
"2026-02-25 02:47:00",3306,6.13,13.02,0,0,2.77,13.61,26902.87,34379.93,21.62,100.04,9.09,0.7,2.55,0.27,0.3,-99.9,-99.9,8.01,-99.9,3.48,2.19,1.19,35.22,0,0,1386
"2026-02-25 03:02:00",3307,6.13,13.02,0,0,2.83,13.59,26862.71,34344.76,21.6,99.45,9.04,0.73,2.67,0.25,0.29,-99.9,-99.9,8,-99.9,3.47,2.3,1.19,35.22,0,0,1387
"2026-02-25 03:17:00",3308,6.13,13.02,0,0,2.91,13.47,26478.69,33957.86,21.33,99.28,9.07,0.69,2.51,0.25,0.29,-99.9,-99.9,8.01,-99.9,3.44,2.4,1.19,32.37,0,0,1388
"2026-02-25 03:32:00",3309,6.13,13.02,0,0,2.95,13.45,26440.2,33923.88,21.31,99.96,9.14,0.68,2.47,0.23,0.27,-99.9,-99.9,8.01,-99.9,3.51,2.5,1.19,32.37,0,0,1389
"2026-02-25 03:47:00",3310,6.13,13.02,0,0,3,13.44,26633.36,34179.34,21.48,100.05,9.14,0.68,2.48,0.26,0.3,-99.9,-99.9,8.01,-99.9,3.43,2.65,1.19,32.89,0,0,1390
"2026-02-25 04:02:00",3311,6.13,13.02,0,0,3.05,13.46,26631.63,34162.65,21.47,100,9.13,0.71,2.58,0.25,0.29,-99.9,-99.9,8.01,-99.9,3.46,2.46,1.19,32.89,0,0,1391
"2026-02-25 04:17:00",3312,6.13,13.02,0,0,3.09,13.49,26719.2,34248.43,21.53,100.22,9.14,0.76,2.79,0.27,0.3,-99.9,-99.9,8.01,-99.9,3.39,2.54,1.21,35,0,0,1392
"2026-02-25 04:32:00",3313,6.13,13.02,0,0,3.15,13.5,26812.47,34361.92,21.61,100.43,9.15,0.72,2.62,0.25,0.28,-99.9,-99.9,8.01,-99.9,3.4,2.78,1.21,35,0,0,1393
"2026-02-25 04:47:00",3314,6.13,13.02,0,0,3.16,13.49,26840.02,34405.85,21.64,98.89,9.01,0.6,2.15,0.22,0.25,-99.9,-99.9,8,-99.9,3.41,2.63,1.19,32.9,0,0,1394
"2026-02-25 05:02:00",3315,6.13,13.02,0,0,3.21,13.48,26848.79,34421.56,21.65,99.18,9.04,0.79,2.89,0.24,0.27,-99.9,-99.9,8.01,-99.9,3.38,2.58,1.19,32.9,0,0,1395
"2026-02-25 05:17:00",3316,6.13,13.02,0,0,3.22,13.49,26856.17,34424.76,21.65,99.94,9.11,0.72,2.63,0.25,0.29,-99.9,-99.9,8.01,-99.9,3.4,2.83,1.2,32.78,0,0,1396
"2026-02-25 05:32:00",3317,6.14,13.03,0,0,3.21,13.49,26768.57,34308.43,21.57,98.94,9.02,0.73,2.65,0.25,0.29,-99.9,-99.9,8,-99.9,3.43,2.57,1.2,32.78,0,0,1397
"2026-02-25 05:47:00",3318,6.13,13.02,0,0,3.2,13.49,26703.65,34225.76,21.51,98.2,8.96,0.67,2.43,0.25,0.29,-99.9,-99.9,8,-99.9,3.26,2.84,1.21,36.05,0,0,1398
"2026-02-25 06:02:00",3319,6.13,13.02,0,0,3.18,13.5,26795.74,34340.19,21.59,99.8,9.1,0.66,2.37,0.22,0.26,-99.9,-99.9,8.01,-99.9,3.44,2.58,1.21,36.05,0,0,1399
"2026-02-25 06:17:00",3320,6.13,13.02,0,0,3.15,13.19,27634.44,35687.92,22.52,97.56,8.9,0.58,2.08,0.26,0.3,-99.9,-99.9,7.99,-99.9,3.23,4.41,1.19,33.4,0,0,1400
"2026-02-25 06:32:00",3321,6.13,13.02,0,0,3.12,13.3,27335.56,35205.11,22.19,97.41,8.88,0.45,1.55,0.2,0.24,-99.9,-99.9,7.99,-99.9,3.31,3.16,1.19,33.4,0,0,1401
"2026-02-25 06:47:00",3322,6.13,13.02,0,0,3.08,13.28,27508.53,35444.43,22.35,98.59,8.98,0.43,1.47,0.23,0.27,-99.9,-99.9,8,-99.9,3.29,3.52,1.2,36.43,0,0,1402
"2026-02-25 07:02:00",3323,6.13,13.02,0,0,3.03,13.25,27665.41,35670.18,22.51,97.62,8.89,0.4,1.36,0.25,0.28,-99.9,-99.9,7.99,-99.9,3.3,2.68,1.2,36.43,0,0,1403
"2026-02-25 07:17:00",3324,6.13,13.02,0,0,2.94,13.31,27490.33,35392.95,22.32,97.37,8.87,0.28,0.86,0.2,0.24,-99.9,-99.9,7.99,-99.9,3.31,2.49,1.2,36.44,0,0,1404
"2026-02-25 07:32:00",3325,6.13,13.03,0,0,2.85,13.34,27172.87,34954.78,22.02,96.21,8.77,0.36,1.2,0.21,0.24,-99.9,-99.9,7.99,-99.9,3.4,2.19,1.2,36.44,0,0,1405
"2026-02-25 07:47:00",3326,6.13,13.02,0,0,2.79,13.35,26961.29,34674.28,21.82,97.05,8.86,0.35,1.15,0.19,0.22,-99.9,-99.9,7.99,-99.9,3.39,2.11,1.2,33.28,0,0,1406
"2026-02-25 08:02:00",3327,6.13,13.02,0,0,2.67,13.31,27039.95,34809.4,21.91,95.79,8.75,0.22,0.62,0.2,0.24,-99.9,-99.9,7.97,-99.9,3.42,1.99,1.2,33.28,0,0,1407
"2026-02-25 08:17:00",3328,6.13,13.02,0,0,2.58,13.27,27126.13,34960.83,22.02,95.51,8.72,0.25,0.73,0.19,0.23,-99.9,-99.9,7.97,-99.9,3.38,2.14,1.2,36.57,0,0,1408
"2026-02-25 08:32:00",3329,6.13,13.02,0,0,2.5,13.27,27221.1,35078.41,22.1,94.94,8.67,0.18,0.45,0.19,0.23,-99.9,-99.9,7.97,-99.9,3.4,1.92,1.2,36.57,0,0,1409
"2026-02-25 08:47:00",3330,6.13,13.02,0,0,2.39,13.19,27261.13,35199.27,22.18,96.81,8.85,0.32,1.01,0.22,0.25,-99.9,-99.9,7.98,-99.9,3.37,2.58,1.2,33.29,0,0,1410
"2026-02-25 09:02:00",3331,6.13,13.02,0,0,2.25,13.16,27333.55,35320.65,22.27,96.05,8.78,0.27,0.81,0.17,0.2,-99.9,-99.9,7.98,-99.9,3.36,2.03,1.2,33.29,0,0,1411
"2026-02-25 09:17:00",3332,6.13,13.02,0,0,2.17,13.26,27216.9,35084.71,22.1,94.6,8.64,0.18,0.47,0.21,0.25,-99.9,-99.9,7.96,-99.9,3.41,2.2,1.2,32.79,0,0,1412
"2026-02-25 09:32:00",3333,6.13,13.02,0,0,2.04,13.27,27185.44,35035.36,22.07,93.38,8.53,0.17,0.44,0.19,0.23,-99.9,-99.9,7.96,-99.9,3.4,2.06,1.2,32.79,0,0,1413
"2026-02-25 09:47:00",3334,6.13,13.02,0,0,1.94,13.26,27221.34,35086.67,22.11,95.68,8.74,0.28,0.88,0.23,0.26,-99.9,-99.9,7.97,-99.9,3.37,2.11,1.19,32.85,0,0,1414
"2026-02-25 10:02:00",3335,6.13,13.02,0,0,1.85,13.25,27216.3,35095.38,22.11,95.52,8.72,0.27,0.82,0.22,0.26,-99.9,-99.9,7.97,-99.9,3.35,2.34,1.19,32.85,0,0,1415
"2026-02-25 10:17:00",3336,6.13,13.02,0,0,1.77,13.33,26718.26,34378.01,21.62,97.48,8.91,0.5,1.75,0.22,0.26,-99.9,-99.9,7.99,-99.9,3.4,2.3,1.19,31.92,0,0,1416
"2026-02-25 10:32:00",3337,6.13,13.02,0,0,1.68,13.33,26770.55,34450.77,21.67,96.48,8.82,0.37,1.21,0.23,0.26,-99.9,-99.9,7.99,-99.9,3.42,2.1,1.19,31.92,0,0,1417
"2026-02-25 10:47:00",3338,6.13,13.02,0,0,1.58,13.33,26700.05,34354.74,21.6,98.35,8.99,0.53,1.85,0.24,0.28,-99.9,-99.9,8,-99.9,3.41,2.33,1.2,35.76,0,0,1418
"2026-02-25 11:02:00",3339,6.13,13.02,0,0,1.5,13.33,26824.71,34521.97,21.72,97.71,8.93,0.32,1.04,0.22,0.26,-99.9,-99.9,7.99,-99.9,3.4,1.94,1.2,35.76,0,0,1419
"2026-02-25 11:17:00",3340,6.13,13.02,0,0,1.45,13.34,27219.27,35014.67,22.06,98.95,9.02,0.46,1.57,0.23,0.26,-99.9,-99.9,8,-99.9,3.37,2.6,1.2,33.21,0,0,1420
"2026-02-25 11:32:00",3341,6.13,13.02,0,0,1.35,13.33,26988.28,34729.37,21.86,99.72,9.1,0.5,1.73,0.28,0.32,-99.9,-99.9,8,-99.9,3.35,3.4,1.2,33.21,0,0,1421
"2026-02-25 11:47:00",3342,6.13,13.01,0,0,1.32,13.37,26684.31,34302.04,21.57,100.33,9.17,0.54,1.9,0.26,0.29,-99.9,-99.9,8,-99.9,3.37,2.79,1.21,32.66,0,0,1422
"2026-02-25 12:02:00",3343,6.13,13.02,0,0,1.28,13.39,26615.46,34199.4,21.49,100.69,9.2,0.45,1.53,0.24,0.28,-99.9,-99.9,8.02,-99.9,3.43,2.68,1.21,32.66,0,0,1423
"2026-02-25 12:17:00",3344,6.13,13.02,0,0,1.22,13.34,26971.63,34702.32,21.84,99.83,9.12,0.69,2.51,0.28,0.32,-99.9,-99.9,8,-99.9,3.29,4.56,1.2,31.67,0,0,1424
"2026-02-25 12:32:00",3345,6.13,13.02,0,0,1.21,13.38,26941.95,34629.66,21.79,101.15,9.23,0.54,1.92,0.27,0.3,-99.9,-99.9,8,-99.9,3.36,3.69,1.2,31.67,0,0,1425
"2026-02-25 12:47:00",3346,6.13,13.02,0,0,1.16,13.42,26635.67,34201.7,21.5,100.5,9.18,0.48,1.68,0.27,0.31,-99.9,-99.9,8.01,-99.9,3.32,2.83,1.19,31.94,0,0,1426
"2026-02-25 13:02:00",3347,6.13,13.02,0,0,1.18,13.4,26778.72,34402.34,21.63,100.2,9.15,0.39,1.32,0.25,0.29,-99.9,-99.9,8.01,-99.9,3.42,2.43,1.2,31.94,0,0,1427
"2026-02-25 13:17:00",3348,6.13,13.01,0,0,1.16,13.53,26767.96,34276.23,21.55,101.72,9.27,0.57,2.03,0.29,0.32,-99.9,-99.9,8.01,-99.9,3.3,3.13,1.2,35.65,0,0,1428
"2026-02-25 13:32:00",3349,6.13,13.02,0,0,1.16,13.43,26875.52,34502.53,21.7,100.12,9.13,0.4,1.34,0.23,0.26,-99.9,-99.9,8,-99.9,3.4,3.16,1.2,35.65,0,0,1429
"2026-02-25 13:47:00",3350,6.13,13.02,0,0,1.19,13.53,26810.19,34327.26,21.59,99.47,9.06,0.41,1.39,0.24,0.28,-99.9,-99.9,7.99,-99.9,3.34,2.51,1.2,32.27,0,0,1430
"2026-02-25 14:02:00",3351,6.13,13.02,0,0,1.22,13.49,26816.72,34375.02,21.62,97.6,8.89,0.41,1.37,0.25,0.28,-99.9,-99.9,7.98,-99.9,3.35,2.94,1.2,32.27,0,0,1431
"2026-02-25 14:17:00",3352,6.13,13.02,0,0,1.23,13.55,26757.88,34250.28,21.53,99.62,9.07,0.42,1.44,0.23,0.27,-99.9,-99.9,8,-99.9,3.26,2.61,1.19,31.57,0,0,1432
"2026-02-25 14:32:00",3353,6.13,13.02,0,0,-0.01,15.58,24.05,29.33,0.01,101.71,10.13,0.01,-0.22,1.69,1.73,-99.9,-99.9,7.84,-99.9,-0.26,0.83,1.19,31.57,0,0,1433
"2026-02-25 15:02:02",3354,6.03,0,0,0,1.24,13.59,27134.44,34696.51,21.84,98.1,8.91,1.07,4.49,0.33,0.26,-99.9,-99.9,8.02,-99.9,5.02,3.24,1.18,32.54,0,0,1434
"2026-02-25 15:17:00",3355,6.05,0,0,0,1.27,13.59,27070.96,34610.89,21.78,94.16,8.55,0.62,2.54,0.29,0.21,-99.9,-99.9,7.99,-99.9,5.16,2.31,1.18,32.54,0,0,1435
"2026-02-25 15:32:00",3356,6.02,0,0,0,1.36,13.71,27034.32,34470.64,21.69,96.25,8.73,0.81,3.36,0.31,0.23,-99.9,-99.9,8,-99.9,5.15,2.18,1.18,34.3,0,0,1436
"2026-02-25 15:47:00",3357,6.02,0,0,0,1.42,13.96,27079.66,34315.58,21.58,97.72,8.82,0.98,4.08,0.33,0.26,-99.9,-99.9,8.03,-99.9,5.02,2.49,1.18,34.3,0,0,1437
"2026-02-25 16:02:00",3358,6.01,0,0,0,1.5,14.18,27182.2,34267.01,21.55,101.27,9.1,1.25,5.23,0.36,0.28,-99.9,-99.9,8.03,-99.9,4.92,2.02,1.18,34.1,0,0,1438
"2026-02-25 16:17:00",3359,6.02,0,0,0,1.58,14.08,27153.19,34308.57,21.58,99.31,8.94,0.89,3.69,0.32,0.25,-99.9,-99.9,8.02,-99.9,4.91,1.82,1.18,34.1,0,0,1439
"2026-02-25 16:32:00",3360,6.02,0,0,0,1.64,14.13,27154.44,34266.77,21.55,100.74,9.06,1.25,5.25,0.33,0.26,-99.9,-99.9,8.03,-99.9,4.95,2.1,1.19,35.67,0,0,1440
"2026-02-25 16:47:00",3361,6,0,0,0,1.71,14.26,27120.75,34123.38,21.46,96.27,8.64,1.45,6.11,0.37,0.3,-99.9,-99.9,8.03,-99.9,4.88,1.81,1.18,35.67,0,0,1441
"2026-02-25 17:02:00",3362,6,0,0,0,1.79,14.23,27166.21,34199.81,21.51,100.33,9.01,0.89,3.72,0.31,0.24,-99.9,-99.9,8.03,-99.9,5.04,1.73,1.17,34.18,0,0,1442
"2026-02-25 17:17:00",3363,6,0,0,0,1.87,13.98,27198.19,34450.49,21.68,101.7,9.17,1.23,5.17,0.33,0.26,-99.9,-99.9,8.05,-99.9,5,2.6,1.17,34.18,0,0,1443
"2026-02-25 17:32:00",3364,5.99,0,0,0,1.94,14.05,27220.97,34420.1,21.66,103.01,9.28,1.55,6.53,0.38,0.31,-99.9,-99.9,8.06,-99.9,5.05,3.12,1.17,34.35,0,0,1444
"2026-02-25 17:47:00",3365,6,0,0,0,2.01,14.02,27246.83,34480.61,21.7,102.64,9.25,1.51,6.33,0.35,0.27,-99.9,-99.9,8.08,-99.9,5.08,3.24,1.17,34.35,0,0,1445
"2026-02-25 18:02:00",3366,5.98,0,0,0,2.08,14.06,27223.14,34412.81,21.65,105.53,9.5,1.45,6.08,0.35,0.28,-99.9,-99.9,8.08,-99.9,5.11,3.37,1.18,35.61,0,0,1446
"2026-02-25 18:17:00",3367,5.99,0,0,0,2.14,13.93,27237.5,34540.07,21.74,104.75,9.45,1.65,6.93,0.41,0.34,-99.9,-99.9,8.08,-99.9,5.16,2.87,1.18,35.61,0,0,1447
"2026-02-25 18:32:00",3368,5.98,0,0,0,2.19,13.89,27199.41,34527.54,21.73,103.39,9.34,1.92,8.07,0.43,0.36,-99.9,-99.9,8.08,-99.9,5.14,2.63,1.18,34.21,0,0,1448
"2026-02-25 18:47:00",3369,5.99,0,0,0,2.25,13.92,27196.07,34495.55,21.71,103.69,9.36,1.78,7.51,0.4,0.32,-99.9,-99.9,8.07,-99.9,5.15,2.81,1.18,34.21,0,0,1449
"2026-02-25 19:02:00",3370,5.99,0,0,0,2.32,13.93,27215.62,34510.87,21.72,104.03,9.39,1.78,7.48,0.38,0.31,-99.9,-99.9,8.07,-99.9,5.11,2.55,1.18,34.62,0,0,1450
"2026-02-25 19:17:00",3371,5.97,0,0,0,2.35,13.9,27243.86,34572.96,21.76,102.91,9.29,1.95,8.2,0.4,0.33,-99.9,-99.9,8.07,-99.9,5.11,2.64,1.18,34.62,0,0,1451
"2026-02-25 19:32:00",3372,5.97,0,0,0,2.4,13.73,27383.24,34897.74,21.98,106.44,9.63,1.51,6.36,0.36,0.28,-99.9,-99.9,8.09,-99.9,5.26,3.47,1.18,34.14,0,0,1452
"2026-02-25 19:47:00",3373,5.97,0,0,0,2.43,13.75,27536.08,35073.17,22.11,109.24,9.87,2.14,9.01,0.46,0.39,-99.9,-99.9,8.12,-99.9,5.16,3.95,1.18,34.14,0,0,1453
"2026-02-25 20:02:00",3374,5.97,0,0,0,2.44,13.74,27577.9,35137.98,22.15,110.19,9.96,2.41,10.17,0.49,0.42,-99.9,-99.9,8.12,-99.9,5.26,3.62,1.18,34.27,0,0,1454
"2026-02-25 20:17:00",3375,5.97,0,0,0,2.47,13.72,27434.95,34966.4,22.03,104.97,9.5,1.95,8.22,0.4,0.33,-99.9,-99.9,8.1,-99.9,5.25,3.12,1.18,34.27,0,0,1455
"2026-02-25 20:32:02",3376,5.96,0,0,0,2.47,13.6,27609.28,35297.04,22.26,105.94,9.59,1.36,5.7,0.34,0.27,-99.9,-99.9,8.09,-99.9,5.26,3.81,1.17,33.69,0,0,1456
"2026-02-25 20:47:00",3377,5.96,0,0,0,2.47,13.34,27844.97,35821.97,22.62,102.51,9.31,1.53,6.45,0.38,0.31,-99.9,-99.9,8.06,-99.9,5.09,4.26,1.17,33.69,0,0,1457
"2026-02-25 21:02:00",3378,5.96,0,0,0,2.49,13.67,27497.64,35093.6,22.12,106.28,9.62,1.66,7,0.38,0.31,-99.9,-99.9,8.1,-99.9,5.25,3.77,1.17,34.24,0,0,1458
"2026-02-25 21:17:00",3379,5.96,0,0,0,2.48,13.6,27557.91,35225.95,22.21,104.77,9.49,1.66,7,0.4,0.33,-99.9,-99.9,8.08,-99.9,5.18,4.03,1.17,34.24,0,0,1459
"2026-02-25 21:32:00",3380,5.96,0,0,0,2.46,13.48,27640.41,35440.71,22.36,102.54,9.31,1.68,7.08,0.39,0.32,-99.9,-99.9,8.06,-99.9,5.22,4.13,1.17,35.49,0,0,1460
"2026-02-25 21:47:00",3381,5.95,0,0,0,2.42,13.45,27669.08,35501.85,22.4,101.37,9.2,1.69,7.1,0.41,0.34,-99.9,-99.9,8.07,-99.9,5.15,4.1,1.17,35.49,0,0,1461
"2026-02-25 22:02:00",3382,5.95,0,0,0,2.37,13.39,27786.3,35702.72,22.54,101.14,9.18,1.48,6.23,0.4,0.32,-99.9,-99.9,8.06,-99.9,5.15,4.21,1.17,33.96,0,0,1462
"2026-02-25 22:17:00",3383,5.95,0,0,0,2.35,13.43,27615.02,35451.38,22.36,100.12,9.09,1,4.17,0.33,0.26,-99.9,-99.9,8.06,-99.9,5.23,2.59,1.17,33.96,0,0,1463
"2026-02-25 22:32:00",3384,5.95,0,0,0,2.31,13.64,27538.47,35172.08,22.17,102.83,9.31,1.33,5.57,0.34,0.26,-99.9,-99.9,8.08,-99.9,5.26,2.81,1.17,34.05,0,0,1464
"2026-02-25 22:47:00",3385,5.95,0,0,0,2.28,13.62,27535.75,35182.45,22.18,102.01,9.24,1.79,7.53,0.41,0.34,-99.9,-99.9,8.07,-99.9,4.96,3.46,1.17,34.05,0,0,1465
"2026-02-25 23:02:00",3386,5.94,0,0,0,2.25,13.65,27521.91,35135.53,22.15,100.84,9.13,1.08,4.51,0.34,0.26,-99.9,-99.9,8.06,-99.9,5.17,2.85,1.18,34.29,0,0,1466
"2026-02-25 23:17:00",3387,5.94,0,0,0,2.23,13.47,27705.83,35530.29,22.42,94.96,8.61,1.23,5.14,0.35,0.28,-99.9,-99.9,8,-99.9,5.19,3.67,1.17,34.29,0,0,1467
"2026-02-25 23:32:00",3388,5.93,0,0,0,2.18,13.6,27534.44,35200.83,22.19,100.62,9.12,1.37,5.74,0.37,0.29,-99.9,-99.9,8.05,-99.9,5.25,3,1.17,33.9,0,0,1468
"2026-02-25 23:47:00",3389,5.94,0,0,0,2.16,13.6,27528.59,35192.4,22.19,98.62,8.94,1.38,5.8,0.34,0.27,-99.9,-99.9,8.03,-99.9,5.08,2.79,1.17,33.9,0,0,1469
"2026-02-26 00:02:00",3390,5.94,0,0,0,2.11,13.6,27492.82,35142.17,22.15,98.08,8.89,1.09,4.54,0.34,0.27,-99.9,-99.9,8.03,-99.9,5.2,2.33,1.18,33.82,0,0,1470
"2026-02-26 00:17:00",3391,5.92,0,0,0,2.1,13.55,27553.54,35267.66,22.24,97.7,8.86,1.16,4.85,0.34,0.27,-99.9,-99.9,8.03,-99.9,5.27,2.94,1.18,33.82,0,0,1471
"2026-02-26 00:32:00",3392,5.93,0,0,0,2.1,13.6,27442.21,35077.57,22.11,95.86,8.69,0.82,3.42,0.32,0.24,-99.9,-99.9,8.02,-99.9,5.09,1.79,1.18,33.74,0,0,1472
"2026-02-26 00:47:00",3393,5.93,0,0,0,2.09,13.56,27399.1,35062.53,22.09,92.62,8.4,0.93,3.88,0.34,0.27,-99.9,-99.9,8.01,-99.9,5.19,1.81,1.18,33.74,0,0,1473
"2026-02-26 01:02:00",3394,5.93,0,0,0,2.09,13.58,27394.32,35038.59,22.08,93.79,8.51,0.68,2.8,0.3,0.23,-99.9,-99.9,8,-99.9,4.95,1.76,1.18,33.84,0,0,1474
"2026-02-26 01:17:00",3395,5.93,0,0,0,2.1,13.51,27578.49,35335.56,22.28,93.33,8.47,1.17,4.89,0.34,0.26,-99.9,-99.9,8.03,-99.9,5.18,2.49,1.18,33.84,0,0,1475
"2026-02-26 01:32:00",3396,5.91,0,0,0,2.1,13.56,27502.46,35192.79,22.18,97.89,8.88,1.12,4.69,0.36,0.28,-99.9,-99.9,8.03,-99.9,5.25,2.3,1.19,34.38,0,0,1476
"2026-02-26 01:47:00",3397,5.91,0,0,0,2.1,13.51,27545.87,35289.55,22.25,98.59,8.95,1.26,5.28,0.36,0.29,-99.9,-99.9,8.03,-99.9,5.24,2.36,1.19,34.38,0,0,1477
"2026-02-26 02:02:00",3398,5.91,0,0,0,2.14,13.48,27573.97,35352.08,22.29,97.79,8.88,1.13,4.72,0.37,0.3,-99.9,-99.9,8.03,-99.9,5.2,2.57,1.18,34.06,0,0,1478
"2026-02-26 02:17:00",3399,5.92,0,0,0,2.17,13.43,27593.89,35425.51,22.34,90.79,8.25,1.25,5.24,0.38,0.3,-99.9,-99.9,8.02,-99.9,5.2,3.12,1.18,34.06,0,0,1479
"2026-02-26 02:32:00",3400,5.91,0,0,0,2.21,13.39,27569.4,35423.67,22.34,94,8.55,1.35,5.68,0.38,0.31,-99.9,-99.9,8,-99.9,5.14,3.35,1.18,34.31,0,0,1480
"2026-02-26 02:47:00",3401,5.9,0,0,0,2.25,13.39,27600.11,35460.05,22.37,91.47,8.31,1.75,7.36,0.4,0.32,-99.9,-99.9,8.01,-99.9,5.17,3.15,1.18,34.31,0,0,1481
"2026-02-26 03:02:00",3402,5.9,0,0,0,2.31,13.4,27567.13,35410.23,22.33,95.8,8.71,1.37,5.74,0.4,0.32,-99.9,-99.9,8.02,-99.9,5.16,3.65,1.18,35.35,0,0,1482
"2026-02-26 03:17:00",3403,5.9,0,0,0,2.35,13.39,27525.53,35370.58,22.3,89.69,8.16,1.52,6.38,0.43,0.36,-99.9,-99.9,8.01,-99.9,5.2,3.58,1.18,35.35,0,0,1483
"2026-02-26 03:32:00",3404,5.9,0,0,0,2.4,13.42,27542.81,35363.3,22.3,95.68,8.7,1.33,5.6,0.36,0.29,-99.9,-99.9,8.01,-99.9,5.12,3.6,1.18,34.29,0,0,1484
"2026-02-26 03:47:00",3405,5.91,0,0,0,2.47,13.44,27532.68,35338.58,22.28,90.52,8.23,1.4,5.89,0.39,0.32,-99.9,-99.9,8.01,-99.9,5.39,3.38,1.18,34.29,0,0,1485
"2026-02-26 04:02:00",3406,5.89,0,0,0,2.52,13.43,27541.53,35352.66,22.29,97.09,8.82,1.36,5.71,0.4,0.33,-99.9,-99.9,8.04,-99.9,5.12,3.68,1.18,34.52,0,0,1486
"2026-02-26 04:17:00",3407,5.9,0,0,0,2.59,13.43,27537.54,35348.51,22.29,92.31,8.39,1.35,5.66,0.35,0.28,-99.9,-99.9,8.05,-99.9,5.5,3.55,1.18,34.52,0,0,1487
"2026-02-26 04:32:00",3408,5.89,0,0,0,2.67,13.46,27516.2,35299.64,22.26,96.09,8.73,1.31,5.49,0.39,0.32,-99.9,-99.9,8.01,-99.9,5.43,3.72,1.18,34.27,0,0,1488
"2026-02-26 04:47:00",3409,5.89,0,0,0,2.73,13.46,27512.27,35286.79,22.25,94.8,8.61,1.37,5.77,0.39,0.32,-99.9,-99.9,8.02,-99.9,5.35,3.32,1.18,34.27,0,0,1489
"2026-02-26 05:02:00",3410,5.89,0,0,0,2.79,13.49,27476.79,35219.98,22.2,97.17,8.82,1.33,5.56,0.4,0.33,-99.9,-99.9,8.04,-99.9,5.24,3.29,1.18,34.87,0,0,1490
"2026-02-26 05:17:00",3411,5.88,0,0,0,2.86,13.52,27480.97,35200.97,22.19,96.2,8.73,1.12,4.67,0.35,0.28,-99.9,-99.9,8.01,-99.9,5.29,5.78,1.18,34.87,0,0,1491
"2026-02-26 05:32:00",3412,5.88,0,0,0,2.9,13.52,27462.64,35171.44,22.17,97.66,8.86,1.26,5.27,0.37,0.3,-99.9,-99.9,8.03,-99.9,5.25,2.54,1.18,34.01,0,0,1492
"2026-02-26 05:47:00",3413,5.88,0,0,0,2.94,13.62,27413.11,35028.99,22.07,96.57,8.75,1.21,5.06,0.38,0.31,-99.9,-99.9,8.06,-99.9,5.29,2.49,1.18,34.01,0,0,1493
"2026-02-26 06:02:00",3414,5.88,0,0,0,2.98,13.61,27412.18,35036.02,22.08,100.08,9.07,1.33,5.6,0.37,0.29,-99.9,-99.9,8.05,-99.9,5.33,2.56,1.18,33.66,0,0,1494
"2026-02-26 06:17:00",3415,5.88,0,0,0,3.01,13.62,27395.3,35007.47,22.06,99.58,9.03,1.21,5.08,0.35,0.28,-99.9,-99.9,8.05,-99.9,5.31,2.91,1.18,33.66,0,0,1495
"2026-02-26 06:32:00",3416,5.87,0,0,0,3.05,13.69,27344.43,34875.22,21.97,101.08,9.15,1.47,6.17,0.37,0.3,-99.9,-99.9,8.05,-99.9,5.32,2.48,1.17,33.95,0,0,1496
"2026-02-26 06:47:00",3417,5.88,0,0,0,3.06,13.67,27375.03,34931.2,22.01,100.34,9.09,1.21,5.07,0.36,0.29,-99.9,-99.9,8.05,-99.9,5.33,2.64,1.17,33.95,0,0,1497
"2026-02-26 07:02:00",3418,5.87,0,0,0,3.06,13.73,27344.36,34844.58,21.95,102.58,9.28,1.45,6.08,0.4,0.32,-99.9,-99.9,8.07,-99.9,5.36,2.51,1.17,34.13,0,0,1498
"2026-02-26 07:17:00",3419,5.88,0,0,0,3.06,13.68,27370.88,34921.77,22,100.55,9.11,1.16,4.85,0.34,0.27,-99.9,-99.9,8.05,-99.9,5.29,2.73,1.17,34.13,0,0,1499
"2026-02-26 07:32:00",3420,5.87,0,0,0,3.03,13.63,27391.61,34988.07,22.04,99.76,9.04,1.21,5.06,0.33,0.26,-99.9,-99.9,8.04,-99.9,5.3,3.14,1.18,33.81,0,0,1500
"2026-02-26 07:47:00",3421,5.87,0,0,0,2.99,13.64,27396.28,34986.97,22.04,99.62,9.03,1.11,4.66,0.35,0.28,-99.9,-99.9,8.04,-99.9,5.26,3.63,1.18,33.81,0,0,1501
"2026-02-26 08:02:00",3422,5.86,0,0,0,2.92,13.64,27395.76,34988.61,22.04,99.37,9,1.18,4.93,0.34,0.27,-99.9,-99.9,8.04,-99.9,5.28,3.3,1.17,33.21,0,0,1502
"2026-02-26 08:17:00",3423,5.86,0,0,0,2.87,13.62,27386.65,34990.85,22.05,98.67,8.94,1.09,4.58,0.34,0.27,-99.9,-99.9,8.03,-99.9,5.3,3.4,1.17,33.21,0,0,1503
"2026-02-26 08:32:00",3424,5.86,0,0,0,2.79,13.67,27335.39,34887.33,21.97,98.63,8.94,1.22,5.13,0.37,0.3,-99.9,-99.9,8.03,-99.9,5.32,2.47,1.17,33.97,0,0,1504
"2026-02-26 08:47:00",3425,5.87,0,0,0,2.72,13.68,27327.41,34868.91,21.96,97.72,8.85,1.38,5.77,0.39,0.32,-99.9,-99.9,8.03,-99.9,5.45,2.29,1.17,33.97,0,0,1505
"2026-02-26 09:02:00",3426,5.85,0,0,0,2.63,13.67,27334.18,34885.08,21.97,99.41,9.01,1.24,5.18,0.34,0.27,-99.9,-99.9,8.03,-99.9,5.27,2.48,1.17,33.79,0,0,1506
"2026-02-26 09:17:00",3427,5.85,0,0,0,2.52,13.67,27334.29,34884.79,21.97,99.84,9.04,1.12,4.69,0.35,0.28,-99.9,-99.9,8.04,-99.9,5.15,2.51,1.17,33.79,0,0,1507
"2026-02-26 09:32:00",3428,5.85,0,0,0,2.42,13.63,27381.92,34974.73,22.03,97.62,8.85,0.73,3.04,0.29,0.21,-99.9,-99.9,8.01,-99.9,5.31,2.49,1.19,33.73,0,0,1508
"2026-02-26 09:47:00",3429,5.85,0,0,0,2.3,13.72,27312.9,34812.72,21.92,95.56,8.65,0.76,3.15,0.3,0.22,-99.9,-99.9,8.01,-99.9,5.25,1.88,1.19,33.73,0,0,1509
"2026-02-26 10:02:00",3430,5.85,0,0,0,2.17,13.72,27314.41,34812.02,21.92,99.41,9,1.07,4.48,0.32,0.25,-99.9,-99.9,8.03,-99.9,5.24,2.18,1.18,33.87,0,0,1510
"2026-02-26 10:17:00",3431,5.84,0,0,0,2.04,13.7,27326.95,34848.05,21.95,98.75,8.94,0.75,3.1,0.32,0.25,-99.9,-99.9,8.02,-99.9,5.23,1.9,1.18,33.87,0,0,1511
"2026-02-26 10:32:00",3432,5.85,0,0,0,1.93,13.69,27340.33,34875.17,21.97,98.44,8.91,0.78,3.24,0.32,0.24,-99.9,-99.9,8.02,-99.9,5.18,2.1,1.18,34.08,0,0,1512
"2026-02-26 10:47:00",3433,5.85,0,0,0,1.82,13.73,27332.95,34834.31,21.94,99,8.96,0.82,3.43,0.3,0.23,-99.9,-99.9,8.03,-99.9,5.28,2.32,1.18,34.08,0,0,1513
"2026-02-26 11:02:00",3434,5.84,0,0,0,1.72,13.66,27389.65,34966.04,22.03,97.47,8.83,0.76,3.17,0.3,0.22,-99.9,-99.9,8.01,-99.9,5.32,2.67,1.18,35.38,0,0,1514
"2026-02-26 11:17:00",3435,5.85,0,0,0,1.61,13.71,27378.38,34904.87,21.99,100.06,9.06,1.15,4.8,0.34,0.26,-99.9,-99.9,8.03,-99.9,5.34,2.51,1.18,35.38,0,0,1515
"2026-02-26 11:32:00",3436,5.83,0,0,0,1.51,13.81,27311.07,34734.86,21.87,101.77,9.2,1.07,4.49,0.34,0.26,-99.9,-99.9,8.06,-99.9,5.19,2.19,1.18,33.77,0,0,1516
"2026-02-26 11:47:00",3437,5.84,0,0,0,1.41,13.73,27381.61,34890.11,21.98,100.57,9.1,1.19,4.98,0.36,0.29,-99.9,-99.9,8.04,-99.9,5.27,2.36,1.18,33.77,0,0,1517
"2026-02-26 12:02:00",3438,5.83,0,0,0,1.31,13.81,27372.53,34811.49,21.93,103.19,9.32,1.1,4.61,0.34,0.27,-99.9,-99.9,8.06,-99.9,5.3,2.2,1.18,34.64,0,0,1518
"2026-02-26 12:17:00",3439,5.83,0,0,0,1.23,13.86,27374.37,34771.22,21.9,106.05,9.57,1.13,4.74,0.36,0.28,-99.9,-99.9,8.08,-99.9,5.31,2.82,1.18,34.64,0,0,1519
"2026-02-26 12:32:00",3440,5.84,0,0,0,1.16,13.83,27420.4,34853.95,21.95,105.42,9.52,1.2,5.04,0.36,0.29,-99.9,-99.9,8.09,-99.9,5.31,2.5,1.17,33.21,0,0,1520
"2026-02-26 12:47:00",3441,5.82,0,0,0,1.09,13.91,27463.81,34842.35,21.95,112.32,10.13,1.3,5.43,0.36,0.28,-99.9,-99.9,8.14,-99.9,5.31,2.75,1.17,33.21,0,0,1521
"2026-02-26 13:02:00",3442,5.82,0,0,0,1.04,13.91,27469.54,34849.06,21.95,110.13,9.93,1.44,6.07,0.37,0.3,-99.9,-99.9,8.11,-99.9,5.35,2.68,1.17,33.76,0,0,1522
"2026-02-26 13:17:00",3443,5.83,0,0,0,0.97,14.05,27532.05,34810.61,21.93,105.86,9.52,1.38,5.8,0.38,0.3,-99.9,-99.9,8.08,-99.9,5.11,2.32,1.17,33.76,0,0,1523
"2026-02-26 13:32:00",3444,5.82,0,0,0,0.92,14.24,27556.95,34684.48,21.84,107.61,9.64,1.49,6.27,0.41,0.34,-99.9,-99.9,8.09,-99.9,5.07,2.39,1.18,35.09,0,0,1524
"2026-02-26 13:47:00",3445,5.83,0,0,0,0.9,14.15,27512.69,34703.66,21.86,113.3,10.17,1.94,8.19,0.42,0.35,-99.9,-99.9,8.15,-99.9,5.17,2.72,1.18,35.09,0,0,1525
"2026-02-26 14:02:00",3446,5.81,0,0,0,0.89,14.05,27538.33,34824.43,21.94,109.68,9.86,1.57,6.59,0.39,0.32,-99.9,-99.9,8.1,-99.9,5.18,2.43,1.18,33.42,0,0,1526
"2026-02-26 14:17:00",3447,5.82,0,0,0,0.88,13.98,27569.1,34922.24,22,110.55,9.95,1.4,5.86,0.36,0.29,-99.9,-99.9,8.13,-99.9,5.29,2.48,1.18,33.42,0,0,1527
"2026-02-26 14:32:00",3448,5.82,0,0,0,0.88,14.18,27608.54,34796.5,21.92,115.13,10.32,1.54,6.48,0.39,0.32,-99.9,-99.9,8.15,-99.9,5.21,2.59,1.18,34.08,0,0,1528
"2026-02-26 14:47:00",3449,5.82,0,0,0,0.91,14.33,27706.16,34796.42,21.92,116.85,10.44,1.72,7.24,0.4,0.32,-99.9,-99.9,8.18,-99.9,5.11,3.48,1.18,34.08,0,0,1529
"2026-02-26 15:02:00",3450,5.82,0,0,0,0.91,14.56,27795.22,34715.2,21.87,119.05,10.59,1.87,7.89,0.44,0.37,-99.9,-99.9,8.19,-99.9,5.14,3.7,1.18,33.31,0,0,1530
"2026-02-26 15:17:00",3451,5.81,0,0,0,0.93,14.61,27819.11,34702.79,21.86,112.47,10,1.72,7.25,0.43,0.36,-99.9,-99.9,8.14,-99.9,5.06,2.76,1.18,33.31,0,0,1531
"2026-02-26 15:32:00",3452,5.81,0,0,0,0.98,14.7,27832.09,34645.87,21.82,113.9,10.11,1.8,7.57,0.39,0.32,-99.9,-99.9,8.13,-99.9,4.98,2.51,1.17,32.9,0,0,1532
"2026-02-26 15:47:00",3453,5.81,0,0,0,1.03,14.66,27796.84,34639.62,21.82,110.78,9.84,1.75,7.35,0.41,0.34,-99.9,-99.9,8.12,-99.9,5.02,2.17,1.17,32.9,0,0,1533
"2026-02-26 16:02:00",3454,5.81,0,0,0,1.09,14.25,27707.37,34862.79,21.97,114.08,10.21,1.92,8.11,0.4,0.33,-99.9,-99.9,8.15,-99.9,5.17,3.33,1.17,33.8,0,0,1534
"2026-02-26 16:17:00",3455,5.82,0,0,0,1.15,14.54,27812.89,34755.14,21.9,112.49,10.01,1.66,6.98,0.37,0.3,-99.9,-99.9,8.13,-99.9,5.05,3.07,1.17,33.8,0,0,1535
"2026-02-26 16:32:00",3456,5.8,0,0,0,1.22,14.59,27835.72,34740.81,21.89,117.49,10.45,2.04,8.62,0.41,0.34,-99.9,-99.9,8.17,-99.9,5.06,3.45,1.17,33.25,0,0,1536
"2026-02-26 16:47:00",3457,5.8,0,0,0,1.31,14.7,27827.41,34640.68,21.82,115.84,10.28,2.04,8.59,0.41,0.33,-99.9,-99.9,8.17,-99.9,4.99,3.27,1.17,33.25,0,0,1537
"2026-02-26 17:02:00",3458,5.8,0,0,0,1.39,14.71,27815.9,34619.07,21.8,116.18,10.31,2.27,9.6,0.43,0.36,-99.9,-99.9,8.15,-99.9,4.96,2.54,1.17,33.22,0,0,1538
"2026-02-26 17:17:00",3459,5.81,0,0,0,1.46,14.72,27797.54,34591.08,21.79,114.34,10.15,1.9,8.03,0.42,0.35,-99.9,-99.9,8.15,-99.9,4.99,2.48,1.17,33.22,0,0,1539
"2026-02-26 17:32:00",3460,5.8,0,0,0,1.57,14.71,27796.1,34595.93,21.79,118.06,10.48,2.16,9.1,0.4,0.33,-99.9,-99.9,8.18,-99.9,5.03,2.57,1.18,33.68,0,0,1540
"2026-02-26 17:47:00",3461,5.79,0,0,0,1.64,14.69,27801.29,34615.42,21.8,118.05,10.48,2.09,8.82,0.42,0.34,-99.9,-99.9,8.17,-99.9,5.06,2.7,1.18,33.68,0,0,1541
"2026-02-26 18:02:00",3462,5.8,0,0,0,1.75,14.62,27792.43,34663.16,21.83,117.65,10.46,1.81,7.6,0.38,0.31,-99.9,-99.9,8.17,-99.9,5.07,2.59,1.17,33.62,0,0,1542
"2026-02-26 18:17:00",3463,5.8,0,0,0,1.83,14.57,27788.94,34704.94,21.86,118.87,10.58,1.88,7.93,0.39,0.32,-99.9,-99.9,8.19,-99.9,5.08,2.68,1.17,33.62,0,0,1543
"2026-02-26 18:32:00",3464,5.8,0,0,0,1.92,14.51,27781.22,34738.49,21.88,117.72,10.48,2.21,9.3,0.45,0.38,-99.9,-99.9,8.17,-99.9,5.12,2.67,1.18,33.69,0,0,1544
"2026-02-26 18:47:00",3465,5.8,0,0,0,2,14.46,27770.52,34773.31,21.91,113.89,10.15,2.15,9.07,0.39,0.32,-99.9,-99.9,8.14,-99.9,5.08,2.52,1.18,33.69,0,0,1545
"2026-02-26 19:02:00",3466,5.79,0,0,0,2.06,14.38,27771.13,34833.6,21.95,112.67,10.06,1.59,6.69,0.41,0.34,-99.9,-99.9,8.13,-99.9,5.14,2.5,1.17,33.3,0,0,1546
"2026-02-26 19:17:00",3467,5.79,0,0,0,2.13,14.44,27805.32,34827.02,21.95,117.93,10.51,2.21,9.33,0.4,0.33,-99.9,-99.9,8.17,-99.9,5.04,3.05,1.17,33.3,0,0,1547
"2026-02-26 19:32:00",3468,5.79,0,0,0,2.23,14.41,27800.01,34845.02,21.96,117.82,10.51,1.87,7.87,0.37,0.3,-99.9,-99.9,8.17,-99.9,5.11,3.42,1.18,34.63,0,0,1548
"2026-02-26 19:47:00",3469,5.79,0,0,0,2.3,14.47,27840.85,34851.76,21.96,122.51,10.92,1.91,8.04,0.4,0.33,-99.9,-99.9,8.2,-99.9,5.2,3.18,1.18,34.63,0,0,1549
"2026-02-26 20:02:00",3470,5.79,0,0,0,2.36,14.33,27817.15,34938.34,22.02,121.44,10.85,2,8.41,0.4,0.33,-99.9,-99.9,8.19,-99.9,5.3,2.87,1.18,33.55,0,0,1550
"2026-02-26 20:17:00",3471,5.78,0,0,0,2.42,14.38,27855.92,34940.84,22.02,123.78,11.04,1.9,8.01,0.39,0.31,-99.9,-99.9,8.22,-99.9,5.26,3.04,1.18,33.55,0,0,1551
"2026-02-26 20:32:00",3472,5.78,0,0,0,2.45,13.8,28134.64,35793.4,22.61,105.42,9.49,1.5,6.31,0.37,0.3,-99.9,-99.9,8.07,-99.9,5.11,2.9,1.18,32.96,0,0,1552
"2026-02-26 20:47:00",3473,5.78,0,0,0,2.48,13.66,28197.95,35998.36,22.75,101.66,9.17,1.56,6.56,0.38,0.31,-99.9,-99.9,8.05,-99.9,4.95,3,1.18,32.96,0,0,1553
"2026-02-26 21:02:00",3474,5.78,0,0,0,2.51,13.65,28207.91,36016.9,22.76,101.49,9.15,1.5,6.3,0.38,0.31,-99.9,-99.9,8.05,-99.9,5.04,3.34,1.18,33.48,0,0,1554
"2026-02-26 21:17:00",3475,5.78,0,0,0,2.55,14,27952.2,35391.69,22.33,111.63,10.02,1.87,7.86,0.39,0.31,-99.9,-99.9,8.23,-99.9,4.89,4.01,1.18,33.48,0,0,1555
"2026-02-26 21:32:00",3476,5.77,0,0,0,2.59,13.88,28097.29,35675.36,22.53,105.2,9.46,1.08,4.53,0.32,0.25,-99.9,-99.9,8.07,-99.9,5.1,2.42,1.18,33.7,0,0,1556
"2026-02-26 21:47:00",3477,5.78,0,0,0,2.57,13.79,28129.77,35790.34,22.6,100.97,9.09,1.07,4.49,0.33,0.26,-99.9,-99.9,8.07,-99.9,5.13,2.34,1.18,33.7,0,0,1557
"2026-02-26 22:02:00",3478,5.77,0,0,0,2.58,13.93,28089.16,35623.01,22.49,105.58,9.48,1.02,4.28,0.32,0.25,-99.9,-99.9,8.08,-99.9,5.15,2.08,1.18,33.68,0,0,1558
"2026-02-26 22:17:00",3479,5.77,0,0,0,2.56,13.95,28013.26,35503.66,22.41,107.62,9.67,1.49,6.25,0.37,0.3,-99.9,-99.9,8.1,-99.9,5.1,2.62,1.18,33.68,0,0,1559
"2026-02-26 22:32:00",3480,5.77,0,0,0,2.53,14.09,27958.25,35321.42,22.28,109.71,9.83,1.5,6.3,0.35,0.28,-99.9,-99.9,8.11,-99.9,5.14,2.55,1.18,34.45,0,0,1560
"2026-02-26 22:47:00",3481,5.76,0,0,0,2.5,14.41,27924.42,35003.63,22.07,114.45,10.2,1.61,6.78,0.37,0.3,-99.9,-99.9,8.16,-99.9,4.97,2.21,1.18,34.45,0,0,1561
"2026-02-26 23:02:00",3482,5.76,0,0,0,2.46,14.23,27964.56,35203.91,22.2,112.23,10.03,1.22,5.11,0.33,0.26,-99.9,-99.9,8.13,-99.9,5.23,2.19,1.18,33.43,0,0,1562
"2026-02-26 23:17:00",3483,5.76,0,0,0,2.41,14.21,27963.67,35225.9,22.22,109.78,9.82,0.97,4.06,0.29,0.22,-99.9,-99.9,8.11,-99.9,5.06,1.8,1.18,33.43,0,0,1563
"2026-02-26 23:32:00",3484,5.76,0,0,0,2.36,14.02,28010.79,35442.28,22.37,106.39,9.54,1.21,5.07,0.37,0.3,-99.9,-99.9,8.08,-99.9,5.69,1.9,1.18,33.26,0,0,1564
"2026-02-26 23:47:00",3485,5.77,0,0,0,2.31,14,28012.31,35461.46,22.38,105.49,9.47,1.12,4.69,0.34,0.26,-99.9,-99.9,8.08,-99.9,5.31,1.98,1.18,33.26,0,0,1565
"2026-02-27 00:02:00",3486,5.75,0,0,0,2.25,14.02,28001.83,35430.36,22.36,102.98,9.24,0.85,3.53,0.3,0.22,-99.9,-99.9,8.07,-99.9,4.84,1.39,1.17,33.07,0,0,1566
"2026-02-27 00:17:00",3487,5.76,0,0,0,2.2,14.04,27976.14,35384.26,22.33,98.25,8.81,1.25,5.26,0.35,0.28,-99.9,-99.9,8.08,-99.9,5.18,1.82,1.17,33.07,0,0,1567
"2026-02-27 00:32:00",3488,5.75,0,0,0,2.16,13.98,27933.2,35383.14,22.32,99.26,8.91,0.83,3.46,0.28,0.21,-99.9,-99.9,8.03,-99.9,5.18,1.9,1.18,34.12,0,0,1568
"2026-02-27 00:47:00",3489,5.76,0,0,0,2.11,14,27954.99,35389.95,22.33,98.9,8.88,0.95,3.98,0.32,0.25,-99.9,-99.9,8.04,-99.9,5.24,2.43,1.18,34.12,0,0,1569
"2026-02-27 01:02:00",3490,5.75,0,0,0,2.08,13.98,27887.38,35325.13,22.28,93.55,8.4,0.86,3.56,0.3,0.22,-99.9,-99.9,8,-99.9,5.21,1.8,1.18,33.59,0,0,1570
"2026-02-27 01:17:00",3491,5.75,0,0,0,2.03,13.98,27925.15,35369.15,22.31,85.15,7.65,0.94,3.93,0.29,0.22,-99.9,-99.9,8.01,-99.9,5.25,1.61,1.18,33.59,0,0,1571
"2026-02-27 01:32:00",3492,5.74,0,0,0,2.02,13.93,27983.03,35482.1,22.39,102.08,9.17,1.1,4.61,0.32,0.24,-99.9,-99.9,8.05,-99.9,4.88,2.37,1.18,33.44,0,0,1572
"2026-02-27 01:47:00",3493,5.75,0,0,0,1.99,13.92,27987.89,35499.49,22.4,99.77,8.97,1.32,5.52,0.36,0.29,-99.9,-99.9,8.05,-99.9,4.88,2.29,1.18,33.44,0,0,1573
"2026-02-27 02:02:00",3494,5.75,0,0,0,1.98,13.84,27991.33,35570.69,22.45,101.76,9.16,1.48,6.22,0.37,0.3,-99.9,-99.9,8.05,-99.9,5.52,3.02,1.18,32.88,0,0,1574
"2026-02-27 02:17:00",3495,5.75,0,0,0,1.99,13.92,27962.74,35468.83,22.38,96.32,8.66,1.13,4.73,0.33,0.25,-99.9,-99.9,8.02,-99.9,5.19,2.3,1.18,32.88,0,0,1575
"2026-02-27 02:32:00",3496,5.74,0,0,0,1.98,13.83,28068.23,35679.72,22.53,102.37,9.21,1.25,5.23,0.33,0.26,-99.9,-99.9,8.05,-99.9,4.77,2.76,1.18,33.51,0,0,1576
"2026-02-27 02:47:00",3497,5.74,0,0,0,2,13.84,28050.35,35645.23,22.5,96.8,8.71,1.52,6.37,0.38,0.3,-99.9,-99.9,8.06,-99.9,5.05,2.63,1.18,33.51,0,0,1577
"2026-02-27 03:02:00",3498,5.74,0,0,0,2.01,13.86,28096.76,35692.62,22.54,101.94,9.17,1.34,5.6,0.33,0.26,-99.9,-99.9,8.05,-99.9,5.05,2.93,1.18,33.67,0,0,1578
"2026-02-27 03:17:00",3499,5.74,0,0,0,2.05,13.85,28109.01,35716.42,22.55,97.15,8.74,1.33,5.59,0.37,0.3,-99.9,-99.9,8.04,-99.9,5.05,2.56,1.18,33.67,0,0,1579
"2026-02-27 03:32:00",3500,5.74,0,0,0,2.09,13.86,28094.68,35689.6,22.53,100.3,9.02,1.33,5.57,0.37,0.3,-99.9,-99.9,8.05,-99.9,5.03,2.55,1.18,34.98,0,0,1580
"2026-02-27 03:47:00",3501,5.73,0,0,0,2.12,13.83,28132.1,35757.61,22.58,99.45,8.94,1.71,7.19,0.39,0.32,-99.9,-99.9,8.03,-99.9,5.18,2.61,1.18,34.98,0,0,1581
"2026-02-27 04:02:00",3502,5.73,0,0,0,2.17,13.83,28133,35765.18,22.59,98.83,8.89,1.59,6.7,0.38,0.3,-99.9,-99.9,8.03,-99.9,4.86,2.72,1.17,33.73,0,0,1582
"2026-02-27 04:17:00",3503,5.73,0,0,0,2.23,13.84,28117.36,35732.56,22.56,96.82,8.71,1.37,5.74,0.4,0.33,-99.9,-99.9,8.03,-99.9,5.09,2.52,1.17,33.73,0,0,1583
"2026-02-27 04:32:00",3504,5.73,0,0,0,2.3,13.83,28133.3,35762.78,22.59,98.01,8.82,1.46,6.15,0.35,0.28,-99.9,-99.9,8.02,-99.9,5.04,2.43,1.18,34.07,0,0,1584
"2026-02-27 04:47:00",3505,5.74,0,0,0,2.38,13.85,28078.99,35673.8,22.52,94.82,8.53,1.02,4.28,0.32,0.24,-99.9,-99.9,8.03,-99.9,5.19,1.59,1.18,34.07,0,0,1585
"2026-02-27 05:02:00",3506,5.72,0,0,0,2.44,13.86,28073.82,35665.69,22.52,97.9,8.8,0.98,4.11,0.31,0.24,-99.9,-99.9,8.04,-99.9,4.96,2.14,1.19,33.78,0,0,1586
"2026-02-27 05:17:00",3507,5.73,0,0,0,2.51,13.89,27942.02,35471.1,22.38,95.04,8.55,0.85,3.54,0.32,0.25,-99.9,-99.9,8,-99.9,5.14,1.6,1.19,33.78,0,0,1587
"2026-02-27 05:32:00",3508,5.72,0,0,0,2.59,13.98,27841,35264.69,22.24,94.01,8.45,0.68,2.83,0.28,0.21,-99.9,-99.9,8,-99.9,4.53,1.05,1.17,33.86,0,0,1588
"2026-02-27 05:47:00",3509,5.73,0,0,0,2.68,14.11,27810.53,35117.74,22.14,97.71,8.76,0.81,3.38,0.3,0.23,-99.9,-99.9,8.02,-99.9,5.22,0.99,1.17,33.86,0,0,1589
"2026-02-27 06:02:00",3510,5.73,0,0,0,2.75,14.22,27816.42,35032.82,22.08,101.32,9.07,0.93,3.86,0.29,0.22,-99.9,-99.9,8.05,-99.9,4.83,1.18,1.18,33.47,0,0,1590
"2026-02-27 06:17:00",3511,5.72,0,0,0,2.82,14.01,27833.6,35225.53,22.21,95.43,8.57,0.86,3.58,0.3,0.23,-99.9,-99.9,8,-99.9,5.21,1.02,1.18,33.47,0,0,1591
"2026-02-27 06:32:00",3512,5.71,0,0,0,2.88,14.13,27813.48,35101.35,22.13,98.79,8.86,1.09,4.55,0.31,0.23,-99.9,-99.9,8.02,-99.9,5.21,1.24,1.18,32.85,0,0,1592
"2026-02-27 06:47:00",3513,5.72,0,0,0,2.95,14.23,27812.84,35017.37,22.07,98.75,8.84,1.02,4.27,0.31,0.24,-99.9,-99.9,8.03,-99.9,5.18,1.33,1.18,32.85,0,0,1593
"2026-02-27 07:02:00",3514,5.72,0,0,0,3,14.24,27810.76,35004.82,22.07,102.66,9.18,1.09,4.57,0.32,0.25,-99.9,-99.9,8.05,-99.9,5.22,1.39,1.18,33.05,0,0,1594
"2026-02-27 07:17:00",3515,5.72,0,0,0,3.03,14.16,27875.07,35149.61,22.16,102.08,9.14,1.02,4.26,0.31,0.24,-99.9,-99.9,8.05,-99.9,5.21,1.73,1.18,33.05,0,0,1595
"2026-02-27 07:32:00",3516,5.71,0,0,0,3.09,14.2,27859.6,35099.16,22.13,103.49,9.26,1.15,4.81,0.32,0.24,-99.9,-99.9,8.05,-99.9,5.07,1.59,1.18,33.19,0,0,1596
"2026-02-27 07:47:00",3517,5.71,0,0,0,3.1,14.15,27869.63,35153.72,22.17,101.01,9.05,0.8,3.34,0.3,0.22,-99.9,-99.9,8.03,-99.9,5.16,1.63,1.18,33.19,0,0,1597
"2026-02-27 08:02:00",3518,5.71,0,0,0,3.1,14.14,27896.32,35197.82,22.2,102.82,9.21,1.02,4.25,0.3,0.22,-99.9,-99.9,8.05,-99.9,5.16,1.95,1.17,33.35,0,0,1598
"2026-02-27 08:17:00",3519,5.71,0,0,0,3.11,14.12,27890.68,35210.36,22.21,101.64,9.11,0.86,3.58,0.31,0.24,-99.9,-99.9,8.04,-99.9,5.09,1.79,1.17,33.35,0,0,1599
"2026-02-27 08:32:00",3520,5.71,0,0,0,3.1,14.09,27895.22,35234.95,22.22,101.86,9.13,0.97,4.03,0.3,0.22,-99.9,-99.9,8.04,-99.9,5.11,2.41,1.18,35.2,0,0,1600
"2026-02-27 08:47:00",3521,5.7,0,0,0,3.07,14.07,27916.28,35279.6,22.25,101.52,9.1,0.89,3.72,0.31,0.24,-99.9,-99.9,8.04,-99.9,5.11,2.07,1.18,35.2,0,0,1601
"2026-02-27 09:02:00",3522,5.7,0,0,0,3.02,14.06,27943.85,35326.76,22.29,101.47,9.1,1,4.16,0.3,0.23,-99.9,-99.9,8.04,-99.9,5.12,2.13,1.18,33.33,0,0,1602
"2026-02-27 09:17:00",3523,5.7,0,0,0,2.95,14.05,27948.77,35343.65,22.3,101.22,9.08,1.03,4.33,0.32,0.24,-99.9,-99.9,8.04,-99.9,5.18,1.92,1.18,33.33,0,0,1603
"2026-02-27 09:32:00",3524,5.7,0,0,0,2.89,14.07,27946.26,35315.46,22.28,102.17,9.16,1.06,4.42,0.32,0.25,-99.9,-99.9,8.04,-99.9,5.19,1.88,1.18,32.53,0,0,1604
"2026-02-27 09:47:00",3525,5.71,0,0,0,2.8,14.08,27953.8,35318.38,22.28,101.74,9.12,1.05,4.39,0.31,0.24,-99.9,-99.9,8.05,-99.9,5.18,1.87,1.18,32.53,0,0,1605
"2026-02-27 10:02:00",3526,5.69,0,0,0,2.71,14.08,27971.29,35344.68,22.3,102.09,9.15,0.97,4.05,0.32,0.24,-99.9,-99.9,8.04,-99.9,5.15,2.01,1.18,33.44,0,0,1606
"2026-02-27 10:17:02",3527,5.7,0,0,0,2.58,14.12,27978.14,35320.89,22.28,103.59,9.28,1.12,4.67,0.3,0.23,-99.9,-99.9,8.05,-99.9,5.08,1.82,1.18,33.44,0,0,1607
"2026-02-27 10:32:00",3528,5.7,0,0,0,2.48,14.14,27997.68,35326.53,22.29,103.96,9.31,1.12,4.67,0.36,0.28,-99.9,-99.9,8.06,-99.9,5.02,1.91,1.17,33.33,0,0,1608
"2026-02-27 10:47:00",3529,5.7,0,0,0,2.35,14.12,27988.42,35330.11,22.29,103.63,9.28,1.17,4.91,0.33,0.26,-99.9,-99.9,8.05,-99.9,5.07,1.86,1.17,33.33,0,0,1609
"2026-02-27 11:02:00",3530,5.68,0,0,0,2.23,14.1,28009.99,35377.81,22.32,102.64,9.2,1.45,6.07,0.36,0.29,-99.9,-99.9,8.04,-99.9,5.14,1.83,1.18,33.28,0,0,1610
"2026-02-27 11:17:00",3531,5.69,0,0,0,2.08,14.19,28008.21,35296.99,22.27,104.37,9.34,1.02,4.27,0.31,0.23,-99.9,-99.9,8.07,-99.9,5.06,1.87,1.18,33.28,0,0,1611
"2026-02-27 11:32:00",3532,5.69,0,0,0,1.98,14.25,28023.5,35262.11,22.24,110.84,9.9,0.9,3.75,0.29,0.22,-99.9,-99.9,8.12,-99.9,5.19,1.67,1.19,33.62,0,0,1612
"2026-02-27 11:47:00",3533,5.69,0,0,0,1.84,14.29,28059.49,35279.06,22.26,109.92,9.81,1.37,5.74,0.36,0.29,-99.9,-99.9,8.11,-99.9,5.14,2.04,1.19,33.62,0,0,1613
"2026-02-27 12:02:00",3534,5.7,0,0,0,1.71,14.33,28056.61,35234.72,22.23,110.58,9.86,1.3,5.46,0.36,0.28,-99.9,-99.9,8.11,-99.9,5.16,2.78,1.18,32.93,0,0,1614
"2026-02-27 12:17:00",3535,5.68,0,0,0,1.61,14.36,28020.55,35167.36,22.18,113.7,10.14,1.06,4.44,0.31,0.23,-99.9,-99.9,8.14,-99.9,5.14,1.84,1.18,32.93,0,0,1615
"2026-02-27 12:32:00",3536,5.68,0,0,0,1.49,14.47,28033.57,35092,22.13,116.56,10.38,1.04,4.37,0.33,0.26,-99.9,-99.9,8.16,-99.9,5.11,1.81,1.17,32.99,0,0,1616
"2026-02-27 12:47:00",3537,5.68,0,0,0,1.37,14.53,28114.13,35140.88,22.16,120.91,10.75,1.13,4.75,0.31,0.24,-99.9,-99.9,8.18,-99.9,5.23,1.93,1.17,32.99,0,0,1617
"2026-02-27 13:02:00",3538,5.68,0,0,0,1.28,14.44,28104.88,35202.92,22.21,114.64,10.2,1.44,6.06,0.36,0.29,-99.9,-99.9,8.14,-99.9,5.05,2.02,1.18,33.51,0,0,1618
"2026-02-27 13:17:00",3539,5.69,0,0,0,1.18,14.53,28117.4,35142.13,22.17,121.34,10.78,1.54,6.48,0.39,0.32,-99.9,-99.9,8.19,-99.9,5.09,2.1,1.18,33.51,0,0,1619
"2026-02-27 13:32:00",3540,5.67,0,0,0,1.11,14.54,28146.61,35177.09,22.19,121.58,10.8,1.33,5.59,0.34,0.26,-99.9,-99.9,8.21,-99.9,4.9,2.13,1.17,32.68,0,0,1620
"2026-02-27 13:47:00",3541,5.68,0,0,0,1.03,14.71,28204.78,35101.68,22.14,128.16,11.35,1.44,6.07,0.36,0.29,-99.9,-99.9,8.23,-99.9,5.02,2.06,1.17,32.68,0,0,1621
"2026-02-27 14:02:00",3542,5.68,0,0,0,0.96,14.41,28126.49,35260.68,22.25,119.08,10.61,1.65,6.92,0.36,0.29,-99.9,-99.9,8.16,-99.9,5.11,1.95,1.18,33.17,0,0,1622
"2026-02-27 14:17:00",3543,5.68,0,0,0,0.91,15.02,28367.9,35052.32,22.11,128.27,11.29,1.36,5.71,0.33,0.25,-99.9,-99.9,8.25,-99.9,4.95,2.61,1.18,33.17,0,0,1623
"2026-02-27 14:32:00",3544,5.68,0,0,0,0.85,15.1,28414.53,35038.67,22.1,124.57,10.95,1.71,7.21,0.42,0.35,-99.9,-99.9,8.23,-99.9,4.81,2.29,1.18,32.86,0,0,1624
"2026-02-27 14:47:00",3545,5.67,0,0,0,0.82,14.66,28282.87,35242.02,22.24,120.33,10.66,1.37,5.74,0.35,0.28,-99.9,-99.9,8.18,-99.9,4.89,2.24,1.18,32.86,0,0,1625
"2026-02-27 15:02:00",3546,5.67,0,0,0,0.79,14.71,28251.83,35166.63,22.18,122.77,10.87,1.47,6.2,0.36,0.29,-99.9,-99.9,8.2,-99.9,5,2.16,1.18,33.51,0,0,1626
"2026-02-27 15:17:00",3547,5.68,0,0,0,0.78,15.02,28404.92,35093.54,22.14,125.06,11.01,1.56,6.58,0.37,0.3,-99.9,-99.9,8.23,-99.9,4.84,2.06,1.18,33.51,0,0,1627
"2026-02-27 15:32:00",3548,5.67,0,0,0,0.79,14.71,28246.05,35152.48,22.17,125.03,11.07,1.79,7.54,0.39,0.32,-99.9,-99.9,8.22,-99.9,5,2.15,1.18,34.22,0,0,1628
"2026-02-27 15:47:00",3549,5.68,0,0,0,0.79,14.74,28222.85,35102.48,22.14,123.32,10.92,1.81,7.62,0.39,0.31,-99.9,-99.9,8.22,-99.9,5.02,2.28,1.18,34.22,0,0,1629
"2026-02-27 16:02:00",3550,5.66,0,0,0,0.81,14.6,28142.98,35116.36,22.15,132.61,11.77,1.72,7.26,0.38,0.31,-99.9,-99.9,8.27,-99.9,5.18,2.52,1.17,33.57,0,0,1630
"2026-02-27 16:17:00",3551,5.67,0,0,0,0.85,14.71,28240.09,35151.72,22.17,133.25,11.8,1.8,7.56,0.38,0.31,-99.9,-99.9,8.28,-99.9,5.07,2.43,1.17,33.57,0,0,1631
"2026-02-27 16:32:00",3552,5.66,0,0,0,0.89,15.07,28427.96,35080.31,22.13,128.38,11.29,2.36,9.96,0.45,0.38,-99.9,-99.9,8.24,-99.9,4.93,2.57,1.19,34.69,0,0,1632
"2026-02-27 16:47:00",3553,5.67,0,0,0,0.95,14.9,28328.76,35096.71,22.14,129.41,11.42,1.95,8.2,0.4,0.33,-99.9,-99.9,8.25,-99.9,4.9,2.49,1.19,34.69,0,0,1633
"2026-02-27 17:02:00",3554,5.67,0,0,0,1.02,15.08,28458.07,35114.25,22.15,127.57,11.21,1.85,7.81,0.42,0.35,-99.9,-99.9,8.23,-99.9,4.91,3.66,1.17,32.93,0,0,1634
"2026-02-27 17:17:00",3555,5.66,0,0,0,1.1,15.03,28432,35120.58,22.16,124.57,10.96,1.98,8.33,0.39,0.32,-99.9,-99.9,8.21,-99.9,4.93,2.84,1.17,32.93,0,0,1635
"2026-02-27 17:32:00",3556,5.66,0,0,0,1.2,15.1,28460.54,35099.7,22.14,126.54,11.12,2.59,10.93,0.47,0.4,-99.9,-99.9,8.23,-99.9,4.91,2.84,1.17,33.23,0,0,1636
"2026-02-27 17:47:00",3557,5.66,0,0,0,1.3,15.2,28507.34,35073.76,22.13,124.74,10.94,2.44,10.3,0.45,0.38,-99.9,-99.9,8.22,-99.9,4.87,2.57,1.17,33.23,0,0,1637
"2026-02-27 18:02:00",3558,5.66,0,0,0,1.4,15.19,28502.35,35075.04,22.13,122.93,10.78,2.37,10.02,0.45,0.38,-99.9,-99.9,8.19,-99.9,4.87,2.45,1.18,33.41,0,0,1638
"2026-02-27 18:17:00",3559,5.65,0,0,0,1.5,15.06,28412.43,35072.22,22.12,119.01,10.47,2.6,10.99,0.48,0.41,-99.9,-99.9,8.16,-99.9,4.9,2.08,1.18,33.41,0,0,1639
"2026-02-27 18:32:00",3560,5.65,0,0,0,1.57,15.11,28457.48,35082.45,22.13,122.52,10.76,2.78,11.76,0.46,0.39,-99.9,-99.9,8.19,-99.9,4.98,2.51,1.18,33.6,0,0,1640
"2026-02-27 18:47:00",3561,5.65,0,0,0,1.69,15.15,28468.98,35066.65,22.12,120.82,10.61,3.13,13.24,0.5,0.43,-99.9,-99.9,8.2,-99.9,4.93,2.46,1.18,33.6,0,0,1641
"2026-02-27 19:02:00",3562,5.65,0,0,0,1.8,15.39,28571.43,34996.79,22.07,120.65,10.54,2.67,11.3,0.45,0.38,-99.9,-99.9,8.18,-99.9,4.96,2.18,1.18,33.04,0,0,1642
"2026-02-27 19:17:00",3563,5.65,0,0,0,1.9,15.32,28476.48,34935.5,22.03,119.51,10.46,2.69,11.36,0.45,0.38,-99.9,-99.9,8.17,-99.9,4.96,1.92,1.18,33.04,0,0,1643
"2026-02-27 19:32:00",3564,5.65,0,0,0,2,15.19,28422.64,34974.67,22.06,119.16,10.45,2.74,11.58,0.48,0.4,-99.9,-99.9,8.17,-99.9,4.96,2.17,1.17,33,0,0,1644
"2026-02-27 19:47:00",3565,5.65,0,0,0,2.08,15.21,28411.18,34942.06,22.03,117.84,10.34,3.14,13.28,0.49,0.42,-99.9,-99.9,8.16,-99.9,4.88,1.81,1.17,33,0,0,1645
"2026-02-27 20:02:00",3566,5.65,0,0,0,2.17,15.17,28411.54,34978.5,22.06,117.41,10.31,3.04,12.87,0.49,0.42,-99.9,-99.9,8.16,-99.9,4.89,2.14,1.17,33.89,0,0,1646
"2026-02-27 20:17:00",3567,5.65,0,0,0,2.25,15.14,28383.37,34970.02,22.05,113.7,9.99,2.92,12.34,0.49,0.42,-99.9,-99.9,8.15,-99.9,4.99,2.11,1.17,33.89,0,0,1647
"2026-02-27 20:32:00",3568,5.65,0,0,0,2.35,15.03,28326.94,34993.49,22.07,115.02,10.12,2.39,10.09,0.44,0.37,-99.9,-99.9,8.14,-99.9,5.05,2.29,1.17,32.8,0,0,1648
"2026-02-27 20:47:00",3569,5.65,0,0,0,2.4,14.89,28211.71,34959.64,22.04,112.37,9.92,2.82,11.9,0.48,0.41,-99.9,-99.9,8.11,-99.9,5.4,1.76,1.17,32.8,0,0,1649
"2026-02-27 21:02:00",3570,5.65,0,0,0,2.5,14.75,28386.47,35298.52,22.28,115.25,10.19,1.74,7.34,0.37,0.3,-99.9,-99.9,8.13,-99.9,5.24,2.32,1.17,33.7,0,0,1650
"2026-02-27 21:17:00",3571,5.65,0,0,0,2.56,14.51,28398.63,35518.11,22.43,110.45,9.8,1.61,6.76,0.37,0.3,-99.9,-99.9,8.07,-99.9,4.93,3.31,1.17,33.7,0,0,1651
"2026-02-27 21:32:00",3572,5.65,0,0,0,2.59,14.38,28321.02,35526.66,22.43,104.5,9.3,1.66,6.97,0.37,0.3,-99.9,-99.9,8.06,-99.9,5.01,3.11,1.18,33.45,0,0,1652
"2026-02-27 21:47:00",3573,5.65,0,0,0,2.63,14.38,28405.2,35636.38,22.51,104.71,9.32,1.49,6.27,0.35,0.28,-99.9,-99.9,8.05,-99.9,4.94,3.6,1.18,33.45,0,0,1653
"2026-02-27 22:02:00",3574,5.65,0,0,0,2.65,14.29,28328.32,35609.23,22.49,102.36,9.12,1.67,7.03,0.38,0.31,-99.9,-99.9,8.04,-99.9,4.71,3.56,1.17,32.96,0,0,1654
"2026-02-27 22:17:00",3575,5.65,0,0,0,2.66,14.34,28269.35,35497.38,22.41,103,9.18,1.91,8.04,0.42,0.35,-99.9,-99.9,8.04,-99.9,4.75,3.79,1.17,32.96,0,0,1655
"2026-02-27 22:32:00",3576,5.65,0,0,0,2.68,14.38,28273.87,35465.66,22.39,102.23,9.1,1.8,7.6,0.41,0.34,-99.9,-99.9,8.05,-99.9,4.64,3.3,1.17,33.9,0,0,1656
"2026-02-27 22:47:00",3577,5.65,0,0,0,2.67,14.44,28229.51,35360.79,22.32,103.97,9.25,2.23,9.39,0.44,0.37,-99.9,-99.9,8.06,-99.9,4.88,3.09,1.17,33.9,0,0,1657
"2026-02-27 23:02:00",3578,5.65,0,0,0,2.67,14.61,28248.03,35243.69,22.24,106.14,9.41,2.07,8.75,0.41,0.34,-99.9,-99.9,8.06,-99.9,5.31,3.29,1.18,33.46,0,0,1658
"2026-02-27 23:17:00",3579,5.65,0,0,0,2.64,14.48,28286.29,35402.27,22.34,103.69,9.22,1.56,6.57,0.35,0.27,-99.9,-99.9,8.04,-99.9,5.08,3.79,1.18,33.46,0,0,1659
"2026-02-27 23:32:00",3580,5.63,0,0,0,2.59,14.46,28263.38,35385.65,22.33,101.68,9.04,1.88,7.9,0.41,0.34,-99.9,-99.9,8.03,-99.9,5.22,3.53,1.17,33.26,0,0,1660
"2026-02-27 23:47:00",3581,5.65,0,0,0,2.53,14.5,28250.81,35340.38,22.3,103.32,9.18,1.4,5.88,0.34,0.26,-99.9,-99.9,8.05,-99.9,5.12,3.18,1.17,33.26,0,0,1661
"2026-02-28 00:02:00",3582,5.65,0,0,0,2.46,14.46,28240.7,35360.43,22.32,103.03,9.16,2.18,9.21,0.48,0.41,-99.9,-99.9,8.04,-99.9,5.02,2.87,1.17,32.98,0,0,1662
"2026-02-28 00:17:00",3583,5.65,0,0,0,2.39,14.43,28234.62,35373.07,22.32,102.72,9.14,1.75,7.35,0.4,0.33,-99.9,-99.9,8.05,-99.9,5.15,3.3,1.17,32.98,0,0,1663
"2026-02-28 00:32:00",3584,5.64,0,0,0,2.32,14.34,28243.39,35465.83,22.39,100.76,8.98,1.99,8.37,0.42,0.35,-99.9,-99.9,8.03,-99.9,5.08,3.96,1.17,33.51,0,0,1664
"2026-02-28 00:47:00",3585,5.64,0,0,0,2.27,14.29,28266.05,35534.5,22.43,87.24,7.78,1.75,7.37,0.4,0.33,-99.9,-99.9,8.01,-99.9,5.07,3.93,1.17,33.51,0,0,1665
"2026-02-28 01:02:00",3586,5.64,0,0,0,2.21,14.26,28295.86,35597.27,22.48,98.02,8.74,1.75,7.36,0.41,0.34,-99.9,-99.9,8,-99.9,5.47,4.46,1.17,32.84,0,0,1666
"2026-02-28 01:17:00",3587,5.65,0,0,0,2.15,14.33,28249.52,35478.95,22.4,96.08,8.56,1.92,8.1,0.38,0.31,-99.9,-99.9,8.02,-99.9,5.2,3.63,1.17,32.84,0,0,1667
"2026-02-28 01:32:00",3588,5.62,0,0,0,2.08,14.49,28289.43,35396.81,22.34,97.5,8.66,1.27,5.31,0.35,0.27,-99.9,-99.9,8.02,-99.9,4.87,1.97,1.18,34.07,0,0,1668
"2026-02-28 01:47:00",3589,5.63,0,0,0,2,14.5,28287.31,35387.31,22.33,94.82,8.42,1.09,4.58,0.32,0.24,-99.9,-99.9,8.02,-99.9,5.04,1.92,1.18,34.07,0,0,1669
"2026-02-28 02:02:00",3590,5.62,0,0,0,1.96,14.48,28273.96,35382.52,22.33,99.42,8.84,1.09,4.58,0.33,0.26,-99.9,-99.9,8.01,-99.9,5.13,2.06,1.18,33.2,0,0,1670
"2026-02-28 02:17:00",3591,5.65,0,0,0,1.91,14.44,28265.55,35405.4,22.35,99.54,8.85,1.29,5.4,0.36,0.28,-99.9,-99.9,8.01,-99.9,5.1,2.51,1.18,33.2,0,0,1671
"2026-02-28 02:32:00",3592,5.61,0,0,0,1.87,14.52,28272.62,35352.13,22.31,95.8,8.51,0.94,3.91,0.31,0.24,-99.9,-99.9,8.02,-99.9,4.88,2.09,1.18,33.66,0,0,1672
"2026-02-28 02:47:00",3593,5.62,0,0,0,1.87,14.57,28285.04,35322.33,22.29,93.76,8.32,0.98,4.11,0.31,0.23,-99.9,-99.9,8,-99.9,5.04,1.6,1.18,33.66,0,0,1673
"2026-02-28 03:02:00",3594,5.62,0,0,0,1.84,14.61,28276.56,35276.36,22.26,100.43,8.91,1.14,4.76,0.31,0.24,-99.9,-99.9,8.04,-99.9,4.9,1.31,1.17,33.23,0,0,1674
"2026-02-28 03:17:00",3595,5.64,0,0,0,1.84,14.49,28288.84,35392.43,22.34,96.63,8.59,1.02,4.26,0.31,0.24,-99.9,-99.9,7.98,-99.9,5.26,1.87,1.17,33.23,0,0,1675
"2026-02-28 03:32:00",3596,5.61,0,0,0,1.84,14.41,28272.29,35442.7,22.37,97.62,8.69,1.06,4.42,0.27,0.2,-99.9,-99.9,8,-99.9,5.03,1.94,1.18,33.08,0,0,1676
"2026-02-28 03:47:00",3597,5.61,0,0,0,1.83,14.33,28273.81,35514.27,22.42,97.35,8.68,1.33,5.6,0.35,0.27,-99.9,-99.9,7.99,-99.9,5.25,3.37,1.18,33.08,0,0,1677
"2026-02-28 04:02:00",3598,5.61,0,0,0,1.87,14.29,28282.15,35552.39,22.45,97.64,8.71,1.47,6.19,0.35,0.28,-99.9,-99.9,7.99,-99.9,5.15,3.16,1.18,33.02,0,0,1678
"2026-02-28 04:17:00",3599,5.63,0,0,0,1.9,14.39,28265.47,35445.57,22.37,95.48,8.5,0.91,3.8,0.28,0.21,-99.9,-99.9,8,-99.9,5.18,1.7,1.18,33.02,0,0,1679
"2026-02-28 04:32:00",3600,5.6,0,0,0,1.96,14.39,28257,35439.06,22.37,95.56,8.51,0.74,3.07,0.25,0.18,-99.9,-99.9,7.99,-99.9,4.95,1.77,1.17,33,0,0,1680
"2026-02-28 04:47:00",3601,5.61,0,0,0,2.02,14.32,28263.12,35507.82,22.42,95.62,8.52,1.49,6.25,0.37,0.29,-99.9,-99.9,8,-99.9,5.16,3.27,1.17,33,0,0,1681
"2026-02-28 05:02:00",3602,5.61,0,0,0,2.06,14.25,28289.1,35595.64,22.48,97.72,8.72,1.5,6.32,0.4,0.33,-99.9,-99.9,8,-99.9,5.12,3.54,1.18,32.48,0,0,1682
"2026-02-28 05:17:00",3603,5.61,0,0,0,2.13,14.25,28291.22,35601.87,22.48,97.09,8.66,1.34,5.63,0.32,0.24,-99.9,-99.9,7.99,-99.9,5.2,3.25,1.18,32.48,0,0,1683
"2026-02-28 05:32:00",3604,5.59,0,0,0,2.19,14.26,28282.41,35580.48,22.47,97.84,8.73,1.63,6.85,0.38,0.31,-99.9,-99.9,8,-99.9,5.16,3.47,1.18,33.22,0,0,1684
"2026-02-28 05:47:00",3605,5.6,0,0,0,2.27,14.26,28265.26,35560.04,22.45,95.54,8.52,1.81,7.62,0.41,0.34,-99.9,-99.9,8,-99.9,5.15,3.16,1.18,33.22,0,0,1685
"2026-02-28 06:02:00",3606,5.6,0,0,0,2.36,14.3,28253.95,35507.99,22.42,98.13,8.75,1.64,6.91,0.4,0.32,-99.9,-99.9,8,-99.9,5.19,3.33,1.18,33.51,0,0,1686
"2026-02-28 06:17:00",3607,5.61,0,0,0,2.46,14.37,28234.68,35424.92,22.36,93.23,8.3,1.43,6.02,0.37,0.3,-99.9,-99.9,8.02,-99.9,5.13,2.22,1.18,33.51,0,0,1687
"2026-02-28 06:32:00",3608,5.59,0,0,0,2.55,14.48,28230.66,35333.15,22.3,97.55,8.67,0.92,3.86,0.33,0.26,-99.9,-99.9,8,-99.9,5,1.46,1.17,32.17,0,0,1688
"2026-02-28 06:47:00",3609,5.6,0,0,0,2.65,14.51,28201.72,35268.14,22.25,97.73,8.69,1.01,4.22,0.32,0.24,-99.9,-99.9,8.04,-99.9,5.21,0.97,1.17,32.17,0,0,1689
"2026-02-28 07:02:00",3610,5.6,0,0,0,2.73,14.5,28227.01,35310.99,22.28,98.31,8.74,0.87,3.64,0.29,0.21,-99.9,-99.9,8,-99.9,5.25,1.13,1.18,33.67,0,0,1690
"2026-02-28 07:17:00",3611,5.6,0,0,0,2.81,14.73,28243.6,35132.18,22.16,100.45,8.89,1.41,5.92,0.33,0.26,-99.9,-99.9,8.03,-99.9,5.25,1.2,1.18,33.67,0,0,1691
"2026-02-28 07:32:00",3612,5.59,0,0,0,2.89,14.66,28207.82,35147.76,22.17,103.09,9.14,1.68,7.08,0.36,0.28,-99.9,-99.9,8.04,-99.9,5.22,1.92,1.17,32.54,0,0,1692
"2026-02-28 07:47:00",3613,5.59,0,0,0,2.96,14.66,28215.19,35155.06,22.18,104.47,9.26,1.52,6.4,0.33,0.26,-99.9,-99.9,8.06,-99.9,5.2,1.71,1.17,32.54,0,0,1693
"2026-02-28 08:02:00",3614,5.59,0,0,0,3.02,14.66,28223.71,35173.11,22.19,106.21,9.41,1.52,6.39,0.35,0.28,-99.9,-99.9,8.06,-99.9,5.23,1.84,1.17,32.75,0,0,1694
"2026-02-28 08:17:00",3615,5.6,0,0,0,3.08,14.7,28253.73,35174.22,22.19,112.5,9.96,1.54,6.47,0.33,0.26,-99.9,-99.9,8.15,-99.9,5.32,2.05,1.17,32.75,0,0,1695
"2026-02-28 08:32:00",3616,5.58,0,0,0,3.14,14.61,28194.63,35176.72,22.19,108.64,9.64,1.3,5.47,0.34,0.27,-99.9,-99.9,8.08,-99.9,5.28,2.01,1.18,32.48,0,0,1696
"2026-02-28 08:47:00",3617,5.59,0,0,0,3.16,14.64,28206.6,35162.28,22.18,109.63,9.72,1.52,6.38,0.37,0.3,-99.9,-99.9,8.11,-99.9,5.33,2.24,1.18,32.48,0,0,1697
"2026-02-28 09:02:00",3618,5.59,0,0,0,3.18,14.46,28056.84,35124.77,22.15,103.32,9.2,1.49,6.25,0.35,0.27,-99.9,-99.9,8.04,-99.9,5.41,2.12,1.18,33.57,0,0,1698
"2026-02-28 09:17:00",3619,5.59,0,0,0,3.16,14.41,28032.07,35137.27,22.16,98.68,8.79,1.43,6,0.34,0.27,-99.9,-99.9,8.03,-99.9,5.41,2.33,1.18,33.57,0,0,1699
"2026-02-28 09:32:00",3620,5.58,0,0,0,3.16,14.46,28107.61,35194.22,22.2,103.54,9.21,1.13,4.72,0.32,0.25,-99.9,-99.9,8.04,-99.9,5.38,2.33,1.19,33.27,0,0,1700
"2026-02-28 09:47:00",3621,5.59,0,0,0,3.13,14.05,28723.57,36317.45,22.97,95.3,8.51,0.85,3.53,0.26,0.19,-99.9,-99.9,7.97,-99.9,5,3.23,1.19,33.27,0,0,1701
"2026-02-28 10:02:00",3622,5.58,0,0,0,3.08,14,28582.84,36183.97,22.88,95.45,8.54,0.86,3.58,0.31,0.24,-99.9,-99.9,7.98,-99.9,4.96,3.67,1.18,33.19,0,0,1702
"2026-02-28 10:17:00",3623,5.59,0,0,0,3.02,14.04,28534.36,36085.63,22.81,95.64,8.55,0.82,3.4,0.28,0.21,-99.9,-99.9,7.99,-99.9,4.96,3.23,1.18,33.19,0,0,1703
"2026-02-28 10:32:00",3624,5.57,0,0,0,2.94,14.13,28428.49,35881.52,22.67,96.81,8.65,0.94,3.92,0.29,0.21,-99.9,-99.9,8,-99.9,4.97,3.12,1.18,33.27,0,0,1704
"2026-02-28 10:47:00",3625,5.58,0,0,0,2.83,14.1,28638.6,36171.52,22.87,94.18,8.41,0.81,3.38,0.28,0.21,-99.9,-99.9,7.98,-99.9,5.01,3.08,1.18,33.27,0,0,1705
"2026-02-28 11:02:00",3626,5.58,0,0,0,2.73,14.32,28388.1,35660.18,22.52,101.24,9.02,1.15,4.8,0.34,0.27,-99.9,-99.9,8.04,-99.9,4.79,2.47,1.18,33.64,0,0,1706
"2026-02-28 11:17:00",3627,5.59,0,0,0,2.61,14.55,28209.6,35244.65,22.24,106.75,9.48,1.7,7.15,0.37,0.3,-99.9,-99.9,8.08,-99.9,5.16,2.21,1.18,33.64,0,0,1707
"2026-02-28 11:32:00",3628,5.57,0,0,0,2.51,14.56,28185.55,35209.42,22.21,105.68,9.39,1.41,5.93,0.37,0.3,-99.9,-99.9,8.08,-99.9,5,2.08,1.17,33.24,0,0,1708
"2026-02-28 11:47:00",3629,5.58,0,0,0,2.38,14.57,28198.3,35213.69,22.21,106.63,9.47,1.58,6.64,0.35,0.28,-99.9,-99.9,8.08,-99.9,5.31,2.39,1.17,33.24,0,0,1709
"2026-02-28 12:02:00",3630,5.57,0,0,0,2.25,14.6,28249.56,35252.38,22.24,110.32,9.79,1.29,5.4,0.33,0.26,-99.9,-99.9,8.1,-99.9,5.34,1.83,1.18,33.45,0,0,1710
"2026-02-28 12:17:00",3631,5.59,0,0,0,2.11,14.59,28280.01,35301.65,22.28,105.06,9.32,1.79,7.54,0.37,0.3,-99.9,-99.9,8.09,-99.9,5.18,2.62,1.18,33.45,0,0,1711
"2026-02-28 12:32:00",3632,5.56,0,0,0,1.97,14.47,28275.8,35395.26,22.34,105.04,9.34,1.58,6.66,0.37,0.29,-99.9,-99.9,8.05,-99.9,5.24,2.31,1.17,33.79,0,0,1712
"2026-02-28 12:47:00",3633,5.57,0,0,0,1.81,14.47,28268.06,35383.02,22.33,102.22,9.09,1.51,6.36,0.35,0.28,-99.9,-99.9,8.04,-99.9,5.19,2.35,1.17,33.79,0,0,1713
"2026-02-28 13:02:00",3634,5.57,0,0,0,1.68,14.62,28321.37,35320.74,22.29,112.19,9.94,1.67,7.02,0.36,0.29,-99.9,-99.9,8.11,-99.9,5.26,2.66,1.17,33.24,0,0,1714
"2026-02-28 13:17:00",3635,5.58,0,0,0,1.56,14.69,28316.75,35256.5,22.25,111.86,9.9,1.62,6.83,0.35,0.28,-99.9,-99.9,8.11,-99.9,5.23,2.16,1.17,33.24,0,0,1715
"2026-02-28 13:32:00",3636,5.56,0,0,0,1.45,14.64,28282.51,35258.16,22.25,110.08,9.76,1.87,7.86,0.42,0.35,-99.9,-99.9,8.09,-99.9,5.26,2.41,1.18,33.11,0,0,1716
"2026-02-28 13:47:00",3637,5.57,0,0,0,1.34,14.78,28318.35,35185.77,22.2,111.52,9.86,1.85,7.8,0.39,0.32,-99.9,-99.9,8.14,-99.9,5.24,2.15,1.18,33.11,0,0,1717
"2026-02-28 14:02:00",3638,5.56,0,0,0,1.25,14.8,28359.45,35224.78,22.23,118.63,10.48,1.64,6.9,0.37,0.3,-99.9,-99.9,8.17,-99.9,5.27,2.31,1.18,32.61,0,0,1718
"2026-02-28 14:17:00",3639,5.58,0,0,0,1.15,14.69,28378.31,35338.86,22.3,116.34,10.3,1.66,6.99,0.36,0.29,-99.9,-99.9,8.15,-99.9,5.26,2.29,1.18,32.61,0,0,1719
"2026-02-28 14:32:00",3640,5.56,0,0,0,1.05,14.77,28386.16,35280.97,22.26,118.74,10.5,1.9,7.99,0.4,0.33,-99.9,-99.9,8.15,-99.9,5.28,2.25,1.18,32.41,0,0,1720
"2026-02-28 14:47:00",3641,5.57,0,0,0,0.97,14.79,28402.65,35284.51,22.27,119.03,10.52,1.85,7.79,0.39,0.32,-99.9,-99.9,8.16,-99.9,5.27,2.18,1.18,32.41,0,0,1721
"2026-02-28 15:02:00",3642,5.56,0,0,0,0.9,15.03,28488.51,35190.82,22.21,127.03,11.17,1.66,6.99,0.38,0.3,-99.9,-99.9,8.22,-99.9,5.1,1.96,1.18,32.43,0,0,1722
"2026-02-28 15:17:00",3643,5.58,0,0,0,0.85,15.03,28484.77,35182.81,22.2,121.85,10.72,1.22,5.12,0.31,0.24,-99.9,-99.9,8.2,-99.9,5.19,1.6,1.18,32.43,0,0,1723
"2026-02-28 15:32:00",3644,5.56,0,0,0,0.8,14.91,28432.33,35222.76,22.23,125.82,11.09,1.89,7.98,0.35,0.28,-99.9,-99.9,8.21,-99.9,5.21,2.13,1.18,32.92,0,0,1724
"2026-02-28 15:47:00",3645,5.56,0,0,0,0.79,15.21,28526.69,35087.45,22.14,126.82,11.12,1.84,7.76,0.4,0.33,-99.9,-99.9,8.24,-99.9,5.05,1.97,1.18,32.92,0,0,1725
"2026-02-28 16:02:00",3646,5.56,0,0,0,0.77,15.3,28547.98,35043.68,22.11,133.35,11.67,1.91,8.04,0.41,0.34,-99.9,-99.9,8.26,-99.9,5.2,3.3,1.18,33.15,0,0,1726
"2026-02-28 16:17:00",3647,5.57,0,0,0,0.76,15.34,28552.84,35016.63,22.09,129.92,11.36,2.15,9.06,0.43,0.36,-99.9,-99.9,8.24,-99.9,5.11,2.37,1.18,33.15,0,0,1727
"2026-02-28 16:32:00",3648,5.56,0,0,0,0.75,15.34,28569.01,35030.01,22.1,133.56,11.68,1.86,7.83,0.39,0.31,-99.9,-99.9,8.26,-99.9,5.34,9.81,1.17,32.83,0,0,1728
"2026-02-28 16:47:00",3649,5.56,0,0,0,0.77,15.31,28565.04,35050.1,22.11,132.17,11.56,2.22,9.37,0.43,0.36,-99.9,-99.9,8.28,-99.9,5.25,2.87,1.17,32.83,0,0,1729
"2026-02-28 17:02:00",3650,5.56,0,0,0,0.8,15.29,28572.91,35075.9,22.13,137.28,12.01,2.2,9.29,0.41,0.34,-99.9,-99.9,8.28,-99.9,5.24,4.28,1.18,32.99,0,0,1730
"2026-02-28 17:17:00",3651,5.57,0,0,0,0.85,15.16,28505.66,35103.23,22.15,132.91,11.66,1.88,7.92,0.41,0.34,-99.9,-99.9,8.25,-99.9,5.23,2.25,1.18,32.99,0,0,1731
"2026-02-28 17:32:00",3652,5.55,0,0,0,0.91,15.02,28488.18,35194.51,22.21,126.79,11.15,1.78,7.5,0.37,0.3,-99.9,-99.9,8.21,-99.9,5.24,2.39,1.18,32.59,0,0,1732
"2026-02-28 17:47:00",3653,5.56,0,0,0,0.99,15.06,28500.17,35177.94,22.2,124.81,10.97,1.62,6.8,0.34,0.26,-99.9,-99.9,8.19,-99.9,5.37,2.45,1.18,32.59,0,0,1733
"2026-02-28 18:02:00",3654,5.56,0,0,0,1.06,14.83,28489.12,35358.15,22.32,113.07,9.98,1.43,6,0.33,0.26,-99.9,-99.9,8.11,-99.9,5.21,1.91,1.17,33.09,0,0,1734
"2026-02-28 18:17:00",3655,5.56,0,0,0,1.17,14.86,28475.18,35311.83,22.29,117.74,10.38,1.8,7.56,0.34,0.27,-99.9,-99.9,8.14,-99.9,5.5,1.71,1.17,33.09,0,0,1735
"2026-02-28 18:32:00",3656,5.55,0,0,0,1.27,14.96,28473.09,35227.43,22.23,125.9,11.09,2.56,10.79,0.46,0.39,-99.9,-99.9,8.21,-99.9,5.45,2.62,1.18,33.91,0,0,1736
"2026-02-28 18:47:00",3657,5.55,0,0,0,1.37,15.41,28663.97,35093.97,22.14,120.6,10.53,2.76,11.67,0.46,0.38,-99.9,-99.9,8.16,-99.9,5.26,2.05,1.18,33.91,0,0,1737
"2026-02-28 19:02:00",3658,5.55,0,0,0,1.49,15.24,28529.85,35069.89,22.12,118.7,10.4,2.9,12.25,0.47,0.4,-99.9,-99.9,8.15,-99.9,5.25,2.01,1.17,33.29,0,0,1738
"2026-02-28 19:17:00",3659,5.56,0,0,0,1.6,15.28,28540.07,35042.85,22.1,118.58,10.38,3.39,14.33,0.56,0.49,-99.9,-99.9,8.17,-99.9,5.31,1.85,1.17,33.29,0,0,1739
"2026-02-28 19:32:00",3660,5.54,0,0,0,1.73,15.28,28586.14,35101.63,22.15,118.09,10.34,3.09,13.08,0.46,0.39,-99.9,-99.9,8.15,-99.9,5.18,1.81,1.18,32.22,0,0,1740
"2026-02-28 19:47:00",3661,5.55,0,0,0,1.83,15.35,28600.85,35062.06,22.12,117.44,10.27,3.56,15.06,0.52,0.45,-99.9,-99.9,8.17,-99.9,5.22,2.37,1.18,32.22,0,0,1741
"2026-02-28 20:02:00",3662,5.55,0,0,0,1.95,15.3,28575.26,35069.29,22.12,119.4,10.45,3.24,13.69,0.54,0.47,-99.9,-99.9,8.17,-99.9,5.21,2.16,1.18,32.37,0,0,1742
"2026-02-28 20:17:00",3663,5.56,0,0,0,2.04,15.39,28641,35083.8,22.13,117.39,10.25,2.8,11.82,0.42,0.35,-99.9,-99.9,8.15,-99.9,5.15,1.98,1.18,32.37,0,0,1743
"2026-02-28 20:32:00",3664,5.54,0,0,0,2.13,15.33,28587.85,35061.57,22.12,117.69,10.29,3.02,12.78,0.46,0.39,-99.9,-99.9,8.16,-99.9,5.18,1.95,1.18,33.01,0,0,1744
"2026-02-28 20:47:00",3665,5.54,0,0,0,2.24,15.37,28612.79,35065.67,22.12,119.64,10.46,2.92,12.33,0.48,0.41,-99.9,-99.9,8.17,-99.9,5.08,2,1.18,33.01,0,0,1745
"2026-02-28 21:02:00",3666,5.54,0,0,0,2.33,15.42,28636.01,35050.91,22.11,119.83,10.46,2.82,11.9,0.45,0.38,-99.9,-99.9,8.18,-99.9,5.19,2.29,1.18,31.69,0,0,1746
"2026-02-28 21:17:00",3667,5.55,0,0,0,2.43,15.43,28644.81,35055.08,22.11,119.55,10.44,2.77,11.7,0.42,0.35,-99.9,-99.9,8.18,-99.9,5.11,1.93,1.18,31.69,0,0,1747
"2026-02-28 21:32:00",3668,5.54,0,0,0,2.51,15.01,28782.78,35572.48,22.47,116.25,10.21,2.53,10.71,0.44,0.37,-99.9,-99.9,8.14,-99.9,5.18,2.99,1.18,33.29,0,0,1748
"2026-02-28 21:47:00",3669,5.54,0,0,0,2.58,14.77,28821.47,35824.33,22.64,111.69,9.85,2.26,9.55,0.42,0.35,-99.9,-99.9,8.11,-99.9,5.13,4.43,1.18,33.29,0,0,1749
"2026-02-28 22:02:00",3670,5.54,0,0,0,2.63,14.7,28818.45,35877.67,22.68,108.53,9.58,2.49,10.53,0.45,0.38,-99.9,-99.9,8.08,-99.9,5.06,4.9,1.18,32.68,0,0,1750
"2026-02-28 22:17:00",3671,5.55,0,0,0,2.69,14.63,28821.93,35937.32,22.72,105.18,9.3,2,8.42,0.4,0.33,-99.9,-99.9,8.05,-99.9,5.13,4.14,1.18,32.68,0,0,1751
"2026-02-28 22:32:00",3672,5.53,0,0,0,2.71,14.52,28873.94,36103.81,22.83,101.66,9,2.25,9.51,0.43,0.36,-99.9,-99.9,8.02,-99.9,5.05,4.88,1.18,33.26,0,0,1752
"2026-02-28 22:47:00",3673,5.54,0,0,0,2.76,14.56,28821.72,35996.98,22.76,99.37,8.79,1.86,7.82,0.4,0.33,-99.9,-99.9,8.02,-99.9,5.14,4.73,1.18,33.26,0,0,1753
"2026-02-28 23:02:00",3674,5.53,0,0,0,2.77,14.62,28804.66,35923.45,22.71,103.03,9.11,2.37,9.99,0.44,0.37,-99.9,-99.9,8.04,-99.9,5.24,4.39,1.18,32.71,0,0,1754
"2026-02-28 23:17:00",3675,5.55,0,0,0,2.77,14.72,28767.07,35798.54,22.62,103.62,9.15,2.54,10.72,0.46,0.39,-99.9,-99.9,8.05,-99.9,5.29,3.82,1.18,32.71,0,0,1755
"2026-02-28 23:32:00",3676,5.53,0,0,0,2.76,14.73,28740.23,35752.13,22.59,104.54,9.23,2.61,11.01,0.45,0.38,-99.9,-99.9,8.05,-99.9,5.11,3.78,1.17,32.49,0,0,1756
"2026-02-28 23:47:00",3677,5.53,0,0,0,2.74,14.73,28754.26,35770.21,22.6,103.2,9.11,2.25,9.49,0.4,0.33,-99.9,-99.9,8.04,-99.9,5.23,3.62,1.17,32.49,0,0,1757
"2026-03-01 00:02:00",3678,5.53,0,0,0,2.68,14.73,28748.26,35761.7,22.6,103.17,9.11,2.02,8.52,0.41,0.34,-99.9,-99.9,8.04,-99.9,5.29,3.95,1.18,32.71,0,0,1758
"2026-03-01 00:17:00",3679,5.54,0,0,0,2.63,15.02,28747.01,35517.93,22.43,110.32,9.69,2.38,10.05,0.43,0.36,-99.9,-99.9,8.1,-99.9,5.49,3.29,1.18,32.71,0,0,1759
"2026-03-01 00:32:00",3680,5.53,0,0,0,2.56,14.98,28778.56,35590.64,22.48,109.38,9.61,2.18,9.18,0.41,0.34,-99.9,-99.9,8.09,-99.9,5.34,3.31,1.18,32.48,0,0,1760
"2026-03-01 00:47:00",3681,5.53,0,0,0,2.48,15.06,28782.16,35529.19,22.44,109.68,9.63,1.73,7.28,0.37,0.3,-99.9,-99.9,8.09,-99.9,5.32,3.09,1.18,32.48,0,0,1761
"2026-03-01 01:02:00",3682,5.53,0,0,0,2.41,14.99,28761.42,35561.11,22.46,109.72,9.64,1.63,6.87,0.35,0.27,-99.9,-99.9,8.09,-99.9,5.21,2.94,1.18,32.48,0,0,1762
"2026-03-01 01:17:00",3683,5.54,0,0,0,2.33,14.9,28747.85,35615.74,22.5,107.44,9.46,2.15,9.07,0.42,0.35,-99.9,-99.9,8.07,-99.9,5.32,3.19,1.18,32.48,0,0,1763
"2026-03-01 01:32:00",3684,5.52,0,0,0,2.24,14.78,28703.42,35664.97,22.53,105.17,9.28,2.21,9.34,0.43,0.36,-99.9,-99.9,8.05,-99.9,5.27,3.42,1.18,32.16,0,0,1764
"2026-03-01 01:47:00",3685,5.53,0,0,0,2.17,14.89,28686.91,35551.91,22.45,100.6,8.86,2.03,8.55,0.39,0.32,-99.9,-99.9,8.04,-99.9,5.12,1.82,1.18,32.16,0,0,1765
"2026-03-01 02:02:00",3686,5.52,0,0,0,2.05,14.85,28695.65,35597.01,22.48,103.43,9.11,1.34,5.62,0.33,0.26,-99.9,-99.9,8.04,-99.9,5.33,2.49,1.17,32.44,0,0,1766
"2026-03-01 02:17:00",3687,5.53,0,0,0,1.99,15.12,28742.71,35430.63,22.37,106.41,9.33,2.67,11.29,0.47,0.4,-99.9,-99.9,8.09,-99.9,5.35,2.26,1.17,32.44,0,0,1767
"2026-03-01 02:32:00",3688,5.52,0,0,0,1.91,15.36,28788.46,35284.82,22.27,123.04,10.74,2.36,9.94,0.43,0.36,-99.9,-99.9,8.19,-99.9,5.2,2.17,1.18,32.8,0,0,1768
"2026-03-01 02:47:00",3689,5.53,0,0,0,1.87,15.19,28734.66,35363.15,22.33,119.08,10.43,2.28,9.61,0.43,0.36,-99.9,-99.9,8.16,-99.9,5.25,2.28,1.18,32.8,0,0,1769
"2026-03-01 03:02:00",3690,5.52,0,0,0,1.82,15.4,28750.13,35208.67,22.22,121.12,10.57,2.04,8.61,0.37,0.29,-99.9,-99.9,8.18,-99.9,5.28,1.98,1.18,34.42,0,0,1770
"2026-03-01 03:17:00",3691,5.53,0,0,0,1.76,15.38,28742.61,35213.2,22.22,120.28,10.5,1.83,7.73,0.37,0.3,-99.9,-99.9,8.17,-99.9,5.29,1.96,1.18,34.42,0,0,1771
"2026-03-01 03:32:00",3692,5.51,0,0,0,1.75,15.03,28706.38,35460.79,22.39,105.9,9.3,1.07,4.48,0.28,0.2,-99.9,-99.9,8.05,-99.9,5.07,2.18,1.18,32.95,0,0,1772
"2026-03-01 03:47:00",3693,5.52,0,0,0,1.71,15.4,28727,35174.27,22.2,117.35,10.24,2.18,9.2,0.41,0.34,-99.9,-99.9,8.2,-99.9,5.28,2.08,1.18,32.95,0,0,1773
"2026-03-01 04:02:00",3694,5.52,0,0,0,1.68,14.77,28768.42,35756.27,22.59,102.15,9.01,1.7,7.14,0.36,0.29,-99.9,-99.9,8.02,-99.9,5.25,3.68,1.18,32.41,0,0,1774
"2026-03-01 04:17:00",3695,5.53,0,0,0,1.7,15.16,28697.73,35339.26,22.31,115.58,10.13,1.87,7.9,0.42,0.34,-99.9,-99.9,8.13,-99.9,5.22,2.03,1.18,32.41,0,0,1775
"2026-03-01 04:32:00",3696,5.51,0,0,0,1.69,14.77,28781.31,35770.4,22.6,101.74,8.97,1.64,6.9,0.37,0.3,-99.9,-99.9,8.02,-99.9,5,3.34,1.17,32.11,0,0,1776
"2026-03-01 04:47:00",3697,5.52,0,0,0,1.74,14.99,28635.36,35401.55,22.35,100.84,8.87,1.12,4.68,0.33,0.26,-99.9,-99.9,8.06,-99.9,5.21,1.6,1.17,32.11,0,0,1777
"2026-03-01 05:02:00",3698,5.51,0,0,0,1.76,14.84,28688.69,35599.93,22.49,99.42,8.76,1.09,4.57,0.3,0.23,-99.9,-99.9,8,-99.9,5.3,2.19,1.17,31.75,0,0,1778
"2026-03-01 05:17:00",3699,5.53,0,0,0,1.83,14.92,28657.14,35488.79,22.41,101.22,8.91,1,4.19,0.29,0.22,-99.9,-99.9,8.03,-99.9,5.38,1.61,1.17,31.75,0,0,1779
"2026-03-01 05:32:00",3700,5.51,0,0,0,1.87,14.8,28696.16,35635.21,22.51,99.67,8.79,1.2,5.05,0.32,0.25,-99.9,-99.9,8.01,-99.9,5.3,2.29,1.18,32.95,0,0,1780
"2026-03-01 05:47:00",3701,5.51,0,0,0,1.91,14.82,28699.32,35625.53,22.5,99.61,8.78,1.52,6.41,0.36,0.29,-99.9,-99.9,8.02,-99.9,5.27,2.39,1.18,32.95,0,0,1781
"2026-03-01 06:02:00",3702,5.51,0,0,0,2.02,15.01,28688.47,35452.19,22.39,100.21,8.81,1.29,5.43,0.32,0.25,-99.9,-99.9,8.03,-99.9,5.36,1.96,1.18,33.44,0,0,1782
"2026-03-01 06:17:00",3703,5.53,0,0,0,2.09,15.09,28638.25,35325.42,22.3,94.03,8.26,1.28,5.36,0.33,0.26,-99.9,-99.9,8.06,-99.9,5.42,1.87,1.18,33.44,0,0,1783
"2026-03-01 06:32:00",3704,5.51,0,0,0,2.18,14.91,28655.72,35498.35,22.42,100.15,8.82,1.16,4.87,0.3,0.22,-99.9,-99.9,8.01,-99.9,5.34,1.42,1.18,32.56,0,0,1784
"2026-03-01 06:47:00",3705,5.51,0,0,0,2.25,15.03,28710.26,35465.73,22.4,103.6,9.1,1.9,8,0.36,0.29,-99.9,-99.9,8.11,-99.9,5.31,2.42,1.18,32.56,0,0,1785
"2026-03-01 07:02:00",3706,5.51,0,0,0,2.36,14.98,28579.62,35342.07,22.31,110.48,9.72,2.39,10.1,0.41,0.34,-99.9,-99.9,8.1,-99.9,5.43,1.99,1.18,32.79,0,0,1786
"2026-03-01 07:17:00",3707,5.52,0,0,0,2.44,14.89,28471.84,35286.22,22.27,102.8,9.06,1.91,8.03,0.37,0.3,-99.9,-99.9,8.08,-99.9,5.5,1.74,1.18,32.79,0,0,1787
"2026-03-01 07:32:00",3708,5.5,0,0,0,2.55,15.05,28415.1,35082.35,22.13,109.11,9.6,2,8.44,0.4,0.32,-99.9,-99.9,8.1,-99.9,5.48,1.68,1.18,33.16,0,0,1788
"2026-03-01 07:47:00",3709,5.51,0,0,0,2.65,15.1,28518.15,35168.08,22.19,111.13,9.76,1.97,8.32,0.36,0.28,-99.9,-99.9,8.13,-99.9,5.49,2.19,1.18,33.16,0,0,1789
"2026-03-01 08:02:00",3710,5.5,0,0,0,2.73,15.04,28344.37,35003.93,22.07,112.22,9.88,2,8.42,0.36,0.29,-99.9,-99.9,8.12,-99.9,5.51,1.93,1.18,32.64,0,0,1790
"2026-03-01 08:17:00",3711,5.52,0,0,0,2.84,15.06,28390.35,35043.45,22.1,110.95,9.76,1.92,8.09,0.37,0.3,-99.9,-99.9,8.11,-99.9,5.5,1.89,1.18,32.64,0,0,1791
"2026-03-01 08:32:00",3712,5.5,0,0,0,2.9,14.97,28253.43,34951.69,22.04,111.09,9.79,1.97,8.3,0.36,0.29,-99.9,-99.9,8.11,-99.9,5.6,1.86,1.17,32.9,0,0,1792
"2026-03-01 08:47:00",3713,5.5,0,0,0,2.97,14.94,28314.13,35048.95,22.1,110.77,9.77,1.85,7.77,0.36,0.29,-99.9,-99.9,8.11,-99.9,5.57,2.01,1.17,32.9,0,0,1793
"2026-03-01 09:02:00",3714,5.5,0,0,0,3.04,14.95,28353.61,35092.89,22.14,109.64,9.66,1.7,7.15,0.36,0.29,-99.9,-99.9,8.1,-99.9,5.61,1.85,1.17,33.19,0,0,1794
"2026-03-01 09:17:00",3715,5.51,0,0,0,3.09,14.88,28367.77,35166.71,22.19,106.76,9.42,1.58,6.65,0.35,0.28,-99.9,-99.9,8.07,-99.9,5.61,2.25,1.17,33.19,0,0,1795
"2026-03-01 09:32:00",3716,5.49,0,0,0,3.14,14.84,28349.48,35177.36,22.19,105.43,9.31,1.65,6.96,0.34,0.26,-99.9,-99.9,8.07,-99.9,5.61,2.27,1.17,33.05,0,0,1796
"2026-03-01 09:47:00",3717,5.5,0,0,0,3.18,14.7,28683.04,35705.12,22.56,100.95,8.92,1.36,5.69,0.31,0.24,-99.9,-99.9,8.03,-99.9,5.35,3,1.17,33.05,0,0,1797
"2026-03-01 10:02:00",3718,5.49,0,0,0,3.18,14.64,28716.78,35799.04,22.62,100.82,8.91,1.25,5.23,0.32,0.24,-99.9,-99.9,8.02,-99.9,5.26,3.4,1.18,34.06,0,0,1798
"2026-03-01 10:17:00",3719,5.5,0,0,0,3.19,14.63,28797.13,35908.51,22.7,100.6,8.89,1.09,4.56,0.31,0.24,-99.9,-99.9,8.03,-99.9,5.2,3.37,1.18,34.06,0,0,1799
"2026-03-01 10:32:00",3720,5.5,0,0,0,3.15,14.57,28867.16,36046.39,22.79,100,8.85,1.17,4.91,0.3,0.23,-99.9,-99.9,8.02,-99.9,5.16,3.7,1.18,33.06,0,0,1800
"2026-03-01 10:47:00",3721,5.49,0,0,0,3.12,14.41,28981.77,36333.84,22.99,98.23,8.71,1.06,4.43,0.3,0.23,-99.9,-99.9,8,-99.9,4.95,4.47,1.18,33.06,0,0,1801
"2026-03-01 11:02:00",3722,5.49,0,0,0,3.05,14.58,28772.41,35921.44,22.71,99.95,8.84,1.01,4.2,0.3,0.23,-99.9,-99.9,8.02,-99.9,5.29,3.44,1.18,33.22,0,0,1802
"2026-03-01 11:17:00",3723,5.49,0,0,0,2.98,14.47,28874.85,36142.81,22.86,99.39,8.81,1.09,4.56,0.32,0.25,-99.9,-99.9,8.01,-99.9,5,4.08,1.18,33.22,0,0,1803
"2026-03-01 11:32:00",3724,5.49,0,0,0,2.89,14.59,28800.47,35945.55,22.72,100.2,8.86,1.26,5.3,0.29,0.22,-99.9,-99.9,8.02,-99.9,5.15,3.5,1.18,32.83,0,0,1804
"2026-03-01 11:47:00",3725,5.5,0,0,0,2.77,14.55,28836.89,36029.07,22.78,97.39,8.62,1.15,4.81,0.32,0.25,-99.9,-99.9,8.02,-99.9,5.06,3.96,1.18,32.83,0,0,1805
"2026-03-01 12:02:00",3726,5.49,0,0,0,2.67,14.51,28853.96,36079.65,22.82,99.93,8.85,1.23,5.14,0.32,0.25,-99.9,-99.9,8.02,-99.9,5.08,4.24,1.17,32.71,0,0,1806
"2026-03-01 12:17:00",3727,5.49,0,0,0,2.54,14.51,28850.97,36076.34,22.81,98.13,8.69,1.2,5.03,0.34,0.27,-99.9,-99.9,8.02,-99.9,4.95,4.22,1.17,32.71,0,0,1807
"2026-03-01 12:32:02",3728,5.49,0,0,0,2.42,14.63,28804.56,35920.67,22.71,100.7,8.9,1.24,5.18,0.32,0.25,-99.9,-99.9,8.04,-99.9,4.67,3.04,1.17,32.39,0,0,1808
"2026-03-01 12:47:00",3729,5.5,0,0,0,2.28,15.05,28456.4,35129.67,22.16,113.8,10.01,1.56,6.54,0.36,0.29,-99.9,-99.9,8.14,-99.9,5.49,1.84,1.17,32.39,0,0,1809
"2026-03-01 13:02:00",3730,5.48,0,0,0,2.13,15.13,28422.73,35027.64,22.09,114.92,10.09,1.71,7.2,0.36,0.29,-99.9,-99.9,8.14,-99.9,5.43,1.75,1.18,32.04,0,0,1810
"2026-03-01 13:17:00",3731,5.49,0,0,0,1.98,15.11,28438.99,35065.59,22.12,113.99,10.01,1.49,6.27,0.33,0.26,-99.9,-99.9,8.14,-99.9,5.42,1.79,1.18,32.04,0,0,1811
"2026-03-01 13:32:00",3732,5.49,0,0,0,1.84,15.06,28434.38,35097.4,22.14,113.69,10,1.67,7.04,0.34,0.27,-99.9,-99.9,8.14,-99.9,5.34,1.74,1.18,32.08,0,0,1812
"2026-03-01 13:47:00",3733,5.49,0,0,0,1.73,15.09,28445.77,35090.49,22.14,108.43,9.53,1.68,7.09,0.33,0.26,-99.9,-99.9,8.14,-99.9,5.42,1.76,1.18,32.08,0,0,1813
"2026-03-01 14:02:00",3734,5.5,0,0,0,1.6,14.98,28455.85,35189.88,22.2,113.43,9.99,1.99,8.38,0.4,0.33,-99.9,-99.9,8.13,-99.9,5.5,2.34,1.18,32.21,0,0,1814
"2026-03-01 14:17:00",3735,5.48,0,0,0,1.49,14.96,28477.19,35233.12,22.23,113.18,9.97,2.01,8.49,0.42,0.34,-99.9,-99.9,8.13,-99.9,5.52,2.19,1.18,32.21,0,0,1815
"2026-03-01 14:32:00",3736,5.48,0,0,0,1.38,14.99,28470.26,35198.38,22.21,114.82,10.11,2.03,8.54,0.39,0.32,-99.9,-99.9,8.13,-99.9,5.6,2.33,1.17,32.43,0,0,1816
"2026-03-01 14:47:00",3737,5.49,0,0,0,1.27,15.03,28490.59,35188.54,22.2,110.99,9.76,2.02,8.5,0.43,0.36,-99.9,-99.9,8.11,-99.9,5.49,2.31,1.17,32.43,0,0,1817
"2026-03-01 15:02:00",3738,5.48,0,0,0,1.17,15.14,28539.08,35159.27,22.18,116.34,10.21,2.05,8.66,0.43,0.36,-99.9,-99.9,8.14,-99.9,5.51,2.22,1.17,33.42,0,0,1818
"2026-03-01 15:17:00",3739,5.5,0,0,0,1.09,15.4,28662.83,35100.58,22.15,115.62,10.1,1.85,7.78,0.37,0.3,-99.9,-99.9,8.14,-99.9,5.35,2.25,1.17,33.42,0,0,1819
"2026-03-01 15:32:00",3740,5.47,0,0,0,1.02,15.54,28727.85,35063.93,22.12,116.52,10.15,1.67,7.01,0.36,0.29,-99.9,-99.9,8.15,-99.9,5.33,1.88,1.17,32.52,0,0,1820
"2026-03-01 15:47:00",3741,5.48,0,0,0,0.96,15.55,28741.85,35073.36,22.13,118.4,10.31,1.84,7.75,0.4,0.33,-99.9,-99.9,8.17,-99.9,5.34,2,1.17,32.52,0,0,1821
"2026-03-01 16:02:00",3742,5.48,0,0,0,0.92,15.62,28790.36,35072.83,22.13,117.54,10.22,1.98,8.35,0.4,0.32,-99.9,-99.9,8.16,-99.9,5.27,2.21,1.18,32.69,0,0,1822
"2026-03-01 16:17:00",3743,5.49,0,0,0,0.87,15.66,28805.61,35057.38,22.12,115.32,10.02,1.96,8.28,0.37,0.3,-99.9,-99.9,8.14,-99.9,5.25,2.03,1.18,32.69,0,0,1823
"2026-03-01 16:32:00",3744,5.49,0,0,0,0.83,15.68,28811.11,35052.27,22.12,116.68,10.13,2.07,8.72,0.39,0.32,-99.9,-99.9,8.15,-99.9,5.28,2.14,1.19,33.24,0,0,1824
"2026-03-01 16:47:00",3745,5.48,0,0,0,0.83,15.76,28865.66,35052.77,22.12,116.32,10.09,2.39,10.09,0.39,0.32,-99.9,-99.9,8.16,-99.9,5.22,2.49,1.19,33.24,0,0,1825
"2026-03-01 17:02:00",3746,5.48,0,0,0,0.81,15.75,28862.8,35053.96,22.12,118.38,10.26,1.98,8.35,0.36,0.29,-99.9,-99.9,8.17,-99.9,5.21,2.92,1.17,33.05,0,0,1826
"2026-03-01 17:17:00",3747,5.48,0,0,0,0.82,15.63,28870.21,35161.84,22.19,121.22,10.53,1.91,8.04,0.36,0.28,-99.9,-99.9,8.19,-99.9,5.18,2.47,1.17,33.05,0,0,1827
"2026-03-01 17:32:00",3748,5.48,0,0,0,0.85,15.6,28851.99,35161.88,22.19,121.09,10.53,1.81,7.64,0.37,0.3,-99.9,-99.9,8.19,-99.9,5.28,2.82,1.17,32.61,0,0,1828
"2026-03-01 17:47:00",3749,5.49,0,0,0,0.87,15.69,28880.39,35124.8,22.17,119.33,10.36,2.13,8.99,0.39,0.32,-99.9,-99.9,8.18,-99.9,5.22,2.51,1.17,32.61,0,0,1829
"2026-03-01 18:02:00",3750,5.47,0,0,0,0.93,15.7,28879.73,35115.33,22.16,120.28,10.44,2.47,10.44,0.46,0.39,-99.9,-99.9,8.18,-99.9,5.24,2.94,1.17,32.45,0,0,1830
"2026-03-01 18:17:00",3751,5.48,0,0,0,0.98,15.69,28878.41,35126.09,22.17,119.85,10.4,2.67,11.3,0.46,0.39,-99.9,-99.9,8.18,-99.9,5.24,2.89,1.17,32.45,0,0,1831
"2026-03-01 18:32:00",3752,5.48,0,0,0,1.05,15.63,28844.69,35135.27,22.17,117.5,10.21,2.78,11.75,0.45,0.38,-99.9,-99.9,8.16,-99.9,5.24,3.24,1.18,33.18,0,0,1832
"2026-03-01 18:47:00",3753,5.48,0,0,0,1.15,15.62,28841.38,35137.25,22.17,117.07,10.17,3,12.68,0.54,0.47,-99.9,-99.9,8.16,-99.9,5.24,2.91,1.18,33.18,0,0,1833
"2026-03-01 19:02:00",3754,5.48,0,0,0,1.25,15.63,28856.79,35150.37,22.18,115.72,10.06,2.31,9.75,0.4,0.33,-99.9,-99.9,8.16,-99.9,5.25,2.88,1.18,33.26,0,0,1834
"2026-03-01 19:17:00",3755,5.47,0,0,0,1.36,15.64,28893.79,35181.3,22.2,116.97,10.16,2.44,10.32,0.43,0.35,-99.9,-99.9,8.16,-99.9,5.21,2.07,1.18,33.26,0,0,1835
"2026-03-01 19:32:00",3756,5.47,0,0,0,1.47,15.63,28860,35154.79,22.19,117.09,10.17,2.45,10.34,0.42,0.35,-99.9,-99.9,8.16,-99.9,5.43,2.49,1.18,32.41,0,0,1836
"2026-03-01 19:47:00",3757,5.48,0,0,0,1.58,15.61,28867.49,35179.75,22.2,113.94,9.9,2.75,11.61,0.46,0.38,-99.9,-99.9,8.16,-99.9,5.3,2.68,1.18,32.41,0,0,1837
"2026-03-01 20:02:00",3758,5.47,0,0,0,1.7,15.58,28853.86,35186.61,22.21,115.37,10.03,2.4,10.11,0.44,0.36,-99.9,-99.9,8.15,-99.9,5.34,2.26,1.17,32.9,0,0,1838
"2026-03-01 20:17:00",3759,5.48,0,0,0,1.82,15.56,28804.7,35140.65,22.18,115.77,10.07,2.52,10.64,0.48,0.41,-99.9,-99.9,8.16,-99.9,5.4,2.33,1.17,32.9,0,0,1839
"2026-03-01 20:32:00",3760,5.46,0,0,0,1.93,15.53,28779.88,35133.43,22.17,116.02,10.1,2.73,11.53,0.47,0.4,-99.9,-99.9,8.16,-99.9,5.38,2.27,1.18,32.1,0,0,1840
"2026-03-01 20:47:00",3761,5.47,0,0,0,2.04,15.52,28769.82,35130.42,22.17,119.96,10.45,2.87,12.11,0.48,0.41,-99.9,-99.9,8.19,-99.9,5.51,2.35,1.18,32.1,0,0,1841
"2026-03-01 21:02:00",3762,5.47,0,0,0,2.16,15.49,28760.44,35142.45,22.18,119.67,10.43,2.75,11.63,0.46,0.39,-99.9,-99.9,8.19,-99.9,5.47,2.42,1.17,32.23,0,0,1842
"2026-03-01 21:17:00",3763,5.48,0,0,0,2.25,15.28,28543.51,35047.31,22.11,113.62,9.95,2.59,10.96,0.46,0.39,-99.9,-99.9,8.14,-99.9,5.69,2.24,1.17,32.23,0,0,1843
"2026-03-01 21:32:00",3764,5.48,0,0,0,2.34,15.21,28383.07,34912.04,22.01,110.25,9.67,2.67,11.27,0.49,0.42,-99.9,-99.9,8.1,-99.9,5.92,2.46,1.18,32.52,0,0,1844
"2026-03-01 21:47:00",3765,5.46,0,0,0,2.44,15.21,28360.96,34884.95,21.99,109.65,9.62,3.09,13.06,0.49,0.42,-99.9,-99.9,8.1,-99.9,5.91,2.55,1.18,32.52,0,0,1845
"2026-03-01 22:02:00",3766,5.46,0,0,0,2.52,15.22,28344.38,34851.8,21.97,110.1,9.66,2.93,12.41,0.49,0.42,-99.9,-99.9,8.1,-99.9,5.89,2.71,1.18,32.66,0,0,1846
"2026-03-01 22:17:00",3767,5.47,0,0,0,2.6,15.05,28685.7,35416.72,22.36,104.34,9.16,2.12,8.95,0.4,0.33,-99.9,-99.9,8.09,-99.9,5.52,3.71,1.18,32.66,0,0,1847
"2026-03-01 22:32:00",3768,5.47,0,0,0,2.67,15,28795.29,35591.04,22.48,108.45,9.53,2.29,9.68,0.39,0.32,-99.9,-99.9,8.1,-99.9,5.37,4.19,1.18,32.8,0,0,1848
"2026-03-01 22:47:00",3769,5.48,0,0,0,2.73,14.93,28884.95,35759.4,22.6,105.34,9.26,2.04,8.59,0.4,0.33,-99.9,-99.9,8.09,-99.9,5.18,4.69,1.18,32.8,0,0,1849
"2026-03-01 23:02:00",3770,5.45,0,0,0,2.78,14.76,29011.3,36067.03,22.81,103.72,9.14,1.78,7.5,0.4,0.33,-99.9,-99.9,8.05,-99.9,5.07,5.46,1.18,33.72,0,0,1850
"2026-03-01 23:17:00",3771,5.46,0,0,0,2.82,14.73,29025.95,36108.32,22.84,98.85,8.71,1.83,7.7,0.39,0.31,-99.9,-99.9,8.06,-99.9,4.94,4.4,1.18,33.72,0,0,1851
"2026-03-01 23:32:00",3772,5.46,0,0,0,2.83,14.8,28945.61,35945.36,22.73,103.62,9.13,1.69,7.13,0.37,0.3,-99.9,-99.9,8.07,-99.9,4.9,3.92,1.18,32.79,0,0,1852
"2026-03-01 23:47:00",3773,5.47,0,0,0,2.85,14.77,28971.29,36007.97,22.77,101.78,8.97,3.13,13.22,0.4,0.33,-99.9,-99.9,8.05,-99.9,4.88,4.47,1.18,32.79,0,0,1853
"2026-03-02 00:02:00",3774,5.47,0,0,0,2.83,14.81,28929.09,35916.97,22.71,102.85,9.06,2.29,9.67,0.46,0.39,-99.9,-99.9,8.07,-99.9,4.81,4.79,1.18,31.62,0,0,1854
"2026-03-02 00:17:00",3775,5.45,0,0,0,2.81,14.79,28968.54,35983.33,22.75,93.52,8.24,1.89,7.97,0.41,0.34,-99.9,-99.9,8.05,-99.9,5.07,4.27,1.18,31.62,0,0,1855
"2026-03-02 00:32:00",3776,5.45,0,0,0,2.77,14.84,28935.71,35905.7,22.7,102.24,9,1.53,6.43,0.36,0.29,-99.9,-99.9,8.06,-99.9,5.01,3.8,1.17,32.6,0,0,1856
"2026-03-02 00:47:00",3777,5.46,0,0,0,2.71,15.19,28557.36,35138.76,22.17,104.21,9.14,1.12,4.71,0.31,0.23,-99.9,-99.9,8.06,-99.9,5.67,1.42,1.17,32.6,0,0,1857
"2026-03-02 01:02:00",3778,5.46,0,0,0,2.65,15.2,28430.6,34978.67,22.06,103.52,9.08,1.82,7.68,0.37,0.3,-99.9,-99.9,8.08,-99.9,5.45,1.62,1.18,32.68,0,0,1858
"2026-03-02 01:17:00",3779,5.47,0,0,0,2.57,15.24,28509.83,35042.9,22.1,105.6,9.25,1.98,8.36,0.4,0.33,-99.9,-99.9,8.11,-99.9,5.74,2.02,1.18,32.68,0,0,1859
"2026-03-02 01:32:00",3780,5.45,0,0,0,2.47,15.2,28704.95,35317.93,22.29,110.21,9.66,1.67,7.04,0.38,0.31,-99.9,-99.9,8.12,-99.9,5.38,2.57,1.18,31.77,0,0,1860
"2026-03-02 01:47:00",3781,5.45,0,0,0,2.38,14.97,28829.54,35663.35,22.53,98.56,8.66,1.14,4.76,0.29,0.22,-99.9,-99.9,8.02,-99.9,5.39,2.32,1.18,31.77,0,0,1861
"2026-03-02 02:02:00",3782,5.45,0,0,0,2.27,14.92,28860.85,35741.47,22.59,102.23,8.99,1.39,5.86,0.35,0.28,-99.9,-99.9,8.05,-99.9,5.31,2.64,1.18,32.33,0,0,1862
"2026-03-02 02:17:00",3783,5.46,0,0,0,2.17,14.94,28810.15,35659.01,22.53,100.79,8.86,1.06,4.43,0.32,0.25,-99.9,-99.9,8.03,-99.9,5.28,2.4,1.18,32.33,0,0,1863
"2026-03-02 02:32:00",3784,5.46,0,0,0,2.07,14.89,28876.36,35783.97,22.62,103.92,9.14,1.42,5.96,0.32,0.24,-99.9,-99.9,8.06,-99.9,5.12,3.12,1.18,33.08,0,0,1864
"2026-03-02 02:47:00",3785,5.44,0,0,0,1.98,14.88,28880.39,35796.87,22.62,95.21,8.38,1.56,6.58,0.35,0.28,-99.9,-99.9,8.05,-99.9,5.22,3.54,1.18,33.08,0,0,1865
"2026-03-02 03:02:00",3786,5.45,0,0,0,1.89,14.93,28853.21,35726.9,22.58,101.41,8.92,1.44,6.04,0.32,0.25,-99.9,-99.9,8.05,-99.9,5.08,2.86,1.18,32.89,0,0,1866
"2026-03-02 03:17:00",3787,5.45,0,0,0,1.82,14.95,28820.93,35669.54,22.54,100.52,8.84,1.39,5.82,0.28,0.21,-99.9,-99.9,8.04,-99.9,5.23,2.33,1.18,32.89,0,0,1867
"2026-03-02 03:32:00",3788,5.45,0,0,0,1.74,14.97,28762.92,35575.08,22.47,96.28,8.46,0.97,4.05,0.31,0.24,-99.9,-99.9,8.03,-99.9,5.28,2,1.18,32.42,0,0,1868
"2026-03-02 03:47:00",3789,5.46,0,0,0,1.68,15.07,28603.5,35302.03,22.28,96.26,8.46,0.91,3.79,0.27,0.19,-99.9,-99.9,8.02,-99.9,5.6,1.62,1.18,32.42,0,0,1869
"2026-03-02 04:02:00",3790,5.44,0,0,0,1.63,15.11,28473.73,35107.14,22.15,102.03,8.96,1.26,5.28,0.32,0.24,-99.9,-99.9,8.04,-99.9,5.5,1.48,1.17,33.28,0,0,1870
"2026-03-02 04:17:00",3791,5.45,0,0,0,1.6,15.11,28319.35,34917.77,22.02,97.18,8.54,1.5,6.3,0.33,0.25,-99.9,-99.9,8.05,-99.9,5.89,2.04,1.17,33.28,0,0,1871
"2026-03-02 04:32:00",3792,5.45,0,0,0,1.57,15.11,28316.04,34910.88,22.01,100.57,8.84,1.18,4.93,0.29,0.22,-99.9,-99.9,8.06,-99.9,5.61,1.72,1.18,32.86,0,0,1872
"2026-03-02 04:47:00",3793,5.45,0,0,0,1.56,15.1,28282.58,34875.85,21.99,98.65,8.68,1.16,4.88,0.3,0.23,-99.9,-99.9,8.07,-99.9,5.71,1.71,1.18,32.86,0,0,1873
"2026-03-02 05:02:00",3794,5.45,0,0,0,1.55,15.12,28322.64,34907.37,22.01,99.29,8.72,1.21,5.09,0.29,0.22,-99.9,-99.9,8.05,-99.9,5.71,1.11,1.18,33.74,0,0,1874
"2026-03-02 05:17:00",3795,5.44,0,0,0,1.57,15.1,28336.14,34944.28,22.03,92.38,8.12,1.05,4.4,0.27,0.2,-99.9,-99.9,8.05,-99.9,5.92,1.43,1.18,33.74,0,0,1875
"2026-03-02 05:32:00",3796,5.44,0,0,0,1.6,15.08,28459.57,35110.08,22.15,97.43,8.56,0.89,3.69,0.26,0.19,-99.9,-99.9,8.01,-99.9,5.74,1.37,1.18,33.42,0,0,1876
"2026-03-02 05:47:00",3797,5.45,0,0,0,1.63,15.03,28619.22,35354.13,22.32,94.27,8.29,0.8,3.34,0.26,0.18,-99.9,-99.9,7.99,-99.9,5.43,1.78,1.18,33.42,0,0,1877
"2026-03-02 06:02:00",3798,5.44,0,0,0,1.67,14.86,28877.56,35810.58,22.63,98.98,8.71,1.31,5.49,0.31,0.24,-99.9,-99.9,8.02,-99.9,5.29,4.47,1.18,32.47,0,0,1878
"2026-03-02 06:17:00",3799,5.45,0,0,0,1.73,14.83,28827.26,35777.72,22.61,95.61,8.42,1.64,6.89,0.38,0.31,-99.9,-99.9,8.02,-99.9,5.3,4.85,1.18,32.47,0,0,1879
"2026-03-02 06:32:00",3800,5.43,0,0,0,1.81,14.87,28767.24,35664.45,22.53,99.05,8.72,1.21,5.08,0.33,0.25,-99.9,-99.9,8.02,-99.9,5.33,3.95,1.17,32.8,0,0,1880
"2026-03-02 06:47:00",3801,5.44,0,0,0,1.89,14.89,28717.62,35593.76,22.48,94.53,8.32,1.17,4.89,0.29,0.22,-99.9,-99.9,8.01,-99.9,5.42,3.94,1.17,32.8,0,0,1881
"2026-03-02 07:02:00",3802,5.43,0,0,0,1.97,14.85,28755.64,35667.75,22.53,98.69,8.69,1.07,4.48,0.26,0.19,-99.9,-99.9,8.02,-99.9,5.41,2.56,1.18,33.29,0,0,1882
"2026-03-02 07:17:00",3803,5.44,0,0,0,2.06,14.85,28797.28,35720.99,22.57,97.43,8.58,0.97,4.05,0.3,0.23,-99.9,-99.9,8.01,-99.9,5.32,2.66,1.18,33.29,0,0,1883
"2026-03-02 07:32:00",3804,5.45,0,0,0,2.14,14.89,28727.72,35603.35,22.49,97.64,8.6,0.96,4.01,0.3,0.23,-99.9,-99.9,8.01,-99.9,5.31,2.63,1.18,32.16,0,0,1884
"2026-03-02 07:47:00",3805,5.43,0,0,0,2.25,14.92,28628.91,35457.85,22.39,97.52,8.59,1.18,4.94,0.33,0.26,-99.9,-99.9,8.02,-99.9,5.45,2.37,1.18,32.16,0,0,1885
"2026-03-02 08:02:00",3806,5.43,0,0,0,2.35,14.97,28413.84,35150.07,22.18,102.09,8.99,1.32,5.56,0.35,0.27,-99.9,-99.9,8.05,-99.9,5.66,1.74,1.18,33.4,0,0,1886
"2026-03-02 08:17:00",3807,5.43,0,0,0,2.45,14.94,28451.56,35216.06,22.22,102.01,8.99,1.18,4.94,0.34,0.26,-99.9,-99.9,8.04,-99.9,5.68,1.89,1.18,33.4,0,0,1887
"2026-03-02 08:32:00",3808,5.44,0,0,0,2.55,14.96,28345.49,35073.98,22.12,104.01,9.17,1.47,6.19,0.36,0.29,-99.9,-99.9,8.07,-99.9,5.73,1.81,1.18,32.66,0,0,1888
"2026-03-02 08:47:00",3809,5.45,0,0,0,2.66,14.98,28283.05,34976.56,22.06,104.79,9.23,1.95,8.2,0.42,0.34,-99.9,-99.9,8.09,-99.9,5.72,2.01,1.18,32.66,0,0,1889
"2026-03-02 09:02:00",3810,5.42,0,0,0,2.74,14.95,28413.1,35158.73,22.18,105.23,9.27,1.55,6.52,0.37,0.3,-99.9,-99.9,8.07,-99.9,5.55,2.22,1.18,31.83,0,0,1890
"2026-03-02 09:17:00",3811,5.43,0,0,0,2.83,14.96,28458.14,35213.44,22.22,103.87,9.15,1.56,6.56,0.35,0.28,-99.9,-99.9,8.07,-99.9,5.55,1.89,1.18,31.83,0,0,1891
"2026-03-02 09:32:00",3812,5.43,0,0,0,2.92,14.96,28432.34,35177.65,22.19,105.84,9.32,1.6,6.73,0.38,0.31,-99.9,-99.9,8.08,-99.9,5.61,2.15,1.17,32.12,0,0,1892
"2026-03-02 09:47:00",3813,5.44,0,0,0,2.98,14.97,28424.7,35164.51,22.19,104.46,9.2,1.68,7.07,0.38,0.31,-99.9,-99.9,8.08,-99.9,5.68,2.36,1.17,32.12,0,0,1893
"2026-03-02 10:02:00",3814,5.44,0,0,0,3.06,14.92,28572.76,35384.64,22.34,103.4,9.11,1.34,5.62,0.36,0.29,-99.9,-99.9,8.06,-99.9,5.52,2.68,1.18,32.28,0,0,1894
"2026-03-02 10:17:00",3815,5.42,0,0,0,3.1,14.73,28924.7,35979.48,22.75,99.07,8.74,1.06,4.45,0.31,0.24,-99.9,-99.9,8.01,-99.9,5.23,4,1.18,32.28,0,0,1895
"2026-03-02 10:32:00",3816,5.42,0,0,0,3.13,14.67,29026.97,36161.09,22.87,97.27,8.58,0.98,4.11,0.26,0.19,-99.9,-99.9,8,-99.9,5.05,3.93,1.18,32.62,0,0,1896
"2026-03-02 10:47:00",3817,5.43,0,0,0,3.16,14.68,29000.42,36120.82,22.85,95.75,8.45,1.06,4.41,0.31,0.24,-99.9,-99.9,8,-99.9,5.04,3.65,1.18,32.62,0,0,1897
"2026-03-02 11:02:00",3818,5.42,0,0,0,3.17,14.67,29023.84,36155.39,22.87,97.82,8.63,1.02,4.27,0.3,0.23,-99.9,-99.9,8,-99.9,5.07,4.25,1.18,32.66,0,0,1898
"2026-03-02 11:17:00",3819,5.44,0,0,0,3.15,14.67,28972.55,36090.61,22.83,98.03,8.65,1.04,4.34,0.32,0.25,-99.9,-99.9,8.01,-99.9,5.14,4.72,1.18,32.66,0,0,1899
"2026-03-02 11:32:00",3820,5.41,0,0,0,3.13,14.68,28970.35,36086.48,22.82,97.65,8.62,1.12,4.67,0.33,0.26,-99.9,-99.9,8.01,-99.9,5.13,4.38,1.18,31.8,0,0,1900
"2026-03-02 11:47:00",3821,5.42,0,0,0,3.07,14.66,28986.36,36117.06,22.84,98.6,8.7,1.25,5.24,0.32,0.25,-99.9,-99.9,8.01,-99.9,5.03,4.8,1.18,31.8,0,0,1901
"2026-03-02 12:02:00",3822,5.42,0,0,0,2.99,14.56,29139.29,36396.05,23.04,97.68,8.63,1.12,4.7,0.32,0.25,-99.9,-99.9,8,-99.9,5,4.96,1.18,32.96,0,0,1902
"2026-03-02 12:17:00",3823,5.42,0,0,0,2.9,14.68,28962.27,36075.23,22.82,99.19,8.75,1.16,4.85,0.32,0.25,-99.9,-99.9,8.02,-99.9,5.1,4.31,1.18,32.96,0,0,1903
"2026-03-02 12:32:00",3824,5.43,0,0,0,2.8,15.15,28639.02,35279.17,22.27,108.78,9.54,1.4,5.9,0.38,0.31,-99.9,-99.9,8.11,-99.9,5.48,2.79,1.18,32.33,0,0,1904
"2026-03-02 12:47:00",3825,5.41,0,0,0,2.67,14.51,29217.89,36536.17,23.13,97.28,8.6,1.06,4.43,0.33,0.25,-99.9,-99.9,8,-99.9,4.86,5.01,1.18,32.33,0,0,1905
"2026-03-02 13:02:00",3826,5.41,0,0,0,2.55,14.52,29220.6,36530.95,23.13,96.34,8.51,1.25,5.22,0.35,0.28,-99.9,-99.9,8,-99.9,4.9,5.14,1.18,33.32,0,0,1906
"2026-03-02 13:17:00",3827,5.42,0,0,0,2.43,14.81,28988.23,35993.46,22.76,101.43,8.93,1.18,4.93,0.33,0.26,-99.9,-99.9,8.05,-99.9,5.07,3.53,1.18,33.32,0,0,1907
"2026-03-02 13:32:00",3828,5.42,0,0,0,2.3,14.97,28828.73,35660.69,22.53,104.49,9.18,1.82,7.68,0.41,0.34,-99.9,-99.9,8.08,-99.9,5.22,3.24,1.18,32.78,0,0,1908
"2026-03-02 13:47:00",3829,5.43,0,0,0,2.15,14.9,28904.19,35809.26,22.63,98.37,8.65,1.45,6.1,0.39,0.32,-99.9,-99.9,8.07,-99.9,5.16,3.01,1.18,32.78,0,0,1909
"2026-03-02 14:02:00",3830,5.4,0,0,0,2,14.95,28896.42,35761.16,22.6,103.55,9.1,1.35,5.67,0.34,0.27,-99.9,-99.9,8.07,-99.9,5.17,2.82,1.18,32.57,0,0,1910
"2026-03-02 14:17:00",3831,5.41,0,0,0,1.88,15.06,28864.48,35627,22.51,105.99,9.3,1.46,6.13,0.35,0.28,-99.9,-99.9,8.08,-99.9,5.33,2.67,1.18,32.57,0,0,1911
"2026-03-02 14:32:00",3832,5.41,0,0,0,1.73,14.91,28971.63,35889.18,22.69,106.44,9.36,1.49,6.27,0.36,0.29,-99.9,-99.9,8.08,-99.9,5.09,3.35,1.17,32.52,0,0,1912
"2026-03-02 14:47:00",3833,5.42,0,0,0,1.62,15.15,28843.19,35529.11,22.44,107.75,9.44,1.24,5.18,0.34,0.27,-99.9,-99.9,8.11,-99.9,5.32,2.5,1.17,32.52,0,0,1913
"2026-03-02 15:02:00",3834,5.42,0,0,0,1.51,15.12,28857.09,35571.99,22.47,109.13,9.57,2.22,9.38,0.44,0.37,-99.9,-99.9,8.11,-99.9,5.26,3.16,1.18,32.01,0,0,1914
"2026-03-02 15:17:00",3835,5.39,0,0,0,1.4,15.15,28861.82,35547.86,22.45,109.54,9.59,1.73,7.28,0.36,0.28,-99.9,-99.9,8.12,-99.9,5.22,2.89,1.18,32.01,0,0,1915
"2026-03-02 15:32:00",3836,5.4,0,0,0,1.31,15.35,28766.31,35268.58,22.26,112.46,9.82,2.22,9.39,0.41,0.34,-99.9,-99.9,8.13,-99.9,5.34,2.33,1.17,31.9,0,0,1916
"2026-03-02 15:47:00",3837,5.41,0,0,0,1.23,15.43,28825.09,35269.61,22.26,116.48,10.16,1.87,7.88,0.4,0.33,-99.9,-99.9,8.16,-99.9,5.41,2.18,1.17,31.9,0,0,1917
"2026-03-02 16:02:00",3838,5.4,0,0,0,1.13,15.37,28859.26,35361.42,22.33,119.21,10.4,1.61,6.76,0.36,0.29,-99.9,-99.9,8.16,-99.9,5.41,2.37,1.18,32.67,0,0,1918
"2026-03-02 16:17:00",3839,5.42,0,0,0,1.06,15.36,28819.26,35326.28,22.3,114.72,10.02,1.94,8.18,0.4,0.33,-99.9,-99.9,8.15,-99.9,5.4,2.7,1.18,32.67,0,0,1919
"2026-03-02 16:32:00",3840,5.39,0,0,0,1,15.56,28909.28,35267.77,22.26,115.28,10.03,2.23,9.39,0.42,0.34,-99.9,-99.9,8.15,-99.9,5.34,2.66,1.17,32.98,0,0,1920
"2026-03-02 16:47:00",3841,5.4,0,0,0,0.95,15.55,28929.55,35300.92,22.29,112,9.74,1.99,8.38,0.4,0.32,-99.9,-99.9,8.15,-99.9,5.31,2.76,1.17,32.98,0,0,1921
"2026-03-02 17:02:00",3842,5.39,0,0,0,0.91,15.53,28911.59,35294.87,22.28,116.51,10.14,1.85,7.8,0.37,0.3,-99.9,-99.9,8.16,-99.9,5.32,2.76,1.18,32.62,0,0,1922
"2026-03-02 17:17:00",3843,5.4,0,0,0,0.87,15.65,28953.85,35250.43,22.25,116.52,10.12,1.93,8.11,0.4,0.33,-99.9,-99.9,8.17,-99.9,5.29,2.82,1.18,32.62,0,0,1923
"2026-03-02 17:32:00",3844,5.41,0,0,0,0.87,15.67,28944.86,35222.58,22.23,119.03,10.33,1.78,7.49,0.39,0.32,-99.9,-99.9,8.18,-99.9,5.34,2.3,1.18,32.67,0,0,1924
"2026-03-02 17:47:00",3845,5.39,0,0,0,0.88,15.56,28890.96,35243.75,22.25,116.33,10.12,2.07,8.75,0.45,0.38,-99.9,-99.9,8.17,-99.9,5.37,2.43,1.18,32.67,0,0,1925
"2026-03-02 18:02:00",3846,5.39,0,0,0,0.89,15.53,28908.8,35289.37,22.28,120.59,10.49,1.92,8.11,0.38,0.31,-99.9,-99.9,8.19,-99.9,5.46,3.25,1.18,32.34,0,0,1926
"2026-03-02 18:17:00",3847,5.39,0,0,0,0.92,15.6,28891.45,35216.55,22.23,118.42,10.29,2.3,9.71,0.42,0.35,-99.9,-99.9,8.18,-99.9,5.45,2.49,1.18,32.34,0,0,1927
"2026-03-02 18:32:00",3848,5.39,0,0,0,0.99,15.55,28901.36,35270.06,22.27,116.92,10.17,2.42,10.21,0.41,0.34,-99.9,-99.9,8.17,-99.9,5.38,2.66,1.18,33.84,0,0,1928
"2026-03-02 18:47:00",3849,5.4,0,0,0,1.04,15.57,28937.42,35293.56,22.28,121.74,10.58,1.99,8.37,0.38,0.31,-99.9,-99.9,8.19,-99.9,5.46,2.38,1.18,33.84,0,0,1929
"2026-03-02 19:02:00",3850,5.38,0,0,0,1.09,15.59,28914.23,35253.13,22.25,117.12,10.18,2.34,9.89,0.44,0.36,-99.9,-99.9,8.17,-99.9,5.41,2.24,1.18,32.75,0,0,1930
"2026-03-02 19:17:00",3851,5.39,0,0,0,1.18,15.55,28966.6,35348.28,22.32,120.6,10.49,2.51,10.61,0.45,0.38,-99.9,-99.9,8.19,-99.9,5.42,2.7,1.18,32.75,0,0,1931
"2026-03-02 19:32:00",3852,5.38,0,0,0,1.29,15.58,28909.36,35250.76,22.25,117.33,10.2,2.44,10.3,0.45,0.38,-99.9,-99.9,8.17,-99.9,5.38,2.48,1.18,32.76,0,0,1932
"2026-03-02 19:47:00",3853,5.39,0,0,0,1.39,15.6,28952.5,35287.83,22.28,112.9,9.81,2.61,11.03,0.52,0.44,-99.9,-99.9,8.17,-99.9,5.32,2.66,1.18,32.76,0,0,1933
"2026-03-02 20:02:00",3854,5.39,0,0,0,1.51,15.56,28936.73,35298.21,22.28,118.62,10.31,2.69,11.37,0.47,0.4,-99.9,-99.9,8.18,-99.9,5.41,2.85,1.17,31.36,0,0,1934
"2026-03-02 20:17:00",3855,5.37,0,0,0,1.62,15.55,28906.72,35273.39,22.27,115.91,10.08,2.77,11.7,0.49,0.42,-99.9,-99.9,8.17,-99.9,5.33,3.03,1.17,31.36,0,0,1935
"2026-03-02 20:32:00",3856,5.37,0,0,0,1.75,15.56,28929.95,35293.56,22.28,116.94,10.17,2.62,11.09,0.48,0.41,-99.9,-99.9,8.17,-99.9,5.39,2.72,1.18,32.12,0,0,1936
"2026-03-02 20:47:00",3857,5.38,0,0,0,1.86,15.56,28929,35292.33,22.28,114.91,9.99,2.46,10.4,0.45,0.38,-99.9,-99.9,8.15,-99.9,5.26,2.38,1.18,32.12,0,0,1937
"2026-03-02 21:02:00",3858,5.38,0,0,0,1.98,15.61,28921.91,35242.56,22.25,118.2,10.27,2.36,9.98,0.43,0.36,-99.9,-99.9,8.18,-99.9,5.46,2.71,1.17,32.45,0,0,1938
"2026-03-02 21:17:00",3859,5.39,0,0,0,2.09,15.61,28903.64,35221.81,22.23,117.46,10.21,2.45,10.35,0.72,0.65,-99.9,-99.9,8.19,-99.9,5.4,2.92,1.17,32.45,0,0,1939
"2026-03-02 21:32:00",3860,5.36,0,0,0,2.2,15.55,28810.49,35154.15,22.18,114.8,9.99,2.32,9.81,0.43,0.36,-99.9,-99.9,8.17,-99.9,5.44,3.03,1.18,31.77,0,0,1940
"2026-03-02 21:47:00",3861,5.37,0,0,0,2.3,15.48,28802.34,35202.62,22.22,114.4,9.97,2.29,9.66,0.43,0.36,-99.9,-99.9,8.16,-99.9,5.44,3.35,1.18,31.77,0,0,1941
"2026-03-02 22:02:00",3862,5.36,0,0,0,2.39,15.46,28660,35043.45,22.11,111.25,9.7,3.44,14.54,0.47,0.4,-99.9,-99.9,8.13,-99.9,5.65,3.61,1.17,32.22,0,0,1942
"2026-03-02 22:17:00",3863,5.37,0,0,0,2.48,15.46,28534.76,34893.57,22,105.74,9.23,2.32,9.78,0.46,0.39,-99.9,-99.9,8.11,-99.9,5.56,3.43,1.17,32.22,0,0,1943
"2026-03-02 22:32:00",3864,5.37,0,0,0,2.58,15.45,28509.19,34867.35,21.98,106.53,9.3,2.25,9.52,0.46,0.39,-99.9,-99.9,8.1,-99.9,5.83,3.08,1.17,32.52,0,0,1944
"2026-03-02 22:47:00",3865,5.35,0,0,0,2.67,15.36,28744.43,35235.1,22.24,109.84,9.59,2.09,8.83,0.39,0.32,-99.9,-99.9,8.11,-99.9,5.61,4.41,1.17,32.52,0,0,1945
"2026-03-02 23:02:00",3866,5.35,0,0,0,2.74,15.17,28907.22,35593.29,22.49,107.14,9.38,1.83,7.69,0.39,0.32,-99.9,-99.9,8.09,-99.9,5.31,5.03,1.18,31.81,0,0,1946
"2026-03-02 23:17:00",3867,5.35,0,0,0,2.8,15.06,28923.32,35700,22.56,103.35,9.06,1.78,7.48,0.39,0.32,-99.9,-99.9,8.07,-99.9,5.18,5.19,1.18,31.81,0,0,1947
"2026-03-02 23:32:00",3868,5.35,0,0,0,2.85,14.88,29118.52,36097.43,22.83,102.76,9.03,1.77,7.45,0.38,0.31,-99.9,-99.9,8.05,-99.9,5.08,6.45,1.17,32.03,0,0,1948
"2026-03-02 23:47:00",3869,5.37,0,0,0,2.88,14.83,29195.96,36234.89,22.93,101.61,8.93,1.65,6.93,0.38,0.31,-99.9,-99.9,8.04,-99.9,4.91,5.27,1.17,32.03,0,0,1949
"2026-03-03 00:02:00",3870,5.34,0,0,0,2.91,14.84,29178.77,36204.06,22.91,100.13,8.8,1.34,5.62,0.33,0.26,-99.9,-99.9,8.04,-99.9,4.9,4.84,1.18,32.24,0,0,1950
"2026-03-03 00:17:00",3871,5.35,0,0,0,2.91,14.87,29100.02,36083.25,22.82,100.52,8.84,1.71,7.19,0.38,0.31,-99.9,-99.9,8.08,-99.9,5.01,4.28,1.18,32.24,0,0,1951
"2026-03-03 00:32:00",3872,5.34,0,0,0,2.91,14.87,29057.68,36027.8,22.78,97.07,8.54,1.75,7.36,0.38,0.31,-99.9,-99.9,8.03,-99.9,4.91,5.63,1.18,33.24,0,0,1952
"2026-03-03 00:47:00",3873,5.35,0,0,0,2.89,14.97,28982.63,35851.85,22.66,100.54,8.83,1.51,6.37,0.37,0.3,-99.9,-99.9,8.05,-99.9,5.21,4.27,1.18,33.24,0,0,1953
"2026-03-03 01:02:00",3874,5.35,0,0,0,2.86,15.01,28928.5,35749.68,22.59,100.85,8.85,1.92,8.09,0.44,0.37,-99.9,-99.9,8.05,-99.9,5.12,4.63,1.17,32.9,0,0,1954
"2026-03-03 01:17:00",3875,5.33,0,0,0,2.79,15.04,28886.2,35668.25,22.54,103.38,9.07,1.54,6.46,0.36,0.29,-99.9,-99.9,8.07,-99.9,5.12,4.9,1.17,32.9,0,0,1955
"2026-03-03 01:32:00",3876,5.33,0,0,0,2.73,15.22,28617.27,35192.28,22.21,104.38,9.14,2.08,8.75,0.37,0.3,-99.9,-99.9,8.09,-99.9,5.68,3.05,1.18,32.66,0,0,1956
"2026-03-03 01:47:00",3877,5.33,0,0,0,2.63,15.36,28618.68,35078.38,22.13,104.57,9.14,2.07,8.71,0.4,0.33,-99.9,-99.9,8.11,-99.9,5.56,2.97,1.18,32.66,0,0,1957
"2026-03-03 02:02:00",3878,5.33,0,0,0,2.52,15.26,28815.61,35401.3,22.35,104.89,9.17,1.71,7.2,0.38,0.31,-99.9,-99.9,8.08,-99.9,5.37,3.17,1.18,32.6,0,0,1958
"2026-03-03 02:17:02",3879,5.34,0,0,0,2.43,15.1,28882.12,35617.29,22.5,102.78,9.01,1.64,6.89,0.39,0.32,-99.9,-99.9,8.05,-99.9,5.22,2.74,1.18,32.6,0,0,1959
"2026-03-03 02:32:00",3880,5.32,0,0,0,2.31,15.04,28931.46,35730.75,22.58,100.28,8.8,1.5,6.31,0.35,0.28,-99.9,-99.9,8.04,-99.9,5.2,3.75,1.17,32.59,0,0,1960
"2026-03-03 02:47:00",3881,5.32,0,0,0,2.21,15,28931.23,35762.22,22.6,99.18,8.71,1.6,6.73,0.38,0.31,-99.9,-99.9,8.04,-99.9,5.09,4.22,1.17,32.59,0,0,1961
"2026-03-03 03:02:00",3882,5.32,0,0,0,2.1,14.98,28930.36,35776.59,22.61,101,8.87,1.5,6.31,0.35,0.27,-99.9,-99.9,8.05,-99.9,5.2,3.96,1.18,33.3,0,0,1962
"2026-03-03 03:17:00",3883,5.33,0,0,0,1.99,14.96,28919.28,35776.54,22.61,98.92,8.69,1.69,7.12,0.37,0.3,-99.9,-99.9,8.04,-99.9,5.19,3.9,1.18,33.3,0,0,1963
"2026-03-03 03:32:00",3884,5.33,0,0,0,1.88,15.05,28901.54,35684.69,22.55,91.69,8.04,0.95,3.94,0.27,0.2,-99.9,-99.9,8.04,-99.9,5.03,3.18,1.17,33.14,0,0,1964
"2026-03-03 03:47:00",3885,5.32,0,0,0,1.79,15.1,28900.96,35641.23,22.52,91.23,8,0.92,3.86,0.32,0.24,-99.9,-99.9,8.02,-99.9,5.3,2.42,1.17,33.14,0,0,1965
"2026-03-03 04:02:00",3886,5.32,0,0,0,1.71,15.1,28857.24,35586.27,22.48,98.1,8.6,0.9,3.76,0.29,0.22,-99.9,-99.9,8.03,-99.9,5.34,2.52,1.18,33.66,0,0,1966
"2026-03-03 04:17:00",3887,5.31,0,0,0,1.64,15.08,28842.55,35580.93,22.48,95.4,8.37,1.08,4.51,0.29,0.21,-99.9,-99.9,8.03,-99.9,5.45,2.47,1.18,33.66,0,0,1967
"2026-03-03 04:32:00",3888,5.31,0,0,0,1.58,15.15,28824.56,35502.24,22.42,96.28,8.44,0.79,3.27,0.26,0.19,-99.9,-99.9,8.04,-99.9,4.99,1.97,1.18,33.09,0,0,1968
"2026-03-03 04:47:00",3889,5.32,0,0,0,1.54,15.15,28820.91,35503.83,22.42,96.86,8.49,0.82,3.43,0.28,0.21,-99.9,-99.9,8.04,-99.9,5.44,1.89,1.18,33.09,0,0,1969
"2026-03-03 05:02:00",3890,5.31,0,0,0,1.49,15.19,28811.93,35451.54,22.39,101,8.84,1.65,6.96,0.34,0.26,-99.9,-99.9,8.08,-99.9,5.39,2.29,1.18,33.61,0,0,1970
"2026-03-03 05:17:00",3891,5.31,0,0,0,1.47,15.24,28814.85,35418.88,22.37,100.75,8.81,1.68,7.07,0.38,0.3,-99.9,-99.9,8.07,-99.9,5.48,3.52,1.18,33.61,0,0,1971
"2026-03-03 05:32:00",3892,5.31,0,0,0,1.44,15.27,28796.58,35373.86,22.33,98.96,8.65,1.07,4.46,0.3,0.23,-99.9,-99.9,8.07,-99.9,5.13,2.01,1.18,32.69,0,0,1972
"2026-03-03 05:47:00",3893,5.32,0,0,0,1.45,15.27,28781.36,35350.64,22.32,98.89,8.65,1.28,5.38,0.32,0.25,-99.9,-99.9,8.09,-99.9,5.5,2.41,1.18,32.69,0,0,1973
"2026-03-03 06:02:00",3894,5.31,0,0,0,1.46,15.29,28706.44,35239.16,22.24,101.47,8.87,1,4.17,0.28,0.21,-99.9,-99.9,8.06,-99.9,5.63,2.04,1.18,33.12,0,0,1974
"2026-03-03 06:17:00",3895,5.3,0,0,0,1.49,15.05,28900.52,35684.3,22.55,97.33,8.54,1.48,6.2,0.34,0.26,-99.9,-99.9,8.03,-99.9,5.23,3.8,1.18,33.12,0,0,1975
"2026-03-03 06:32:00",3896,5.3,0,0,0,1.53,15.1,28858.97,35590.95,22.48,98.6,8.65,1.13,4.73,0.32,0.25,-99.9,-99.9,8.03,-99.9,5.38,2.6,1.17,32.71,0,0,1976
"2026-03-03 06:47:00",3897,5.31,0,0,0,1.57,15.12,28828.44,35530.95,22.44,93.98,8.24,1.01,4.24,0.29,0.21,-99.9,-99.9,8.03,-99.9,5.33,2.59,1.17,32.71,0,0,1977
"2026-03-03 07:02:00",3898,5.31,0,0,0,1.64,15.08,28893.15,35646.59,22.52,97.97,8.59,1.27,5.34,0.31,0.24,-99.9,-99.9,8.03,-99.9,5.25,3.42,1.17,32.88,0,0,1978
"2026-03-03 07:17:00",3899,5.32,0,0,0,1.71,15,28910.61,35732.2,22.58,101.04,8.87,1.39,5.85,0.34,0.27,-99.9,-99.9,8.03,-99.9,5.2,3.35,1.17,32.88,0,0,1979
"2026-03-03 07:32:00",3900,5.3,0,0,0,1.78,15.01,28908.8,35724.99,22.58,100.09,8.79,1.36,5.7,0.33,0.26,-99.9,-99.9,8.03,-99.9,5.12,3.12,1.18,33.45,0,0,1980
"2026-03-03 07:47:00",3901,5.3,0,0,0,1.86,15.02,28903.57,35709.96,22.57,100.45,8.82,1.35,5.66,0.33,0.25,-99.9,-99.9,8.03,-99.9,5.23,3.42,1.18,33.45,0,0,1981
"2026-03-03 08:02:00",3902,5.3,0,0,0,1.97,15,28930.36,35756.64,22.6,99.57,8.74,1.29,5.41,0.32,0.25,-99.9,-99.9,8.03,-99.9,5.22,3.49,1.18,32.51,0,0,1982
"2026-03-03 08:17:00",3903,5.31,0,0,0,2.06,15.04,28902.18,35691.41,22.55,97.75,8.58,1.27,5.32,0.34,0.27,-99.9,-99.9,8.03,-99.9,5.28,3.25,1.18,32.51,0,0,1983
"2026-03-03 08:32:00",3904,5.31,0,0,0,2.16,15.06,28890.49,35657.58,22.53,99.79,8.75,1.36,5.72,0.33,0.26,-99.9,-99.9,8.03,-99.9,5.3,3.45,1.18,31.97,0,0,1984
"2026-03-03 08:47:00",3905,5.3,0,0,0,2.26,15.1,28827.87,35550.42,22.46,99.74,8.75,1.33,5.57,0.35,0.28,-99.9,-99.9,8.04,-99.9,5.31,2.59,1.18,31.97,0,0,1985
"2026-03-03 09:02:00",3906,5.3,0,0,0,2.36,15.14,28732.35,35396.27,22.35,100.9,8.85,1.98,8.33,0.44,0.37,-99.9,-99.9,8.05,-99.9,5.45,2.56,1.18,32.71,0,0,1986
"2026-03-03 09:17:00",3907,5.3,0,0,0,2.46,15.17,28620.37,35233.38,22.24,102.36,8.97,1.99,8.4,0.43,0.36,-99.9,-99.9,8.08,-99.9,5.49,2.49,1.18,32.71,0,0,1987
"2026-03-03 09:32:00",3908,5.31,0,0,0,2.55,15.21,28617.29,35202.72,22.21,107.4,9.41,1.84,7.73,0.41,0.34,-99.9,-99.9,8.1,-99.9,5.48,2.49,1.18,32.96,0,0,1988
"2026-03-03 09:47:00",3909,5.32,0,0,0,2.65,15.24,28617.78,35175.06,22.2,107.61,9.42,2.12,8.96,0.47,0.4,-99.9,-99.9,8.11,-99.9,5.51,2.52,1.18,32.96,0,0,1989
"2026-03-03 10:02:00",3910,5.3,0,0,0,2.73,15.27,28600.81,35130.38,22.17,109.17,9.56,2.33,9.84,0.47,0.4,-99.9,-99.9,8.12,-99.9,5.52,2.47,1.17,32.1,0,0,1990
"2026-03-03 10:17:00",3911,5.3,0,0,0,2.81,15.27,28589.37,35119.22,22.16,106.52,9.33,2,8.45,0.42,0.35,-99.9,-99.9,8.11,-99.9,5.53,2.45,1.17,32.1,0,0,1991
"2026-03-03 10:32:00",3912,5.3,0,0,0,2.88,15.3,28596.02,35099.06,22.14,109.16,9.55,2.31,9.73,0.48,0.4,-99.9,-99.9,8.12,-99.9,5.59,2.53,1.18,32.24,0,0,1992
"2026-03-03 10:47:00",3913,5.31,0,0,0,2.95,15.32,28607.32,35098.51,22.14,111.27,9.73,2.13,8.99,0.45,0.37,-99.9,-99.9,8.13,-99.9,5.54,2.38,1.18,32.24,0,0,1993
"2026-03-03 11:02:00",3914,5.31,0,0,0,3.01,15.1,28855.66,35585.75,22.48,103.17,9.04,1.02,4.26,0.3,0.22,-99.9,-99.9,8.05,-99.9,5.34,2.91,1.19,32.78,0,0,1994
"2026-03-03 11:17:00",3915,5.3,0,0,0,3.04,14.88,29106.12,36077.43,22.82,98.02,8.61,0.92,3.83,0.27,0.2,-99.9,-99.9,8.01,-99.9,5.13,3.85,1.19,32.78,0,0,1995
"2026-03-03 11:32:00",3916,5.3,0,0,0,3.06,14.86,29091.95,36076.99,22.82,97.93,8.61,0.9,3.76,0.28,0.21,-99.9,-99.9,8.01,-99.9,5.12,3.9,1.18,32.18,0,0,1996
"2026-03-03 11:47:00",3917,5.3,0,0,0,3.07,14.86,29084.54,36071.44,22.81,97.85,8.6,0.96,4.01,0.3,0.23,-99.9,-99.9,8.01,-99.9,5.16,3.97,1.18,32.18,0,0,1997
"2026-03-03 12:02:00",3918,5.3,0,0,0,3.07,14.79,29096.87,36147.13,22.87,98.18,8.64,1.16,4.85,0.32,0.24,-99.9,-99.9,8.02,-99.9,5.1,4.62,1.18,32.87,0,0,1998
"2026-03-03 12:17:00",3919,5.31,0,0,0,3.04,14.99,28990.29,35843.83,22.66,100.81,8.85,1.5,6.29,0.38,0.3,-99.9,-99.9,8.04,-99.9,5.26,3.63,1.18,32.87,0,0,1999
"2026-03-03 12:32:00",3920,5.3,0,0,0,2.99,15.03,28938.5,35744.47,22.59,103.66,9.1,1.38,5.8,0.37,0.3,-99.9,-99.9,8.07,-99.9,5.18,3.39,1.18,32.28,0,0,2000
"2026-03-03 12:47:00",3921,5.3,0,0,0,2.92,14.95,29006.84,35897.49,22.69,101.4,8.91,1.21,5.08,0.33,0.25,-99.9,-99.9,8.05,-99.9,5.19,3.85,1.18,32.28,0,0,2001
"2026-03-03 13:02:00",3922,5.3,0,0,0,2.85,15.02,28959.23,35776.2,22.61,101.99,8.95,1.15,4.82,0.32,0.25,-99.9,-99.9,8.05,-99.9,5.22,3.5,1.18,32.26,0,0,2002
"2026-03-03 13:17:00",3923,5.31,0,0,0,2.74,15.07,28978.64,35756.86,22.6,105.14,9.22,1.25,5.26,0.32,0.25,-99.9,-99.9,8.07,-99.9,5.19,3.6,1.18,32.26,0,0,2003
"2026-03-03 13:32:00",3924,5.31,0,0,0,2.64,15.16,28898.51,35588.7,22.48,107.25,9.39,1.08,4.53,0.31,0.24,-99.9,-99.9,8.09,-99.9,5.38,2.73,1.18,32.92,0,0,2004
"2026-03-03 13:47:00",3925,5.3,0,0,0,2.53,15.35,28856.93,35379.25,22.34,113.94,9.95,1.32,5.56,0.34,0.27,-99.9,-99.9,8.13,-99.9,5.46,2.52,1.18,32.92,0,0,2005
"2026-03-03 14:02:00",3926,5.3,0,0,0,2.4,14.98,29046.98,35917.91,22.71,104.25,9.15,1.31,5.49,0.34,0.27,-99.9,-99.9,8.05,-99.9,5.23,3.89,1.18,32.53,0,0,2006
"2026-03-03 14:17:00",3927,5.31,0,0,0,2.27,15.27,28964.85,35572.34,22.47,112.25,9.81,1.32,5.55,0.32,0.24,-99.9,-99.9,8.12,-99.9,5.42,2.72,1.18,32.53,0,0,2007
"2026-03-03 14:32:00",3928,5.31,0,0,0,2.14,15.29,28894.92,35471.77,22.4,107.81,9.42,1.3,5.45,0.33,0.26,-99.9,-99.9,8.09,-99.9,5.35,2.94,1.18,32.82,0,0,2008
"2026-03-03 14:47:00",3929,5.32,0,0,0,2,15.51,28905.76,35306.26,22.29,113.26,9.86,1.42,5.97,0.33,0.26,-99.9,-99.9,8.15,-99.9,5.45,2.51,1.18,32.82,0,0,2009
"2026-03-03 15:02:00",3930,5.3,0,0,0,1.87,15.33,28899.59,35444.5,22.38,112.06,9.78,1.54,6.46,0.35,0.28,-99.9,-99.9,8.13,-99.9,5.39,2.81,1.18,32.47,0,0,2010
"2026-03-03 15:17:00",3931,5.31,0,0,0,1.74,15.41,28891.68,35371.12,22.33,108.7,9.48,1.61,6.75,0.34,0.27,-99.9,-99.9,8.11,-99.9,5.37,2.24,1.18,32.47,0,0,2011
"2026-03-03 15:32:00",3932,5.3,0,0,0,1.63,15.61,28852.71,35159.63,22.19,115.2,10.01,2.09,8.81,0.43,0.35,-99.9,-99.9,8.17,-99.9,5.48,2.45,1.17,32.82,0,0,2012
"2026-03-03 15:47:00",3933,5.31,0,0,0,1.53,15.44,28833.71,35277.7,22.27,115.27,10.05,2.64,11.14,0.46,0.39,-99.9,-99.9,8.16,-99.9,5.5,2.52,1.17,32.82,0,0,2013
"2026-03-03 16:02:00",3934,5.32,0,0,0,1.42,15.44,28863.91,35309.4,22.29,111.09,9.68,1.88,7.9,0.41,0.34,-99.9,-99.9,8.13,-99.9,5.42,2.64,1.17,32.03,0,0,2014
"2026-03-03 16:17:00",3935,5.3,0,0,0,1.34,15.73,29061.96,35314.88,22.3,112.12,9.72,1.89,7.95,0.41,0.34,-99.9,-99.9,8.13,-99.9,5.26,2.56,1.17,32.03,0,0,2015
"2026-03-03 16:32:00",3936,5.3,0,0,0,1.27,15.77,29039.39,35256.08,22.26,116.23,10.07,1.93,8.15,0.41,0.34,-99.9,-99.9,8.16,-99.9,5.32,3.12,1.18,32.98,0,0,2016
"2026-03-03 16:47:00",3937,5.31,0,0,0,1.19,15.82,29050.61,35231.31,22.24,116.11,10.05,2.03,8.56,0.43,0.36,-99.9,-99.9,8.16,-99.9,5.3,2.94,1.18,32.98,0,0,2017
"2026-03-03 17:02:00",3938,5.31,0,0,0,1.13,15.87,29071.75,35214.02,22.23,117.82,10.19,2.29,9.67,0.44,0.36,-99.9,-99.9,8.17,-99.9,5.29,3.3,1.18,33.06,0,0,2018
"2026-03-03 17:17:00",3939,5.32,0,0,0,1.09,15.88,29059.16,35189.9,22.21,116.96,10.11,2.75,11.61,0.44,0.37,-99.9,-99.9,8.17,-99.9,5.3,3.17,1.18,33.06,0,0,2019
"2026-03-03 17:32:00",3940,5.3,0,0,0,1.04,15.91,29055.56,35162.5,22.19,118.06,10.2,2.7,11.39,0.44,0.37,-99.9,-99.9,8.18,-99.9,5.36,3.68,1.18,33.79,0,0,2020
"2026-03-03 17:47:00",3941,5.31,0,0,0,1.03,15.9,29066.49,35178.02,22.2,118.02,10.2,2.8,11.82,0.49,0.42,-99.9,-99.9,8.18,-99.9,5.37,3.49,1.18,33.79,0,0,2021
"2026-03-03 18:02:00",3942,5.31,0,0,0,1,15.89,29039.82,35154.12,22.19,117.08,10.12,2.19,9.23,0.44,0.37,-99.9,-99.9,8.18,-99.9,5.44,4.88,1.18,32.79,0,0,2022
"2026-03-03 18:17:00",3943,5.31,0,0,0,1.01,15.91,29072,35177.05,22.2,118.93,10.27,2.52,10.63,0.44,0.37,-99.9,-99.9,8.2,-99.9,5.4,4.18,1.18,32.79,0,0,2023
"2026-03-03 18:32:00",3944,5.32,0,0,0,1.03,15.88,29070.08,35205.83,22.22,119.2,10.3,2.14,9.04,0.42,0.34,-99.9,-99.9,8.19,-99.9,5.42,4.37,1.18,32,0,0,2024
"2026-03-03 18:47:00",3945,5.3,0,0,0,1.07,15.86,29037.72,35175.83,22.2,118.54,10.25,2.5,10.55,0.5,0.43,-99.9,-99.9,8.19,-99.9,5.45,5.37,1.18,32,0,0,2025
"2026-03-03 19:02:00",3946,5.31,0,0,0,1.11,15.84,29045.52,35203.81,22.22,119.41,10.33,2.63,11.12,0.45,0.38,-99.9,-99.9,8.2,-99.9,5.4,4.16,1.17,31.97,0,0,2026
"2026-03-03 19:17:00",3947,5.31,0,0,0,1.17,15.81,29007.78,35185.49,22.21,119.95,10.38,2.5,10.54,0.43,0.36,-99.9,-99.9,8.2,-99.9,5.48,4.14,1.17,31.97,0,0,2027
"2026-03-03 19:32:00",3948,5.31,0,0,0,1.23,15.79,29019.99,35216.46,22.23,118.73,10.28,2.68,11.32,0.45,0.37,-99.9,-99.9,8.2,-99.9,5.52,5.39,1.18,31.82,0,0,2028
"2026-03-03 19:47:00",3949,5.32,0,0,0,1.3,15.78,29016.22,35216.55,22.23,118.52,10.26,2.6,11,0.5,0.43,-99.9,-99.9,8.21,-99.9,5.47,4.52,1.18,31.82,0,0,2029
"2026-03-03 20:02:00",3950,5.3,0,0,0,1.39,15.73,29022.27,35269.31,22.27,118.69,10.29,2.16,9.11,0.43,0.36,-99.9,-99.9,8.19,-99.9,5.47,6.5,1.17,31.37,0,0,2030
"2026-03-03 20:17:00",3951,5.31,0,0,0,1.48,15.66,28997.02,35289.86,22.28,111.94,9.71,2.38,10.06,0.47,0.4,-99.9,-99.9,8.17,-99.9,5.43,6.09,1.17,31.37,0,0,2031
"2026-03-03 20:32:00",3952,5.3,0,0,0,1.58,15.63,28969.31,35281.03,22.27,114.49,9.94,2.48,10.49,0.47,0.4,-99.9,-99.9,8.18,-99.9,5.46,5.68,1.18,31.76,0,0,2032
"2026-03-03 20:47:00",3953,5.32,0,0,0,1.7,15.64,28962.64,35269.24,22.27,114.55,9.95,2.74,11.56,0.51,0.44,-99.9,-99.9,8.17,-99.9,5.44,6.37,1.18,31.76,0,0,2033
"2026-03-03 21:02:00",3954,5.31,0,0,0,1.81,15.63,28948.83,35257.76,22.26,114.87,9.98,2.54,10.72,0.49,0.42,-99.9,-99.9,8.17,-99.9,5.43,4.9,1.18,31.32,0,0,2034
"2026-03-03 21:17:00",3955,5.3,0,0,0,1.91,15.59,28940.13,35281.79,22.27,114.4,9.94,2.46,10.37,0.48,0.41,-99.9,-99.9,8.16,-99.9,5.45,7.58,1.18,31.32,0,0,2035
"2026-03-03 21:32:00",3956,5.3,0,0,0,2.02,15.59,28931.84,35275.03,22.27,113.13,9.83,3.06,12.92,0.51,0.44,-99.9,-99.9,8.16,-99.9,5.38,4.64,1.18,32.56,0,0,2036
"2026-03-03 21:47:00",3957,5.31,0,0,0,2.13,15.52,28911.11,35302.55,22.29,113.9,9.91,2.42,10.22,0.48,0.41,-99.9,-99.9,8.16,-99.9,5.39,5.55,1.18,32.56,0,0,2037
"2026-03-03 22:02:00",3958,5.31,0,0,0,2.23,15.5,28887.93,35293.11,22.28,112.62,9.81,2.34,9.88,0.46,0.39,-99.9,-99.9,8.16,-99.9,5.38,5.72,1.18,32.78,0,0,2038
"2026-03-03 22:17:00",3959,5.32,0,0,0,2.33,15.49,28828.16,35227.49,22.23,110.57,9.63,2.15,9.08,0.46,0.39,-99.9,-99.9,8.13,-99.9,5.5,4.13,1.18,32.78,0,0,2039
"2026-03-03 22:32:00",3960,5.3,0,0,0,2.42,15.44,28662.73,35064.02,22.12,107.22,9.36,2.32,9.79,0.42,0.35,-99.9,-99.9,8.11,-99.9,5.61,3.93,1.17,32.22,0,0,2040
"2026-03-03 22:47:00",3961,5.31,0,0,0,2.53,15.43,28568.92,34956.41,22.05,105.8,9.24,2.2,9.3,0.44,0.37,-99.9,-99.9,8.1,-99.9,5.69,3.8,1.17,32.22,0,0,2041
"2026-03-03 23:02:00",3962,5.3,0,0,0,2.61,15.45,28537.58,34904.54,22.01,106.59,9.31,2.3,9.72,0.48,0.4,-99.9,-99.9,8.1,-99.9,5.83,3.91,1.18,32.03,0,0,2042
"2026-03-03 23:17:00",3963,5.31,0,0,0,2.69,15.45,28508.42,34866.68,21.98,103.91,9.07,2.35,9.92,0.46,0.39,-99.9,-99.9,8.09,-99.9,5.88,3.81,1.18,32.03,0,0,2043
"2026-03-03 23:32:00",3964,5.31,0,0,0,2.75,15.46,28512.52,34866.7,21.98,104.95,9.16,2.11,8.9,0.45,0.38,-99.9,-99.9,8.09,-99.9,5.85,3.46,1.17,32.53,0,0,2044
"2026-03-03 23:47:00",3965,5.3,0,0,0,2.81,15.32,28732.45,35250.38,22.25,101.71,8.89,1.98,8.33,0.38,0.31,-99.9,-99.9,8.09,-99.9,5.57,4.25,1.17,32.53,0,0,2045
"2026-03-04 00:02:00",3966,5.3,0,0,0,2.86,15.25,28813.17,35404.26,22.36,102.99,9.01,1.85,7.79,0.39,0.32,-99.9,-99.9,8.08,-99.9,5.47,5.87,1.17,32.05,0,0,2046
"2026-03-04 00:17:00",3967,5.3,0,0,0,2.92,15.33,28747.87,35263.06,22.26,104.95,9.17,2.18,9.19,0.45,0.38,-99.9,-99.9,8.09,-99.9,5.5,4.18,1.17,32.05,0,0,2047
"2026-03-04 00:32:00",3968,5.31,0,0,0,2.92,15.21,28818.89,35445.79,22.38,102.4,8.96,1.89,7.97,0.4,0.33,-99.9,-99.9,8.07,-99.9,5.44,5.12,1.19,32.9,0,0,2048
"2026-03-04 00:47:00",3969,5.32,0,0,0,2.94,15.14,28881.01,35585.8,22.48,90.84,7.96,1.96,8.27,0.44,0.37,-99.9,-99.9,8.06,-99.9,5.36,5.26,1.19,32.9,0,0,2049
"2026-03-04 01:02:00",3970,5.3,0,0,0,2.91,15.17,28837.17,35499.23,22.42,99.39,8.7,1.74,7.34,0.38,0.3,-99.9,-99.9,8.07,-99.9,5.36,4.98,1.18,32.29,0,0,2050
"2026-03-04 01:17:00",3971,5.3,0,0,0,2.89,15.16,28842.36,35515.06,22.43,81.02,7.1,1.79,7.56,0.43,0.36,-99.9,-99.9,8.06,-99.9,5.36,4.73,1.18,32.29,0,0,2051
"2026-03-04 01:32:00",3972,5.3,0,0,0,2.84,15.13,28847.68,35545.19,22.45,99.11,8.68,2.02,8.5,0.42,0.35,-99.9,-99.9,8.06,-99.9,5.39,4.78,1.17,32.27,0,0,2052
"2026-03-04 01:47:00",3973,5.31,0,0,0,2.78,15.17,28847.36,35511.74,22.43,84.97,7.44,1.86,7.83,0.38,0.31,-99.9,-99.9,8.09,-99.9,5.33,4.17,1.17,32.27,0,0,2053
"2026-03-04 02:02:00",3974,5.31,0,0,0,2.7,15.3,28736.47,35273.55,22.26,98.85,8.64,1.46,6.15,0.34,0.27,-99.9,-99.9,8.05,-99.9,5.59,3.09,1.18,31.86,0,0,2054
"2026-03-04 02:17:00",3975,5.3,0,0,0,2.61,15.32,28580.19,35059.06,22.12,81.99,7.17,2.04,8.59,0.39,0.31,-99.9,-99.9,8.08,-99.9,5.71,3.61,1.18,31.86,0,0,2055
"2026-03-04 02:32:00",3976,5.3,0,0,0,2.51,15.31,28534.77,35013.98,22.08,99.43,8.7,1.84,7.75,0.42,0.34,-99.9,-99.9,8.08,-99.9,5.78,3.23,1.18,31.73,0,0,2056
"2026-03-04 02:47:00",3977,5.3,0,0,0,2.41,15.31,28526.73,35007.21,22.08,97.31,8.52,1.76,7.42,0.42,0.35,-99.9,-99.9,8.07,-99.9,5.64,2.58,1.18,31.73,0,0,2057
"2026-03-04 03:02:00",3978,5.3,0,0,0,2.29,15.3,28529.11,35014.65,22.09,100.74,8.82,1.73,7.28,0.4,0.33,-99.9,-99.9,8.08,-99.9,5.62,2.64,1.18,32.79,0,0,2058
"2026-03-04 03:17:00",3979,5.31,0,0,0,2.17,15.3,28525.9,35009.69,22.08,96.44,8.44,1.55,6.52,0.38,0.31,-99.9,-99.9,8.08,-99.9,5.69,2.49,1.18,32.79,0,0,2059
"2026-03-04 03:32:00",3980,5.29,0,0,0,2.06,15.3,28528.34,35016.36,22.09,99.61,8.72,1.6,6.72,0.35,0.28,-99.9,-99.9,8.08,-99.9,5.36,2.71,1.18,32.25,0,0,2060
"2026-03-04 03:47:00",3981,5.3,0,0,0,1.96,15.32,28556.09,35035.04,22.1,70.73,6.19,1.69,7.11,0.37,0.3,-99.9,-99.9,8.08,-99.9,5.74,3.62,1.18,32.25,0,0,2061
"2026-03-04 04:02:00",3982,5.29,0,0,0,1.83,15.28,28505.71,35008.2,22.08,98.28,8.61,1.93,8.15,0.41,0.34,-99.9,-99.9,8.08,-99.9,5.77,2.94,1.18,32.36,0,0,2062
"2026-03-04 04:17:00",3983,5.31,0,0,0,1.75,15.27,28500.79,35009.49,22.08,77.75,6.81,1.95,8.22,0.41,0.34,-99.9,-99.9,8.08,-99.9,5.76,2.88,1.18,32.36,0,0,2063
"2026-03-04 04:32:00",3984,5.3,0,0,0,1.66,15.27,28504.07,35008.12,22.08,99.26,8.69,1.84,7.77,0.41,0.34,-99.9,-99.9,8.08,-99.9,5.81,3.17,1.18,32.7,0,0,2064
"2026-03-04 04:47:00",3985,5.29,0,0,0,1.56,15.28,28522.84,35026.83,22.09,95.07,8.33,1.85,7.8,0.41,0.33,-99.9,-99.9,8.09,-99.9,5.72,3.17,1.18,32.7,0,0,2065
"2026-03-04 05:02:00",3986,5.3,0,0,0,1.5,15.26,28504.15,35015.75,22.09,100.04,8.76,1.78,7.48,0.41,0.34,-99.9,-99.9,8.08,-99.9,5.73,3.2,1.18,33.05,0,0,2066
"2026-03-04 05:17:00",3987,5.3,0,0,0,1.45,15.26,28500.98,35015.19,22.09,92.37,8.09,1.76,7.41,0.4,0.33,-99.9,-99.9,8.09,-99.9,5.78,3.33,1.18,33.05,0,0,2067
"2026-03-04 05:32:00",3988,5.3,0,0,0,1.4,15.24,28480.24,35002.66,22.08,101.19,8.87,1.83,7.71,0.44,0.37,-99.9,-99.9,8.09,-99.9,5.75,3.46,1.18,32.33,0,0,2068
"2026-03-04 05:47:00",3989,5.31,0,0,0,1.35,15.24,28472.59,34996.83,22.07,84.47,7.4,1.8,7.57,0.42,0.35,-99.9,-99.9,8.09,-99.9,5.74,3.32,1.18,32.33,0,0,2069
"2026-03-04 06:02:00",3990,5.29,0,0,0,1.34,15.23,28466.18,34994.01,22.07,100.38,8.8,1.99,8.37,0.41,0.34,-99.9,-99.9,8.1,-99.9,5.78,3.53,1.18,32.03,0,0,2070
"2026-03-04 06:17:00",3991,5.3,0,0,0,1.32,15.22,28469.74,35006.36,22.08,102.19,8.96,1.87,7.87,0.4,0.33,-99.9,-99.9,8.1,-99.9,5.69,3.79,1.18,32.03,0,0,2071
"2026-03-04 06:32:00",3992,5.3,0,0,0,1.33,15.25,28547,35078.41,22.13,101.14,8.86,1.73,7.27,0.4,0.32,-99.9,-99.9,8.08,-99.9,5.56,5.03,1.17,32.29,0,0,2072
"2026-03-04 06:47:00",3993,5.3,0,0,0,1.34,15.24,28496.99,35029.44,22.1,97.95,8.58,1.66,6.98,0.37,0.3,-99.9,-99.9,8.08,-99.9,5.73,3.77,1.17,32.29,0,0,2073
"2026-03-04 07:02:00",3994,5.31,0,0,0,1.36,15.23,28506.81,35045.08,22.11,100.42,8.8,1.61,6.79,0.38,0.31,-99.9,-99.9,8.08,-99.9,5.72,3.91,1.19,32.32,0,0,2074
"2026-03-04 07:17:00",3995,5.29,0,0,0,1.4,15.22,28518.71,35071.51,22.12,99.52,8.72,1.69,7.12,0.38,0.31,-99.9,-99.9,8.08,-99.9,5.72,4.06,1.18,32.32,0,0,2075
"2026-03-04 07:32:00",3996,5.29,0,0,0,1.45,15.21,28531.35,35089.51,22.14,101.49,8.9,1.35,5.66,0.37,0.3,-99.9,-99.9,8.07,-99.9,5.7,4.28,1.18,32.18,0,0,2076
"2026-03-04 07:47:00",3997,5.3,0,0,0,1.52,15.16,28439.27,35025.21,22.09,100.86,8.85,1.72,7.26,0.41,0.34,-99.9,-99.9,8.09,-99.9,5.62,3.9,1.18,32.18,0,0,2077
"2026-03-04 08:02:00",3998,5.3,0,0,0,1.57,15.08,28750.97,35475.73,22.4,100.9,8.86,1.44,6.06,0.36,0.29,-99.9,-99.9,8.05,-99.9,5.51,9.6,1.18,31.91,0,0,2078
"2026-03-04 08:17:00",3999,5.31,0,0,0,1.66,15.14,28601.52,35236.4,22.24,99.73,8.75,1.46,6.15,0.36,0.29,-99.9,-99.9,8.06,-99.9,5.63,4.57,1.18,31.91,0,0,2079
"2026-03-04 08:32:00",4000,5.29,0,0,0,1.76,15.15,28595.34,35225.36,22.23,100.91,8.85,1.45,6.07,0.37,0.3,-99.9,-99.9,8.07,-99.9,5.61,5.78,1.17,32.52,0,0,2080
"2026-03-04 08:47:00",4001,5.3,0,0,0,1.85,15.15,28582.39,35204.94,22.22,99.45,8.72,1.35,5.67,0.34,0.26,-99.9,-99.9,8.07,-99.9,5.59,3.79,1.17,32.52,0,0,2081
"2026-03-04 09:02:00",4002,5.29,0,0,0,1.94,15.14,28614.58,35251.28,22.25,100.7,8.83,1.16,4.88,0.35,0.27,-99.9,-99.9,8.06,-99.9,5.6,3.8,1.17,32.63,0,0,2082
"2026-03-04 09:17:00",4003,5.3,0,0,0,2.04,15.15,28635.7,35274.69,22.26,99.88,8.76,1,4.19,0.3,0.23,-99.9,-99.9,8.05,-99.9,5.57,3.54,1.17,32.63,0,0,2083
"2026-03-04 09:32:00",4004,5.3,0,0,0,2.14,15.17,28598.56,35206.95,22.22,102.09,8.95,1.49,6.27,0.37,0.3,-99.9,-99.9,8.07,-99.9,5.63,3.9,1.17,32.3,0,0,2084
"2026-03-04 09:47:00",4005,5.29,0,0,0,2.24,15.2,28615.93,35203.78,22.22,97.1,8.51,1.26,5.29,0.36,0.28,-99.9,-99.9,8.07,-99.9,5.64,3.47,1.17,32.3,0,0,2085
"2026-03-04 10:02:00",4006,5.29,0,0,0,2.34,15.18,28651.34,35265.67,22.26,102.58,8.99,1.38,5.8,0.34,0.26,-99.9,-99.9,8.06,-99.9,5.59,3.56,1.18,33.46,0,0,2086
"2026-03-04 10:17:00",4007,5.3,0,0,0,2.43,15.27,28594.62,35120.93,22.16,101,8.84,1.83,7.71,0.46,0.39,-99.9,-99.9,8.1,-99.9,5.68,4.04,1.18,33.46,0,0,2087
"2026-03-04 10:32:00",4008,5.3,0,0,0,2.53,15.32,28594.64,35082.31,22.13,104.15,9.11,1.56,6.55,0.4,0.33,-99.9,-99.9,8.1,-99.9,5.63,4.12,1.18,32.5,0,0,2088
"2026-03-04 10:47:00",4009,5.31,0,0,0,2.6,15.37,28628.25,35077.15,22.13,104.17,9.1,1.74,7.35,0.41,0.34,-99.9,-99.9,8.1,-99.9,5.57,3.29,1.18,32.5,0,0,2089
"2026-03-04 11:02:00",4010,5.29,0,0,0,2.68,15.46,28659.31,35041.74,22.11,106,9.25,1.92,8.09,0.43,0.36,-99.9,-99.9,8.1,-99.9,5.55,3.25,1.18,32.58,0,0,2090
"2026-03-04 11:17:00",4011,5.29,0,0,0,2.75,15.55,28690.83,35008.62,22.08,107.29,9.34,1.8,7.59,0.43,0.36,-99.9,-99.9,8.11,-99.9,5.51,3.19,1.18,32.58,0,0,2091
"2026-03-04 11:32:00",4012,5.29,0,0,0,2.82,15.52,28657.56,34994.2,22.07,107.32,9.35,2,8.41,0.46,0.39,-99.9,-99.9,8.11,-99.9,5.56,2.95,1.17,32.64,0,0,2092
"2026-03-04 11:47:00",4013,5.3,0,0,0,2.87,15.47,28656.67,35035.49,22.1,107.26,9.36,1.49,6.25,0.36,0.29,-99.9,-99.9,8.12,-99.9,5.55,3.39,1.17,32.64,0,0,2093
"2026-03-04 12:02:00",4014,5.3,0,0,0,2.92,15.35,28655.02,35132.04,22.17,105.55,9.23,1.41,5.91,0.37,0.3,-99.9,-99.9,8.09,-99.9,5.61,5.62,1.18,31.95,0,0,2094
"2026-03-04 12:17:00",4015,5.29,0,0,0,2.94,15.47,28657.12,35036.36,22.1,107.38,9.37,1.63,6.85,0.39,0.31,-99.9,-99.9,8.11,-99.9,5.59,3.16,1.18,31.95,0,0,2095
"2026-03-04 12:32:00",4016,5.29,0,0,0,2.96,15.44,28647.26,35044.13,22.11,108.2,9.44,1.8,7.57,0.39,0.32,-99.9,-99.9,8.12,-99.9,5.62,3.37,1.18,31.95,0,0,2096
"2026-03-04 12:47:00",4017,5.3,0,0,0,2.95,15.45,28645.52,35032.88,22.1,106.06,9.25,1.65,6.96,0.4,0.33,-99.9,-99.9,8.12,-99.9,5.64,6.07,1.18,31.95,0,0,2097
"2026-03-04 13:02:00",4018,5.3,0,0,0,2.91,15.36,28648.31,35112.24,22.15,107.72,9.41,1.58,6.64,0.34,0.27,-99.9,-99.9,8.12,-99.9,5.69,3.96,1.18,31.96,0,0,2098
"2026-03-04 13:17:00",4019,5.3,0,0,0,2.87,15.21,28661.95,35251.89,22.25,104.78,9.18,1.41,5.91,0.31,0.24,-99.9,-99.9,8.08,-99.9,5.65,4.94,1.18,31.96,0,0,2099
"2026-03-04 13:32:00",4020,5.29,0,0,0,2.83,15.42,28681.29,35101.91,22.15,106.9,9.33,1.22,5.1,0.31,0.23,-99.9,-99.9,8.11,-99.9,5.62,3.39,1.17,32.32,0,0,2100
"2026-03-04 13:47:00",4021,5.3,0,0,0,2.75,15.52,28738.29,35089.99,22.14,107.46,9.36,1.92,8.1,0.41,0.34,-99.9,-99.9,8.13,-99.9,5.58,4.22,1.17,32.32,0,0,2101
"2026-03-04 14:02:00",4022,5.29,0,0,0,2.67,15.5,28730.26,35100.72,22.15,108.84,9.49,1.73,7.29,0.39,0.32,-99.9,-99.9,8.12,-99.9,5.53,4.42,1.18,32.05,0,0,2102
"2026-03-04 14:17:00",4023,5.3,0,0,0,2.57,15.82,28867.55,35001.75,22.08,111.89,9.69,2.13,8.97,0.45,0.37,-99.9,-99.9,8.16,-99.9,5.49,3.29,1.18,32.05,0,0,2103
"2026-03-04 14:32:00",4024,5.3,0,0,0,2.45,15.62,28771.34,35052.7,22.11,111.13,9.66,1.9,7.99,0.41,0.34,-99.9,-99.9,8.14,-99.9,5.53,4.86,1.17,31.96,0,0,2104
"2026-03-04 14:47:00",4025,5.29,0,0,0,2.34,15.8,28847.9,34998.93,22.08,113.34,9.82,2.13,8.96,0.44,0.37,-99.9,-99.9,8.16,-99.9,5.53,4.05,1.17,31.96,0,0,2105
"2026-03-04 15:02:00",4026,5.29,0,0,0,2.23,16.01,28946.86,34950.48,22.05,116.84,10.08,2.27,9.57,0.46,0.38,-99.9,-99.9,8.19,-99.9,5.43,3.59,1.19,32.19,0,0,2106
"2026-03-04 15:17:00",4027,5.3,0,0,0,2.11,15.85,28862.45,34971.71,22.06,115.56,10,1.75,7.38,0.4,0.33,-99.9,-99.9,8.17,-99.9,5.49,3.78,1.19,32.19,0,0,2107
"2026-03-04 15:32:00",4028,5.3,0,0,0,1.99,16,28959.13,34967.33,22.06,118.03,10.19,2.13,9,0.47,0.4,-99.9,-99.9,8.19,-99.9,5.45,3.44,1.18,31.97,0,0,2108
"2026-03-04 15:47:00",4029,5.3,0,0,0,1.86,16.06,28981.01,34946.11,22.04,117.3,10.11,2.25,9.5,0.42,0.35,-99.9,-99.9,8.2,-99.9,5.45,3.5,1.18,31.97,0,0,2109
"2026-03-04 16:02:02",4030,5.29,0,0,0,1.74,15.81,28900.53,35056.52,22.12,115.04,9.96,2.12,8.95,0.42,0.35,-99.9,-99.9,8.17,-99.9,5.43,6.12,1.18,32.41,0,0,2110
"2026-03-04 16:17:00",4031,5.29,0,0,0,1.63,15.96,28962.38,35010.78,22.09,118.49,10.23,2.1,8.86,0.43,0.36,-99.9,-99.9,8.2,-99.9,5.42,4.9,1.18,32.41,0,0,2111
"2026-03-04 16:32:00",4032,5.29,0,0,0,1.53,16.07,29015.44,34981.97,22.07,119.28,10.28,2.41,10.18,0.47,0.4,-99.9,-99.9,8.21,-99.9,5.39,4.31,1.18,32.56,0,0,2112
"2026-03-04 16:47:00",4033,5.31,0,0,0,1.44,16.13,29039.84,34965.33,22.06,120.73,10.39,2.18,9.18,0.42,0.35,-99.9,-99.9,8.23,-99.9,5.46,4.32,1.18,32.56,0,0,2113
"2026-03-04 17:02:00",4034,5.28,0,0,0,1.37,16.12,29032.3,34958.65,22.05,121.86,10.49,2.13,8.96,0.43,0.36,-99.9,-99.9,8.23,-99.9,5.43,4.48,1.18,32.3,0,0,2114
"2026-03-04 17:17:00",4035,5.29,0,0,0,1.29,16.1,29024.02,34966.73,22.06,120.66,10.39,2.24,9.46,0.45,0.38,-99.9,-99.9,8.23,-99.9,5.42,4.01,1.18,32.3,0,0,2115
"2026-03-04 17:32:00",4036,5.29,0,0,0,1.24,16.05,28992.75,34967.89,22.06,121.53,10.48,3.11,13.17,0.47,0.4,-99.9,-99.9,8.24,-99.9,5.43,4.33,1.18,31.96,0,0,2116
"2026-03-04 17:47:00",4037,5.3,0,0,0,1.19,15.9,28951.14,35041.19,22.11,117.5,10.16,2.4,10.15,0.43,0.36,-99.9,-99.9,8.21,-99.9,5.42,4.3,1.18,31.96,0,0,2117
"2026-03-04 18:02:00",4038,5.3,0,0,0,1.13,15.82,28921.44,35068.04,22.13,116.57,10.09,2.14,9.04,0.43,0.35,-99.9,-99.9,8.19,-99.9,5.48,4.45,1.18,32.3,0,0,2118
"2026-03-04 18:17:00",4039,5.28,0,0,0,1.1,15.76,28902.77,35096.59,22.15,115.12,9.98,2.42,10.24,0.47,0.4,-99.9,-99.9,8.17,-99.9,5.47,4.5,1.18,32.3,0,0,2119
"2026-03-04 18:32:00",4040,5.29,0,0,0,1.09,15.69,28876.77,35124.83,22.17,112.44,9.76,2.5,10.55,0.46,0.39,-99.9,-99.9,8.15,-99.9,5.45,4.83,1.18,33.48,0,0,2120
"2026-03-04 18:47:00",4041,5.29,0,0,0,1.08,15.62,28831.25,35123.19,22.16,111.09,9.66,2.4,10.11,0.45,0.38,-99.9,-99.9,8.15,-99.9,5.46,5.17,1.18,33.48,0,0,2121
"2026-03-04 19:02:00",4042,5.29,0,0,0,1.1,15.66,28821.2,35075.25,22.13,113.28,9.84,2.57,10.87,0.45,0.38,-99.9,-99.9,8.17,-99.9,5.5,4.95,1.18,32.89,0,0,2122
"2026-03-04 19:17:00",4043,5.3,0,0,0,1.14,15.7,28795.15,35014.39,22.09,114.74,9.96,2.84,12,0.49,0.42,-99.9,-99.9,8.18,-99.9,5.5,4.95,1.18,32.89,0,0,2123
"2026-03-04 19:32:00",4044,5.28,0,0,0,1.18,15.65,28826.47,35093.67,22.14,112.14,9.74,2.23,9.4,0.47,0.4,-99.9,-99.9,8.16,-99.9,5.45,5.04,1.18,32.07,0,0,2124
"2026-03-04 19:47:00",4045,5.29,0,0,0,1.23,15.7,28776.7,34990.86,22.07,114.76,9.96,2.94,12.41,0.53,0.46,-99.9,-99.9,8.2,-99.9,5.55,4.97,1.18,32.07,0,0,2125
"2026-03-04 20:02:00",4046,5.29,0,0,0,1.29,15.63,28778.65,35055.83,22.12,112.14,9.75,2.55,10.79,0.48,0.41,-99.9,-99.9,8.16,-99.9,5.45,6.17,1.17,32.14,0,0,2126
"2026-03-04 20:17:00",4047,5.29,0,0,0,1.36,15.59,28776.19,35080.82,22.13,106.7,9.28,2.74,11.57,0.49,0.42,-99.9,-99.9,8.16,-99.9,5.47,6.64,1.17,32.14,0,0,2127
"2026-03-04 20:32:00",4048,5.3,0,0,0,1.45,15.57,28756.42,35070.58,22.13,112.12,9.76,2.55,10.77,0.48,0.41,-99.9,-99.9,8.16,-99.9,5.51,5.89,1.18,32.99,0,0,2128
"2026-03-04 20:47:00",4049,5.28,0,0,0,1.55,15.56,28740.57,35062.41,22.12,110.83,9.65,2.51,10.6,0.45,0.38,-99.9,-99.9,8.16,-99.9,5.51,5.19,1.18,32.99,0,0,2129
"2026-03-04 21:02:00",4050,5.28,0,0,0,1.63,15.5,28718.54,35083.78,22.14,110.12,9.6,2.09,8.8,0.49,0.42,-99.9,-99.9,8.15,-99.9,5.46,5.32,1.18,32.74,0,0,2130
"2026-03-04 21:17:00",4051,5.28,0,0,0,1.73,15.52,28731.05,35087.61,22.14,110.56,9.63,2.38,10.05,0.46,0.39,-99.9,-99.9,8.15,-99.9,5.51,5.8,1.18,32.74,0,0,2131
"2026-03-04 21:32:00",4052,5.29,0,0,0,1.84,15.51,28724.88,35087.18,22.14,110.4,9.62,2.77,11.73,0.48,0.41,-99.9,-99.9,8.15,-99.9,5.47,5.39,1.18,32.23,0,0,2132
"2026-03-04 21:47:00",4053,5.3,0,0,0,1.93,15.46,28687.64,35075.93,22.13,107.4,9.37,3.11,13.17,0.56,0.49,-99.9,-99.9,8.14,-99.9,5.52,5.96,1.18,32.23,0,0,2133
"2026-03-04 22:02:00",4054,5.27,0,0,0,2.04,15.45,28666.34,35058.36,22.12,109.65,9.57,2.81,11.89,0.48,0.41,-99.9,-99.9,8.15,-99.9,5.6,5.19,1.17,32.49,0,0,2134
"2026-03-04 22:17:00",4055,5.28,0,0,0,2.14,15.44,28657.83,35055.54,22.11,108.52,9.47,2.43,10.28,0.47,0.4,-99.9,-99.9,8.15,-99.9,5.55,5.25,1.17,32.49,0,0,2135
"2026-03-04 22:32:00",4056,5.28,0,0,0,2.25,15.42,28647.21,35060.7,22.12,107.46,9.38,2.45,10.37,0.49,0.42,-99.9,-99.9,8.14,-99.9,5.56,5.28,1.17,32.01,0,0,2136
"2026-03-04 22:47:00",4057,5.29,0,0,0,2.34,15.37,28618.22,35068.01,22.12,107.28,9.37,2.69,11.36,0.53,0.46,-99.9,-99.9,8.14,-99.9,5.55,5.49,1.17,32.01,0,0,2137
"2026-03-04 23:02:00",4058,5.29,0,0,0,2.43,15.36,28611.62,35065.51,22.12,107.18,9.37,2.59,10.94,0.51,0.44,-99.9,-99.9,8.13,-99.9,5.57,5.58,1.18,32.21,0,0,2138
"2026-03-04 23:17:00",4059,5.27,0,0,0,2.52,15.35,28613.17,35081.45,22.13,106.06,9.27,2.36,9.94,0.48,0.41,-99.9,-99.9,8.13,-99.9,5.6,5.19,1.18,32.21,0,0,2139
"2026-03-04 23:32:00",4060,5.28,0,0,0,2.6,15.33,28611.8,35093.44,22.14,105.75,9.25,2.48,10.48,0.51,0.44,-99.9,-99.9,8.12,-99.9,5.54,5.43,1.18,33.8,0,0,2140
"2026-03-04 23:47:00",4061,5.28,0,0,0,2.68,15.29,28553.97,35056.22,22.11,103.34,9.05,2.59,10.93,0.48,0.41,-99.9,-99.9,8.12,-99.9,5.54,5.28,1.18,33.8,0,0,2141
"2026-03-05 00:02:00",4062,5.28,0,0,0,2.75,15.26,28466.96,34975.66,22.06,104.91,9.19,2.65,11.18,0.47,0.4,-99.9,-99.9,8.12,-99.9,5.64,4.29,1.18,32.08,0,0,2142
"2026-03-05 00:17:00",4063,5.29,0,0,0,2.8,15.26,28413.68,34908.75,22.01,103.76,9.09,2.17,9.14,0.44,0.37,-99.9,-99.9,8.1,-99.9,5.71,4.35,1.18,32.08,0,0,2143
"2026-03-05 00:32:00",4064,5.27,0,0,0,2.85,15.24,28375.37,34874.85,21.99,103.31,9.06,2.23,9.42,0.43,0.36,-99.9,-99.9,8.1,-99.9,5.78,4.26,1.17,33.08,0,0,2144
"2026-03-05 00:47:00",4065,5.28,0,0,0,2.89,15.24,28380.68,34885.6,21.99,99.78,8.75,2.11,8.89,0.43,0.36,-99.9,-99.9,8.09,-99.9,5.77,4.09,1.17,33.08,0,0,2145
"2026-03-05 01:02:00",4066,5.27,0,0,0,2.9,15.24,28381.81,34886.86,22,102.85,9.02,1.93,8.14,0.41,0.34,-99.9,-99.9,8.09,-99.9,5.8,4.25,1.18,33.34,0,0,2146
"2026-03-05 01:17:00",4067,5.28,0,0,0,2.91,15.22,28359.82,34878.2,21.99,100.38,8.81,2,8.43,0.43,0.36,-99.9,-99.9,8.09,-99.9,5.77,3.55,1.18,33.34,0,0,2147
"2026-03-05 01:32:00",4068,5.28,0,0,0,2.89,15.21,28359.25,34881.63,21.99,100.18,8.79,2.44,10.29,0.48,0.41,-99.9,-99.9,8.09,-99.9,5.77,4,1.18,34.35,0,0,2148
"2026-03-05 01:47:00",4069,5.27,0,0,0,2.86,15.2,28352.85,34883.34,21.99,97.51,8.56,2.24,9.44,0.45,0.37,-99.9,-99.9,8.09,-99.9,5.75,3.7,1.18,34.35,0,0,2149
"2026-03-05 02:02:00",4070,5.27,0,0,0,2.81,15.19,28344.03,34878.55,21.99,98.27,8.63,2.18,9.2,0.45,0.37,-99.9,-99.9,8.09,-99.9,5.75,3.98,1.18,33.37,0,0,2150
"2026-03-05 02:17:00",4071,5.27,0,0,0,2.74,15.18,28336.16,34877.09,21.99,88.22,7.74,2.01,8.47,0.42,0.35,-99.9,-99.9,8.08,-99.9,5.74,3.65,1.18,33.37,0,0,2151
"2026-03-05 02:32:00",4072,5.27,0,0,0,2.66,15.17,28343.1,34895.36,22,101.01,8.87,2.1,8.84,0.43,0.36,-99.9,-99.9,8.09,-99.9,5.76,4.66,1.18,33.09,0,0,2152
"2026-03-05 02:47:00",4073,5.28,0,0,0,2.58,15.18,28355.01,34901.63,22.01,97.32,8.54,2.24,9.46,0.46,0.39,-99.9,-99.9,8.09,-99.9,5.73,4.44,1.18,33.09,0,0,2153
"2026-03-05 03:02:00",4074,5.28,0,0,0,2.47,15.17,28356.72,34912.76,22.01,101.04,8.87,2.15,9.09,0.44,0.37,-99.9,-99.9,8.1,-99.9,5.73,4.99,1.18,32.49,0,0,2154
"2026-03-05 03:17:00",4075,5.27,0,0,0,2.36,15.13,28315.49,34893.9,22,101.13,8.89,1.88,7.91,0.39,0.32,-99.9,-99.9,8.08,-99.9,5.81,4.04,1.18,32.49,0,0,2155
"2026-03-05 03:32:00",4076,5.27,0,0,0,2.24,15.12,28315.77,34905.57,22.01,101.02,8.88,2.08,8.79,0.42,0.35,-99.9,-99.9,8.08,-99.9,5.76,3.8,1.17,39.76,0,0,2156
"2026-03-05 03:47:00",4077,5.28,0,0,0,2.13,15.05,28286.93,34927.99,22.02,103.09,9.07,1.99,8.37,0.43,0.35,-99.9,-99.9,8.1,-99.9,5.67,4.67,1.17,39.76,0,0,2157
"2026-03-05 04:02:00",4078,5.28,0,0,0,2.01,15.02,28263.01,34920.87,22.02,102.56,9.03,2.05,8.65,0.42,0.34,-99.9,-99.9,8.1,-99.9,5.67,4.28,1.17,33.06,0,0,2158
"2026-03-05 04:17:00",4079,5.27,0,0,0,1.9,15.02,28273.53,34935.59,22.03,100.67,8.87,1.92,8.1,0.45,0.38,-99.9,-99.9,8.09,-99.9,5.73,4.09,1.17,33.06,0,0,2159
"2026-03-05 04:32:00",4080,5.27,0,0,0,1.78,14.99,28254.51,34932.64,22.03,98.84,8.71,1.92,8.07,0.43,0.36,-99.9,-99.9,8.08,-99.9,5.72,3.89,1.17,32.61,0,0,2160
"2026-03-05 04:47:00",4081,5.27,0,0,0,1.67,14.83,28035.13,34791.88,21.93,97.8,8.65,1.65,6.93,0.39,0.32,-99.9,-99.9,8.06,-99.9,5.67,4.35,1.17,32.61,0,0,2161
"2026-03-05 05:02:00",4082,5.28,0,0,0,1.59,14.78,27910.73,34683.24,21.85,99.61,8.82,1.66,6.99,0.41,0.33,-99.9,-99.9,8.05,-99.9,5.7,4.5,1.18,32.54,0,0,2162
"2026-03-05 05:17:00",4083,5.26,0,0,0,1.5,14.74,27862.92,34655.95,21.83,98.26,8.71,1.4,5.9,0.35,0.28,-99.9,-99.9,8.04,-99.9,5.76,4.34,1.18,32.54,0,0,2163
"2026-03-05 05:32:00",4084,5.26,0,0,0,1.42,14.73,27835.94,34631.15,21.81,98.81,8.77,1.42,5.96,0.35,0.28,-99.9,-99.9,8.04,-99.9,5.62,5.11,1.17,32.76,0,0,2164
"2026-03-05 05:47:00",4085,5.27,0,0,0,1.36,14.73,27844.52,34636.69,21.82,98.44,8.73,1.46,6.11,0.35,0.28,-99.9,-99.9,8.03,-99.9,5.62,4.37,1.17,32.76,0,0,2165
"2026-03-05 06:02:00",4086,5.27,0,0,0,1.3,14.75,27873.39,34659.54,21.83,98.31,8.72,1.41,5.93,0.36,0.28,-99.9,-99.9,8.03,-99.9,5.64,4.91,1.17,32.1,0,0,2166
"2026-03-05 06:17:00",4087,5.28,0,0,0,1.27,14.75,27920.63,34715.15,21.87,98.19,8.7,1.38,5.78,0.37,0.3,-99.9,-99.9,8.04,-99.9,5.64,4.83,1.17,32.1,0,0,2167
"2026-03-05 06:32:00",4088,5.25,0,0,0,1.24,14.74,27914.75,34719.92,21.87,98.87,8.77,1.45,6.1,0.38,0.3,-99.9,-99.9,8.04,-99.9,5.74,5.15,1.19,33.67,0,0,2168
"2026-03-05 06:47:00",4089,5.27,0,0,0,1.21,14.74,27925.87,34732.12,21.88,98.36,8.72,1.38,5.8,0.36,0.29,-99.9,-99.9,8.04,-99.9,5.65,5.37,1.19,33.67,0,0,2169
"2026-03-05 07:02:00",4090,5.26,0,0,0,1.22,14.76,27970.07,34767.78,21.91,98.96,8.77,1.41,5.93,0.37,0.29,-99.9,-99.9,8.04,-99.9,5.61,5.57,1.18,32.68,0,0,2170
"2026-03-05 07:17:00",4091,5.27,0,0,0,1.22,14.78,27994.87,34787.53,21.92,98.11,8.69,1.4,5.86,0.34,0.27,-99.9,-99.9,8.04,-99.9,5.61,5.21,1.18,32.68,0,0,2171
"2026-03-05 07:32:00",4092,5.27,0,0,0,1.25,14.79,28006.12,34792.29,21.93,98.04,8.68,1.27,5.31,0.37,0.3,-99.9,-99.9,8.04,-99.9,5.61,5.12,1.17,33.12,0,0,2172
"2026-03-05 07:47:00",4093,5.25,0,0,0,1.27,14.79,28016.34,34801.34,21.93,97.96,8.67,1.25,5.25,0.34,0.26,-99.9,-99.9,8.04,-99.9,5.68,5.42,1.17,33.12,0,0,2173
"2026-03-05 08:02:00",4094,5.26,0,0,0,1.3,14.8,28021.36,34802.1,21.93,97.5,8.63,1.2,5.03,0.33,0.25,-99.9,-99.9,8.04,-99.9,5.62,4.75,1.18,33.71,0,0,2174
"2026-03-05 08:17:00",4095,5.26,0,0,0,1.36,14.8,28017.04,34798.2,21.93,95.8,8.48,1.08,4.5,0.32,0.25,-99.9,-99.9,8.03,-99.9,5.61,4.14,1.18,33.71,0,0,2175
"2026-03-05 08:32:00",4096,5.26,0,0,0,1.41,14.81,28026.85,34802.2,21.93,96.73,8.56,0.94,3.93,0.33,0.25,-99.9,-99.9,8.03,-99.9,5.55,3.87,1.18,32.81,0,0,2176
"2026-03-05 08:47:00",4097,5.27,0,0,0,1.48,14.81,28031.63,34807,21.94,96.21,8.51,0.97,4.04,0.32,0.24,-99.9,-99.9,8.02,-99.9,5.7,3.41,1.18,32.81,0,0,2177
"2026-03-05 09:02:00",4098,5.25,0,0,0,1.53,14.81,28028.45,34803.51,21.93,96.72,8.56,0.97,4.05,0.31,0.24,-99.9,-99.9,8.03,-99.9,5.66,3.8,1.17,33.45,0,0,2178
"2026-03-05 09:17:00",4099,5.26,0,0,0,1.63,14.81,28037.64,34810.11,21.94,96.22,8.51,0.91,3.78,0.31,0.23,-99.9,-99.9,8.02,-99.9,5.7,3.98,1.17,33.45,0,0,2179
"2026-03-05 09:32:00",4100,5.26,0,0,0,1.7,14.82,28042.91,34813.22,21.94,96.83,8.57,0.96,3.99,0.3,0.22,-99.9,-99.9,8.02,-99.9,5.7,4.9,1.17,35.25,0,0,2180
"2026-03-05 09:47:00",4101,5.27,0,0,0,1.79,14.82,28047.77,34816.58,21.94,94.1,8.32,0.95,3.98,0.33,0.26,-99.9,-99.9,8.03,-99.9,5.67,4.19,1.17,35.25,0,0,2181
"2026-03-05 10:02:00",4102,5.27,0,0,0,1.88,14.81,28043.79,34817.88,21.94,96.37,8.53,0.99,4.15,0.32,0.25,-99.9,-99.9,8.02,-99.9,5.68,4.87,1.18,33.41,0,0,2182
"2026-03-05 10:17:00",4103,5.25,0,0,0,1.98,14.83,28057.01,34822.27,21.95,94.6,8.37,0.86,3.6,0.28,0.21,-99.9,-99.9,8.02,-99.9,5.63,4.02,1.18,33.41,0,0,2183
"2026-03-05 10:32:00",4104,5.25,0,0,0,2.07,14.84,28072.09,34834.83,21.96,96.05,8.49,1,4.18,0.34,0.27,-99.9,-99.9,8.03,-99.9,5.7,4.98,1.18,33.03,0,0,2184
"2026-03-05 10:47:00",4105,5.26,0,0,0,2.16,14.76,27999.21,34807.84,21.94,98.62,8.74,1.07,4.48,0.29,0.22,-99.9,-99.9,8.05,-99.9,5.63,4.18,1.18,33.03,0,0,2185
"2026-03-05 11:02:00",4106,5.26,0,0,0,2.24,14.77,28019.51,34822.74,21.95,98.53,8.73,1.02,4.25,0.31,0.24,-99.9,-99.9,8.05,-99.9,5.68,5.39,1.17,32.19,0,0,2186
"2026-03-05 11:17:00",4107,5.27,0,0,0,2.33,14.73,27981.89,34809.22,21.94,99.19,8.79,1,4.18,0.32,0.25,-99.9,-99.9,8.06,-99.9,5.75,4.4,1.17,32.19,0,0,2187
"2026-03-05 11:32:00",4108,5.25,0,0,0,2.41,14.74,27980.09,34797.78,21.93,99.03,8.78,1.31,5.49,0.38,0.3,-99.9,-99.9,8.05,-99.9,5.68,3.75,1.18,32.67,0,0,2188
"2026-03-05 11:47:00",4109,5.26,0,0,0,2.48,14.88,28080.02,34810.55,21.94,101.55,8.97,1.25,5.22,0.33,0.26,-99.9,-99.9,8.06,-99.9,5.6,3.78,1.18,32.67,0,0,2189
"2026-03-05 12:02:00",4110,5.25,0,0,0,2.54,14.96,28136.19,34807.83,21.94,101.4,8.94,1.17,4.89,0.34,0.27,-99.9,-99.9,8.08,-99.9,5.56,3.94,1.18,32.6,0,0,2190
"2026-03-05 12:17:00",4111,5.26,0,0,0,2.61,14.93,28093.38,34780.66,21.92,101.56,8.97,1.47,6.19,0.4,0.33,-99.9,-99.9,8.08,-99.9,5.52,4.49,1.18,32.6,0,0,2191
"2026-03-05 12:32:00",4112,5.27,0,0,0,2.66,14.93,28080.93,34768.33,21.91,106.38,9.39,1.54,6.48,0.39,0.32,-99.9,-99.9,8.09,-99.9,5.47,5.79,1.18,32.88,0,0,2192
"2026-03-05 12:47:00",4113,5.25,0,0,0,2.7,14.91,28075.65,34775.79,21.92,103.95,9.18,1.63,6.84,0.39,0.32,-99.9,-99.9,8.1,-99.9,5.48,4.97,1.18,32.88,0,0,2193
"2026-03-05 13:02:00",4114,5.25,0,0,0,2.73,15.03,28166.34,34793.35,21.93,106.47,9.38,1.58,6.66,0.42,0.34,-99.9,-99.9,8.1,-99.9,5.46,5.09,1.18,32.67,0,0,2194
"2026-03-05 13:17:00",4115,5.26,0,0,0,2.75,15.05,28184.39,34795.02,21.93,108.58,9.56,1.55,6.53,0.38,0.31,-99.9,-99.9,8.12,-99.9,5.44,6.5,1.18,32.67,0,0,2195
"2026-03-05 13:32:00",4116,5.26,0,0,0,2.75,15.04,28158.87,34770.85,21.91,107.92,9.51,1.73,7.29,0.39,0.32,-99.9,-99.9,8.11,-99.9,5.4,4.65,1.17,32.03,0,0,2196
"2026-03-05 13:47:00",4117,5.27,0,0,0,2.72,15.02,28141.48,34772.71,21.91,105.96,9.34,1.71,7.19,0.4,0.33,-99.9,-99.9,8.11,-99.9,5.4,5.14,1.17,32.03,0,0,2197
"2026-03-05 14:02:00",4118,5.25,0,0,0,2.69,15.07,28176.93,34769.77,21.91,107.58,9.47,1.88,7.91,0.41,0.34,-99.9,-99.9,8.12,-99.9,5.42,4.26,1.18,32.91,0,0,2198
"2026-03-05 14:17:00",4119,5.25,0,0,0,2.64,15.15,28243.68,34787.79,21.93,109.41,9.62,1.78,7.5,0.41,0.33,-99.9,-99.9,8.13,-99.9,5.34,4.92,1.18,32.91,0,0,2199
"2026-03-05 14:32:00",4120,5.25,0,0,0,2.58,15.14,28229.37,34777.84,21.92,111.75,9.82,1.82,7.66,0.39,0.32,-99.9,-99.9,8.15,-99.9,5.36,4.53,1.18,32.88,0,0,2200
"2026-03-05 14:47:00",4121,5.26,0,0,0,2.51,15.19,28242.58,34754.35,21.9,106.59,9.36,1.96,8.25,0.42,0.35,-99.9,-99.9,8.14,-99.9,5.33,6.62,1.18,32.88,0,0,2201
"2026-03-05 15:02:00",4122,5.26,0,0,0,2.44,15.2,28253.48,34755.93,21.9,110.67,9.72,2.14,9.05,0.44,0.37,-99.9,-99.9,8.14,-99.9,5.25,4.04,1.18,33.15,0,0,2202
"2026-03-05 15:17:00",4123,5.25,0,0,0,2.32,15.23,28297.34,34788.7,21.93,114.51,10.05,1.92,8.09,0.42,0.35,-99.9,-99.9,8.16,-99.9,5.32,4.18,1.18,33.15,0,0,2203
"2026-03-05 15:32:00",4124,5.25,0,0,0,2.21,15.29,28311.51,34755.85,21.91,113.23,9.92,2.16,9.11,0.46,0.38,-99.9,-99.9,8.15,-99.9,5.29,4.25,1.18,33.98,0,0,2204
"2026-03-05 15:47:00",4125,5.26,0,0,0,2.12,15.33,28329.58,34749.9,21.9,107.21,9.39,1.71,7.21,0.43,0.36,-99.9,-99.9,8.15,-99.9,5.23,4.13,1.18,33.98,0,0,2205
"2026-03-05 16:02:00",4126,5.25,0,0,0,2.01,15.35,28350.9,34753.3,21.9,113.41,9.93,2.02,8.5,0.42,0.35,-99.9,-99.9,8.16,-99.9,5.25,3.85,1.17,31.44,0,0,2206
"2026-03-05 16:17:00",4127,5.27,0,0,0,1.91,15.35,28354.19,34760.66,21.91,114.58,10.03,1.84,7.73,0.37,0.3,-99.9,-99.9,8.17,-99.9,5.3,3.88,1.17,31.44,0,0,2207
"2026-03-05 16:32:00",4128,5.24,0,0,0,1.81,15.38,28366.36,34755.16,21.91,116.81,10.22,1.71,7.21,0.39,0.32,-99.9,-99.9,8.18,-99.9,5.29,3.78,1.18,31.8,0,0,2208
"2026-03-05 16:47:00",4129,5.25,0,0,0,1.7,15.38,28382.41,34772.89,21.92,116.2,10.17,1.97,8.31,0.44,0.37,-99.9,-99.9,8.19,-99.9,5.29,3.69,1.18,31.8,0,0,2209
"2026-03-05 17:02:00",4130,5.25,0,0,0,1.63,15.37,28377.66,34771.27,21.92,117.35,10.27,2,8.41,0.39,0.32,-99.9,-99.9,8.18,-99.9,5.29,3.96,1.18,32.05,0,0,2210
"2026-03-05 17:17:02",4131,5.26,0,0,0,1.54,15.36,28374.39,34777.24,21.92,116.55,10.2,2.04,8.59,0.46,0.39,-99.9,-99.9,8.17,-99.9,5.29,3.71,1.18,32.05,0,0,2211
"2026-03-05 17:32:00",4132,5.26,0,0,0,1.46,15.37,28379.29,34774.45,21.92,115.37,10.09,1.98,8.34,0.39,0.32,-99.9,-99.9,8.19,-99.9,5.35,3.79,1.19,31.92,0,0,2212
"2026-03-05 17:47:00",4133,5.25,0,0,0,1.39,15.38,28389.98,34782.15,21.92,114.41,10.01,1.95,8.21,0.37,0.3,-99.9,-99.9,8.18,-99.9,5.31,3.5,1.19,31.92,0,0,2213
"2026-03-05 18:02:00",4134,5.25,0,0,0,1.35,15.39,28396.55,34779.93,21.92,117.59,10.28,2.67,11.27,0.44,0.37,-99.9,-99.9,8.19,-99.9,5.27,3.85,1.17,32.07,0,0,2214
"2026-03-05 18:17:00",4135,5.25,0,0,0,1.3,15.39,28404.6,34788.4,21.93,114.33,10,2.57,10.86,0.49,0.42,-99.9,-99.9,8.2,-99.9,5.26,3.67,1.17,32.07,0,0,2215
"2026-03-05 18:32:00",4136,5.25,0,0,0,1.28,15.39,28402.68,34789.88,21.93,117.96,10.32,2.12,8.96,0.47,0.39,-99.9,-99.9,8.2,-99.9,5.34,3.8,1.18,32.6,0,0,2216
"2026-03-05 18:47:00",4137,5.27,0,0,0,1.27,15.38,28399.62,34793.65,21.93,118.4,10.36,2.38,10.06,0.48,0.41,-99.9,-99.9,8.2,-99.9,5.36,4.24,1.18,32.6,0,0,2217
"2026-03-05 19:02:00",4138,5.25,0,0,0,1.24,15.37,28392.2,34791.22,21.93,117.69,10.3,2.94,12.41,0.44,0.37,-99.9,-99.9,8.19,-99.9,5.28,4.3,1.18,33.71,0,0,2218
"2026-03-05 19:17:00",4139,5.25,0,0,0,1.26,15.35,28386.35,34798.58,21.94,116.66,10.21,2.34,9.89,0.42,0.35,-99.9,-99.9,8.18,-99.9,5.35,4.98,1.18,33.71,0,0,2219
"2026-03-05 19:32:00",4140,5.25,0,0,0,1.26,15.34,28374.21,34796.07,21.93,116.81,10.23,2.46,10.37,0.43,0.36,-99.9,-99.9,8.18,-99.9,5.36,4.61,1.18,32.78,0,0,2220
"2026-03-05 19:47:00",4141,5.26,0,0,0,1.3,15.32,28369.73,34800.79,21.94,114.72,10.04,2.32,9.78,0.44,0.36,-99.9,-99.9,8.18,-99.9,5.36,4.51,1.18,32.78,0,0,2221
"2026-03-05 20:02:00",4142,5.26,0,0,0,1.34,15.32,28367.78,34801.01,21.94,115.66,10.13,2.52,10.63,0.4,0.33,-99.9,-99.9,8.17,-99.9,5.34,4.47,1.18,33.14,0,0,2222
"2026-03-05 20:17:00",4143,5.25,0,0,0,1.38,15.3,28349.68,34796.65,21.93,113.2,9.92,2.2,9.27,0.42,0.35,-99.9,-99.9,8.17,-99.9,5.32,4.35,1.18,33.14,0,0,2223
"2026-03-05 20:32:00",4144,5.25,0,0,0,1.43,15.27,28330.42,34794,21.93,114.96,10.08,2.05,8.63,0.44,0.36,-99.9,-99.9,8.17,-99.9,5.37,4.55,1.18,32.83,0,0,2224
"2026-03-05 20:47:00",4145,5.25,0,0,0,1.49,15.25,28307.6,34788.7,21.93,109.97,9.65,2.36,9.97,0.48,0.41,-99.9,-99.9,8.16,-99.9,5.42,4.19,1.18,32.83,0,0,2225
"2026-03-05 21:02:00",4146,5.25,0,0,0,1.54,15.23,28297.93,34788.93,21.93,113.57,9.96,2.05,8.66,0.43,0.36,-99.9,-99.9,8.16,-99.9,5.32,5.26,1.18,31.98,0,0,2226
"2026-03-05 21:17:00",4147,5.26,0,0,0,1.64,15.22,28295.19,34791.54,21.93,111.9,9.82,2.07,8.75,0.43,0.36,-99.9,-99.9,8.15,-99.9,5.36,4.09,1.18,31.98,0,0,2227
"2026-03-05 21:32:00",4148,5.24,0,0,0,1.72,15.23,28303.45,34794.6,21.93,111.46,9.78,1.71,7.2,0.41,0.34,-99.9,-99.9,8.14,-99.9,5.37,5.41,1.17,32.12,0,0,2228
"2026-03-05 21:47:00",4149,5.25,0,0,0,1.81,15.21,28294.2,34805.68,21.94,109.45,9.61,1.63,6.87,0.38,0.3,-99.9,-99.9,8.13,-99.9,5.48,3.91,1.17,32.12,0,0,2229
"2026-03-05 22:02:00",4150,5.25,0,0,0,1.9,15.19,28279.74,34800.16,21.94,106.98,9.39,1.62,6.81,0.37,0.29,-99.9,-99.9,8.11,-99.9,5.31,3.82,1.18,33.11,0,0,2230
"2026-03-05 22:17:00",4151,5.25,0,0,0,2.01,15.18,28274.03,34801.75,21.94,107.23,9.42,1.52,6.37,0.37,0.3,-99.9,-99.9,8.12,-99.9,5.47,3.53,1.18,33.11,0,0,2231
"2026-03-05 22:32:00",4152,5.26,0,0,0,2.1,15.14,28239.23,34790.13,21.93,108.6,9.55,2.01,8.48,0.44,0.37,-99.9,-99.9,8.13,-99.9,5.45,4.11,1.17,32.95,0,0,2232
"2026-03-05 22:47:00",4153,5.24,0,0,0,2.2,15.07,28189.22,34784.35,21.92,105.44,9.28,1.99,8.4,0.44,0.36,-99.9,-99.9,8.1,-99.9,5.37,4.46,1.17,32.95,0,0,2233
"2026-03-05 23:02:00",4154,5.24,0,0,0,2.29,15.07,28197.32,34797.11,21.93,105.42,9.28,1.94,8.2,0.39,0.32,-99.9,-99.9,8.09,-99.9,5.42,5.68,1.18,33.19,0,0,2234
"2026-03-05 23:17:00",4155,5.25,0,0,0,2.36,15.05,28185.48,34797.54,21.93,92.26,8.12,1.88,7.92,0.39,0.32,-99.9,-99.9,8.09,-99.9,5.47,4.02,1.18,33.19,0,0,2235
"2026-03-05 23:32:00",4156,5.25,0,0,0,2.46,15.03,28167.75,34795.41,21.93,103.01,9.08,1.91,8.06,0.43,0.36,-99.9,-99.9,8.09,-99.9,5.46,4.18,1.18,33.08,0,0,2236
"2026-03-05 23:47:00",4157,5.25,0,0,0,2.53,15,28147.53,34795.71,21.93,86.76,7.65,2.24,9.47,0.44,0.36,-99.9,-99.9,8.08,-99.9,5.39,5.19,1.18,33.08,0,0,2237
"2026-03-06 00:02:00",4158,5.23,0,0,0,2.61,15.01,28155.7,34794.64,21.93,103.25,9.1,2.85,12.06,0.42,0.34,-99.9,-99.9,8.08,-99.9,5.47,5.9,1.18,34.01,0,0,2238
"2026-03-06 00:17:00",4159,5.24,0,0,0,2.67,15,28144.4,34791.93,21.93,94.5,8.33,1.97,8.3,0.42,0.35,-99.9,-99.9,8.08,-99.9,5.44,5.42,1.18,34.01,0,0,2239
"2026-03-06 00:32:00",4160,5.24,0,0,0,2.73,15,28148.51,34796.6,21.93,102.5,9.04,1.84,7.76,0.44,0.37,-99.9,-99.9,8.07,-99.9,5.45,5.76,1.18,33.78,0,0,2240
"2026-03-06 00:47:00",4161,5.25,0,0,0,2.79,14.97,28131.13,34795.08,21.93,98.67,8.7,2.02,8.53,0.4,0.33,-99.9,-99.9,8.07,-99.9,5.45,4.9,1.18,33.78,0,0,2241
"2026-03-06 01:02:00",4162,5.25,0,0,0,2.83,14.93,28099.03,34789.87,21.93,103.72,9.16,2.05,8.63,0.45,0.38,-99.9,-99.9,8.08,-99.9,5.45,4.9,1.18,33.43,0,0,2242
"2026-03-06 01:17:00",4163,5.24,0,0,0,2.85,14.92,28091.51,34790.83,21.93,103.8,9.17,1.93,8.15,0.39,0.32,-99.9,-99.9,8.07,-99.9,5.46,4.26,1.18,33.43,0,0,2243
"2026-03-06 01:32:00",4164,5.23,0,0,0,2.88,14.89,28070.21,34786.68,21.92,103.35,9.13,2.19,9.23,0.46,0.39,-99.9,-99.9,8.07,-99.9,5.49,4.58,1.17,38.84,0,0,2244
"2026-03-06 01:47:00",4165,5.24,0,0,0,2.87,14.86,28052.77,34791.4,21.93,99.85,8.83,2.03,8.54,0.43,0.36,-99.9,-99.9,8.07,-99.9,5.47,4.13,1.17,38.84,0,0,2245
"2026-03-06 02:02:00",4166,5.24,0,0,0,2.85,14.91,28018.42,34709.82,21.87,102.25,9.03,1.65,6.93,0.4,0.33,-99.9,-99.9,8.07,-99.9,5.56,5.94,1.18,33.14,0,0,2246
"2026-03-06 02:17:00",4167,5.25,0,0,0,2.8,14.83,27898.07,34620.17,21.81,100.62,8.91,1.6,6.72,0.38,0.3,-99.9,-99.9,8.06,-99.9,5.61,6.51,1.18,33.14,0,0,2247
"2026-03-06 02:32:00",4168,5.23,0,0,0,2.75,14.75,27760.79,34517.42,21.73,99.26,8.81,1.52,6.4,0.39,0.32,-99.9,-99.9,8.04,-99.9,5.57,5.28,1.18,32.87,0,0,2248
"2026-03-06 02:47:00",4169,5.24,0,0,0,2.69,14.66,27576.52,34367.06,21.63,94.26,8.38,1.57,6.62,0.36,0.29,-99.9,-99.9,8.03,-99.9,5.69,5.68,1.18,32.87,0,0,2249
"2026-03-06 03:02:00",4170,5.23,0,0,0,2.63,14.64,27527.32,34318.67,21.6,98.55,8.77,1.46,6.13,0.35,0.27,-99.9,-99.9,8.02,-99.9,5.72,6.24,1.18,31.99,0,0,2250
"2026-03-06 03:17:00",4171,5.24,0,0,0,2.54,14.64,27524.04,34310.17,21.59,98.5,8.76,1.52,6.41,0.38,0.31,-99.9,-99.9,8.02,-99.9,5.62,5.77,1.18,31.99,0,0,2251
"2026-03-06 03:32:00",4172,5.24,0,0,0,2.44,14.63,27510.6,34301.87,21.58,97.85,8.71,1.36,5.7,0.36,0.28,-99.9,-99.9,8.01,-99.9,5.72,5.72,1.18,33.11,0,0,2252
"2026-03-06 03:47:00",4173,5.23,0,0,0,2.34,14.61,27489.51,34292.59,21.58,98.18,8.74,1.36,5.72,0.37,0.3,-99.9,-99.9,8.01,-99.9,5.68,5.68,1.18,33.11,0,0,2253
"2026-03-06 04:02:00",4174,5.23,0,0,0,2.23,14.56,27439.82,34273.58,21.56,97.84,8.72,1.43,5.99,0.37,0.3,-99.9,-99.9,8.01,-99.9,5.79,5.59,1.17,32.3,0,0,2254
"2026-03-06 04:17:00",4175,5.24,0,0,0,2.1,14.57,27452.66,34283.04,21.57,97.89,8.73,1.38,5.81,0.35,0.28,-99.9,-99.9,8.01,-99.9,5.78,5.29,1.17,32.3,0,0,2255
"2026-03-06 04:32:00",4176,5.23,0,0,0,1.98,14.58,27470.86,34295.26,21.58,96.92,8.64,1.2,5.05,0.34,0.27,-99.9,-99.9,8,-99.9,5.76,5.47,1.18,32.8,0,0,2256
"2026-03-06 04:47:00",4177,5.24,0,0,0,1.88,14.65,27591.01,34385.76,21.64,97.44,8.67,1.31,5.5,0.35,0.28,-99.9,-99.9,8.01,-99.9,5.64,4.78,1.18,32.8,0,0,2257
"2026-03-06 05:02:00",4178,5.22,0,0,0,1.78,14.66,27602.27,34395.31,21.65,97.03,8.63,1.13,4.73,0.33,0.26,-99.9,-99.9,8.01,-99.9,5.58,4.44,1.18,32.86,0,0,2258
"2026-03-06 05:17:00",4179,5.23,0,0,0,1.67,14.66,27617.68,34415.7,21.66,97.8,8.7,1.26,5.26,0.35,0.28,-99.9,-99.9,8.02,-99.9,5.62,4.27,1.18,32.86,0,0,2259
"2026-03-06 05:32:00",4180,5.23,0,0,0,1.58,14.66,27613.7,34410.8,21.66,97.53,8.67,1.26,5.3,0.36,0.29,-99.9,-99.9,8.02,-99.9,5.55,4.28,1.19,33.29,0,0,2260
"2026-03-06 05:47:00",4181,5.24,0,0,0,1.5,14.65,27594.82,34390.9,21.65,95.77,8.52,1.17,4.91,0.32,0.24,-99.9,-99.9,8,-99.9,5.64,4.01,1.19,33.29,0,0,2261
"2026-03-06 06:02:00",4182,5.24,0,0,0,1.41,14.66,27612.94,34407.18,21.66,96.17,8.55,1.1,4.58,0.33,0.26,-99.9,-99.9,8,-99.9,5.72,4.21,1.18,31.75,0,0,2262
"2026-03-06 06:17:00",4183,5.22,0,0,0,1.34,14.66,27630.3,34426.35,21.67,96.5,8.58,1.03,4.29,0.32,0.25,-99.9,-99.9,8.01,-99.9,5.63,4.51,1.18,31.75,0,0,2263
"2026-03-06 06:32:00",4184,5.22,0,0,0,1.29,14.66,27633.74,34431.35,21.67,95.99,8.53,1.11,4.63,0.33,0.25,-99.9,-99.9,8,-99.9,5.67,4.13,1.18,32.11,0,0,2264
"2026-03-06 06:47:00",4185,5.23,0,0,0,1.25,14.67,27645.37,34441.87,21.68,96.64,8.59,1.01,4.21,0.33,0.26,-99.9,-99.9,8.01,-99.9,5.69,4.39,1.18,32.11,0,0,2265
"2026-03-06 07:02:00",4186,5.23,0,0,0,1.21,14.67,27645.6,34438.72,21.68,95.3,8.47,1,4.18,0.31,0.24,-99.9,-99.9,8,-99.9,5.62,5.06,1.18,32.83,0,0,2266
"2026-03-06 07:17:00",4187,5.24,0,0,0,1.2,14.67,27655.12,34451.6,21.69,94.62,8.41,0.94,3.93,0.3,0.23,-99.9,-99.9,7.99,-99.9,5.71,4.93,1.18,32.83,0,0,2267
"2026-03-06 07:32:00",4188,5.21,0,0,0,1.19,14.68,27667.34,34462.71,21.7,95.14,8.45,0.86,3.57,0.28,0.21,-99.9,-99.9,8,-99.9,5.64,4.94,1.18,33.63,0,0,2268
"2026-03-06 07:47:00",4189,5.23,0,0,0,1.18,14.67,27666.81,34466.84,21.7,93.95,8.35,0.96,4,0.3,0.23,-99.9,-99.9,8,-99.9,5.71,4.43,1.18,33.63,0,0,2269
"2026-03-06 08:02:00",4190,5.22,0,0,0,1.2,14.59,27590.1,34438.57,21.68,96.27,8.57,1,4.17,0.31,0.24,-99.9,-99.9,8.01,-99.9,5.65,4.4,1.18,32.84,0,0,2270
"2026-03-06 08:17:00",4191,5.23,0,0,0,1.2,14.54,27544.97,34423.3,21.67,97.96,8.73,1.27,5.33,0.36,0.28,-99.9,-99.9,8.02,-99.9,5.67,4.64,1.18,32.84,0,0,2271
"2026-03-06 08:32:00",4192,5.23,0,0,0,1.23,14.55,27570.03,34446.33,21.68,96.47,8.6,0.92,3.83,0.31,0.24,-99.9,-99.9,8.01,-99.9,5.65,4.18,1.17,31.94,0,0,2272
"2026-03-06 08:47:00",4193,5.22,0,0,0,1.26,14.61,27627.92,34466.58,21.7,96.31,8.57,0.96,4.01,0.34,0.26,-99.9,-99.9,8,-99.9,5.71,4.91,1.17,31.94,0,0,2273
"2026-03-06 09:02:00",4194,5.22,0,0,0,1.29,14.63,27636.1,34465.8,21.7,97.18,8.65,0.95,3.95,0.32,0.24,-99.9,-99.9,8.01,-99.9,5.71,4.72,1.18,32.49,0,0,2274
"2026-03-06 09:17:00",4195,5.22,0,0,0,1.36,14.6,27613.94,34459.97,21.69,96.33,8.57,0.89,3.71,0.33,0.26,-99.9,-99.9,8.01,-99.9,5.69,3.89,1.18,32.49,0,0,2275
"2026-03-06 09:32:00",4196,5.22,0,0,0,1.41,14.6,27611.36,34452.79,21.69,96.77,8.61,0.85,3.55,0.29,0.22,-99.9,-99.9,8.01,-99.9,5.76,3.81,1.17,32.96,0,0,2276
"2026-03-06 09:47:00",4197,5.23,0,0,0,1.48,14.58,27603.09,34460.45,21.69,95.69,8.52,0.8,3.32,0.3,0.23,-99.9,-99.9,8.01,-99.9,5.63,3.6,1.17,32.96,0,0,2277
"2026-03-06 10:02:00",4198,5.21,0,0,0,1.57,14.58,27603.62,34465.45,21.7,96.34,8.58,0.84,3.47,0.31,0.24,-99.9,-99.9,8,-99.9,5.76,3.73,1.17,32.59,0,0,2278
"2026-03-06 10:17:00",4199,5.22,0,0,0,1.65,14.6,27616.81,34460.47,21.69,95.57,8.51,0.91,3.78,0.32,0.25,-99.9,-99.9,8.02,-99.9,5.58,3.9,1.17,32.59,0,0,2279
"2026-03-06 10:32:00",4200,5.21,0,0,0,1.73,14.59,27625.49,34477.51,21.71,96.32,8.57,0.94,3.93,0.3,0.23,-99.9,-99.9,8.01,-99.9,5.73,4.35,1.17,32.52,0,0,2280
"2026-03-06 10:47:00",4201,5.23,0,0,0,1.81,14.51,27649.64,34579.1,21.77,98.95,8.82,1.27,5.34,0.33,0.26,-99.9,-99.9,8.05,-99.9,5.61,7.18,1.17,32.52,0,0,2281
"2026-03-06 11:02:00",4202,5.23,0,0,0,1.9,14.52,27659.41,34584.42,21.78,100.24,8.93,1.19,5,0.37,0.29,-99.9,-99.9,8.05,-99.9,5.59,5.82,1.18,32.19,0,0,2282
"2026-03-06 11:17:00",4203,5.21,0,0,0,1.98,14.54,27666.34,34575.45,21.77,101,9,1.21,5.09,0.34,0.27,-99.9,-99.9,8.05,-99.9,5.6,5.78,1.18,32.19,0,0,2283
"2026-03-06 11:32:00",4204,5.21,0,0,0,2.07,14.52,27674.05,34599.03,21.79,101.04,9,1.2,5.04,0.34,0.27,-99.9,-99.9,8.06,-99.9,5.62,6.05,1.18,32.38,0,0,2284
"2026-03-06 11:47:00",4205,5.22,0,0,0,2.16,14.5,27649.8,34584.44,21.78,101.59,9.06,1.33,5.56,0.39,0.32,-99.9,-99.9,8.06,-99.9,5.59,5.4,1.18,32.38,0,0,2285
"2026-03-06 12:02:00",4206,5.22,0,0,0,2.22,14.55,27678.64,34583.54,21.78,101.4,9.03,1.48,6.21,0.4,0.33,-99.9,-99.9,8.06,-99.9,5.63,5.36,1.17,32.49,0,0,2286
"2026-03-06 12:17:00",4207,5.23,0,0,0,2.31,14.56,27696.25,34597.68,21.79,100.4,8.94,1.85,7.81,0.45,0.38,-99.9,-99.9,8.09,-99.9,5.67,5.49,1.17,32.49,0,0,2287
"2026-03-06 12:32:00",4208,5.21,0,0,0,2.37,14.65,27716.51,34549.82,21.76,104.78,9.31,1.78,7.51,0.44,0.37,-99.9,-99.9,8.08,-99.9,5.52,4.99,1.17,31.9,0,0,2288
"2026-03-06 12:47:00",4209,5.22,0,0,0,2.43,14.7,27740.83,34534.99,21.75,105.91,9.4,2.59,10.96,0.55,0.48,-99.9,-99.9,8.08,-99.9,5.56,5.15,1.17,31.9,0,0,2289
"2026-03-06 13:02:00",4210,5.21,0,0,0,2.49,14.76,27752.09,34496.31,21.72,108.7,9.64,1.63,6.87,0.39,0.32,-99.9,-99.9,8.1,-99.9,5.49,4.83,1.18,32.3,0,0,2290
"2026-03-06 13:17:00",4211,5.22,0,0,0,2.54,14.97,27890.88,34497.22,21.72,105.57,9.32,1.63,6.84,0.42,0.34,-99.9,-99.9,8.09,-99.9,5.38,4.44,1.18,32.3,0,0,2291
"2026-03-06 13:32:00",4212,5.22,0,0,0,2.56,14.93,27889.55,34528.8,21.74,109.1,9.64,1.59,6.69,0.39,0.32,-99.9,-99.9,8.1,-99.9,5.35,4.57,1.18,32.19,0,0,2292
"2026-03-06 13:47:00",4213,5.21,0,0,0,2.61,15.1,27993.88,34520.46,21.74,107.33,9.45,1.65,6.94,0.4,0.33,-99.9,-99.9,8.1,-99.9,5.28,4.1,1.18,32.19,0,0,2293
"2026-03-06 14:02:00",4214,5.21,0,0,0,2.61,15.11,27986.71,34503.93,21.73,111.88,9.85,1.54,6.46,0.36,0.29,-99.9,-99.9,8.12,-99.9,5.29,4.89,1.17,32.57,0,0,2294
"2026-03-06 14:17:00",4215,5.22,0,0,0,2.61,15.1,27959.32,34478.63,21.71,108.26,9.54,1.38,5.79,0.37,0.3,-99.9,-99.9,8.11,-99.9,5.37,5.91,1.17,32.57,0,0,2295
"2026-03-06 14:32:00",4216,5.22,0,0,0,2.6,15.16,27991.7,34467.76,21.7,108.65,9.56,1.59,6.67,0.37,0.3,-99.9,-99.9,8.1,-99.9,5.35,5.6,1.17,32.59,0,0,2296
"2026-03-06 14:47:00",4217,5.23,0,0,0,2.58,15.14,27964.04,34454.51,21.7,107.92,9.5,1.86,7.83,0.4,0.33,-99.9,-99.9,8.12,-99.9,5.36,5.6,1.17,32.59,0,0,2297
"2026-03-06 15:02:00",4218,5.21,0,0,0,2.54,15.12,27951.17,34452.62,21.69,109.39,9.63,1.63,6.85,0.36,0.29,-99.9,-99.9,8.11,-99.9,5.44,5.35,1.18,32.34,0,0,2298
"2026-03-06 15:17:00",4219,5.21,0,0,0,2.47,15.13,27949.3,34443.87,21.69,108.81,9.58,1.7,7.15,0.39,0.32,-99.9,-99.9,8.12,-99.9,5.38,5.54,1.18,32.34,0,0,2299
"2026-03-06 15:32:00",4220,5.21,0,0,0,2.41,15.13,27956.85,34448.68,21.69,109.22,9.62,1.86,7.84,0.37,0.3,-99.9,-99.9,8.12,-99.9,5.42,5.12,1.17,32.79,0,0,2300
"2026-03-06 15:47:00",4221,5.22,0,0,0,2.35,15.13,27954.6,34449.39,21.69,108.14,9.52,1.85,7.78,0.39,0.32,-99.9,-99.9,8.11,-99.9,5.39,4.98,1.17,32.79,0,0,2301
"2026-03-06 16:02:00",4222,5.22,0,0,0,2.25,15.12,27952.78,34451.06,21.69,109.65,9.65,1.82,7.65,0.4,0.33,-99.9,-99.9,8.11,-99.9,5.37,4.86,1.18,34.03,0,0,2302
"2026-03-06 16:17:00",4223,5.21,0,0,0,2.17,15.13,27939.51,34428,21.68,104.26,9.18,1.97,8.31,0.39,0.32,-99.9,-99.9,8.11,-99.9,5.45,5.12,1.18,34.03,0,0,2303
"2026-03-06 16:32:00",4224,5.21,0,0,0,2.1,15.09,27953.23,34477.62,21.71,109.59,9.66,1.55,6.51,0.35,0.28,-99.9,-99.9,8.11,-99.9,5.38,5.07,1.18,31.92,0,0,2304
"2026-03-06 16:47:00",4225,5.21,0,0,0,2.01,15.23,28035.59,34470.55,21.71,109.68,9.64,1.85,7.79,0.41,0.34,-99.9,-99.9,8.14,-99.9,5.33,4.89,1.18,31.92,0,0,2305
"2026-03-06 17:02:00",4226,5.21,0,0,0,1.91,15.23,28029.88,34463.47,21.7,113.64,9.98,1.88,7.91,0.41,0.34,-99.9,-99.9,8.14,-99.9,5.33,5.59,1.18,32.44,0,0,2306
"2026-03-06 17:17:00",4227,5.23,0,0,0,1.85,15.27,28061.07,34468.98,21.71,112.2,9.85,2.22,9.38,0.41,0.33,-99.9,-99.9,8.14,-99.9,5.31,4.8,1.18,32.44,0,0,2307
"2026-03-06 17:32:00",4228,5.21,0,0,0,1.75,15.28,28061.6,34458.05,21.7,112.42,9.87,1.72,7.26,0.4,0.33,-99.9,-99.9,8.14,-99.9,5.3,4.49,1.18,32.83,0,0,2308
"2026-03-06 17:47:00",4229,5.21,0,0,0,1.68,15.22,28016.45,34450.42,21.69,107.84,9.48,1.83,7.7,0.43,0.35,-99.9,-99.9,8.13,-99.9,5.33,4.51,1.18,32.83,0,0,2309
"2026-03-06 18:02:00",4230,5.21,0,0,0,1.62,15.23,28039.68,34470.16,21.71,112.6,9.89,2.02,8.54,0.39,0.32,-99.9,-99.9,8.14,-99.9,5.34,5.03,1.17,32.64,0,0,2310
"2026-03-06 18:17:00",4231,5.22,0,0,0,1.56,15.24,28039.21,34462.49,21.7,111.77,9.82,1.68,7.05,0.36,0.28,-99.9,-99.9,8.14,-99.9,5.3,4.23,1.17,32.64,0,0,2311
"2026-03-06 18:32:00",4232,5.22,0,0,0,1.53,15.23,28033.53,34462,21.7,112,9.84,1.84,7.75,0.37,0.3,-99.9,-99.9,8.13,-99.9,5.33,4.38,1.18,33.27,0,0,2312
"2026-03-06 18:47:00",4233,5.21,0,0,0,1.52,15.2,28024.55,34476.58,21.71,111.39,9.79,2.01,8.47,0.38,0.31,-99.9,-99.9,8.13,-99.9,5.38,4.79,1.18,33.27,0,0,2313
"2026-03-06 19:02:00",4234,5.21,0,0,0,1.48,15.2,28017.2,34471.77,21.71,111.85,9.83,1.95,8.22,0.4,0.33,-99.9,-99.9,8.13,-99.9,5.34,4.8,1.17,32.32,0,0,2314
"2026-03-06 19:17:00",4235,5.21,0,0,0,1.46,15.22,28025.04,34462.42,21.7,111.23,9.77,1.75,7.37,0.36,0.28,-99.9,-99.9,8.12,-99.9,5.35,4.34,1.17,32.32,0,0,2315
"2026-03-06 19:32:00",4236,5.21,0,0,0,1.47,15.2,27994.89,34443.47,21.69,111.04,9.76,2.28,9.61,0.43,0.36,-99.9,-99.9,8.12,-99.9,5.41,4.44,1.18,32.62,0,0,2316
"2026-03-06 19:47:00",4237,5.22,0,0,0,1.46,15.15,27950.4,34427.71,21.68,106.8,9.4,2.42,10.22,0.42,0.35,-99.9,-99.9,8.12,-99.9,5.4,4.2,1.18,32.62,0,0,2317
"2026-03-06 20:02:00",4238,5.2,0,0,0,1.48,15.18,27991.69,34455.22,21.7,110.28,9.7,2.04,8.59,0.4,0.33,-99.9,-99.9,8.12,-99.9,5.33,4.52,1.18,31.83,0,0,2318
"2026-03-06 20:17:00",4239,5.21,0,0,0,1.51,15.17,27979.34,34444.29,21.69,108.92,9.58,1.82,7.68,0.38,0.31,-99.9,-99.9,8.11,-99.9,5.41,4.8,1.18,31.83,0,0,2319
"2026-03-06 20:32:00",4240,5.2,0,0,0,1.53,15.13,27937.31,34430.25,21.68,108.82,9.58,1.99,8.41,0.41,0.33,-99.9,-99.9,8.11,-99.9,5.4,4.61,1.18,32.22,0,0,2320
"2026-03-06 20:47:00",4241,5.22,0,0,0,1.58,15.12,27943.53,34444.23,21.69,106.9,9.41,2.02,8.54,0.39,0.32,-99.9,-99.9,8.11,-99.9,5.34,3.92,1.18,32.22,0,0,2321
"2026-03-06 21:02:00",4242,5.22,0,0,0,1.63,15.13,27983.43,34483.5,21.72,105.86,9.32,1.12,4.68,0.3,0.23,-99.9,-99.9,8.08,-99.9,5.49,5.29,1.17,32.66,0,0,2322
"2026-03-06 21:17:00",4243,5.2,0,0,0,1.7,15.11,27985.79,34500.67,21.73,108,9.51,1.3,5.46,0.33,0.26,-99.9,-99.9,8.1,-99.9,5.51,4.96,1.17,32.66,0,0,2323
"2026-03-06 21:32:00",4244,5.2,0,0,0,1.74,15.1,27971.56,34491.33,21.72,108.11,9.52,1.6,6.73,0.34,0.27,-99.9,-99.9,8.1,-99.9,5.5,4.1,1.19,32.61,0,0,2324
"2026-03-06 21:47:00",4245,5.21,0,0,0,1.83,15.13,27989.76,34492.38,21.72,103.66,9.13,1.06,4.43,0.28,0.2,-99.9,-99.9,8.07,-99.9,5.47,3.5,1.19,32.61,0,0,2325
"2026-03-06 22:02:00",4246,5.21,0,0,0,1.9,15.12,27986.71,34497.32,21.72,102.08,8.99,1.05,4.39,0.31,0.24,-99.9,-99.9,8.06,-99.9,5.35,3.03,1.18,32.38,0,0,2326
"2026-03-06 22:17:00",4247,5.22,0,0,0,1.98,15.13,27997.25,34504.4,21.73,103.3,9.09,0.99,4.15,0.31,0.23,-99.9,-99.9,8.08,-99.9,5.48,3.49,1.18,32.38,0,0,2327
"2026-03-06 22:32:00",4248,5.19,0,0,0,2.06,15.05,27976.19,34540.76,21.75,108.13,9.53,1.3,5.45,0.34,0.26,-99.9,-99.9,8.11,-99.9,5.5,3.69,1.17,32.99,0,0,2328
"2026-03-06 22:47:00",4249,5.21,0,0,0,2.15,15,27940.39,34538.99,21.75,109.02,9.62,1.52,6.37,0.35,0.28,-99.9,-99.9,8.11,-99.9,5.59,4.35,1.17,32.99,0,0,2329
"2026-03-06 23:02:00",4250,5.2,0,0,0,2.23,15,27939.43,34539.23,21.75,108.86,9.61,1.59,6.68,0.35,0.28,-99.9,-99.9,8.11,-99.9,5.34,4.22,1.18,32.49,0,0,2330
"2026-03-06 23:17:00",4251,5.21,0,0,0,2.31,15.01,27942.35,34532.89,21.75,107.42,9.48,1.46,6.12,0.39,0.32,-99.9,-99.9,8.1,-99.9,5.3,3.15,1.18,32.49,0,0,2331
"2026-03-06 23:32:00",4252,5.21,0,0,0,2.39,15.03,27956.84,34534.45,21.75,107.26,9.46,1.51,6.33,0.37,0.3,-99.9,-99.9,8.1,-99.9,5.36,3.83,1.18,34.27,0,0,2332
"2026-03-06 23:47:00",4253,5.2,0,0,0,2.47,14.98,27956.49,34570.88,21.77,103.61,9.15,1.61,6.79,0.34,0.27,-99.9,-99.9,8.09,-99.9,5.61,3.86,1.18,34.27,0,0,2333
"2026-03-07 00:02:00",4254,5.19,0,0,0,2.55,14.97,27942.93,34561.15,21.77,104.86,9.26,1.4,5.88,0.34,0.27,-99.9,-99.9,8.09,-99.9,5.58,4.83,1.17,33.01,0,0,2334
"2026-03-07 00:17:00",4255,5.2,0,0,0,2.62,14.96,27960.21,34590.45,21.79,100.52,8.88,1.47,6.18,0.35,0.28,-99.9,-99.9,8.06,-99.9,5.62,4.07,1.17,33.01,0,0,2335
"2026-03-07 00:32:00",4256,5.2,0,0,0,2.7,14.96,27896,34517.38,21.74,100.8,8.9,1.6,6.73,0.37,0.3,-99.9,-99.9,8.07,-99.9,5.61,4.04,1.18,33.2,0,0,2336
"2026-03-07 00:47:00",4257,5.21,0,0,0,2.76,14.89,27831.57,34492.48,21.72,51.62,4.57,1.44,6.04,0.37,0.3,-99.9,-99.9,8.06,-99.9,5.57,3.64,1.18,33.2,0,0,2337
"2026-03-07 01:02:00",4258,5.19,0,0,0,2.81,14.91,27846.6,34494.88,21.72,103.25,9.13,1.58,6.66,0.39,0.32,-99.9,-99.9,8.06,-99.9,5.58,3.75,1.18,32.45,0,0,2338
"2026-03-07 01:17:00",4259,5.2,0,0,0,2.87,14.84,27761.95,34446.71,21.69,105.21,9.32,1.8,7.56,0.41,0.34,-99.9,-99.9,8.07,-99.9,5.48,4.34,1.18,32.45,0,0,2339
"2026-03-07 01:32:00",4260,5.2,0,0,0,2.87,14.78,27575.32,34261.24,21.56,103.83,9.22,1.7,7.16,0.35,0.28,-99.9,-99.9,8.07,-99.9,5.51,4.78,1.18,33.25,0,0,2340
"2026-03-07 01:47:00",4261,5.2,0,0,0,2.9,14.69,27402.8,34120.04,21.46,101.84,9.06,1.45,6.1,0.36,0.29,-99.9,-99.9,8.05,-99.9,5.74,4.99,1.18,33.25,0,0,2341
"2026-03-07 02:02:00",4262,5.2,0,0,0,2.91,14.65,27316.12,34046.05,21.41,99.01,8.82,1.58,6.63,0.35,0.28,-99.9,-99.9,8.04,-99.9,5.82,5.42,1.17,33.15,0,0,2342
"2026-03-07 02:17:00",4263,5.19,0,0,0,2.9,14.6,27250.05,34007.08,21.38,89.34,7.97,1.64,6.88,0.38,0.31,-99.9,-99.9,8.04,-99.9,5.76,5.49,1.17,33.15,0,0,2343
"2026-03-07 02:32:00",4264,5.19,0,0,0,2.88,14.57,27206.6,33976.04,21.36,99.16,8.85,1.36,5.73,0.36,0.29,-99.9,-99.9,8.03,-99.9,5.73,5.76,1.18,33.74,0,0,2344
"2026-03-07 02:47:00",4265,5.19,0,0,0,2.86,14.54,27158.5,33937.16,21.33,98.13,8.76,1.48,6.24,0.36,0.29,-99.9,-99.9,8.03,-99.9,5.86,5,1.18,33.74,0,0,2345
"2026-03-07 03:02:00",4266,5.19,0,0,0,2.79,14.56,27174.8,33942.7,21.33,97.8,8.73,1.34,5.63,0.35,0.28,-99.9,-99.9,8.03,-99.9,5.75,5.17,1.17,32.44,0,0,2346
"2026-03-07 03:17:00",4267,5.2,0,0,0,2.75,14.55,27161.44,33936.36,21.33,98.69,8.81,1.67,7.03,0.41,0.34,-99.9,-99.9,8.04,-99.9,5.53,4.93,1.17,32.44,0,0,2347
"2026-03-07 03:32:00",4268,5.18,0,0,0,2.65,14.55,27167.36,33945.06,21.34,98.92,8.83,1.3,5.46,0.36,0.29,-99.9,-99.9,8.03,-99.9,5.84,4.9,1.17,32.38,0,0,2348
"2026-03-07 03:47:00",4269,5.19,0,0,0,2.58,14.6,27266.42,34026.72,21.39,96.94,8.64,1.3,5.45,0.34,0.27,-99.9,-99.9,8.02,-99.9,5.65,3.59,1.17,32.38,0,0,2349
"2026-03-07 04:02:00",4270,5.19,0,0,0,2.48,14.62,27293.36,34042.98,21.4,99,8.82,1.29,5.39,0.35,0.28,-99.9,-99.9,8.03,-99.9,5.57,3.98,1.19,33.54,0,0,2350
"2026-03-07 04:17:00",4271,5.19,0,0,0,2.39,14.62,27299.01,34046.45,21.41,98.51,8.78,1.31,5.52,0.35,0.28,-99.9,-99.9,8.03,-99.9,5.52,3.5,1.18,33.54,0,0,2351
"2026-03-07 04:32:00",4272,5.2,0,0,0,2.28,14.64,27319.49,34060.94,21.42,98.34,8.76,1.15,4.83,0.36,0.29,-99.9,-99.9,8.03,-99.9,5.58,4.04,1.18,32.6,0,0,2352
"2026-03-07 04:47:00",4273,5.18,0,0,0,2.17,14.67,27403.66,34137.48,21.47,99.07,8.82,1.29,5.39,0.38,0.3,-99.9,-99.9,8.04,-99.9,5.69,3.57,1.18,32.6,0,0,2353
"2026-03-07 05:02:00",4274,5.18,0,0,0,2.06,14.71,27463.84,34183.45,21.5,99.71,8.87,1.38,5.81,0.35,0.27,-99.9,-99.9,8.04,-99.9,5.67,4.31,1.18,32.99,0,0,2354
"2026-03-07 05:17:00",4275,5.19,0,0,0,1.96,14.71,27477.97,34195.81,21.51,99.78,8.87,1.32,5.54,0.34,0.27,-99.9,-99.9,8.05,-99.9,5.45,3.88,1.18,32.99,0,0,2355
"2026-03-07 05:32:00",4276,5.19,0,0,0,1.84,14.71,27472.67,34189.74,21.51,98.79,8.78,1.57,6.59,0.38,0.31,-99.9,-99.9,8.04,-99.9,5.5,4.04,1.18,32.25,0,0,2356
"2026-03-07 05:47:00",4277,5.2,0,0,0,1.75,14.72,27493.61,34208.58,21.52,97.55,8.67,1.3,5.46,0.36,0.29,-99.9,-99.9,8.04,-99.9,5.66,4.47,1.18,32.25,0,0,2357
"2026-03-07 06:02:00",4278,5.18,0,0,0,1.64,14.71,27472.5,34190.84,21.51,100.19,8.91,1.58,6.63,0.38,0.31,-99.9,-99.9,8.05,-99.9,5.65,4.41,1.18,33.19,0,0,2358
"2026-03-07 06:17:00",4279,5.19,0,0,0,1.56,14.71,27468.26,34191.04,21.51,98.93,8.8,1.56,6.56,0.37,0.3,-99.9,-99.9,8.05,-99.9,5.68,3.88,1.18,33.19,0,0,2359
"2026-03-07 06:32:00",4280,5.18,0,0,0,1.49,14.69,27424.54,34150.28,21.48,98.1,8.73,1.43,6.01,0.38,0.31,-99.9,-99.9,8.03,-99.9,5.76,4.08,1.17,32.09,0,0,2360
"2026-03-07 06:47:00",4281,5.19,0,0,0,1.41,14.61,27334.4,34105.76,21.45,93.01,8.29,1.74,7.34,0.37,0.3,-99.9,-99.9,8.03,-99.9,5.73,4.21,1.17,32.09,0,0,2361
"2026-03-07 07:02:02",4282,5.19,0,0,0,1.35,14.56,27274.18,34071.19,21.42,95.6,8.53,1.21,5.06,0.31,0.24,-99.9,-99.9,8.03,-99.9,5.79,3.72,1.18,33.05,0,0,2362
"2026-03-07 07:17:00",4283,5.18,0,0,0,1.31,14.54,27261.65,34069.38,21.42,85.97,7.67,1.54,6.48,0.34,0.27,-99.9,-99.9,8.02,-99.9,5.77,3.64,1.18,33.05,0,0,2363
"2026-03-07 07:32:00",4284,5.18,0,0,0,1.27,14.52,27251.67,34069.37,21.42,97.53,8.71,1.23,5.14,0.33,0.26,-99.9,-99.9,8.02,-99.9,5.75,3.35,1.17,32.05,0,0,2364
"2026-03-07 07:47:00",4285,5.19,0,0,0,1.24,14.51,27245.33,34068.6,21.42,93.12,8.32,1.05,4.41,0.33,0.26,-99.9,-99.9,8.02,-99.9,5.78,3.67,1.17,32.05,0,0,2365
"2026-03-07 08:02:00",4286,5.19,0,0,0,1.23,14.52,27264.21,34086.4,21.43,97.36,8.69,1.02,4.25,0.31,0.24,-99.9,-99.9,8.03,-99.9,5.77,3.85,1.17,32.68,0,0,2366
"2026-03-07 08:17:00",4287,5.17,0,0,0,1.23,14.5,27247.05,34078.39,21.43,96.81,8.65,1.17,4.91,0.34,0.27,-99.9,-99.9,8.03,-99.9,5.65,3.56,1.17,32.68,0,0,2367
"2026-03-07 08:32:00",4288,5.18,0,0,0,1.22,14.49,27233.69,34075.44,21.43,99.58,8.9,1.4,5.9,0.36,0.29,-99.9,-99.9,8.03,-99.9,5.74,4.94,1.18,33.51,0,0,2368
"2026-03-07 08:47:00",4289,5.18,0,0,0,1.23,14.49,27229.84,34072.74,21.42,94.67,8.46,1.45,6.08,0.35,0.28,-99.9,-99.9,8.03,-99.9,5.78,3.79,1.18,33.51,0,0,2369
"2026-03-07 09:02:00",4290,5.18,0,0,0,1.25,14.5,27242.86,34077.96,21.43,99.74,8.91,1.3,5.44,0.34,0.27,-99.9,-99.9,8.04,-99.9,5.81,4.11,1.18,32.81,0,0,2370
"2026-03-07 09:17:00",4291,5.19,0,0,0,1.28,14.5,27254.07,34087.48,21.43,94.16,8.41,1.28,5.38,0.35,0.28,-99.9,-99.9,8.04,-99.9,5.68,3.87,1.18,32.81,0,0,2371
"2026-03-07 09:32:00",4292,5.16,0,0,0,1.32,14.53,27269.31,34086.76,21.43,100.27,8.95,1.54,6.45,0.37,0.29,-99.9,-99.9,8.05,-99.9,5.73,3.72,1.18,32.44,0,0,2372
"2026-03-07 09:47:00",4293,5.18,0,0,0,1.37,14.55,27293.43,34100.57,21.44,89.8,8.01,1.66,6.99,0.39,0.32,-99.9,-99.9,8.05,-99.9,5.73,4.39,1.18,32.44,0,0,2373
"2026-03-07 10:02:00",4294,5.17,0,0,0,1.4,14.56,27274.13,34071.1,21.42,97.71,8.72,1.44,6.06,0.39,0.32,-99.9,-99.9,8.06,-99.9,5.67,3.76,1.18,32.59,0,0,2374
"2026-03-07 10:17:00",4295,5.18,0,0,0,1.46,14.53,27265.97,34079.39,21.43,85.13,7.6,1.56,6.56,0.39,0.32,-99.9,-99.9,8.06,-99.9,5.73,4.3,1.18,32.59,0,0,2375
"2026-03-07 10:32:00",4296,5.19,0,0,0,1.53,14.53,27252.08,34062.55,21.42,101.85,9.09,1.6,6.73,0.38,0.31,-99.9,-99.9,8.06,-99.9,5.7,4.08,1.18,32.8,0,0,2376
"2026-03-07 10:47:00",4297,5.17,0,0,0,1.6,14.55,27268.15,34065.88,21.42,95.6,8.53,1.63,6.86,0.39,0.32,-99.9,-99.9,8.06,-99.9,5.66,3.97,1.18,32.8,0,0,2377
"2026-03-07 11:02:00",4298,5.17,0,0,0,1.67,14.53,27244.66,34055.74,21.41,103.36,9.23,1.63,6.85,0.4,0.33,-99.9,-99.9,8.07,-99.9,5.72,3.73,1.18,32.28,0,0,2378
"2026-03-07 11:17:00",4299,5.18,0,0,0,1.76,14.53,27250.37,34059.07,21.41,94.22,8.41,1.55,6.52,0.36,0.29,-99.9,-99.9,8.07,-99.9,5.68,3.5,1.18,32.28,0,0,2379
"2026-03-07 11:32:00",4300,5.18,0,0,0,1.82,14.56,27256.72,34047.96,21.41,104.71,9.34,1.54,6.47,0.38,0.31,-99.9,-99.9,8.07,-99.9,5.63,3.95,1.18,33.19,0,0,2380
"2026-03-07 11:47:00",4301,5.19,0,0,0,1.89,14.59,27296.08,34069.13,21.42,102.81,9.17,1.48,6.22,0.37,0.29,-99.9,-99.9,8.07,-99.9,5.63,3.75,1.18,33.19,0,0,2381
"2026-03-07 12:02:00",4302,5.16,0,0,0,1.97,14.62,27348.14,34113.47,21.45,106.19,9.46,1.28,5.36,0.35,0.27,-99.9,-99.9,8.08,-99.9,5.62,3.87,1.18,32.24,0,0,2382
"2026-03-07 12:17:00",4303,5.17,0,0,0,2.04,14.65,27372.4,34114.68,21.45,108.37,9.65,1.23,5.17,0.35,0.28,-99.9,-99.9,8.1,-99.9,5.65,3.52,1.18,32.24,0,0,2383
"2026-03-07 12:32:00",4304,5.17,0,0,0,2.1,14.64,27360.02,34108.83,21.45,105.71,9.42,1.32,5.54,0.37,0.3,-99.9,-99.9,8.08,-99.9,5.7,3.69,1.17,32.37,0,0,2384
"2026-03-07 12:47:00",4305,5.18,0,0,0,2.19,14.7,27441.03,34158.65,21.49,104.28,9.27,1.58,6.63,0.37,0.29,-99.9,-99.9,8.09,-99.9,5.69,3.92,1.17,32.37,0,0,2385
"2026-03-07 13:02:00",4306,5.19,0,0,0,2.24,14.72,27461.39,34172.57,21.5,107.65,9.57,1.83,7.72,0.4,0.33,-99.9,-99.9,8.09,-99.9,5.62,3.82,1.17,32.85,0,0,2386
"2026-03-07 13:17:00",4307,5.17,0,0,0,2.29,14.75,27476.56,34167.23,21.49,106.46,9.46,1.74,7.31,0.42,0.35,-99.9,-99.9,8.1,-99.9,5.62,4.14,1.17,32.85,0,0,2387
"2026-03-07 13:32:00",4308,5.17,0,0,0,2.35,14.83,27516.31,34150.17,21.48,110.84,9.83,1.61,6.76,0.38,0.31,-99.9,-99.9,8.12,-99.9,5.54,3.7,1.17,31.86,0,0,2388
"2026-03-07 13:47:00",4309,5.18,0,0,0,2.39,15.03,27642.33,34146.99,21.48,110.08,9.73,1.53,6.44,0.39,0.32,-99.9,-99.9,8.12,-99.9,5.43,3.46,1.17,31.86,0,0,2389
"2026-03-07 14:02:00",4310,5.17,0,0,0,2.44,15.04,27627.35,34116.5,21.46,115.12,10.17,1.77,7.45,0.42,0.35,-99.9,-99.9,8.15,-99.9,5.46,3.95,1.18,32.62,0,0,2390
"2026-03-07 14:17:00",4311,5.19,0,0,0,2.47,15.28,27795.09,34128.61,21.47,106.52,9.36,1.78,7.48,0.42,0.35,-99.9,-99.9,8.12,-99.9,5.3,3.85,1.18,32.62,0,0,2391
"2026-03-07 14:32:00",4312,5.16,0,0,0,2.49,15.26,27746.78,34088.65,21.44,118.37,10.41,1.84,7.75,0.41,0.34,-99.9,-99.9,8.16,-99.9,5.45,3.76,1.18,31.92,0,0,2392
"2026-03-07 14:47:00",4313,5.17,0,0,0,2.5,15.34,27819.48,34114.33,21.46,116.84,10.26,1.73,7.3,0.39,0.31,-99.9,-99.9,8.15,-99.9,5.36,3.47,1.18,31.92,0,0,2393
"2026-03-07 15:02:00",4314,5.17,0,0,0,2.51,15.36,27801.42,34073.13,21.43,113.6,9.97,1.68,7.08,0.37,0.29,-99.9,-99.9,8.13,-99.9,5.39,3.8,1.18,31.93,0,0,2394
"2026-03-07 15:17:00",4315,5.18,0,0,0,2.5,15.42,27845.57,34078.68,21.44,114.37,10.02,1.86,7.83,0.38,0.31,-99.9,-99.9,8.13,-99.9,5.32,3.45,1.18,31.93,0,0,2395
"2026-03-07 15:32:00",4316,5.19,0,0,0,2.46,15.41,27833.73,34071.67,21.43,113.73,9.97,1.74,7.31,0.36,0.29,-99.9,-99.9,8.13,-99.9,5.31,3.29,1.18,32.86,0,0,2396
"2026-03-07 15:47:00",4317,5.17,0,0,0,2.45,15.46,27847.69,34054.54,21.42,113.12,9.91,1.79,7.56,0.37,0.3,-99.9,-99.9,8.13,-99.9,5.3,3.17,1.18,32.86,0,0,2397
"2026-03-07 16:02:00",4318,5.17,0,0,0,2.4,15.5,27859.89,34033.39,21.41,114.34,10.01,2.08,8.76,0.42,0.35,-99.9,-99.9,8.14,-99.9,5.34,3.44,1.18,32.53,0,0,2398
"2026-03-07 16:17:00",4319,5.18,0,0,0,2.36,15.49,27844.83,34024.38,21.4,114.67,10.04,1.92,8.11,0.37,0.3,-99.9,-99.9,8.14,-99.9,5.29,3.11,1.18,32.53,0,0,2399
"2026-03-07 16:32:00",4320,5.18,0,0,0,2.3,15.45,27845.79,34061.56,21.43,115.61,10.13,1.87,7.88,0.38,0.31,-99.9,-99.9,8.15,-99.9,5.31,3.98,1.18,32.51,0,0,2400
"2026-03-07 16:47:00",4321,5.19,0,0,0,2.24,15.38,27810.49,34067.15,21.43,106.92,9.38,1.72,7.25,0.36,0.29,-99.9,-99.9,8.14,-99.9,5.31,3.22,1.18,32.51,0,0,2401
"2026-03-07 17:02:00",4322,5.16,0,0,0,2.17,15.39,27795.86,34042.95,21.41,114.42,10.04,1.66,6.97,0.38,0.31,-99.9,-99.9,8.14,-99.9,5.38,3.34,1.17,32.36,0,0,2402
"2026-03-07 17:17:00",4323,5.17,0,0,0,2.11,15.42,27819.78,34053.36,21.42,115.87,10.16,2.05,8.62,0.4,0.33,-99.9,-99.9,8.15,-99.9,5.34,3.48,1.17,32.36,0,0,2403
"2026-03-07 17:32:00",4324,5.17,0,0,0,2.05,15.41,27812.94,34050.16,21.42,115.14,10.1,1.99,8.39,0.36,0.29,-99.9,-99.9,8.14,-99.9,5.38,3.3,1.17,31.71,0,0,2404
"2026-03-07 17:47:00",4325,5.18,0,0,0,1.99,15.22,27705.46,34070.71,21.43,111.06,9.78,1.72,7.24,0.35,0.28,-99.9,-99.9,8.13,-99.9,5.45,3.2,1.17,31.71,0,0,2405
"2026-03-07 18:02:00",4326,5.18,0,0,0,1.92,15.26,27760.22,34103.99,21.45,111.56,9.81,1.41,5.92,0.3,0.23,-99.9,-99.9,8.13,-99.9,5.23,3.04,1.18,32.03,0,0,2406
"2026-03-07 18:17:00",4327,5.16,0,0,0,1.87,15.39,27809.81,34062.48,21.43,113.02,9.91,3.47,14.69,0.41,0.34,-99.9,-99.9,8.14,-99.9,5.35,3.24,1.18,32.03,0,0,2407
"2026-03-07 18:32:00",4328,5.17,0,0,0,1.82,15.37,27798.44,34060.96,21.43,112.91,9.91,2.03,8.57,0.4,0.32,-99.9,-99.9,8.13,-99.9,5.22,2.87,1.17,32.55,0,0,2408
"2026-03-07 18:47:00",4329,5.17,0,0,0,1.78,15.3,27777.19,34091.67,21.45,107.51,9.45,1.03,4.31,0.3,0.23,-99.9,-99.9,8.11,-99.9,5.44,3.03,1.17,32.55,0,0,2409
"2026-03-07 19:02:00",4330,5.17,0,0,0,1.75,15.31,27794.39,34106.85,21.46,108.76,9.55,0.95,3.95,0.3,0.23,-99.9,-99.9,8.09,-99.9,5.33,2.69,1.18,32.44,0,0,2410
"2026-03-07 19:17:00",4331,5.19,0,0,0,1.72,15.27,27771.95,34113.12,21.46,106.79,9.39,1.19,5,0.3,0.23,-99.9,-99.9,8.1,-99.9,5.45,3.05,1.18,32.44,0,0,2411
"2026-03-07 19:32:00",4332,5.16,0,0,0,1.71,15.33,27802.4,34101.02,21.45,107.2,9.41,1.33,5.56,0.32,0.25,-99.9,-99.9,8.08,-99.9,5.22,2.34,1.18,32.75,0,0,2412
"2026-03-07 19:47:00",4333,5.17,0,0,0,1.69,15.33,27799.35,34097.21,21.45,105.77,9.29,0.85,3.56,0.3,0.23,-99.9,-99.9,8.07,-99.9,5.38,2.27,1.18,32.75,0,0,2413
"2026-03-07 20:02:00",4334,5.17,0,0,0,1.68,15.33,27805.56,34106.08,21.46,105,9.22,0.78,3.25,0.26,0.18,-99.9,-99.9,8.07,-99.9,5.43,2.19,1.18,32.36,0,0,2414
"2026-03-07 20:17:00",4335,5.18,0,0,0,1.71,15.34,27821.18,34112.77,21.46,100.49,8.82,0.87,3.63,0.28,0.21,-99.9,-99.9,8.07,-99.9,5.41,2.46,1.18,32.36,0,0,2415
"2026-03-07 20:32:00",4336,5.18,0,0,0,1.71,15.32,27801.74,34105.81,21.46,104.39,9.17,0.77,3.18,0.25,0.18,-99.9,-99.9,8.06,-99.9,5.47,2.11,1.18,32.19,0,0,2416
"2026-03-07 20:47:00",4337,5.16,0,0,0,1.72,15.34,27807.9,34099.87,21.45,101.59,8.92,0.73,3.01,0.25,0.18,-99.9,-99.9,8.05,-99.9,5.35,2.52,1.18,32.19,0,0,2417
"2026-03-07 21:02:00",4338,5.16,0,0,0,1.74,15.2,27734.23,34120.33,21.46,104.21,9.17,0.94,3.92,0.29,0.22,-99.9,-99.9,8.06,-99.9,5.52,3.19,1.17,32.36,0,0,2418
"2026-03-07 21:17:00",4339,5.17,0,0,0,1.79,15.23,27750.3,34115.38,21.46,99.23,8.73,0.82,3.43,0.29,0.22,-99.9,-99.9,8.04,-99.9,5.5,2.47,1.17,32.36,0,0,2419
"2026-03-07 21:32:00",4340,5.17,0,0,0,1.83,15.09,27744.18,34224.67,21.54,107.06,9.44,1,4.16,0.3,0.23,-99.9,-99.9,8.09,-99.9,5.56,3.33,1.18,32.58,0,0,2420
"2026-03-07 21:47:00",4341,5.18,0,0,0,1.88,15.04,27715.1,34226.22,21.54,105.78,9.34,1.44,6.06,0.33,0.26,-99.9,-99.9,8.09,-99.9,5.62,3.8,1.18,32.58,0,0,2421
"2026-03-07 22:02:00",4342,5.15,0,0,0,1.93,15.06,27732.75,34228.27,21.54,106.45,9.39,1.05,4.39,0.3,0.23,-99.9,-99.9,8.08,-99.9,5.63,3.63,1.18,32.9,0,0,2422
"2026-03-07 22:17:00",4343,5.17,0,0,0,1.98,15.05,27747.08,34254.25,21.56,101.62,8.97,0.9,3.76,0.29,0.22,-99.9,-99.9,8.09,-99.9,5.68,3.02,1.18,32.9,0,0,2423
"2026-03-07 22:32:00",4344,5.16,0,0,0,2.06,15.07,27720.21,34205.83,21.52,106.09,9.36,0.9,3.73,0.29,0.21,-99.9,-99.9,8.08,-99.9,5.49,2.73,1.18,32.47,0,0,2424
"2026-03-07 22:47:00",4345,5.17,0,0,0,2.12,15.1,27730.22,34198.76,21.52,105.45,9.3,0.82,3.4,0.27,0.2,-99.9,-99.9,8.08,-99.9,5.6,2.41,1.18,32.47,0,0,2425
"2026-03-07 23:02:00",4346,5.18,0,0,0,2.18,15.04,27734.46,34251.01,21.55,108.65,9.59,1.22,5.1,0.34,0.27,-99.9,-99.9,8.1,-99.9,5.63,2.7,1.17,32.95,0,0,2426
"2026-03-07 23:17:00",4347,5.16,0,0,0,2.27,15.01,27727.2,34265.69,21.56,109.35,9.66,1.48,6.21,0.34,0.27,-99.9,-99.9,8.1,-99.9,5.61,3.33,1.17,32.95,0,0,2427
"2026-03-07 23:32:00",4348,5.16,0,0,0,2.32,15.01,27726.98,34265.81,21.56,108.44,9.58,1.5,6.31,0.33,0.25,-99.9,-99.9,8.1,-99.9,5.4,2.74,1.17,32.59,0,0,2428
"2026-03-07 23:47:00",4349,5.17,0,0,0,2.41,15.02,27770.95,34311.17,21.59,105.73,9.34,1.04,4.35,0.32,0.25,-99.9,-99.9,8.08,-99.9,5.68,3.17,1.17,32.59,0,0,2429
"2026-03-08 00:02:00",4350,5.16,0,0,0,2.48,15.03,27761.98,34291.97,21.58,104.84,9.26,1.02,4.25,0.31,0.23,-99.9,-99.9,8.07,-99.9,5.72,3.92,1.18,32.51,0,0,2430
"2026-03-08 00:17:00",4351,5.18,0,0,0,2.56,15.02,27760.48,34300.74,21.59,105.98,9.36,1.24,5.19,0.31,0.24,-99.9,-99.9,8.08,-99.9,5.77,2.91,1.18,32.51,0,0,2431
"2026-03-08 00:32:00",4352,5.15,0,0,0,2.62,15.05,27694.73,34195.38,21.51,106.82,9.43,1.44,6.04,0.34,0.27,-99.9,-99.9,8.11,-99.9,5.64,3.12,1.18,32.89,0,0,2432
"2026-03-08 00:47:00",4353,5.16,0,0,0,2.69,15.06,27693.22,34182.25,21.51,82.81,7.31,1.31,5.51,0.35,0.27,-99.9,-99.9,8.08,-99.9,5.66,2.7,1.18,32.89,0,0,2433
"2026-03-08 01:02:00",4354,5.16,0,0,0,2.73,15.07,27676.86,34155.56,21.49,101.31,8.94,1.26,5.27,0.31,0.24,-99.9,-99.9,8.09,-99.9,5.65,3.09,1.18,33.73,0,0,2434
"2026-03-08 01:17:00",4355,5.16,0,0,0,2.79,15.1,27579.85,34009.17,21.39,101.45,8.95,1.48,6.22,0.33,0.26,-99.9,-99.9,8.07,-99.9,5.58,2.37,1.18,33.73,0,0,2435
"2026-03-08 01:32:00",4356,5.17,0,0,0,2.82,15.11,27612.85,34044.68,21.41,109.06,9.62,1.6,6.73,0.36,0.29,-99.9,-99.9,8.1,-99.9,5.57,2.79,1.18,32.77,0,0,2436
"2026-03-08 01:47:00",4357,5.15,0,0,0,2.87,15.17,27672.92,34068.22,21.43,116.18,10.24,1.92,8.08,0.37,0.29,-99.9,-99.9,8.15,-99.9,5.46,3.21,1.18,32.77,0,0,2437
"2026-03-08 02:02:00",4358,5.16,0,0,0,2.89,15.12,27645.72,34072.59,21.43,113.97,10.05,1.72,7.23,0.35,0.28,-99.9,-99.9,8.14,-99.9,5.56,3.14,1.18,31.41,0,0,2438
"2026-03-08 02:17:00",4359,5.16,0,0,0,2.91,15.12,27636.9,34067.81,21.43,113.27,9.99,1.53,6.44,0.39,0.32,-99.9,-99.9,8.14,-99.9,5.61,2.96,1.18,31.41,0,0,2439
"2026-03-08 02:32:00",4360,5.16,0,0,0,2.91,15.12,27612.2,34036.07,21.41,112.85,9.96,1.92,8.08,0.37,0.29,-99.9,-99.9,8.14,-99.9,5.59,2.91,1.18,31.79,0,0,2440
"2026-03-08 02:47:00",4361,5.17,0,0,0,2.9,15.1,27568.55,33998.65,21.38,103.97,9.18,1.56,6.56,0.37,0.3,-99.9,-99.9,8.14,-99.9,5.58,2.93,1.18,31.79,0,0,2441
"2026-03-08 03:02:00",4362,5.14,0,0,0,2.88,15.05,27530.46,33990.95,21.37,111.83,9.88,1.79,7.53,0.4,0.32,-99.9,-99.9,8.13,-99.9,5.58,3.14,1.18,33.52,0,0,2442
"2026-03-08 03:17:00",4363,5.16,0,0,0,2.85,14.97,27444.98,33947.89,21.34,107.47,9.51,1.58,6.63,0.36,0.28,-99.9,-99.9,8.1,-99.9,5.62,3.07,1.18,33.52,0,0,2443
"2026-03-08 03:32:00",4364,5.15,0,0,0,2.8,15.01,27488.28,33966.52,21.36,109.37,9.67,1.96,8.26,0.39,0.32,-99.9,-99.9,8.12,-99.9,5.66,3.1,1.17,32.32,0,0,2444
"2026-03-08 03:47:00",4365,5.16,0,0,0,2.75,14.99,27461.18,33956.61,21.35,103.71,9.18,2.1,8.86,0.37,0.3,-99.9,-99.9,8.11,-99.9,5.66,3,1.17,32.32,0,0,2445
"2026-03-08 04:02:00",4366,5.17,0,0,0,2.68,15,27472.9,33960.81,21.35,108.06,9.56,1.4,5.89,0.36,0.29,-99.9,-99.9,8.11,-99.9,5.69,3.27,1.18,32.71,0,0,2446
"2026-03-08 04:17:00",4367,5.14,0,0,0,2.61,15.01,27482.13,33963.27,21.35,90.45,8,1.67,7.03,0.37,0.29,-99.9,-99.9,8.11,-99.9,5.71,2.91,1.18,32.71,0,0,2447
"2026-03-08 04:32:00",4368,5.15,0,0,0,2.52,14.99,27456.57,33950,21.34,108.16,9.57,1.55,6.54,0.36,0.29,-99.9,-99.9,8.11,-99.9,5.66,2.86,1.18,32.41,0,0,2448
"2026-03-08 04:47:00",4369,5.16,0,0,0,2.43,14.96,27424.46,33932.83,21.33,106.37,9.42,1.7,7.14,0.35,0.28,-99.9,-99.9,8.09,-99.9,5.6,2.91,1.18,32.41,0,0,2449
"2026-03-08 05:02:00",4370,5.16,0,0,0,2.32,14.93,27404.54,33927.55,21.33,106.25,9.41,1.35,5.65,0.33,0.26,-99.9,-99.9,8.09,-99.9,5.71,3.11,1.18,31.95,0,0,2450
"2026-03-08 05:17:00",4371,5.17,0,0,0,2.24,14.94,27406.7,33928.65,21.33,101.34,8.98,1.35,5.65,0.34,0.27,-99.9,-99.9,8.1,-99.9,5.64,2.71,1.18,31.95,0,0,2451
"2026-03-08 05:32:00",4372,5.14,0,0,0,2.14,14.93,27401.9,33928.16,21.33,105.61,9.36,1.34,5.64,0.34,0.27,-99.9,-99.9,8.09,-99.9,5.62,3.11,1.18,31.97,0,0,2452
"2026-03-08 05:47:00",4373,5.15,0,0,0,2.03,15.02,27502.98,33980,21.37,109.45,9.68,1.46,6.12,0.35,0.27,-99.9,-99.9,8.11,-99.9,5.66,3.11,1.18,31.97,0,0,2453
"2026-03-08 06:02:00",4374,5.15,0,0,0,1.94,15.01,27479.78,33958.84,21.35,108.53,9.6,1.42,5.98,0.35,0.28,-99.9,-99.9,8.11,-99.9,5.66,3.02,1.18,32.86,0,0,2454
"2026-03-08 06:17:00",4375,5.16,0,0,0,1.83,15.04,27517.6,33985.32,21.37,107.26,9.48,1.44,6.03,0.34,0.27,-99.9,-99.9,8.12,-99.9,5.65,3.2,1.18,32.86,0,0,2455
"2026-03-08 06:32:00",4376,5.16,0,0,0,1.74,15.09,27574.54,34009.55,21.39,112.95,9.97,1.73,7.28,0.35,0.28,-99.9,-99.9,8.15,-99.9,5.63,3.09,1.18,33.04,0,0,2456
"2026-03-08 06:47:00",4377,5.14,0,0,0,1.66,15.05,27535.33,33999.68,21.38,101.16,8.94,1.8,7.58,0.38,0.31,-99.9,-99.9,8.14,-99.9,5.62,2.89,1.18,33.04,0,0,2457
"2026-03-08 07:02:00",4378,5.14,0,0,0,1.57,15.02,27491.34,33969.38,21.36,111.67,9.88,1.48,6.22,0.38,0.31,-99.9,-99.9,8.13,-99.9,5.61,3.14,1.18,38.94,0,0,2458
"2026-03-08 07:17:00",4379,5.15,0,0,0,1.51,15.04,27517.25,33980.66,21.37,108.68,9.61,1.58,6.64,0.36,0.29,-99.9,-99.9,8.14,-99.9,5.6,2.86,1.18,38.94,0,0,2459
"2026-03-08 07:32:00",4380,5.15,0,0,0,1.44,15.05,27529.6,33989.42,21.37,112.11,9.91,1.75,7.36,0.38,0.31,-99.9,-99.9,8.14,-99.9,5.65,3,1.17,39.34,0,0,2460
"2026-03-08 07:47:00",4381,5.16,0,0,0,1.4,15.05,27529.94,33990.79,21.37,102.99,9.1,1.39,5.84,0.32,0.25,-99.9,-99.9,8.14,-99.9,5.63,3.01,1.17,39.34,0,0,2461
"2026-03-08 08:02:00",4382,5.14,0,0,0,1.38,15.07,27555.54,34005.56,21.38,112.07,9.9,1.44,6.07,0.34,0.27,-99.9,-99.9,8.14,-99.9,5.63,3.13,1.18,32.79,0,0,2462
"2026-03-08 08:17:00",4383,5.15,0,0,0,1.35,15.15,27653.67,34062.43,21.42,108.22,9.54,1.32,5.55,0.3,0.23,-99.9,-99.9,8.16,-99.9,5.58,2.63,1.18,32.79,0,0,2463
"2026-03-08 08:32:00",4384,5.15,0,0,0,1.31,15.11,27598.43,34025.32,21.4,113.05,9.98,1.34,5.62,0.35,0.28,-99.9,-99.9,8.15,-99.9,5.61,2.92,1.18,32.38,0,0,2464
"2026-03-08 08:47:00",4385,5.16,0,0,0,1.29,15.15,27639.5,34045,21.41,114.97,10.14,3.27,13.83,0.37,0.3,-99.9,-99.9,8.16,-99.9,5.51,2.68,1.18,32.38,0,0,2465
"2026-03-08 09:02:00",4386,5.16,0,0,0,1.28,15.21,27722.45,34098.26,21.45,115.26,10.15,2,8.42,0.44,0.37,-99.9,-99.9,8.16,-99.9,5.55,2.91,1.18,32.05,0,0,2466
"2026-03-08 09:17:00",4387,5.14,0,0,0,1.27,15.2,27691.28,34071.47,21.43,111.06,9.78,1.44,6.07,0.36,0.29,-99.9,-99.9,8.15,-99.9,5.57,2.96,1.18,32.05,0,0,2467
"2026-03-08 09:32:00",4388,5.15,0,0,0,1.29,15.23,27728.88,34092.75,21.45,116.55,10.26,1.42,5.95,0.35,0.28,-99.9,-99.9,8.17,-99.9,5.58,2.92,1.18,31.56,0,0,2468
"2026-03-08 09:47:00",4389,5.15,0,0,0,1.29,15.22,27721.51,34087.41,21.44,113.46,9.99,1.32,5.54,0.33,0.26,-99.9,-99.9,8.17,-99.9,5.49,2.67,1.18,31.56,0,0,2469
"2026-03-08 10:02:00",4390,5.15,0,0,0,1.32,15.23,27742.39,34110.2,21.46,116.33,10.24,1.61,6.78,0.37,0.3,-99.9,-99.9,8.17,-99.9,5.46,2.71,1.18,31.73,0,0,2470
"2026-03-08 10:17:00",4391,5.16,0,0,0,1.35,15.22,27755.85,34128.72,21.47,113.56,9.99,1.36,5.7,0.33,0.25,-99.9,-99.9,8.15,-99.9,5.6,3.28,1.18,31.73,0,0,2471
"2026-03-08 10:32:00",4392,5.14,0,0,0,1.38,15.22,27771.28,34148.68,21.48,115.35,10.15,1.21,5.08,0.32,0.25,-99.9,-99.9,8.16,-99.9,5.48,3.12,1.17,32.63,0,0,2472
"2026-03-08 10:47:00",4393,5.14,0,0,0,1.44,15.17,27766.44,34185.24,21.51,111.59,9.83,0.82,3.39,0.31,0.24,-99.9,-99.9,8.11,-99.9,5.63,3.52,1.17,32.63,0,0,2473
"2026-03-08 11:02:00",4394,5.14,0,0,0,1.47,15.16,27780.61,34207.79,21.52,109.21,9.62,1.29,5.43,0.32,0.25,-99.9,-99.9,8.11,-99.9,5.54,2.89,1.17,32.94,0,0,2474
"2026-03-08 11:17:00",4395,5.15,0,0,0,1.53,15.1,27787.11,34270.18,21.57,105.06,9.26,0.88,3.67,0.29,0.22,-99.9,-99.9,8.07,-99.9,5.7,2.73,1.17,32.94,0,0,2475
"2026-03-08 11:32:00",4396,5.16,0,0,0,1.59,15.1,27755.86,34225.6,21.54,102.89,9.07,0.94,3.91,0.3,0.23,-99.9,-99.9,8.07,-99.9,5.7,3.09,1.18,33.01,0,0,2476
"2026-03-08 11:47:00",4397,5.14,0,0,0,1.66,15.07,27759.46,34255.15,21.56,104.86,9.25,0.81,3.38,0.27,0.2,-99.9,-99.9,8.07,-99.9,5.76,3.13,1.18,33.01,0,0,2477
"2026-03-08 12:02:00",4398,5.14,0,0,0,1.72,15.07,27787.19,34290.91,21.58,104.46,9.22,1,4.2,0.29,0.21,-99.9,-99.9,8.07,-99.9,5.58,3.09,1.18,33.27,0,0,2478
"2026-03-08 12:17:00",4399,5.14,0,0,0,1.79,15.12,27778.12,34240.77,21.55,105.66,9.31,0.75,3.1,0.25,0.18,-99.9,-99.9,8.11,-99.9,5.55,2.48,1.18,33.27,0,0,2479
"2026-03-08 12:32:00",4400,5.15,0,0,0,1.85,15.21,27777.09,34169.64,21.5,108.22,9.52,0.81,3.39,0.3,0.22,-99.9,-99.9,8.11,-99.9,5.44,2.66,1.18,32.1,0,0,2480
"2026-03-08 12:47:00",4401,5.16,0,0,0,1.91,15.26,27827.15,34183.77,21.51,105.3,9.26,1.18,4.93,0.31,0.24,-99.9,-99.9,8.14,-99.9,5.49,2.91,1.18,32.1,0,0,2481
"2026-03-08 13:02:00",4402,5.13,0,0,0,1.97,15.43,27919.34,34162.23,21.5,119.65,10.48,1.74,7.31,0.38,0.31,-99.9,-99.9,8.21,-99.9,5.42,2.88,1.17,31.77,0,0,2482
"2026-03-08 13:17:00",4403,5.14,0,0,0,2.03,15.62,27947.91,34044.42,21.42,110.68,9.66,0.91,3.78,0.27,0.19,-99.9,-99.9,8.13,-99.9,5.2,1.9,1.17,31.77,0,0,2483
"2026-03-08 13:32:00",4404,5.14,0,0,0,2.09,15.81,28047.04,34019.88,21.4,112.37,9.78,0.92,3.85,0.27,0.2,-99.9,-99.9,8.13,-99.9,5.23,1.65,1.18,31.37,0,0,2484
"2026-03-08 13:47:00",4405,5.15,0,0,0,2.15,15.52,27942.98,34121.54,21.47,120.77,10.56,1.58,6.63,0.38,0.3,-99.9,-99.9,8.2,-99.9,5.41,2.31,1.18,31.37,0,0,2485
"2026-03-08 14:02:00",4406,5.16,0,0,0,2.2,15.38,27899.88,34180.77,21.51,118.15,10.36,1.69,7.11,0.36,0.29,-99.9,-99.9,8.17,-99.9,5.56,2.79,1.18,32.42,0,0,2486
"2026-03-08 14:17:00",4407,5.14,0,0,0,2.24,15.59,27997.66,34131.01,21.48,120.27,10.5,1.92,8.08,0.36,0.29,-99.9,-99.9,8.21,-99.9,5.31,2.32,1.18,32.42,0,0,2487
"2026-03-08 14:32:00",4408,5.14,0,0,0,2.29,15.88,28146.34,34083.81,21.44,122.54,10.64,1.8,7.57,0.37,0.3,-99.9,-99.9,8.2,-99.9,5.22,2.5,1.17,32.28,0,0,2488
"2026-03-08 14:47:00",4409,5.15,0,0,0,2.32,16.07,28236.68,34040.73,21.42,122.14,10.57,1.89,7.98,0.36,0.29,-99.9,-99.9,8.19,-99.9,5.14,2.53,1.17,32.28,0,0,2489
"2026-03-08 15:02:00",4410,5.15,0,0,0,2.32,15.92,28085.21,33975.52,21.37,120.58,10.47,1.74,7.32,0.37,0.29,-99.9,-99.9,8.17,-99.9,5.18,2.77,1.18,33.8,0,0,2490
"2026-03-08 15:17:00",4411,5.16,0,0,0,2.36,15.99,28069.2,33900.47,21.32,119.54,10.37,1.74,7.31,0.35,0.28,-99.9,-99.9,8.17,-99.9,5.17,2.8,1.18,33.8,0,0,2491
"2026-03-08 15:32:00",4412,5.13,0,0,0,2.39,16.16,28188.71,33916.53,21.33,121.68,10.52,2.12,8.95,0.39,0.32,-99.9,-99.9,8.18,-99.9,5.07,3,1.17,32.42,0,0,2492
"2026-03-08 15:47:00",4413,5.14,0,0,0,2.4,16.19,28208.93,33915.52,21.33,119.42,10.31,1.72,7.25,0.33,0.26,-99.9,-99.9,8.17,-99.9,5.06,2.62,1.17,32.42,0,0,2493
"2026-03-08 16:02:00",4414,5.14,0,0,0,2.4,16.37,28302.37,33887.02,21.31,119.45,10.28,2.03,8.57,0.37,0.3,-99.9,-99.9,8.17,-99.9,5,2.57,1.18,33.18,0,0,2494
"2026-03-08 16:17:00",4415,5.15,0,0,0,2.39,16.3,28228.91,33854.49,21.29,118.69,10.23,2.01,8.47,0.36,0.28,-99.9,-99.9,8.15,-99.9,5.02,2.51,1.18,33.18,0,0,2495
"2026-03-08 16:32:00",4416,5.16,0,0,0,2.37,16.38,28269.2,33843.43,21.28,119.64,10.3,2.03,8.55,0.34,0.27,-99.9,-99.9,8.17,-99.9,4.98,3.12,1.17,31.55,0,0,2496
"2026-03-08 16:47:00",4417,5.14,0,0,0,2.34,16.28,28203.53,33842.6,21.28,117.28,10.11,1.7,7.14,0.34,0.27,-99.9,-99.9,8.18,-99.9,5.09,2.64,1.17,31.55,0,0,2497
"2026-03-08 17:02:00",4418,5.14,0,0,0,2.31,16.17,28128.99,33838.64,21.28,120.58,10.42,1.87,7.86,0.36,0.29,-99.9,-99.9,8.18,-99.9,5.19,2.91,1.18,32.66,0,0,2498
"2026-03-08 17:17:00",4419,5.15,0,0,0,2.27,16.16,28113.15,33827.63,21.27,121.1,10.47,2.19,9.26,0.37,0.3,-99.9,-99.9,8.18,-99.9,5.26,2.64,1.18,32.66,0,0,2499
"2026-03-08 17:32:00",4420,5.15,0,0,0,2.24,16.17,28118.87,33825.06,21.27,122.42,10.58,1.97,8.3,0.36,0.29,-99.9,-99.9,8.19,-99.9,5.26,2.79,1.18,32.34,0,0,2500
"2026-03-08 17:47:00",4421,5.16,0,0,0,2.22,16.23,28163.75,33830.77,21.27,120.55,10.41,2.12,8.96,0.35,0.28,-99.9,-99.9,8.19,-99.9,5.22,2.55,1.18,32.34,0,0,2501
"2026-03-08 18:02:00",4422,5.13,0,0,0,2.16,16.23,28155.41,33821.81,21.27,123.09,10.63,1.95,8.23,0.35,0.28,-99.9,-99.9,8.19,-99.9,5.21,2.58,1.18,32.59,0,0,2502
"2026-03-08 18:17:00",4423,5.14,0,0,0,2.14,15.99,28062.9,33892.6,21.31,125.9,10.92,1.72,7.24,0.32,0.24,-99.9,-99.9,8.23,-99.9,5.39,2.92,1.18,32.59,0,0,2503
"2026-03-08 18:32:00",4424,5.14,0,0,0,2.08,15.98,28065.01,33902.83,21.32,127.81,11.08,1.51,6.33,0.31,0.24,-99.9,-99.9,8.23,-99.9,5.39,3.12,1.18,32.42,0,0,2504
"2026-03-08 18:47:00",4425,5.15,0,0,0,2.04,15.96,28057.27,33909.93,21.33,124.53,10.8,1.88,7.93,0.35,0.28,-99.9,-99.9,8.2,-99.9,5.46,2.93,1.18,32.42,0,0,2505
"2026-03-08 19:02:00",4426,5.16,0,0,0,2.01,15.96,28053.23,33907.16,21.32,126.79,11,1.8,7.56,0.36,0.29,-99.9,-99.9,8.22,-99.9,5.21,2.88,1.17,31.66,0,0,2506
"2026-03-08 19:17:00",4427,5.13,0,0,0,1.97,15.96,28106.77,33975.27,21.37,120.41,10.45,1.16,4.84,0.27,0.19,-99.9,-99.9,8.18,-99.9,5.3,3.16,1.17,31.66,0,0,2507
"2026-03-08 19:32:00",4428,5.14,0,0,0,1.95,15.96,28125.85,33994.4,21.38,116.91,10.14,1.14,4.76,0.27,0.19,-99.9,-99.9,8.14,-99.9,5.33,2.43,1.18,32.96,0,0,2508
"2026-03-08 19:47:00",4429,5.14,0,0,0,1.93,15.96,28090.75,33956.38,21.36,118.01,10.24,1.57,6.62,0.33,0.26,-99.9,-99.9,8.18,-99.9,5.37,2.43,1.18,32.96,0,0,2509
"2026-03-08 20:02:00",4430,5.14,0,0,0,1.91,15.96,28108.18,33976.46,21.37,117.21,10.17,1.23,5.17,0.26,0.19,-99.9,-99.9,8.15,-99.9,5.25,2.47,1.18,32.31,0,0,2510
"2026-03-08 20:17:00",4431,5.16,0,0,0,1.9,15.95,28102.87,33978.18,21.37,117.58,10.2,1.17,4.88,0.29,0.22,-99.9,-99.9,8.15,-99.9,5.11,2.73,1.18,32.31,0,0,2511
"2026-03-08 20:32:00",4432,5.13,0,0,0,1.9,15.94,28113.49,33996.95,21.39,116.85,10.14,1.01,4.21,0.28,0.21,-99.9,-99.9,8.14,-99.9,5.35,2.46,1.18,33.37,0,0,2512
"2026-03-08 20:47:02",4433,5.14,0,0,0,1.9,15.88,28094.1,34016.4,21.4,116.45,10.11,1.46,6.15,0.31,0.24,-99.9,-99.9,8.17,-99.9,5.48,3.11,1.18,33.37,0,0,2513
"2026-03-08 21:02:00",4434,5.14,0,0,0,1.9,15.83,28086.03,34047.69,21.42,120.53,10.48,1.35,5.65,0.31,0.24,-99.9,-99.9,8.18,-99.9,5.47,3.16,1.18,32.51,0,0,2514
"2026-03-08 21:17:00",4435,5.15,0,0,0,1.92,15.92,28087.55,33983.45,21.38,120.09,10.43,1.51,6.36,0.31,0.24,-99.9,-99.9,8.17,-99.9,5.42,2.73,1.18,32.51,0,0,2515
"2026-03-08 21:32:00",4436,5.15,0,0,0,1.93,15.93,28082.27,33966.73,21.36,118.02,10.24,1.53,6.42,0.38,0.3,-99.9,-99.9,8.16,-99.9,5.36,2.55,1.18,33.2,0,0,2516
"2026-03-08 21:47:00",4437,5.13,0,0,0,1.97,15.91,28048,33938.11,21.34,112.34,9.76,1.59,6.69,0.33,0.26,-99.9,-99.9,8.16,-99.9,5.31,2.17,1.18,33.2,0,0,2517
"2026-03-08 22:02:00",4438,5.14,0,0,0,2,15.87,27983.11,33894.85,21.31,113.61,9.88,1.42,5.96,0.31,0.23,-99.9,-99.9,8.14,-99.9,5.47,2.35,1.17,31.67,0,0,2518
"2026-03-08 22:17:00",4439,5.14,0,0,0,2.05,15.87,28003.55,33918.25,21.33,111.73,9.71,1.74,7.3,0.34,0.27,-99.9,-99.9,8.17,-99.9,5.46,2.37,1.17,31.67,0,0,2519
"2026-03-08 22:32:00",4440,5.14,0,0,0,2.08,15.9,28025.26,33917.47,21.33,113.87,9.89,1.4,5.9,0.31,0.24,-99.9,-99.9,8.12,-99.9,5.35,1.9,1.18,32.49,0,0,2520
"2026-03-08 22:47:00",4441,5.16,0,0,0,2.14,15.96,28067.01,33920.74,21.33,111.78,9.7,1.41,5.93,0.29,0.22,-99.9,-99.9,8.15,-99.9,5.32,1.79,1.18,32.49,0,0,2521
"2026-03-08 23:02:00",4442,5.13,0,0,0,2.17,15.94,28044.88,33914.03,21.33,113.59,9.86,1.51,6.35,0.33,0.25,-99.9,-99.9,8.12,-99.9,5.38,2.01,1.17,31.78,0,0,2522
"2026-03-08 23:17:00",4443,5.14,0,0,0,2.24,15.91,28051.51,33946.42,21.35,116.05,10.08,1.48,6.21,0.32,0.24,-99.9,-99.9,8.14,-99.9,5.4,2.05,1.17,31.78,0,0,2523
"2026-03-08 23:32:00",4444,5.13,0,0,0,2.27,15.8,27934.89,33887.29,21.31,107.77,9.38,1.47,6.17,0.32,0.25,-99.9,-99.9,8.12,-99.9,5.4,1.97,1.18,31.92,0,0,2524
"2026-03-08 23:47:00",4445,5.14,0,0,0,2.34,15.76,27886.94,33865.73,21.29,100.07,8.72,1.94,8.17,0.36,0.28,-99.9,-99.9,8.12,-99.9,5.4,2.05,1.18,31.92,0,0,2525
"2026-03-09 00:02:00",4446,5.15,0,0,0,2.41,15.82,27932.76,33873.68,21.3,111.7,9.72,1.84,7.73,0.35,0.28,-99.9,-99.9,8.12,-99.9,5.31,1.98,1.18,32.12,0,0,2526
"2026-03-09 00:17:00",4447,5.13,0,0,0,2.46,16,28010.16,33821.86,21.26,118.7,10.29,2.12,8.94,0.43,0.35,-99.9,-99.9,8.17,-99.9,5.27,2.65,1.18,32.12,0,0,2527
"2026-03-09 00:32:00",4448,5.13,0,0,0,2.53,16.15,28104.31,33820.23,21.26,123.85,10.71,2.45,10.33,0.4,0.33,-99.9,-99.9,8.22,-99.9,5.3,2.65,1.17,31.99,0,0,2528
"2026-03-09 00:47:00",4449,5.14,0,0,0,2.59,16.15,28108.51,33829.09,21.27,122.68,10.61,2.02,8.53,0.38,0.31,-99.9,-99.9,8.22,-99.9,5.37,2.67,1.17,31.99,0,0,2529
"2026-03-09 01:02:00",4450,5.14,0,0,0,2.63,15.91,27939.36,33810.01,21.26,120.65,10.48,1.82,7.68,0.37,0.29,-99.9,-99.9,8.18,-99.9,5.45,2.69,1.18,32.73,0,0,2530
"2026-03-09 01:17:00",4451,5.15,0,0,0,2.69,15.97,27955.97,33782.83,21.24,119.58,10.38,1.8,7.57,0.37,0.3,-99.9,-99.9,8.18,-99.9,5.42,2.6,1.18,32.73,0,0,2531
"2026-03-09 01:32:00",4452,5.13,0,0,0,2.73,15.86,27845.56,33733.31,21.2,116.79,10.16,1.9,8.03,0.36,0.29,-99.9,-99.9,8.16,-99.9,5.48,2.54,1.18,32.17,0,0,2532
"2026-03-09 01:47:00",4453,5.13,0,0,0,2.75,15.34,27288.19,33463.87,21.01,110.42,9.72,1.88,7.94,0.44,0.37,-99.9,-99.9,8.11,-99.9,5.79,2.81,1.18,32.17,0,0,2533
"2026-03-09 02:02:00",4454,5.13,0,0,0,2.79,15.23,27157.35,33391.49,20.96,108.42,9.57,1.79,7.54,0.4,0.33,-99.9,-99.9,8.09,-99.9,5.85,2.51,1.18,31.25,0,0,2534
"2026-03-09 02:17:00",4455,5.14,0,0,0,2.81,15.13,27024.56,33302.47,20.9,106.07,9.38,1.63,6.88,0.38,0.31,-99.9,-99.9,8.07,-99.9,6.01,2.48,1.18,31.25,0,0,2535
"2026-03-09 02:32:00",4456,5.14,0,0,0,2.84,15.05,26924.97,33239.08,20.85,101.25,8.97,1.3,5.45,0.34,0.27,-99.9,-99.9,8.06,-99.9,6.03,2.54,1.17,31.96,0,0,2536
"2026-03-09 02:47:00",4457,5.13,0,0,0,2.85,15.04,26911.94,33231.31,20.85,97.89,8.68,1.52,6.39,0.32,0.25,-99.9,-99.9,8.05,-99.9,6.06,2.62,1.17,31.96,0,0,2537
"2026-03-09 03:02:00",4458,5.12,0,0,0,2.84,15.04,26906.49,33229.41,20.85,103.27,9.16,1.44,6.07,0.37,0.3,-99.9,-99.9,8.05,-99.9,6.01,2.71,1.17,31.95,0,0,2538
"2026-03-09 03:17:00",4459,5.13,0,0,0,2.83,15.05,26926.71,33244.47,20.86,103.4,9.17,1.35,5.65,0.34,0.27,-99.9,-99.9,8.06,-99.9,5.94,3.09,1.17,31.95,0,0,2539
"2026-03-09 03:32:00",4460,5.13,0,0,0,2.83,15.07,26949.58,33259.26,20.87,102.14,9.05,1.37,5.76,0.35,0.28,-99.9,-99.9,8.05,-99.9,5.91,2.61,1.17,32.91,0,0,2540
"2026-03-09 03:47:00",4461,5.14,0,0,0,2.79,15.06,26957.28,33272.09,20.88,101.15,8.96,1.49,6.27,0.36,0.28,-99.9,-99.9,8.06,-99.9,6.03,2.67,1.17,32.91,0,0,2541
"2026-03-09 04:02:00",4462,5.12,0,0,0,2.78,15.07,26954.5,33265.81,20.87,103.35,9.16,1.66,6.98,0.36,0.29,-99.9,-99.9,8.06,-99.9,5.98,2.66,1.19,33,0,0,2542
"2026-03-09 04:17:00",4463,5.12,0,0,0,2.72,15.01,26906.46,33247.96,20.86,98.37,8.73,1.33,5.58,0.35,0.28,-99.9,-99.9,8.05,-99.9,6.07,3.23,1.19,33,0,0,2543
"2026-03-09 04:32:00",4464,5.12,0,0,0,2.66,15.04,27090.85,33452.12,21,104.03,9.21,1.5,6.3,0.35,0.28,-99.9,-99.9,8.06,-99.9,5.92,2.77,1.18,32.11,0,0,2544
"2026-03-09 04:47:00",4465,5.13,0,0,0,2.59,15.06,27069.67,33416.83,20.98,103.92,9.2,1.29,5.41,0.31,0.23,-99.9,-99.9,8.06,-99.9,5.91,2.46,1.18,32.11,0,0,2545
"2026-03-09 05:02:00",4466,5.13,0,0,0,2.51,15.05,27016.17,33357.1,20.94,103.81,9.2,1.65,6.93,0.36,0.29,-99.9,-99.9,8.06,-99.9,5.83,2.4,1.18,31.53,0,0,2546
"2026-03-09 05:17:00",4467,5.12,0,0,0,2.44,15.05,26997.88,33335.74,20.92,98.78,8.75,1.21,5.08,0.36,0.28,-99.9,-99.9,8.07,-99.9,5.92,2.33,1.18,31.53,0,0,2547
"2026-03-09 05:32:00",4468,5.12,0,0,0,2.36,15.06,27148.44,33508.93,21.04,101.25,8.96,1.01,4.21,0.3,0.23,-99.9,-99.9,8.03,-99.9,5.87,2.38,1.18,32.38,0,0,2548
"2026-03-09 05:47:00",4469,5.12,0,0,0,2.27,15.05,27050.63,33401.34,20.97,99.22,8.79,1.1,4.58,0.3,0.22,-99.9,-99.9,8.04,-99.9,6.01,2.45,1.18,32.38,0,0,2549
"2026-03-09 06:02:00",4470,5.13,0,0,0,2.19,15.12,27114.54,33419.25,20.98,104.45,9.24,1.37,5.73,0.33,0.26,-99.9,-99.9,8.06,-99.9,5.95,2.51,1.17,32.24,0,0,2550
"2026-03-09 06:17:00",4471,5.14,0,0,0,2.11,15.05,26976.01,33303.74,20.9,103.55,9.18,1.32,5.54,0.34,0.27,-99.9,-99.9,8.05,-99.9,6,2.34,1.17,32.24,0,0,2551
"2026-03-09 06:32:00",4472,5.11,0,0,0,2.01,15.16,27235.27,33541.61,21.06,105.98,9.36,1.38,5.81,0.33,0.26,-99.9,-99.9,8.07,-99.9,5.9,2.67,1.17,31.93,0,0,2552
"2026-03-09 06:47:00",4473,5.12,0,0,0,1.92,15.18,27352.68,33669.37,21.15,103.24,9.11,1.41,5.91,0.35,0.28,-99.9,-99.9,8.07,-99.9,5.83,2.91,1.17,31.93,0,0,2553
"2026-03-09 07:02:00",4474,5.12,0,0,0,1.83,15.14,27196.27,33504.49,21.04,104.82,9.26,1.24,5.21,0.33,0.26,-99.9,-99.9,8.07,-99.9,5.87,2.71,1.18,32.77,0,0,2554
"2026-03-09 07:17:00",4475,5.13,0,0,0,1.76,15.14,27198.15,33508.59,21.04,105.55,9.33,1.33,5.57,0.34,0.27,-99.9,-99.9,8.07,-99.9,5.85,3.21,1.18,32.77,0,0,2555
"2026-03-09 07:32:00",4476,5.13,0,0,0,1.68,15.15,27196.59,33501.92,21.04,104.61,9.24,1.19,4.98,0.32,0.25,-99.9,-99.9,8.06,-99.9,5.89,2.66,1.17,32.36,0,0,2556
"2026-03-09 07:47:00",4477,5.11,0,0,0,1.62,15.16,27182.15,33476.28,21.02,103.87,9.18,1.2,5.03,0.34,0.27,-99.9,-99.9,8.07,-99.9,5.9,2.4,1.17,32.36,0,0,2557
"2026-03-09 08:02:00",4478,5.12,0,0,0,1.56,15.15,27162.62,33457.59,21.01,105.87,9.36,1.3,5.46,0.33,0.25,-99.9,-99.9,8.07,-99.9,5.88,2.53,1.18,32.04,0,0,2558
"2026-03-09 08:17:00",4479,5.12,0,0,0,1.5,15.16,27161.98,33451.42,21,104.69,9.25,1.16,4.85,0.34,0.26,-99.9,-99.9,8.07,-99.9,5.89,2.41,1.18,32.04,0,0,2559
"2026-03-09 08:32:00",4480,5.12,0,0,0,1.45,15.22,27199.64,33447.35,21,107.16,9.46,1.24,5.2,0.32,0.25,-99.9,-99.9,8.08,-99.9,5.9,2.42,1.18,33,0,0,2560
"2026-03-09 08:47:00",4481,5.13,0,0,0,1.41,15.3,27277.62,33477.8,21.02,108.41,9.55,1.55,6.51,0.36,0.28,-99.9,-99.9,8.1,-99.9,5.84,2.43,1.18,33,0,0,2561
"2026-03-09 09:02:00",4482,5.11,0,0,0,1.39,15.32,27313.67,33505.51,21.04,109.38,9.63,1.54,6.49,0.38,0.31,-99.9,-99.9,8.11,-99.9,5.81,2.69,1.17,31.84,0,0,2562
"2026-03-09 09:17:00",4483,5.12,0,0,0,1.36,15.37,27369.17,33541.83,21.07,109.23,9.61,1.44,6.04,0.37,0.3,-99.9,-99.9,8.11,-99.9,5.74,2.31,1.17,31.84,0,0,2563
"2026-03-09 09:32:00",4484,5.12,0,0,0,1.35,15.36,27323.06,33491.24,21.03,111.85,9.84,1.92,8.1,0.43,0.36,-99.9,-99.9,8.12,-99.9,5.78,2.84,1.18,32.12,0,0,2564
"2026-03-09 09:47:00",4485,5.13,0,0,0,1.34,15.41,27344.83,33480.14,21.02,112.71,9.91,1.59,6.67,0.37,0.3,-99.9,-99.9,8.13,-99.9,5.74,2.6,1.18,32.12,0,0,2565
"2026-03-09 10:02:00",4486,5.13,0,0,0,1.32,15.37,27332,33488.67,21.03,113.5,9.98,1.33,5.56,0.34,0.27,-99.9,-99.9,8.13,-99.9,5.75,2.23,1.17,32.89,0,0,2566
"2026-03-09 10:17:00",4487,5.11,0,0,0,1.32,15.31,27343.12,33549.36,21.07,110.76,9.75,1.21,5.09,0.33,0.25,-99.9,-99.9,8.1,-99.9,5.88,2.2,1.17,32.89,0,0,2567
"2026-03-09 10:32:00",4488,5.11,0,0,0,1.33,15.3,27340.52,33561.23,21.08,107.71,9.49,1.02,4.26,0.31,0.24,-99.9,-99.9,8.08,-99.9,5.9,2.45,1.19,31.45,0,0,2568
"2026-03-09 10:47:00",4489,5.12,0,0,0,1.34,15.27,27569.54,33859.69,21.29,109.9,9.67,0.97,4.07,0.33,0.26,-99.9,-99.9,8.1,-99.9,5.82,2.51,1.19,31.45,0,0,2569
"2026-03-09 11:02:00",4490,5.12,0,0,0,1.37,15.26,27624.74,33934.82,21.34,109.55,9.64,1.3,5.45,0.34,0.27,-99.9,-99.9,8.08,-99.9,5.83,2.51,1.18,32,0,0,2570
"2026-03-09 11:17:00",4491,5.13,0,0,0,1.41,15.41,27380.48,33518.86,21.05,112.55,9.89,1.38,5.81,0.35,0.28,-99.9,-99.9,8.12,-99.9,5.77,2.62,1.18,32,0,0,2571
"2026-03-09 11:32:00",4492,5.11,0,0,0,1.44,15.26,27627.48,33945,21.34,107.98,9.5,0.97,4.07,0.32,0.24,-99.9,-99.9,8.08,-99.9,5.81,2.34,1.18,32.69,0,0,2572
"2026-03-09 11:47:00",4493,5.12,0,0,0,1.47,15.42,27567.89,33742.2,21.21,112.39,9.87,1.1,4.62,0.29,0.21,-99.9,-99.9,8.11,-99.9,5.7,2.2,1.18,32.69,0,0,2573
"2026-03-09 12:02:00",4494,5.12,0,0,0,1.53,15.45,27570.27,33719.27,21.19,114.05,10.01,1.04,4.34,0.31,0.24,-99.9,-99.9,8.12,-99.9,5.72,2.2,1.18,32.52,0,0,2574
"2026-03-09 12:17:00",4495,5.13,0,0,0,1.56,15.46,27647.94,33804.64,21.25,116.25,10.19,1.09,4.55,0.31,0.24,-99.9,-99.9,8.13,-99.9,5.76,2.54,1.18,32.52,0,0,2575
"2026-03-09 12:32:00",4496,5.13,0,0,0,1.61,15.45,27573.45,33725.47,21.19,111.49,9.78,1.11,4.63,0.31,0.24,-99.9,-99.9,8.11,-99.9,5.75,2.31,1.18,32.51,0,0,2576
"2026-03-09 12:47:00",4497,5.11,0,0,0,1.67,15.47,27727.88,33897.69,21.31,108.28,9.49,1.07,4.45,0.32,0.25,-99.9,-99.9,8.08,-99.9,5.6,2.11,1.18,32.51,0,0,2577
"2026-03-09 13:02:00",4498,5.11,0,0,0,1.71,15.66,27678.62,33688.39,21.17,111.85,9.77,1.46,6.13,0.34,0.27,-99.9,-99.9,8.12,-99.9,5.46,2.68,1.18,32.45,0,0,2578
"2026-03-09 13:17:00",4499,5.12,0,0,0,1.78,15.71,27706.16,33685.34,21.17,108.75,9.49,1.18,4.95,0.29,0.21,-99.9,-99.9,8.1,-99.9,5.44,2.22,1.18,32.45,0,0,2579
"2026-03-09 13:32:00",4500,5.12,0,0,0,1.82,15.84,27750.19,33638.4,21.14,111.39,9.7,1.54,6.46,0.34,0.27,-99.9,-99.9,8.11,-99.9,5.34,2.47,1.18,31.63,0,0,2580
"2026-03-09 13:47:00",4501,5.13,0,0,0,1.87,15.9,27738.7,33572.95,21.09,110.03,9.57,1.09,4.57,0.28,0.21,-99.9,-99.9,8.1,-99.9,5.42,1.92,1.18,31.63,0,0,2581
"2026-03-09 14:02:00",4502,5.11,0,0,0,1.93,15.85,27706.44,33570.79,21.09,111.62,9.72,0.93,3.86,0.26,0.18,-99.9,-99.9,8.11,-99.9,5.43,1.82,1.17,31.96,0,0,2582
"2026-03-09 14:17:00",4503,5.12,0,0,0,1.98,15.94,27790.87,33604.77,21.11,115.91,10.07,1.52,6.39,0.36,0.29,-99.9,-99.9,8.13,-99.9,5.35,2.05,1.17,31.96,0,0,2583
"2026-03-09 14:32:00",4504,5.12,0,0,0,2.04,16.03,27829.33,33584.83,21.1,116.33,10.09,1.62,6.81,0.33,0.26,-99.9,-99.9,8.14,-99.9,5.35,2.15,1.18,31.78,0,0,2584
"2026-03-09 14:47:00",4505,5.13,0,0,0,2.08,16.02,27829.89,33590.44,21.1,117.24,10.17,1.64,6.9,0.35,0.28,-99.9,-99.9,8.15,-99.9,5.34,2.11,1.18,31.78,0,0,2585
"2026-03-09 15:02:00",4506,5.13,0,0,0,2.12,16.1,27875.93,33584.24,21.1,118.78,10.29,1.65,6.94,0.36,0.28,-99.9,-99.9,8.15,-99.9,5.36,2.02,1.18,31.93,0,0,2586
"2026-03-09 15:17:00",4507,5.11,0,0,0,2.16,16.06,27913.27,33662.36,21.15,130.71,11.33,1.88,7.94,0.35,0.28,-99.9,-99.9,8.25,-99.9,5.46,2.75,1.18,31.93,0,0,2587
"2026-03-09 15:32:00",4508,5.11,0,0,0,2.2,16.02,27914.43,33694.8,21.18,130.1,11.29,1.3,5.45,0.35,0.28,-99.9,-99.9,8.25,-99.9,5.56,3.01,1.18,32.08,0,0,2588
"2026-03-09 15:47:00",4509,5.12,0,0,0,2.23,15.97,27888.17,33699.79,21.18,130.03,11.29,1.83,7.69,0.39,0.32,-99.9,-99.9,8.25,-99.9,5.5,2.34,1.18,32.08,0,0,2589
"2026-03-09 16:02:00",4510,5.12,0,0,0,2.24,16.1,27922.83,33643.17,21.14,136.39,11.81,1.9,8.02,0.36,0.28,-99.9,-99.9,8.29,-99.9,5.5,2.71,1.18,31.87,0,0,2590
"2026-03-09 16:17:00",4511,5.13,0,0,0,2.27,16.09,27915.38,33638.89,21.14,142.88,12.38,2.03,8.58,0.37,0.3,-99.9,-99.9,8.35,-99.9,5.54,2.57,1.18,31.87,0,0,2591
"2026-03-09 16:32:00",4512,5.11,0,0,0,2.28,16.14,27942.2,33636.59,21.14,140.51,12.16,2.87,12.12,0.4,0.33,-99.9,-99.9,8.31,-99.9,5.47,2.62,1.18,33.85,0,0,2592
"2026-03-09 16:47:00",4513,5.12,0,0,0,2.28,16.19,27985.89,33651.68,21.15,156.97,13.57,2.18,9.2,0.38,0.31,-99.9,-99.9,8.47,-99.9,5.6,2.65,1.18,33.85,0,0,2593
"2026-03-09 17:02:00",4514,5.11,0,0,0,2.29,16.19,27995.53,33661.79,21.15,154.75,13.38,1.54,6.48,0.37,0.29,-99.9,-99.9,8.43,-99.9,5.61,2.51,1.18,31.79,0,0,2594
"2026-03-09 17:17:00",4515,5.13,0,0,0,2.29,16.3,28069.9,33660.63,21.15,164.14,14.16,3.55,15.02,0.4,0.33,-99.9,-99.9,8.45,-99.9,5.53,2.58,1.18,31.79,0,0,2595
"2026-03-09 17:32:00",4516,5.13,0,0,0,2.3,16.32,28073.1,33654.27,21.15,162.84,14.04,2.48,10.47,0.39,0.32,-99.9,-99.9,8.46,-99.9,5.55,2.48,1.18,33.99,0,0,2596
"2026-03-09 17:47:00",4517,5.11,0,0,0,2.29,16.33,28065.67,33632.85,21.14,166.8,14.38,2.83,11.96,0.38,0.31,-99.9,-99.9,8.48,-99.9,5.57,2.86,1.18,33.99,0,0,2597
"2026-03-09 18:02:00",4518,5.11,0,0,0,2.27,16.35,28090.29,33647.68,21.15,163.13,14.06,2.56,10.82,0.41,0.34,-99.9,-99.9,8.46,-99.9,5.52,2.43,1.18,32.06,0,0,2598
"2026-03-09 18:17:00",4519,5.12,0,0,0,2.28,16.37,28119.22,33669.4,21.16,160.41,13.82,2.12,8.93,0.45,0.38,-99.9,-99.9,8.45,-99.9,5.53,2.37,1.18,32.06,0,0,2599
"2026-03-09 18:32:00",4520,5.12,0,0,0,2.23,16.4,28090.66,33612.39,21.12,160.09,13.79,2.45,10.34,0.37,0.3,-99.9,-99.9,8.44,-99.9,5.5,2.44,1.18,32.76,0,0,2600
"2026-03-09 18:47:00",4521,5.13,0,0,0,2.22,16.45,28148.98,33640.16,21.14,155.74,13.39,2.59,10.92,0.38,0.31,-99.9,-99.9,8.42,-99.9,5.48,2.28,1.18,32.76,0,0,2601
"2026-03-09 19:02:00",4522,5.11,0,0,0,2.2,16.47,28172.44,33651.98,21.15,143.89,12.37,2.09,8.81,0.38,0.31,-99.9,-99.9,8.35,-99.9,5.45,2.31,1.17,32.48,0,0,2602
"2026-03-09 19:17:00",4523,5.12,0,0,0,2.16,16.36,28154.13,33714.91,21.19,150.94,13,2.04,8.61,0.34,0.27,-99.9,-99.9,8.37,-99.9,5.57,2.31,1.17,32.48,0,0,2603
"2026-03-09 19:32:00",4524,5.11,0,0,0,2.15,16.3,28136.93,33747.2,21.21,149.66,12.91,1.48,6.24,0.39,0.32,-99.9,-99.9,8.37,-99.9,5.56,2.74,1.19,32.83,0,0,2604
"2026-03-09 19:47:00",4525,5.12,0,0,0,2.13,16.31,28162.95,33764.04,21.23,145.85,12.57,2.7,11.39,0.35,0.28,-99.9,-99.9,8.34,-99.9,5.5,2.52,1.19,32.83,0,0,2605
"2026-03-09 20:02:00",4526,5.12,0,0,0,2.13,16.3,28144.3,33756.4,21.22,148.09,12.77,2.11,8.9,0.37,0.3,-99.9,-99.9,8.36,-99.9,5.59,2.7,1.18,31.59,0,0,2606
"2026-03-09 20:17:00",4527,5.11,0,0,0,2.1,16.25,28125.59,33767.33,21.23,142.57,12.3,2.19,9.24,0.4,0.33,-99.9,-99.9,8.33,-99.9,5.59,2.85,1.18,31.59,0,0,2607
"2026-03-09 20:32:00",4528,5.11,0,0,0,2.11,16.25,28098.43,33737.88,21.21,137.61,11.88,2.48,10.46,0.4,0.33,-99.9,-99.9,8.29,-99.9,5.59,2.76,1.17,32.41,0,0,2608
"2026-03-09 20:47:00",4529,5.11,0,0,0,2.06,16.26,28051.46,33672.97,21.16,129.24,11.16,2.48,10.47,0.49,0.42,-99.9,-99.9,8.27,-99.9,5.44,2.39,1.17,32.41,0,0,2609
"2026-03-09 21:02:00",4530,5.12,0,0,0,2.03,16.12,28067.61,33799.41,21.25,131.05,11.34,1.89,7.98,0.43,0.36,-99.9,-99.9,8.25,-99.9,5.51,2.89,1.18,32.25,0,0,2610
"2026-03-09 21:17:00",4531,5.13,0,0,0,2.03,16.18,28049.23,33733.03,21.2,130.8,11.31,2.44,10.3,0.49,0.42,-99.9,-99.9,8.25,-99.9,5.5,2.6,1.18,32.25,0,0,2611
"2026-03-09 21:32:00",4532,5.1,0,0,0,2.03,16.19,28007.92,33676.52,21.16,128.34,11.1,2.66,11.23,0.45,0.38,-99.9,-99.9,8.28,-99.9,5.45,2.66,1.17,32.22,0,0,2612
"2026-03-09 21:47:00",4533,5.11,0,0,0,2.05,16.21,28024.64,33679.06,21.17,129.01,11.15,2.18,9.18,0.45,0.38,-99.9,-99.9,8.27,-99.9,5.41,2.8,1.17,32.22,0,0,2613
"2026-03-09 22:02:00",4534,5.11,0,0,0,2.07,16.18,28035.21,33716.46,21.19,130.47,11.28,2.69,11.38,0.5,0.43,-99.9,-99.9,8.26,-99.9,5.51,2.31,1.18,32.68,0,0,2614
"2026-03-09 22:17:00",4535,5.12,0,0,0,2.07,16.18,28044.46,33727.39,21.2,125.05,10.81,2.16,9.12,0.38,0.31,-99.9,-99.9,8.25,-99.9,5.56,2.45,1.18,32.68,0,0,2615
"2026-03-09 22:32:00",4536,5.12,0,0,0,2.07,16.15,28035.04,33738.99,21.21,127.83,11.06,4.64,19.65,0.49,0.42,-99.9,-99.9,8.24,-99.9,5.55,2.42,1.18,32.01,0,0,2616
"2026-03-09 22:47:00",4537,5.11,0,0,0,2.12,16.14,28040.76,33749.7,21.22,128.17,11.09,2.27,9.57,0.43,0.36,-99.9,-99.9,8.24,-99.9,5.52,2.38,1.18,32.01,0,0,2617
"2026-03-09 23:02:00",4538,5.11,0,0,0,2.13,16.09,28054.43,33810.06,21.26,126.85,10.98,2.19,9.22,0.38,0.31,-99.9,-99.9,8.22,-99.9,5.53,2.3,1.18,31.97,0,0,2618
"2026-03-09 23:17:00",4539,5.11,0,0,0,2.17,16.11,28054.18,33795.15,21.25,126.3,10.93,2.32,9.8,0.42,0.35,-99.9,-99.9,8.23,-99.9,5.54,2.34,1.18,31.97,0,0,2619
"2026-03-09 23:32:00",4540,5.11,0,0,0,2.2,16.11,28054.41,33791.5,21.24,126.63,10.96,2.7,11.41,0.53,0.46,-99.9,-99.9,8.23,-99.9,5.55,2.52,1.18,32.54,0,0,2620
"2026-03-09 23:47:00",4541,5.12,0,0,0,2.24,16.1,28047.54,33789.73,21.24,124.4,10.77,2.63,11.12,0.5,0.42,-99.9,-99.9,8.24,-99.9,5.53,2.47,1.18,32.54,0,0,2621
"2026-03-10 00:02:00",4542,5.1,0,0,0,2.26,16.03,27981.88,33767.29,21.23,120.24,10.42,1.69,7.11,0.37,0.29,-99.9,-99.9,8.2,-99.9,5.51,2.39,1.18,32.29,0,0,2622
"2026-03-10 00:17:00",4543,5.11,0,0,0,2.33,16.06,27955.24,33712.79,21.19,123.75,10.72,4.25,18.01,0.41,0.33,-99.9,-99.9,8.23,-99.9,5.49,2.3,1.18,32.29,0,0,2623
"2026-03-10 00:32:00",4544,5.1,0,0,0,2.37,16,27851.61,33634.78,21.13,124.17,10.78,2.43,10.25,0.49,0.42,-99.9,-99.9,8.23,-99.9,5.47,2.33,1.18,32.07,0,0,2624
"2026-03-10 00:47:00",4545,5.11,0,0,0,2.41,16.08,27849.04,33568.12,21.09,122.95,10.66,2.46,10.4,0.46,0.39,-99.9,-99.9,8.24,-99.9,5.45,2.4,1.18,32.07,0,0,2625
"2026-03-10 01:02:00",4546,5.11,0,0,0,2.45,15.84,27445.42,33266.85,20.88,121.61,10.61,3.59,15.21,0.43,0.36,-99.9,-99.9,8.23,-99.9,5.63,2.56,1.18,33.81,0,0,2626
"2026-03-10 01:17:00",4547,5.1,0,0,0,2.49,15.67,27198.38,33097.92,20.76,116.75,10.23,3.27,13.83,0.48,0.41,-99.9,-99.9,8.22,-99.9,5.78,2.52,1.18,33.81,0,0,2627
"2026-03-10 01:32:00",4548,5.1,0,0,0,2.51,15.19,26570.62,32694.36,20.48,110.86,9.82,1.53,6.45,0.41,0.34,-99.9,-99.9,8.14,-99.9,6.05,2.62,1.18,32.42,0,0,2628
"2026-03-10 01:47:00",4549,5.1,0,0,0,2.55,14.94,26279.31,32531.12,20.37,106.05,9.45,1.47,6.19,0.37,0.29,-99.9,-99.9,8.08,-99.9,6.25,2.55,1.18,32.42,0,0,2629
"2026-03-10 02:02:00",4550,5.1,0,0,0,2.59,14.72,25940.57,32275.28,20.19,102.31,9.17,1.31,5.48,0.33,0.26,-99.9,-99.9,8.06,-99.9,6.25,2.48,1.18,32.3,0,0,2630
"2026-03-10 02:17:00",4551,5.11,0,0,0,2.62,14.8,26107.37,32420.49,20.29,104.32,9.33,1.35,5.65,0.37,0.29,-99.9,-99.9,8.07,-99.9,6.28,2.59,1.18,32.3,0,0,2631
"2026-03-10 02:32:00",4552,5.09,0,0,0,2.66,15.01,26357.45,32571.06,20.39,107.29,9.54,1.62,6.81,0.35,0.28,-99.9,-99.9,8.11,-99.9,6.3,2.56,1.17,32.03,0,0,2632
"2026-03-10 02:47:00",4553,5.1,0,0,0,2.69,15.53,27143.33,33133.68,20.79,114.14,10.02,1.46,6.13,0.33,0.25,-99.9,-99.9,8.17,-99.9,5.86,2.36,1.17,32.03,0,0,2633
"2026-03-10 03:02:00",4554,5.09,0,0,0,2.71,15.8,27667.58,33562.99,21.08,117.49,10.24,0.99,4.14,0.27,0.19,-99.9,-99.9,8.18,-99.9,5.66,2.2,1.18,32.55,0,0,2634
"2026-03-10 03:17:00",4555,5.11,0,0,0,2.74,15.8,27669.32,33569.82,21.09,113.7,9.91,0.95,3.96,0.29,0.22,-99.9,-99.9,8.17,-99.9,5.7,1.77,1.18,32.55,0,0,2635
"2026-03-10 03:32:00",4556,5.11,0,0,0,2.74,15.8,27652.27,33550.15,21.08,116.11,10.12,1.28,5.37,0.26,0.19,-99.9,-99.9,8.17,-99.9,5.54,2.03,1.18,31.92,0,0,2636
"2026-03-10 03:47:00",4557,5.09,0,0,0,2.75,15.37,28227.72,34587.51,21.79,105.99,9.28,1.17,4.88,0.26,0.19,-99.9,-99.9,8.05,-99.9,5.71,2.13,1.18,31.92,0,0,2637
"2026-03-10 04:02:00",4558,5.09,0,0,0,2.75,15.66,27818.34,33858.15,21.29,107.46,9.38,1.06,4.43,0.28,0.21,-99.9,-99.9,8.12,-99.9,5.67,2.02,1.18,31.86,0,0,2638
"2026-03-10 04:17:00",4559,5.1,0,0,0,2.73,15.81,27698.84,33594.33,21.11,102.49,8.93,1.01,4.23,0.25,0.18,-99.9,-99.9,8.18,-99.9,5.72,2.1,1.18,31.86,0,0,2639
"2026-03-10 04:32:00",4560,5.1,0,0,0,2.72,15.8,27701.13,33608.14,21.12,115.36,10.06,1.01,4.21,0.29,0.22,-99.9,-99.9,8.17,-99.9,5.73,2.27,1.18,32.16,0,0,2640
"2026-03-10 04:47:00",4561,5.11,0,0,0,2.68,15.34,26587.6,32601.41,20.42,105.36,9.31,1.37,5.76,0.34,0.26,-99.9,-99.9,8.11,-99.9,6.26,2.14,1.18,32.16,0,0,2641
"2026-03-10 05:02:00",4562,5.09,0,0,0,2.61,15.15,27891.69,34356.05,21.63,101.94,8.97,1.17,4.91,0.32,0.25,-99.9,-99.9,8.03,-99.9,5.82,2.75,1.17,32.18,0,0,2642
"2026-03-10 05:17:00",4563,5.09,0,0,0,2.58,15.1,28015.73,34549.43,21.76,100.99,8.89,1.52,6.39,0.33,0.26,-99.9,-99.9,8.02,-99.9,5.74,3.76,1.17,32.18,0,0,2643
"2026-03-10 05:32:00",4564,5.09,0,0,0,2.53,14.89,26418.24,32742.19,20.51,102.57,9.14,1.53,6.44,0.34,0.26,-99.9,-99.9,8.06,-99.9,6.37,2.4,1.18,33.05,0,0,2644
"2026-03-10 05:47:00",4565,5.1,0,0,0,2.46,14.98,27420.5,33909.12,21.32,100.54,8.9,1.13,4.73,0.31,0.24,-99.9,-99.9,8.04,-99.9,5.96,3.09,1.18,33.05,0,0,2645
"2026-03-10 06:02:00",4566,5.1,0,0,0,2.41,15.13,27196.81,33518.56,21.05,102.3,9.04,0.87,3.62,0.28,0.2,-99.9,-99.9,8.05,-99.9,6.07,2.14,1.17,32.14,0,0,2646
"2026-03-10 06:17:00",4567,5.09,0,0,0,2.35,15.19,27223.08,33501.22,21.04,101.61,8.97,0.75,3.1,0.28,0.21,-99.9,-99.9,8.04,-99.9,6.08,2.44,1.17,32.14,0,0,2647
"2026-03-10 06:32:00",4568,5.09,0,0,0,2.25,14.89,27168.71,33671.77,21.15,102.05,9.06,1.47,6.17,0.35,0.28,-99.9,-99.9,8.04,-99.9,6.04,2.54,1.18,33.11,0,0,2648
"2026-03-10 06:47:00",4569,5.09,0,0,0,2.17,14.84,26670.98,33092.48,20.75,99.8,8.89,1.23,5.17,0.33,0.26,-99.9,-99.9,8.05,-99.9,6.23,2.29,1.18,33.11,0,0,2649
"2026-03-10 07:02:00",4570,5.09,0,0,0,2.11,14.85,26676.22,33088.24,20.75,100.83,8.98,1.04,4.34,0.31,0.23,-99.9,-99.9,8.03,-99.9,6.26,2.31,1.18,32.16,0,0,2650
"2026-03-10 07:17:00",4571,5.1,0,0,0,2.03,14.88,26861.44,33297.13,20.89,98.99,8.8,0.94,3.91,0.29,0.21,-99.9,-99.9,8.01,-99.9,6.15,2.36,1.18,32.16,0,0,2651
"2026-03-10 07:32:00",4572,5.08,0,0,0,1.96,14.94,27234.02,33713.7,21.18,99.9,8.86,0.89,3.71,0.3,0.23,-99.9,-99.9,8.01,-99.9,6.04,2.56,1.19,31.74,0,0,2652
"2026-03-10 07:47:00",4573,5.09,0,0,0,1.89,14.86,26629.61,33026.94,20.71,98.84,8.8,0.84,3.48,0.31,0.24,-99.9,-99.9,8.02,-99.9,6.3,2.26,1.19,31.74,0,0,2653
"2026-03-10 08:02:00",4574,5.08,0,0,0,1.82,15,26688.47,32987.85,20.68,97.35,8.65,0.74,3.08,0.25,0.17,-99.9,-99.9,8.01,-99.9,6.2,2.02,1.17,31.8,0,0,2654
"2026-03-10 08:17:00",4575,5.09,0,0,0,1.76,14.92,26857.04,33263.77,20.87,98.5,8.76,0.87,3.61,0.3,0.22,-99.9,-99.9,8.01,-99.9,6.25,3.69,1.17,31.8,0,0,2655
"2026-03-10 08:32:00",4576,5.1,0,0,0,1.69,14.8,26335.2,32710.49,20.49,101.84,9.1,0.78,3.25,0.29,0.22,-99.9,-99.9,8.04,-99.9,6.4,2.14,1.18,33.15,0,0,2656
"2026-03-10 08:47:00",4577,5.08,0,0,0,1.64,14.89,26654.53,33032.31,20.71,99.52,8.86,0.7,2.92,0.3,0.23,-99.9,-99.9,8.01,-99.9,6.31,1.95,1.18,33.15,0,0,2657
"2026-03-10 09:02:00",4578,5.08,0,0,0,1.59,14.88,26756.03,33169.73,20.81,101.11,9,1.05,4.38,0.34,0.27,-99.9,-99.9,8.03,-99.9,6.3,2.31,1.18,33.22,0,0,2658
"2026-03-10 09:17:00",4579,5.08,0,0,0,1.53,15.07,27478.3,33906.46,21.32,104.17,9.2,1.3,5.47,0.36,0.29,-99.9,-99.9,8.06,-99.9,6.01,2.09,1.18,33.22,0,0,2659
"2026-03-10 09:32:00",4580,5.09,0,0,0,1.5,14.96,26950.21,33346.91,20.93,102.6,9.11,0.94,3.91,0.31,0.24,-99.9,-99.9,8.05,-99.9,6.15,2.15,1.17,32.9,0,0,2660
"2026-03-10 09:47:00",4581,5.1,0,0,0,1.45,15.1,27313.65,33684.47,21.16,106.26,9.39,1.07,4.46,0.31,0.24,-99.9,-99.9,8.07,-99.9,5.99,2.12,1.17,32.9,0,0,2661
"2026-03-10 10:02:00",4582,5.07,0,0,0,1.42,15.1,27175.69,33512.18,21.04,105.55,9.34,1.13,4.75,0.33,0.26,-99.9,-99.9,8.08,-99.9,6,1.89,1.18,32.91,0,0,2662
"2026-03-10 10:17:00",4583,5.08,0,0,0,1.4,15.03,27061.13,33424.82,20.98,99.65,8.83,0.99,4.14,0.33,0.26,-99.9,-99.9,8.05,-99.9,6.1,2.41,1.18,32.91,0,0,2663
"2026-03-10 10:32:02",4584,5.08,0,0,0,1.38,15.15,27507.87,33880.47,21.3,106.51,9.4,0.95,3.96,0.29,0.22,-99.9,-99.9,8.07,-99.9,5.93,1.91,1.18,31.89,0,0,2664
"2026-03-10 10:47:00",4585,5.1,0,0,0,1.37,15.21,27454.45,33771.77,21.22,107.26,9.46,0.94,3.94,0.28,0.21,-99.9,-99.9,8.08,-99.9,5.95,1.89,1.18,31.89,0,0,2665
"2026-03-10 11:02:00",4586,5.07,0,0,0,1.35,15.2,27394.79,33704.03,21.18,105.13,9.27,0.98,4.09,0.31,0.24,-99.9,-99.9,8.07,-99.9,5.97,2.28,1.17,31.54,0,0,2666
"2026-03-10 11:17:00",4587,5.08,0,0,0,1.33,15.17,27269.47,33575.09,21.09,106.75,9.43,0.91,3.79,0.3,0.23,-99.9,-99.9,8.07,-99.9,6,2.09,1.17,31.54,0,0,2667
"2026-03-10 11:32:00",4588,5.08,0,0,0,1.38,15.19,27341.75,33643.07,21.13,110.06,9.71,1.04,4.36,0.32,0.25,-99.9,-99.9,8.11,-99.9,5.97,2.06,1.17,32.28,0,0,2668
"2026-03-10 11:47:00",4589,5.09,0,0,0,1.37,15.2,27263.06,33543.82,21.07,112.95,9.97,0.92,3.85,0.27,0.2,-99.9,-99.9,8.12,-99.9,6.01,1.99,1.17,32.28,0,0,2669
"2026-03-10 12:02:00",4590,5.09,0,0,0,1.38,15.16,27305.52,33621.56,21.12,111.69,9.86,1.27,5.32,0.34,0.26,-99.9,-99.9,8.11,-99.9,6.05,2.09,1.17,31.93,0,0,2670
"2026-03-10 12:17:00",4591,5.07,0,0,0,1.41,15.21,27296.09,33575.67,21.09,112.09,9.89,1.07,4.47,0.33,0.26,-99.9,-99.9,8.12,-99.9,6.03,2.64,1.17,31.93,0,0,2671
"2026-03-10 12:32:00",4592,5.07,0,0,0,1.44,15.3,27276.59,33482.67,21.02,117.32,10.34,1.03,4.29,0.3,0.23,-99.9,-99.9,8.17,-99.9,5.93,2.29,1.18,32.22,0,0,2672
"2026-03-10 12:47:00",4593,5.08,0,0,0,1.45,15.27,27322.19,33556.31,21.08,114.33,10.07,1.01,4.22,0.31,0.24,-99.9,-99.9,8.13,-99.9,5.9,2.35,1.18,32.22,0,0,2673
"2026-03-10 13:02:00",4594,5.08,0,0,0,1.5,15.33,27234.68,33403.04,20.97,109.46,9.64,1.26,5.28,0.35,0.28,-99.9,-99.9,8.09,-99.9,5.7,2.35,1.17,32.25,0,0,2674
"2026-03-10 13:17:00",4595,5.1,0,0,0,1.54,15.34,27333.36,33520.54,21.05,109.13,9.61,1.22,5.12,0.34,0.27,-99.9,-99.9,8.1,-99.9,5.76,2.05,1.17,32.25,0,0,2675
"2026-03-10 13:32:00",4596,5.07,0,0,0,1.57,15.32,27521.03,33764.16,21.22,111.09,9.77,1.2,5.01,0.32,0.25,-99.9,-99.9,8.1,-99.9,5.69,2.07,1.17,31.57,0,0,2676
"2026-03-10 13:47:00",4597,5.08,0,0,0,1.62,15.32,27649.19,33924.5,21.33,112.19,9.86,1.38,5.81,0.32,0.25,-99.9,-99.9,8.11,-99.9,5.78,2.28,1.17,31.57,0,0,2677
"2026-03-10 14:02:00",4598,5.08,0,0,0,1.66,15.39,27102.2,33193.04,20.83,111.52,9.82,0.94,3.92,0.27,0.2,-99.9,-99.9,8.11,-99.9,5.9,2.04,1.17,31.4,0,0,2678
"2026-03-10 14:17:00",4599,5.09,0,0,0,1.71,15.44,27203.74,33284.55,20.89,116.72,10.26,1.1,4.61,0.32,0.25,-99.9,-99.9,8.14,-99.9,5.65,2.32,1.17,31.4,0,0,2679
"2026-03-10 14:32:00",4600,5.09,0,0,0,1.74,15.47,27557.06,33689.49,21.17,115.68,10.15,1.51,6.34,0.38,0.31,-99.9,-99.9,8.13,-99.9,5.72,2.84,1.18,32.08,0,0,2680
"2026-03-10 14:47:00",4601,5.08,0,0,0,1.81,15.53,27383.56,33433.09,20.99,113.57,9.96,1.72,7.22,0.37,0.3,-99.9,-99.9,8.13,-99.9,5.62,1.99,1.18,32.08,0,0,2681
"2026-03-10 15:02:00",4602,5.08,0,0,0,1.85,15.72,27506.1,33433.07,20.99,116.92,10.22,1.76,7.41,0.4,0.33,-99.9,-99.9,8.15,-99.9,5.61,2.25,1.17,32.03,0,0,2682
"2026-03-10 15:17:00",4603,5.08,0,0,0,1.88,15.88,27529.6,33334.98,20.93,117.18,10.21,1.62,6.8,0.36,0.29,-99.9,-99.9,8.16,-99.9,5.54,2.12,1.17,32.03,0,0,2683
"2026-03-10 15:32:00",4604,5.08,0,0,0,1.95,15.98,27452.54,33165.27,20.81,120.29,10.46,1.75,7.35,0.39,0.31,-99.9,-99.9,8.18,-99.9,5.52,2.06,1.17,32.1,0,0,2684
"2026-03-10 15:47:00",4605,5.1,0,0,0,1.98,15.93,27454.13,33203.53,20.84,119.16,10.38,1.56,6.55,0.36,0.29,-99.9,-99.9,8.2,-99.9,5.65,2.22,1.17,32.1,0,0,2685
"2026-03-10 16:02:00",4606,5.07,0,0,0,2.03,16.09,27322,32927.17,20.65,124.53,10.82,1.96,8.24,0.37,0.3,-99.9,-99.9,8.21,-99.9,5.61,1.98,1.18,32.83,0,0,2686
"2026-03-10 16:17:00",4607,5.08,0,0,0,2.05,15.85,27494.63,33313.73,20.91,119.23,10.39,1.77,7.44,0.36,0.29,-99.9,-99.9,8.18,-99.9,5.64,2.8,1.18,32.83,0,0,2687
"2026-03-10 16:32:00",4608,5.08,0,0,0,2.09,15.95,27583.6,33350.85,20.94,126.05,10.97,1.74,7.31,0.34,0.27,-99.9,-99.9,8.22,-99.9,5.58,2.42,1.18,32.14,0,0,2688
"2026-03-10 16:47:00",4609,5.09,0,0,0,2.13,16.21,27744.52,33343.11,20.93,130.37,11.28,2.26,9.55,0.37,0.3,-99.9,-99.9,8.26,-99.9,5.41,2.18,1.18,32.14,0,0,2689
"2026-03-10 17:02:00",4610,5.09,0,0,0,2.17,16.39,27881.84,33366.83,20.95,130.78,11.27,2.57,10.88,0.47,0.4,-99.9,-99.9,8.26,-99.9,5.33,2.04,1.18,31.9,0,0,2690
"2026-03-10 17:17:00",4611,5.08,0,0,0,2.18,16.27,27769.39,33327.43,20.92,132.27,11.43,2.47,10.43,0.44,0.37,-99.9,-99.9,8.29,-99.9,5.45,2.25,1.18,31.9,0,0,2691
"2026-03-10 17:32:00",4612,5.08,0,0,0,2.21,16.25,27800.98,33380.68,20.96,132.89,11.49,2.97,12.58,0.42,0.35,-99.9,-99.9,8.28,-99.9,5.46,2.29,1.17,31.47,0,0,2692
"2026-03-10 17:47:00",4613,5.08,0,0,0,2.23,16.33,27810.62,33327.7,20.92,133.2,11.5,2.01,8.49,0.38,0.31,-99.9,-99.9,8.28,-99.9,5.49,2.36,1.17,31.47,0,0,2693
"2026-03-10 18:02:00",4614,5.09,0,0,0,2.24,16.39,27863.54,33344.17,20.94,132.45,11.42,7.26,30.81,0.45,0.38,-99.9,-99.9,8.28,-99.9,5.44,2.37,1.17,31.78,0,0,2694
"2026-03-10 18:17:00",4615,5.1,0,0,0,2.26,16.38,27808.78,33292.77,20.9,128.32,11.07,2.48,10.45,0.45,0.38,-99.9,-99.9,8.25,-99.9,5.42,2.17,1.17,31.78,0,0,2695
"2026-03-10 18:32:00",4616,5.08,0,0,0,2.27,16.37,27865.1,33368.02,20.95,130.21,11.23,2.65,11.21,0.45,0.38,-99.9,-99.9,8.27,-99.9,5.53,2.61,1.17,33.17,0,0,2696
"2026-03-10 18:47:00",4617,5.08,0,0,0,2.26,16.37,27855.4,33350.35,20.94,127.68,11.01,5.51,23.36,0.46,0.39,-99.9,-99.9,8.27,-99.9,5.54,2.54,1.17,33.17,0,0,2697
"2026-03-10 19:02:00",4618,5.08,0,0,0,2.26,16.36,27860.72,33369.85,20.95,130.57,11.26,2.93,12.39,0.46,0.39,-99.9,-99.9,8.27,-99.9,5.77,2.75,1.17,32.11,0,0,2698
"2026-03-10 19:17:00",4619,5.09,0,0,0,2.28,16.26,27851.65,33429.64,20.99,133.38,11.53,2.81,11.89,0.45,0.38,-99.9,-99.9,8.3,-99.9,5.85,2.06,1.17,32.11,0,0,2699
"2026-03-10 19:32:00",4620,5.09,0,0,0,2.25,16.28,27856.48,33424.63,20.99,134.08,11.58,2.6,11,0.42,0.34,-99.9,-99.9,8.29,-99.9,5.68,2.59,1.17,31.46,0,0,2700
"2026-03-10 19:47:00",4621,5.08,0,0,0,2.26,16.29,27855.11,33414.44,20.98,132.54,11.45,3.03,12.81,0.44,0.37,-99.9,-99.9,8.28,-99.9,5.54,2.67,1.17,31.46,0,0,2701
"2026-03-10 20:02:00",4622,5.08,0,0,0,2.24,16.18,27745.76,33370.6,20.95,129.53,11.22,2.75,11.63,0.46,0.39,-99.9,-99.9,8.26,-99.9,5.6,1.88,1.18,33.13,0,0,2702
"2026-03-10 20:17:00",4623,5.08,0,0,0,2.22,16.17,27737.81,33363.51,20.95,123.59,10.7,2.76,11.69,0.47,0.4,-99.9,-99.9,8.26,-99.9,5.64,2.05,1.18,33.13,0,0,2703
"2026-03-10 20:32:00",4624,5.08,0,0,0,2.21,16.16,27698.08,33322.8,20.92,129.47,11.22,2.69,11.37,0.49,0.41,-99.9,-99.9,8.27,-99.9,5.57,1.69,1.17,33.09,0,0,2704
"2026-03-10 20:47:00",4625,5.09,0,0,0,2.19,16.16,27683.19,33304.18,20.91,120.03,10.4,2.85,12.04,0.57,0.5,-99.9,-99.9,8.26,-99.9,5.57,1.85,1.17,33.09,0,0,2705
"2026-03-10 21:02:00",4626,5.07,0,0,0,2.18,16.15,27670.62,33297.99,20.9,125.58,10.88,3.04,12.86,0.53,0.46,-99.9,-99.9,8.25,-99.9,5.59,1.59,1.18,32.11,0,0,2706
"2026-03-10 21:17:00",4627,5.08,0,0,0,2.18,16.17,27681.87,33297.06,20.9,109.57,9.49,2.44,10.29,0.52,0.45,-99.9,-99.9,8.26,-99.9,5.54,2.01,1.18,32.11,0,0,2707
"2026-03-10 21:32:00",4628,5.08,0,0,0,2.16,16.14,27650.66,33279.33,20.89,124.61,10.8,4.08,17.29,0.55,0.48,-99.9,-99.9,8.25,-99.9,5.51,1.45,1.18,33.26,0,0,2708
"2026-03-10 21:47:00",4629,5.09,0,0,0,2.16,16.19,27754.12,33371.04,20.95,127.96,11.08,2.18,9.21,0.41,0.33,-99.9,-99.9,8.26,-99.9,5.51,1.72,1.18,33.26,0,0,2709
"2026-03-10 22:02:00",4630,5.09,0,0,0,2.16,16.17,27769.53,33400.21,20.97,131.83,11.41,3.35,14.16,0.44,0.37,-99.9,-99.9,8.28,-99.9,5.68,1.89,1.17,32.44,0,0,2710
"2026-03-10 22:17:00",4631,5.07,0,0,0,2.15,16.16,27768.99,33408.94,20.98,133.14,11.53,2.52,10.65,0.5,0.43,-99.9,-99.9,8.28,-99.9,5.62,1.66,1.17,32.44,0,0,2711
"2026-03-10 22:32:00",4632,5.07,0,0,0,2.14,16.17,27775.56,33413.19,20.98,132.57,11.48,2.81,11.88,0.52,0.45,-99.9,-99.9,8.28,-99.9,5.49,2.51,1.18,33.36,0,0,2712
"2026-03-10 22:47:00",4633,5.08,0,0,0,2.13,16.15,27771.8,33418.34,20.99,130.89,11.33,3.12,13.22,0.59,0.52,-99.9,-99.9,8.28,-99.9,5.68,1.84,1.18,33.36,0,0,2713
"2026-03-10 23:02:00",4634,5.08,0,0,0,2.15,16.13,27763.89,33428.95,20.99,129.92,11.26,2.6,10.98,0.52,0.45,-99.9,-99.9,8.27,-99.9,5.43,1.81,1.18,31.96,0,0,2714
"2026-03-10 23:17:00",4635,5.09,0,0,0,2.15,16.16,27763.76,33405.77,20.98,122.12,10.58,2.28,9.64,0.44,0.37,-99.9,-99.9,8.25,-99.9,6.28,2.12,1.18,31.96,0,0,2715
"2026-03-10 23:32:00",4636,5.07,0,0,0,2.17,16.14,27768.24,33424.69,20.99,128.64,11.14,2.36,9.95,0.46,0.39,-99.9,-99.9,8.26,-99.9,5.43,1.61,1.18,31.51,0,0,2716
"2026-03-10 23:47:00",4637,5.08,0,0,0,2.18,16.13,27771.01,33437.04,21,128.43,11.13,2.62,11.06,0.51,0.44,-99.9,-99.9,8.25,-99.9,6.32,3.69,1.18,31.51,0,0,2717
"2026-03-11 00:02:00",4638,5.07,0,0,0,2.21,16.13,27769.02,33436.98,21,126.98,11,3.03,12.81,0.39,0.32,-99.9,-99.9,8.25,-99.9,5.87,1.47,1.18,31.6,0,0,2718
"2026-03-11 00:17:00",4639,5.08,0,0,0,2.23,16.13,27769.56,33434.52,21,123.91,10.74,2.27,9.58,0.4,0.33,-99.9,-99.9,8.25,-99.9,5.62,1.63,1.18,31.6,0,0,2719
"2026-03-11 00:32:00",4640,5.08,0,0,0,2.25,16.13,27763.81,33430.58,20.99,124.83,10.82,1.61,6.78,0.31,0.24,-99.9,-99.9,8.24,-99.9,5.52,1.38,1.18,31.91,0,0,2720
"2026-03-11 00:47:00",4641,5.07,0,0,0,2.28,16.11,27759.4,33435.38,21,121.92,10.57,2.01,8.49,0.42,0.34,-99.9,-99.9,8.22,-99.9,5.71,0.69,1.18,31.91,0,0,2721
"2026-03-11 01:02:00",4642,5.07,0,0,0,2.31,16.1,27754.53,33440.23,21,119.83,10.39,1.08,4.51,0.3,0.22,-99.9,-99.9,8.2,-99.9,5.68,0.69,1.18,32.8,0,0,2722
"2026-03-11 01:17:00",4643,5.08,0,0,0,2.34,16.1,27754.76,33436.27,21,120.09,10.41,1.67,7.01,0.38,0.31,-99.9,-99.9,8.21,-99.9,5.81,0.86,1.18,32.8,0,0,2723
"2026-03-11 01:32:00",4644,5.08,0,0,0,2.37,16.1,27752.28,33433.98,21,120.04,10.41,0.82,3.4,0.27,0.2,-99.9,-99.9,8.21,-99.9,5.65,1.05,1.17,31.92,0,0,2724
"2026-03-11 01:47:00",4645,5.09,0,0,0,2.4,16.11,27761.34,33439.92,21,118.88,10.3,1.2,5.01,0.28,0.21,-99.9,-99.9,8.2,-99.9,5.56,1.39,1.17,31.92,0,0,2725
"2026-03-11 02:02:00",4646,5.07,0,0,0,2.44,16.08,27745.21,33446.52,21.01,116.29,10.09,1.78,7.49,0.36,0.29,-99.9,-99.9,8.17,-99.9,5.56,1.03,1.17,31.89,0,0,2726
"2026-03-11 02:17:00",4647,5.07,0,0,0,2.46,16.04,27720.36,33446.15,21,110.28,9.57,1.25,5.26,0.36,0.28,-99.9,-99.9,8.14,-99.9,5.63,1.39,1.17,31.89,0,0,2727
"2026-03-11 02:32:00",4648,5.07,0,0,0,2.51,16.01,27701.09,33446.74,21.01,110.12,9.57,0.83,3.47,0.22,0.14,-99.9,-99.9,8.13,-99.9,5.58,1.08,1.18,31.93,0,0,2728
"2026-03-11 02:47:00",4649,5.08,0,0,0,2.54,16,27700.39,33451.55,21.01,109.2,9.49,0.67,2.77,0.22,0.15,-99.9,-99.9,8.12,-99.9,5.54,1.09,1.18,31.93,0,0,2729
"2026-03-11 03:02:00",4650,5.08,0,0,0,2.57,16.03,27761.1,33502.61,21.04,118.7,10.3,1.17,4.89,0.28,0.21,-99.9,-99.9,8.19,-99.9,5.7,1.58,1.18,32.72,0,0,2730
"2026-03-11 03:17:00",4651,5.07,0,0,0,2.61,16.03,27754.22,33494.82,21.04,117.19,10.17,0.96,4.01,0.27,0.2,-99.9,-99.9,8.17,-99.9,5.82,1.65,1.18,32.72,0,0,2731
"2026-03-11 03:32:00",4652,5.07,0,0,0,2.62,15.95,27745.35,33541.42,21.07,117.63,10.22,1.02,4.26,0.28,0.2,-99.9,-99.9,8.18,-99.9,5.84,0.72,1.18,31.78,0,0,2732
"2026-03-11 03:47:00",4653,5.07,0,0,0,2.64,15.9,27805.38,33655.29,21.15,122.79,10.68,1.58,6.66,0.35,0.28,-99.9,-99.9,8.21,-99.9,5.82,1.48,1.18,31.78,0,0,2733
"2026-03-11 04:02:00",4654,5.07,0,0,0,2.64,15.89,27809.03,33666.93,21.16,123.29,10.72,1.61,6.76,0.38,0.31,-99.9,-99.9,8.21,-99.9,5.86,1.51,1.18,32.71,0,0,2734
"2026-03-11 04:17:00",4655,5.08,0,0,0,2.67,15.89,27822.16,33682.31,21.17,125.46,10.91,1.84,7.75,0.38,0.31,-99.9,-99.9,8.22,-99.9,5.98,1.12,1.18,32.71,0,0,2735
"2026-03-11 04:32:00",4656,5.06,0,0,0,2.67,15.9,27793.97,33642.03,21.14,122.38,10.64,1.63,6.86,0.33,0.26,-99.9,-99.9,8.21,-99.9,5.8,1.58,1.18,32.64,0,0,2736
"2026-03-11 04:47:00",4657,5.07,0,0,0,2.69,15.88,27826.08,33692.24,21.17,122.77,10.68,1.7,7.14,0.34,0.27,-99.9,-99.9,8.21,-99.9,5.91,1.28,1.18,32.64,0,0,2737
"2026-03-11 05:02:00",4658,5.06,0,0,0,2.69,15.87,27808.89,33681.99,21.17,122.93,10.7,2.09,8.83,0.39,0.32,-99.9,-99.9,8.21,-99.9,5.89,1.57,1.18,32.72,0,0,2738
"2026-03-11 05:17:00",4659,5.08,0,0,0,2.67,15.82,27874.6,33801.03,21.25,123.16,10.72,2.55,10.76,0.41,0.34,-99.9,-99.9,8.2,-99.9,5.76,1.11,1.18,32.72,0,0,2739
"2026-03-11 05:32:00",4660,5.07,0,0,0,2.65,15.83,27845.63,33754.95,21.22,122.52,10.66,1.99,8.37,0.51,0.44,-99.9,-99.9,8.2,-99.9,5.81,1.56,1.18,32.59,0,0,2740
"2026-03-11 05:47:00",4661,5.06,0,0,0,2.63,15.88,27755.9,33612.73,21.12,116.56,10.14,1.68,7.08,0.35,0.28,-99.9,-99.9,8.17,-99.9,5.96,1.53,1.18,32.59,0,0,2741
"2026-03-11 06:02:00",4662,5.06,0,0,0,2.58,15.7,27685.84,33662.61,21.15,117.4,10.25,1.98,8.36,0.41,0.34,-99.9,-99.9,8.17,-99.9,5.85,1.03,1.18,32.63,0,0,2742
"2026-03-11 06:17:00",4663,5.07,0,0,0,2.54,15.75,27656.06,33592.33,21.1,117.18,10.23,1.86,7.84,0.38,0.31,-99.9,-99.9,8.17,-99.9,5.86,1.46,1.18,32.63,0,0,2743
"2026-03-11 06:32:00",4664,5.07,0,0,0,2.5,15.7,27661.99,33635.82,21.13,116.89,10.21,2.11,8.89,0.4,0.33,-99.9,-99.9,8.17,-99.9,5.88,1.41,1.17,32.29,0,0,2744
"2026-03-11 06:47:00",4665,5.08,0,0,0,2.45,15.74,27683.62,33630.51,21.13,116.22,10.14,1.63,6.84,0.34,0.27,-99.9,-99.9,8.18,-99.9,5.93,1.32,1.17,32.29,0,0,2745
"2026-03-11 07:02:00",4666,5.05,0,0,0,2.4,15.74,27812.18,33790.35,21.24,117.93,10.28,1.7,7.15,0.35,0.28,-99.9,-99.9,8.17,-99.9,5.97,2.65,1.18,31.84,0,0,2746
"2026-03-11 07:17:00",4667,5.06,0,0,0,2.34,15.79,27650.54,33552.98,21.08,112.88,9.84,1.62,6.82,0.32,0.25,-99.9,-99.9,8.17,-99.9,5.83,1.14,1.18,31.84,0,0,2747
"2026-03-11 07:32:00",4668,5.06,0,0,0,2.27,15.78,27736.66,33668.81,21.16,117.56,10.25,1.4,5.87,0.31,0.23,-99.9,-99.9,8.17,-99.9,5.93,1.85,1.18,31.92,0,0,2748
"2026-03-11 07:47:00",4669,5.07,0,0,0,2.2,15.76,27745.93,33688.22,21.17,117.01,10.2,1.15,4.8,0.28,0.2,-99.9,-99.9,8.16,-99.9,5.88,1.34,1.18,31.92,0,0,2749
"2026-03-11 08:02:00",4670,5.07,0,0,0,2.12,15.79,27661.4,33563.49,21.08,117.28,10.23,1.52,6.38,0.31,0.24,-99.9,-99.9,8.17,-99.9,5.88,1.25,1.18,31.82,0,0,2750
"2026-03-11 08:17:00",4671,5.05,0,0,0,2.06,15.86,27731.14,33597.37,21.11,118.17,10.29,1.81,7.63,0.36,0.29,-99.9,-99.9,8.17,-99.9,5.91,1.63,1.18,31.82,0,0,2751
"2026-03-11 08:32:00",4672,5.06,0,0,0,1.99,15.83,27665.46,33536.77,21.07,116.93,10.19,1.31,5.49,0.32,0.25,-99.9,-99.9,8.17,-99.9,5.84,1.47,1.18,32.4,0,0,2752
"2026-03-11 08:47:00",4673,5.06,0,0,0,1.93,15.79,27617.97,33515.66,21.05,113.92,9.94,1.19,4.99,0.3,0.23,-99.9,-99.9,8.15,-99.9,5.96,1.27,1.18,32.4,0,0,2753
"2026-03-11 09:02:00",4674,5.06,0,0,0,1.86,15.81,27677.17,33567.32,21.09,113.05,9.85,0.7,2.92,0.22,0.14,-99.9,-99.9,8.13,-99.9,5.94,1.11,1.18,33.14,0,0,2754
"2026-03-11 09:17:00",4675,5.07,0,0,0,1.8,15.81,27645.39,33532.67,21.06,114.67,10,0.85,3.56,0.26,0.19,-99.9,-99.9,8.15,-99.9,5.97,1.08,1.18,33.14,0,0,2755
"2026-03-11 09:32:00",4676,5.05,0,0,0,1.74,15.83,27652.35,33521.45,21.06,114.52,9.98,0.74,3.07,0.27,0.2,-99.9,-99.9,8.15,-99.9,5.89,1.08,1.17,32.51,0,0,2756
"2026-03-11 09:47:00",4677,5.06,0,0,0,1.69,15.82,27683.17,33565.57,21.09,110.36,9.62,0.67,2.76,0.23,0.15,-99.9,-99.9,8.11,-99.9,5.97,1.54,1.17,32.51,0,0,2757
"2026-03-11 10:02:00",4678,5.06,0,0,0,1.64,15.9,27658.05,33477.77,21.03,120.92,10.52,2,8.44,0.46,0.39,-99.9,-99.9,8.2,-99.9,5.95,1.4,1.18,32.7,0,0,2758
"2026-03-11 10:17:00",4679,5.07,0,0,0,1.6,15.88,27630.47,33461.58,21.01,123.32,10.74,1.86,7.82,0.42,0.35,-99.9,-99.9,8.22,-99.9,5.86,1.42,1.18,32.7,0,0,2759
"2026-03-11 10:32:00",4680,5.07,0,0,0,1.55,15.91,27634,33438.19,21,125.56,10.93,2.54,10.72,0.52,0.45,-99.9,-99.9,8.24,-99.9,5.91,1.8,1.18,31.19,0,0,2760
"2026-03-11 10:47:00",4681,5.05,0,0,0,1.5,15.9,27572.46,33373.1,20.95,128.68,11.2,2.72,11.48,0.51,0.44,-99.9,-99.9,8.27,-99.9,5.95,1.59,1.18,31.19,0,0,2761
"2026-03-11 11:02:00",4682,5.05,0,0,0,1.47,15.91,27563.67,33354.47,20.94,130.33,11.35,2.47,10.44,0.52,0.45,-99.9,-99.9,8.27,-99.9,5.9,1.59,1.18,31.41,0,0,2762
"2026-03-11 11:17:00",4683,5.06,0,0,0,1.44,15.92,27578.33,33362.29,20.95,133.02,11.58,3.48,14.74,0.58,0.51,-99.9,-99.9,8.28,-99.9,5.91,1.59,1.18,31.41,0,0,2763
"2026-03-11 11:32:00",4684,5.06,0,0,0,1.41,15.95,27593.36,33360.25,20.95,135.15,11.76,1.95,8.22,0.47,0.4,-99.9,-99.9,8.3,-99.9,5.94,1.66,1.17,31.69,0,0,2764
"2026-03-11 11:47:00",4685,5.07,0,0,0,1.39,15.87,27812.08,33683.24,21.17,129.37,11.26,1.47,6.17,0.45,0.38,-99.9,-99.9,8.24,-99.9,6.11,1.53,1.17,31.69,0,0,2765
"2026-03-11 12:02:00",4686,5.05,0,0,0,1.38,15.97,27754.85,33536.25,21.07,126.75,11.01,1.86,7.82,0.42,0.35,-99.9,-99.9,8.23,-99.9,6,1.41,1.17,32.29,0,0,2766
"2026-03-11 12:17:00",4687,5.06,0,0,0,1.39,15.99,27794.12,33574.19,21.09,125.25,10.88,2.03,8.56,0.42,0.35,-99.9,-99.9,8.21,-99.9,5.96,1.99,1.17,32.29,0,0,2767
"2026-03-11 12:32:00",4688,5.05,0,0,0,1.37,15.95,27862.51,33683.4,21.17,135.41,11.76,1.88,7.94,0.54,0.47,-99.9,-99.9,8.28,-99.9,6.13,1.84,1.18,31.69,0,0,2768
"2026-03-11 12:47:00",4689,5.06,0,0,0,1.38,16.12,27948.37,33654.54,21.15,124.34,10.76,1.82,7.64,0.36,0.29,-99.9,-99.9,8.23,-99.9,5.71,1.97,1.18,31.69,0,0,2769
"2026-03-11 13:02:00",4690,5.07,0,0,0,1.39,16.14,27924.86,33616.46,21.12,126.48,10.95,1.69,7.13,0.38,0.31,-99.9,-99.9,8.23,-99.9,5.81,1.46,1.17,32.19,0,0,2770
"2026-03-11 13:17:00",4691,5.05,0,0,0,1.4,16.03,27947.39,33721.96,21.2,124.01,10.75,1.74,7.33,0.39,0.31,-99.9,-99.9,8.22,-99.9,5.77,1.62,1.17,32.19,0,0,2771
"2026-03-11 13:32:00",4692,5.06,0,0,0,1.43,16.25,27972.85,33588.8,21.1,128.22,11.08,1.78,7.5,0.42,0.35,-99.9,-99.9,8.26,-99.9,5.73,1.4,1.19,32.4,0,0,2772
"2026-03-11 13:47:00",4693,5.06,0,0,0,1.45,16.23,27976.1,33606.9,21.12,125.43,10.84,2.2,9.3,0.44,0.37,-99.9,-99.9,8.26,-99.9,5.72,1.41,1.19,32.4,0,0,2773
"2026-03-11 14:02:00",4694,5.06,0,0,0,1.48,16.07,27954.76,33700.48,21.18,127.19,11.02,1.92,8.11,0.36,0.29,-99.9,-99.9,8.24,-99.9,5.76,1.36,1.17,31.26,0,0,2774
"2026-03-11 14:17:00",4695,5.07,0,0,0,1.52,16.31,28029.92,33606.16,21.12,125.19,10.8,1.52,6.39,0.3,0.23,-99.9,-99.9,8.23,-99.9,5.7,1.25,1.17,31.26,0,0,2775
"2026-03-11 14:32:00",4696,5.05,0,0,0,1.56,16.56,28170.78,33588.65,21.11,128.67,11.05,2.08,8.77,0.4,0.33,-99.9,-99.9,8.26,-99.9,5.59,1.24,1.18,32.81,0,0,2776
"2026-03-11 14:47:00",4697,5.06,0,0,0,1.59,16.46,28134.97,33617.51,21.13,127.29,10.95,1.8,7.58,0.37,0.29,-99.9,-99.9,8.24,-99.9,5.6,1.3,1.18,32.81,0,0,2777
"2026-03-11 15:02:00",4698,5.06,0,0,0,1.63,16.59,28187.19,33581.81,21.1,128.78,11.05,2.28,9.62,0.37,0.29,-99.9,-99.9,8.25,-99.9,5.56,1.7,1.18,31.75,0,0,2778
"2026-03-11 15:17:00",4699,5.06,0,0,0,1.68,16.66,28236.37,33585.43,21.1,136.07,11.66,2.61,11.04,0.44,0.37,-99.9,-99.9,8.3,-99.9,5.51,1.45,1.18,31.75,0,0,2779
"2026-03-11 15:32:00",4700,5.07,0,0,0,1.73,16.68,28240.54,33577.93,21.1,136.8,11.72,1.75,7.37,0.4,0.33,-99.9,-99.9,8.31,-99.9,5.52,1.38,1.18,32.57,0,0,2780
"2026-03-11 15:47:00",4701,5.05,0,0,0,1.78,16.63,28209.67,33574.14,21.1,132.8,11.38,1.68,7.05,0.32,0.25,-99.9,-99.9,8.27,-99.9,5.52,1.22,1.18,32.57,0,0,2781
"2026-03-11 16:02:00",4702,5.05,0,0,0,1.82,16.84,28321.65,33548.17,21.08,138.46,11.82,2.59,10.92,0.38,0.31,-99.9,-99.9,8.31,-99.9,5.46,1.44,1.18,31.52,0,0,2782
"2026-03-11 16:17:00",4703,5.06,0,0,0,1.87,16.84,28330.19,33563.74,21.09,138.98,11.87,1.81,7.64,0.43,0.36,-99.9,-99.9,8.31,-99.9,5.46,1.28,1.18,31.52,0,0,2783
"2026-03-11 16:32:00",4704,5.06,0,0,0,1.92,16.91,28366.2,33548.27,21.08,139.83,11.92,3.55,15.03,0.63,0.56,-99.9,-99.9,8.32,-99.9,5.46,1.72,1.18,32.56,0,0,2784
"2026-03-11 16:47:00",4705,5.07,0,0,0,1.96,16.65,28224.52,33580.65,21.1,139.16,11.92,1.93,8.12,0.38,0.31,-99.9,-99.9,8.32,-99.9,5.68,1.4,1.18,32.56,0,0,2785
"2026-03-11 17:02:00",4706,5.05,0,0,0,2.01,16.73,28276.07,33579.85,21.1,140.99,12.06,2.55,10.76,0.37,0.3,-99.9,-99.9,8.33,-99.9,5.67,1.44,1.18,32.9,0,0,2786
"2026-03-11 17:17:00",4707,5.06,0,0,0,2.04,16.9,28361.27,33554.2,21.08,144.72,12.34,4.92,20.85,0.46,0.39,-99.9,-99.9,8.36,-99.9,5.58,1.42,1.18,32.9,0,0,2787
"2026-03-11 17:32:00",4708,5.06,0,0,0,2.09,16.96,28381.32,33532.99,21.07,144.14,12.28,2.72,11.51,0.51,0.44,-99.9,-99.9,8.35,-99.9,5.55,2.06,1.18,33.04,0,0,2788
"2026-03-11 17:47:00",4709,5.07,0,0,0,2.14,16.99,28400.91,33530.88,21.07,143.14,12.19,3.48,14.73,0.51,0.44,-99.9,-99.9,8.35,-99.9,5.52,1.9,1.18,33.04,0,0,2789
"2026-03-11 18:02:00",4710,5.07,0,0,0,2.17,16.99,28395.46,33525.88,21.06,145.19,12.36,2.28,9.62,0.48,0.41,-99.9,-99.9,8.36,-99.9,5.52,1.75,1.18,31.64,0,0,2790
"2026-03-11 18:17:00",4711,5.05,0,0,0,2.22,16.99,28385.45,33512.01,21.05,147.79,12.58,3.21,13.59,0.49,0.42,-99.9,-99.9,8.38,-99.9,5.51,1.72,1.18,31.64,0,0,2791
"2026-03-11 18:32:00",4712,5.05,0,0,0,2.25,16.99,28389.67,33516.01,21.06,144.82,12.33,3.12,13.2,0.47,0.4,-99.9,-99.9,8.36,-99.9,5.55,1.88,1.18,32,0,0,2792
"2026-03-11 18:47:00",4713,5.06,0,0,0,2.28,16.99,28378.05,33502.31,21.05,146.55,12.48,4.25,17.99,0.55,0.49,-99.9,-99.9,8.37,-99.9,5.58,1.72,1.18,32,0,0,2793
"2026-03-11 19:02:00",4714,5.06,0,0,0,2.31,16.86,28364.25,33583.59,21.1,156.83,13.38,2.29,9.65,0.44,0.37,-99.9,-99.9,8.43,-99.9,5.7,1.96,1.17,31.78,0,0,2794
"2026-03-11 19:17:00",4715,5.07,0,0,0,2.33,16.88,28361.71,33568.03,21.09,156.07,13.31,2.44,10.32,0.5,0.43,-99.9,-99.9,8.43,-99.9,5.71,1.63,1.17,31.78,0,0,2795
"2026-03-11 19:32:00",4716,5.05,0,0,0,2.34,16.88,28366.79,33571.77,21.1,158.49,13.52,4.05,17.13,0.45,0.38,-99.9,-99.9,8.44,-99.9,5.64,1.68,1.18,32.45,0,0,2796
"2026-03-11 19:47:00",4717,5.06,0,0,0,2.35,16.92,28379.65,33560.72,21.09,157.52,13.43,2.54,10.72,0.5,0.43,-99.9,-99.9,8.44,-99.9,5.62,1.83,1.18,32.45,0,0,2797
"2026-03-11 20:02:00",4718,5.05,0,0,0,2.36,16.88,28368.14,33573.49,21.1,156.72,13.37,6.83,28.97,0.51,0.44,-99.9,-99.9,8.43,-99.9,5.62,2.1,1.17,32.28,0,0,2798
"2026-03-11 20:17:00",4719,5.06,0,0,0,2.37,16.89,28372.17,33575.64,21.1,155.5,13.26,2.9,12.27,0.42,0.35,-99.9,-99.9,8.43,-99.9,5.66,1.74,1.17,32.28,0,0,2799
"2026-03-11 20:32:00",4720,5.07,0,0,0,2.36,16.81,28345.67,33598.99,21.11,154.83,13.22,3.83,16.23,0.45,0.38,-99.9,-99.9,8.41,-99.9,5.69,2.22,1.18,32,0,0,2800
"2026-03-11 20:47:00",4721,5.05,0,0,0,2.37,16.73,28302.34,33611.48,21.12,149.29,12.77,2.08,8.78,0.39,0.32,-99.9,-99.9,8.39,-99.9,5.73,1.82,1.18,32,0,0,2801
"2026-03-11 21:02:00",4722,5.05,0,0,0,2.37,16.73,28313.03,33622.46,21.13,155.78,13.33,2.68,11.33,0.44,0.37,-99.9,-99.9,8.43,-99.9,5.79,1.98,1.17,32.06,0,0,2802
"2026-03-11 21:17:00",4723,5.06,0,0,0,2.35,16.67,28333.79,33696.49,21.18,157.75,13.51,3.45,14.59,0.49,0.42,-99.9,-99.9,8.44,-99.9,5.86,1.88,1.17,32.06,0,0,2803
"2026-03-11 21:32:00",4724,5.06,0,0,0,2.34,16.59,28242.14,33644.12,21.14,148.67,12.75,2.91,12.28,0.47,0.4,-99.9,-99.9,8.39,-99.9,5.9,1.87,1.17,32.11,0,0,2804
"2026-03-11 21:47:00",4725,5.07,0,0,0,2.33,16.62,28279.6,33667.49,21.16,145.32,12.46,4.58,19.39,0.54,0.47,-99.9,-99.9,8.41,-99.9,5.87,1.95,1.17,32.11,0,0,2805
"2026-03-11 22:02:00",4726,5.05,0,0,0,2.3,16.7,28345.13,33684.61,21.17,163.22,13.97,4.68,19.82,0.53,0.46,-99.9,-99.9,8.47,-99.9,5.81,2.03,1.18,31.47,0,0,2806
"2026-03-11 22:17:00",4727,5.05,0,0,0,2.28,16.64,28282.51,33656.38,21.15,156.3,13.39,4.06,17.19,0.71,0.64,-99.9,-99.9,8.42,-99.9,5.85,1.79,1.18,31.47,0,0,2807
"2026-03-11 22:32:00",4728,5.05,0,0,0,2.27,16.57,28263.85,33689.82,21.18,149.18,12.8,3.71,15.72,0.59,0.52,-99.9,-99.9,8.39,-99.9,5.82,2.03,1.18,30.96,0,0,2808
"2026-03-11 22:47:00",4729,5.06,0,0,0,2.25,16.52,28256.23,33715.83,21.19,145.96,12.53,1.92,8.07,0.4,0.33,-99.9,-99.9,8.37,-99.9,5.9,1.56,1.18,30.96,0,0,2809
"2026-03-11 23:02:00",4730,5.06,0,0,0,2.24,16.36,28181.43,33750.84,21.22,136.86,11.79,2.35,9.9,0.41,0.34,-99.9,-99.9,8.31,-99.9,5.84,1.69,1.18,32.01,0,0,2810
"2026-03-11 23:17:00",4731,5.05,0,0,0,2.22,16.38,28181.88,33737.73,21.21,135.11,11.63,2.02,8.5,0.37,0.3,-99.9,-99.9,8.31,-99.9,5.71,1.39,1.18,32.01,0,0,2811
"2026-03-11 23:32:00",4732,5.04,0,0,0,2.21,16.39,28210.14,33759.95,21.22,136.97,11.79,3.35,14.19,0.35,0.28,-99.9,-99.9,8.32,-99.9,5.67,1.69,1.17,31.95,0,0,2812
"2026-03-11 23:47:00",4733,5.05,0,0,0,2.19,16.36,28191.21,33761.81,21.22,134.89,11.62,2.07,8.71,0.45,0.38,-99.9,-99.9,8.31,-99.9,5.96,1.84,1.17,31.95,0,0,2813
"2026-03-12 00:02:00",4734,5.05,0,0,0,2.18,16.41,28254.07,33795.86,21.25,137.02,11.79,2.24,9.46,0.32,0.24,-99.9,-99.9,8.31,-99.9,5.9,1.47,1.17,32.15,0,0,2814
"2026-03-12 00:17:00",4735,5.07,0,0,0,2.18,16.36,28237.47,33819.34,21.26,133.25,11.47,2.61,11.02,0.48,0.41,-99.9,-99.9,8.31,-99.9,5.89,1.57,1.17,32.15,0,0,2815
"2026-03-12 00:32:00",4736,5.04,0,0,0,2.18,16.38,28254.49,33821.85,21.27,135.71,11.68,2.44,10.31,0.4,0.33,-99.9,-99.9,8.31,-99.9,5.9,1.62,1.18,32.94,0,0,2816
"2026-03-12 00:47:00",4737,5.05,0,0,0,2.19,16.17,28317.77,34066.22,21.43,132.58,11.45,3.14,13.3,0.42,0.35,-99.9,-99.9,8.27,-99.9,5.89,1.7,1.18,32.94,0,0,2817
"2026-03-12 01:02:00",4738,5.05,0,0,0,2.2,16.12,28327.12,34109.15,21.46,129.52,11.19,2.79,11.79,0.42,0.35,-99.9,-99.9,8.26,-99.9,5.92,1.64,1.18,31.74,0,0,2818
"2026-03-12 01:17:00",4739,5.05,0,0,0,2.2,16.15,28346.05,34113.31,21.47,131.46,11.35,2.32,9.79,0.43,0.36,-99.9,-99.9,8.27,-99.9,5.79,1.9,1.18,31.74,0,0,2819
"2026-03-12 01:32:00",4740,5.05,0,0,0,2.21,16.09,28349.45,34161.69,21.5,128.7,11.13,2.18,9.21,0.52,0.45,-99.9,-99.9,8.25,-99.9,5.89,1.51,1.18,32.8,0,0,2820
"2026-03-12 01:47:00",4741,5.04,0,0,0,2.24,16.18,28363.71,34111.41,21.47,127.6,11.01,1.96,8.27,0.37,0.29,-99.9,-99.9,8.24,-99.9,5.99,1.75,1.18,32.8,0,0,2821
"2026-03-12 02:02:00",4742,5.04,0,0,0,2.25,16.09,28364.38,34185.37,21.52,126.17,10.91,2.05,8.65,0.36,0.28,-99.9,-99.9,8.24,-99.9,5.84,1.66,1.17,31.61,0,0,2822
"2026-03-12 02:17:00",4743,5.05,0,0,0,2.28,16.07,28364.03,34196.31,21.52,126.49,10.94,2.06,8.69,0.37,0.3,-99.9,-99.9,8.23,-99.9,5.97,1.67,1.17,31.61,0,0,2823
"2026-03-12 02:32:00",4744,5.05,0,0,0,2.31,16.08,28378.37,34205.32,21.53,124.48,10.76,2.37,9.99,0.4,0.33,-99.9,-99.9,8.22,-99.9,5.87,1.66,1.18,31.52,0,0,2824
"2026-03-12 02:47:00",4745,5.06,0,0,0,2.32,16.05,28381.98,34234.27,21.55,123.85,10.71,2.03,8.54,0.37,0.3,-99.9,-99.9,8.21,-99.9,5.94,1.6,1.18,31.52,0,0,2825
"2026-03-12 03:02:00",4746,5.04,0,0,0,2.37,16.07,28165.56,33955.67,21.36,117.35,10.16,1.27,5.31,0.3,0.22,-99.9,-99.9,8.18,-99.9,5.94,1.41,1.17,31.28,0,0,2826
"2026-03-12 03:17:00",4747,5.05,0,0,0,2.39,16.07,28186.19,33982.15,21.38,116.04,10.04,1.2,5.05,0.28,0.21,-99.9,-99.9,8.18,-99.9,6,1.33,1.17,31.28,0,0,2827
"2026-03-12 03:32:00",4748,5.04,0,0,0,2.44,16.06,28231.55,34048.27,21.42,116.65,10.1,1.56,6.57,0.3,0.23,-99.9,-99.9,8.18,-99.9,5.98,1.51,1.18,32.52,0,0,2828
"2026-03-12 03:47:00",4749,5.05,0,0,0,2.45,16.06,28262.11,34081.58,21.44,113.98,9.86,1.24,5.2,0.28,0.21,-99.9,-99.9,8.18,-99.9,5.99,1.13,1.18,32.52,0,0,2829
"2026-03-12 04:02:00",4750,5.05,0,0,0,2.5,16.06,28127.82,33921.14,21.33,113.95,9.87,1.75,7.36,0.39,0.32,-99.9,-99.9,8.18,-99.9,5.86,1.19,1.18,31.92,0,0,2830
"2026-03-12 04:17:00",4751,5.04,0,0,0,2.52,16.04,28050.24,33842.16,21.28,112.88,9.78,1.1,4.61,0.28,0.21,-99.9,-99.9,8.19,-99.9,5.9,1.1,1.18,31.92,0,0,2831
"2026-03-12 04:32:00",4752,5.04,0,0,0,2.55,16.03,28073.9,33878.53,21.3,113.53,9.84,1.01,4.24,0.27,0.19,-99.9,-99.9,8.17,-99.9,5.98,2.18,1.18,31.59,0,0,2832
"2026-03-12 04:47:00",4753,5.04,0,0,0,2.59,16.01,28110.1,33934.72,21.34,112.9,9.78,1.12,4.69,0.25,0.18,-99.9,-99.9,8.16,-99.9,6.01,1.01,1.18,31.59,0,0,2833
"2026-03-12 05:02:00",4754,5.04,0,0,0,2.61,16.14,28079.02,33799.93,21.25,113.48,9.81,1.12,4.7,0.29,0.22,-99.9,-99.9,8.17,-99.9,5.82,1.22,1.18,31.33,0,0,2834
"2026-03-12 05:17:00",4755,5.05,0,0,0,2.63,16.07,28082.34,33856.97,21.29,110.99,9.61,1.07,4.46,0.29,0.22,-99.9,-99.9,8.16,-99.9,5.91,1.06,1.18,31.33,0,0,2835
"2026-03-12 05:32:00",4756,5.03,0,0,0,2.64,16.02,28248.42,34095.36,21.45,115.12,9.97,1.13,4.74,0.28,0.21,-99.9,-99.9,8.16,-99.9,6.1,1.5,1.17,31.81,0,0,2836
"2026-03-12 05:47:00",4757,5.04,0,0,0,2.64,16.06,28153.99,33952.1,21.35,117.65,10.19,1.18,4.94,0.29,0.22,-99.9,-99.9,8.18,-99.9,6.02,1.35,1.17,31.81,0,0,2837
"2026-03-12 06:02:00",4758,5.03,0,0,0,2.65,16.04,28089.95,33886.95,21.31,118.15,10.23,1.26,5.29,0.28,0.21,-99.9,-99.9,8.18,-99.9,6.06,1.16,1.18,31.23,0,0,2838
"2026-03-12 06:17:00",4759,5.05,0,0,0,2.65,16.03,28081.26,33886.15,21.31,117.77,10.21,1.47,6.18,0.34,0.27,-99.9,-99.9,8.18,-99.9,5.98,1.22,1.18,31.23,0,0,2839
"2026-03-12 06:32:00",4760,5.05,0,0,0,2.62,15.98,28033.27,33871.72,21.3,117.98,10.23,1.35,5.64,0.32,0.25,-99.9,-99.9,8.19,-99.9,6.01,1.18,1.18,34.13,0,0,2840
"2026-03-12 06:47:00",4761,5.03,0,0,0,2.6,16.09,28100.87,33865.03,21.29,119.16,10.31,1.66,6.98,0.35,0.28,-99.9,-99.9,8.22,-99.9,6.01,1.21,1.18,34.13,0,0,2841
"2026-03-12 07:02:00",4762,5.03,0,0,0,2.58,16.17,28168.1,33880.36,21.31,124.6,10.77,1.79,7.52,0.33,0.26,-99.9,-99.9,8.24,-99.9,5.93,1.44,1.17,31.92,0,0,2842
"2026-03-12 07:17:00",4763,5.04,0,0,0,2.53,16.24,28118.41,33766.7,21.23,122.14,10.54,1.52,6.4,0.31,0.24,-99.9,-99.9,8.23,-99.9,5.9,1.22,1.17,31.92,0,0,2843
"2026-03-12 07:32:00",4764,5.04,0,0,0,2.49,16.24,28119.48,33766.11,21.23,121.5,10.49,1.09,4.56,0.28,0.21,-99.9,-99.9,8.22,-99.9,6.01,1.15,1.18,33.23,0,0,2844
"2026-03-12 07:47:00",4765,5.05,0,0,0,2.45,16.29,28153.1,33768.34,21.23,122.79,10.59,1.31,5.5,0.31,0.23,-99.9,-99.9,8.24,-99.9,6,1.24,1.18,33.23,0,0,2845
"2026-03-12 08:02:00",4766,5.03,0,0,0,2.39,16.31,28160.28,33765.31,21.23,125.54,10.82,1.2,5.03,0.29,0.22,-99.9,-99.9,8.25,-99.9,5.92,1.36,1.19,32.45,0,0,2846
"2026-03-12 08:17:00",4767,5.04,0,0,0,2.33,16.4,28177.4,33715.53,21.19,129.31,11.13,1.38,5.81,0.29,0.22,-99.9,-99.9,8.26,-99.9,6.03,1.25,1.19,32.45,0,0,2847
"2026-03-12 08:32:00",4768,5.03,0,0,0,2.27,16.25,28159,33811.28,21.26,123.15,10.63,0.95,3.95,0.26,0.18,-99.9,-99.9,8.21,-99.9,6.01,1.39,1.18,31.52,0,0,2848
"2026-03-12 08:47:00",4769,5.04,0,0,0,2.2,16.21,28135.51,33816.03,21.26,120.44,10.4,1.21,5.05,0.3,0.23,-99.9,-99.9,8.25,-99.9,6.05,1.29,1.18,31.52,0,0,2849
"2026-03-12 09:02:00",4770,5.05,0,0,0,2.12,16.03,28194.6,34021.9,21.4,120.88,10.47,1.32,5.54,0.29,0.22,-99.9,-99.9,8.2,-99.9,6.1,1.4,1.17,32.88,0,0,2850
"2026-03-12 09:17:00",4771,5.03,0,0,0,2.05,16.22,28176.8,33856.19,21.29,121.53,10.49,1.15,4.81,0.29,0.22,-99.9,-99.9,8.22,-99.9,6.14,1.35,1.17,32.88,0,0,2851
"2026-03-12 09:32:00",4772,5.03,0,0,0,1.98,16.11,28169.55,33929.99,21.34,124.3,10.75,1.63,6.86,0.37,0.3,-99.9,-99.9,8.23,-99.9,6.13,1.38,1.18,31.53,0,0,2852
"2026-03-12 09:47:00",4773,5.04,0,0,0,1.9,16.14,28174.96,33913.35,21.33,125.96,10.89,1.52,6.4,0.33,0.26,-99.9,-99.9,8.24,-99.9,6.12,1.41,1.18,31.53,0,0,2853
"2026-03-12 10:02:00",4774,5.04,0,0,0,1.84,16.21,28188.77,33874.33,21.3,126.68,10.94,1.78,7.48,0.34,0.27,-99.9,-99.9,8.25,-99.9,6.16,1.5,1.17,31.7,0,0,2854
"2026-03-12 10:17:00",4775,5.05,0,0,0,1.76,16.21,28201.43,33893.62,21.32,125.97,10.88,1.7,7.17,0.37,0.29,-99.9,-99.9,8.25,-99.9,6.04,1.45,1.17,31.7,0,0,2855
"2026-03-12 10:32:00",4776,5.03,0,0,0,1.71,16.29,28201.39,33828.83,21.27,130.16,11.22,2.46,10.4,0.45,0.38,-99.9,-99.9,8.28,-99.9,6.09,1.52,1.18,31.84,0,0,2856
"2026-03-12 10:47:00",4777,5.03,0,0,0,1.66,16.21,28208.78,33898.93,21.32,128.4,11.09,1.57,6.61,0.37,0.3,-99.9,-99.9,8.25,-99.9,6.2,1.5,1.18,31.84,0,0,2857
"2026-03-12 11:02:00",4778,5.03,0,0,0,1.59,16.33,28241.6,33845.77,21.28,133.21,11.47,1.67,7.02,0.32,0.25,-99.9,-99.9,8.29,-99.9,6.16,1.56,1.18,31.77,0,0,2858
"2026-03-12 11:17:00",4779,5.04,0,0,0,1.54,16.22,28227.03,33913.97,21.33,128.32,11.08,1.65,6.95,0.38,0.3,-99.9,-99.9,8.26,-99.9,6.21,1.47,1.18,31.77,0,0,2859
"2026-03-12 11:32:00",4780,5.04,0,0,0,1.49,16.42,28271.4,33811.38,21.26,140.2,12.06,1.98,8.36,0.43,0.36,-99.9,-99.9,8.34,-99.9,6.2,1.55,1.18,31.2,0,0,2860
"2026-03-12 11:47:00",4781,5.03,0,0,0,1.43,16.29,28239.64,33872.27,21.3,136.42,11.76,2.26,9.54,0.52,0.45,-99.9,-99.9,8.31,-99.9,6.06,1.79,1.18,31.2,0,0,2861
"2026-03-12 12:02:00",4782,5.03,0,0,0,1.41,16.62,28275.61,33663.02,21.16,149.13,12.78,2.57,10.85,0.45,0.38,-99.9,-99.9,8.39,-99.9,5.96,1.81,1.17,31.21,0,0,2862
"2026-03-12 12:17:00",4783,5.03,0,0,0,1.36,16.61,28282.16,33679.26,21.17,146.89,12.59,2.2,9.28,0.47,0.4,-99.9,-99.9,8.41,-99.9,5.97,1.74,1.17,31.21,0,0,2863
"2026-03-12 12:32:00",4784,5.04,0,0,0,1.33,16.26,28296.8,33966.02,21.37,139.5,12.03,3.53,14.96,0.66,0.59,-99.9,-99.9,8.33,-99.9,6.14,2.2,1.18,31.47,0,0,2864
"2026-03-12 12:47:02",4785,5.05,0,0,0,1.31,16.21,28350.02,34069.1,21.44,130.97,11.3,2.3,9.7,0.46,0.39,-99.9,-99.9,8.29,-99.9,6.05,3.07,1.18,31.47,0,0,2865
"2026-03-12 13:02:00",4786,5.02,0,0,0,1.28,16.63,28392.93,33794.82,21.25,145.54,12.47,2.14,9.03,0.51,0.44,-99.9,-99.9,8.37,-99.9,5.8,1.9,1.18,31.5,0,0,2866
"2026-03-12 13:17:00",4787,5.03,0,0,0,1.29,16.54,28233.46,33674.82,21.17,134.37,11.53,2.56,10.82,0.62,0.55,-99.9,-99.9,8.31,-99.9,5.93,1.99,1.18,31.5,0,0,2867
"2026-03-12 13:32:00",4788,5.03,0,0,0,1.28,16.77,28403.53,33702.58,21.19,141.87,12.12,2.34,9.89,0.51,0.44,-99.9,-99.9,8.35,-99.9,5.8,1.94,1.18,31.61,0,0,2868
"2026-03-12 13:47:00",4789,5.05,0,0,0,1.29,16.76,28381.85,33681.21,21.17,134.53,11.5,2.01,8.46,0.39,0.32,-99.9,-99.9,8.33,-99.9,5.8,1.7,1.18,31.61,0,0,2869
"2026-03-12 14:02:00",4790,5.02,0,0,0,1.3,16.97,28484.32,33647.29,21.15,140.97,12,1.93,8.11,0.35,0.28,-99.9,-99.9,8.35,-99.9,5.7,1.72,1.18,32.51,0,0,2870
"2026-03-12 14:17:00",4791,5.03,0,0,0,1.31,16.46,28282.01,33795.33,21.25,132.55,11.39,1.87,7.87,0.35,0.27,-99.9,-99.9,8.28,-99.9,5.99,1.59,1.18,32.51,0,0,2871
"2026-03-12 14:32:00",4792,5.03,0,0,0,1.32,16.57,28368,33811.83,21.26,131.9,11.31,1.32,5.55,0.29,0.21,-99.9,-99.9,8.28,-99.9,5.89,1.5,1.17,32.41,0,0,2872
"2026-03-12 14:47:00",4793,5.04,0,0,0,1.36,16.4,28370.92,33943.49,21.35,134.25,11.54,1.55,6.52,0.3,0.23,-99.9,-99.9,8.29,-99.9,5.9,1.44,1.17,32.41,0,0,2873
"2026-03-12 15:02:00",4794,5.04,0,0,0,1.4,16.71,28381.56,33719.2,21.2,131.65,11.26,1.64,6.9,0.35,0.27,-99.9,-99.9,8.28,-99.9,5.82,1.69,1.18,31.45,0,0,2874
"2026-03-12 15:17:00",4795,5.02,0,0,0,1.44,16.84,28423.67,33672.19,21.16,134.99,11.52,1.4,5.88,0.27,0.2,-99.9,-99.9,8.31,-99.9,5.81,1.38,1.18,31.45,0,0,2875
"2026-03-12 15:32:00",4796,5.03,0,0,0,1.46,17.03,28507.77,33624.34,21.13,139.23,11.84,1.73,7.29,0.39,0.31,-99.9,-99.9,8.35,-99.9,5.67,1.6,1.18,32.36,0,0,2876
"2026-03-12 15:47:00",4797,5.03,0,0,0,1.53,17.12,28580.34,33645.82,21.15,139.65,11.85,3.18,13.46,0.48,0.41,-99.9,-99.9,8.38,-99.9,5.7,1.64,1.18,32.36,0,0,2877
"2026-03-12 16:02:00",4798,5.03,0,0,0,1.57,17.09,28558.91,33643.32,21.15,142.12,12.07,3.25,13.73,0.64,0.57,-99.9,-99.9,8.37,-99.9,5.67,2.08,1.17,31.53,0,0,2878
"2026-03-12 16:17:00",4799,5.05,0,0,0,1.62,17.21,28653.81,33662.23,21.16,149.53,12.67,3.52,14.88,0.47,0.4,-99.9,-99.9,8.4,-99.9,5.62,1.77,1.17,31.53,0,0,2879
"2026-03-12 16:32:00",4800,5.02,0,0,0,1.66,17.35,28730.36,33645.26,21.15,149.32,12.62,2.75,11.63,0.47,0.4,-99.9,-99.9,8.41,-99.9,5.56,1.73,1.18,32.07,0,0,2880
"2026-03-12 16:47:00",4801,5.03,0,0,0,1.72,17.47,28728.93,33551.67,21.08,161.86,13.65,3.97,16.81,0.58,0.51,-99.9,-99.9,8.49,-99.9,5.62,1.96,1.18,32.07,0,0,2881
"2026-03-12 17:02:00",4802,5.03,0,0,0,1.79,17.48,28733.09,33555.37,21.08,160.45,13.53,4.69,19.88,0.5,0.43,-99.9,-99.9,8.47,-99.9,5.57,1.9,1.18,31.28,0,0,2882
"2026-03-12 17:17:00",4803,5.04,0,0,0,1.83,17.44,28709.15,33552.58,21.08,157.73,13.31,3.98,16.83,0.55,0.48,-99.9,-99.9,8.46,-99.9,5.58,1.96,1.18,31.28,0,0,2883
"2026-03-12 17:32:00",4804,5.04,0,0,0,1.91,17.46,28767.31,33606.3,21.12,153.65,12.95,5.54,23.48,0.5,0.43,-99.9,-99.9,8.43,-99.9,5.54,1.85,1.18,31.94,0,0,2884
"2026-03-12 17:47:00",4805,5.02,0,0,0,1.96,17.44,28757.98,33608.13,21.12,155.39,13.11,3.62,15.33,0.47,0.4,-99.9,-99.9,8.44,-99.9,5.53,1.77,1.18,31.94,0,0,2885
"2026-03-12 18:02:00",4806,5.02,0,0,0,2.01,17.45,28773.92,33620.83,21.13,155.23,13.09,4.02,17.01,0.45,0.38,-99.9,-99.9,8.44,-99.9,5.55,1.93,1.18,31.67,0,0,2886
"2026-03-12 18:17:00",4807,5.03,0,0,0,2.07,17.48,28796.39,33626.59,21.13,154.03,12.98,4.87,20.63,0.48,0.41,-99.9,-99.9,8.43,-99.9,5.5,1.82,1.18,31.67,0,0,2887
"2026-03-12 18:32:00",4808,5.03,0,0,0,2.12,17.47,28792.47,33627.56,21.13,154.53,13.02,3.41,14.43,0.54,0.47,-99.9,-99.9,8.43,-99.9,5.52,2.03,1.18,32.48,0,0,2888
"2026-03-12 18:47:00",4809,5.05,0,0,0,2.16,17.39,28738.11,33626.04,21.13,151.03,12.75,4.24,17.97,0.59,0.52,-99.9,-99.9,8.43,-99.9,5.64,1.76,1.18,32.48,0,0,2889
"2026-03-12 19:02:00",4810,5.02,0,0,0,2.2,17.13,28643.05,33706.6,21.19,159.52,13.53,3.4,14.41,0.44,0.37,-99.9,-99.9,8.46,-99.9,5.83,1.94,1.18,31.62,0,0,2890
"2026-03-12 19:17:00",4811,5.03,0,0,0,2.26,17.15,28661.35,33715.57,21.2,151.54,12.85,4.84,20.51,0.53,0.46,-99.9,-99.9,8.44,-99.9,5.73,1.9,1.18,31.62,0,0,2891
"2026-03-12 19:32:00",4812,5.03,0,0,0,2.29,17.16,28641.8,33689.06,21.18,161.3,13.68,6.11,25.91,0.55,0.48,-99.9,-99.9,8.47,-99.9,5.82,1.92,1.18,32.79,0,0,2892
"2026-03-12 19:47:00",4813,5.04,0,0,0,2.33,17.15,28657.13,33712.7,21.19,156.74,13.29,3.43,14.5,0.57,0.5,-99.9,-99.9,8.45,-99.9,5.79,2.05,1.18,32.79,0,0,2893
"2026-03-12 20:02:00",4814,5.04,0,0,0,2.37,17.16,28657.29,33702.66,21.19,164.85,13.98,3.32,14.05,0.54,0.47,-99.9,-99.9,8.49,-99.9,5.88,2.96,1.17,32.31,0,0,2894
"2026-03-12 20:17:00",4815,5.02,0,0,0,2.41,17.22,28673.25,33677.2,21.17,164.33,13.92,4.18,17.72,0.55,0.48,-99.9,-99.9,8.49,-99.9,5.83,2.13,1.17,32.31,0,0,2895
"2026-03-12 20:32:00",4816,5.02,0,0,0,2.42,17.33,28698.79,33621.38,21.13,157.17,13.28,3.91,16.54,0.63,0.56,-99.9,-99.9,8.45,-99.9,5.6,1.88,1.18,33.33,0,0,2896
"2026-03-12 20:47:00",4817,5.03,0,0,0,2.44,17.28,28637.74,33592.28,21.11,158.35,13.4,5.74,24.33,0.67,0.6,-99.9,-99.9,8.46,-99.9,5.69,2.32,1.18,33.33,0,0,2897
"2026-03-12 21:02:00",4818,5.03,0,0,0,2.45,17.17,28545.54,33566.81,21.09,154.69,13.12,5.24,22.19,0.55,0.48,-99.9,-99.9,8.44,-99.9,5.79,2.33,1.18,31.99,0,0,2898
"2026-03-12 21:17:00",4819,5.04,0,0,0,2.44,17.03,28425.89,33527.32,21.06,150.76,12.82,4.05,17.16,0.58,0.51,-99.9,-99.9,8.42,-99.9,5.79,2.44,1.18,31.99,0,0,2899
"2026-03-12 21:32:00",4820,5.01,0,0,0,2.44,16.94,28336.49,33489.23,21.04,148.53,12.66,3.7,15.67,0.54,0.47,-99.9,-99.9,8.42,-99.9,5.87,2.24,1.18,31.48,0,0,2900
"2026-03-12 21:47:00",4821,5.02,0,0,0,2.45,16.85,28264.1,33472.31,21.03,145.85,12.45,3.23,13.64,0.56,0.49,-99.9,-99.9,8.39,-99.9,5.89,2.14,1.18,31.48,0,0,2901
"2026-03-12 22:02:00",4822,5.02,0,0,0,2.43,16.79,28194.1,33434.19,21,144.54,12.36,3.75,15.88,0.54,0.47,-99.9,-99.9,8.39,-99.9,5.93,2.36,1.17,31.14,0,0,2902
"2026-03-12 22:17:00",4823,5.03,0,0,0,2.42,16.73,28106.56,33376.5,20.96,140.92,12.07,5.09,21.58,0.59,0.52,-99.9,-99.9,8.37,-99.9,5.95,2.35,1.17,31.14,0,0,2903
"2026-03-12 22:32:00",4824,5.03,0,0,0,2.41,16.9,28527.91,33751.31,21.22,146.42,12.48,2.5,10.54,0.42,0.34,-99.9,-99.9,8.39,-99.9,5.89,2.2,1.18,31.65,0,0,2904
"2026-03-12 22:47:00",4825,5.02,0,0,0,2.39,16.88,28525.68,33758.81,21.22,144.69,12.33,3.65,15.47,0.5,0.43,-99.9,-99.9,8.39,-99.9,5.91,2.49,1.18,31.65,0,0,2905
"2026-03-12 23:02:00",4826,5.02,0,0,0,2.36,16.93,28468.45,33659.45,21.16,146.15,12.45,3.66,15.5,0.54,0.47,-99.9,-99.9,8.4,-99.9,5.84,2.26,1.18,32.58,0,0,2906
"2026-03-12 23:17:00",4827,5.02,0,0,0,2.34,16.72,28577.39,33942.11,21.35,139.58,11.92,4.21,17.85,0.53,0.46,-99.9,-99.9,8.36,-99.9,5.99,2.39,1.18,32.58,0,0,2907
"2026-03-12 23:32:00",4828,5.02,0,0,0,2.31,16.78,28572.45,33892.62,21.32,143.82,12.28,3.03,12.83,0.62,0.55,-99.9,-99.9,8.37,-99.9,5.97,2.28,1.18,30.99,0,0,2908
"2026-03-12 23:47:00",4829,5.04,0,0,0,2.28,16.85,28429.26,33672.95,21.17,141.6,12.08,3.13,13.26,0.48,0.4,-99.9,-99.9,8.37,-99.9,5.9,2.02,1.18,30.99,0,0,2909
"2026-03-13 00:02:00",4830,5.01,0,0,0,2.25,16.84,28359.1,33595.17,21.11,141.09,12.04,2.36,9.97,0.52,0.45,-99.9,-99.9,8.37,-99.9,5.81,1.96,1.18,32.78,0,0,2910
"2026-03-13 00:17:00",4831,5.02,0,0,0,2.23,16.76,28265.48,33542.11,21.07,140.37,12,3.67,15.56,0.53,0.46,-99.9,-99.9,8.37,-99.9,5.95,1.96,1.18,32.78,0,0,2911
"2026-03-13 00:32:00",4832,5.02,0,0,0,2.19,16.56,27992.54,33375.44,20.96,137.94,11.85,6.2,26.3,0.59,0.52,-99.9,-99.9,8.36,-99.9,5.99,2.14,1.18,31.39,0,0,2912
"2026-03-13 00:47:00",4833,5.02,0,0,0,2.18,16.61,28054.4,33404.51,20.98,131.31,11.27,6.07,25.73,0.53,0.46,-99.9,-99.9,8.35,-99.9,6.03,1.91,1.18,31.39,0,0,2913
"2026-03-13 01:02:00",4834,5.03,0,0,0,2.16,16.55,28003.17,33388.83,20.97,136.31,11.71,3.93,16.64,0.59,0.52,-99.9,-99.9,8.35,-99.9,6,1.92,1.18,32.45,0,0,2914
"2026-03-13 01:17:00",4835,5.01,0,0,0,2.14,16.53,27958.88,33352.44,20.94,136.17,11.71,3.96,16.76,0.61,0.54,-99.9,-99.9,8.36,-99.9,5.79,1.96,1.18,32.45,0,0,2915
"2026-03-13 01:32:00",4836,5.01,0,0,0,2.15,16.55,28001.66,33391.89,20.97,133.27,11.45,3.1,13.09,0.5,0.43,-99.9,-99.9,8.34,-99.9,5.87,1.92,1.17,31.51,0,0,2916
"2026-03-13 01:47:00",4837,5.02,0,0,0,2.16,16.58,27992.98,33354.15,20.94,127.57,10.96,2.29,9.64,0.51,0.44,-99.9,-99.9,8.38,-99.9,6.01,1.77,1.17,31.51,0,0,2917
"2026-03-13 02:02:00",4838,5.02,0,0,0,2.16,16.54,27974.69,33364.73,20.95,132.54,11.39,2.61,11.04,0.44,0.37,-99.9,-99.9,8.33,-99.9,5.99,1.84,1.18,32.47,0,0,2918
"2026-03-13 02:17:00",4839,5.03,0,0,0,2.17,16.54,27994.92,33388.24,20.97,133.63,11.48,2.97,12.56,0.48,0.41,-99.9,-99.9,8.32,-99.9,6.03,1.46,1.18,32.47,0,0,2919
"2026-03-13 02:32:00",4840,5,0,0,0,2.19,16.34,27851.3,33373.67,20.96,127.21,10.98,2.81,11.87,0.4,0.33,-99.9,-99.9,8.29,-99.9,5.94,1.64,1.18,31.58,0,0,2920
"2026-03-13 02:47:00",4841,5.01,0,0,0,2.19,16.52,28067.83,33494.94,21.04,131.06,11.27,2.43,10.25,0.39,0.32,-99.9,-99.9,8.31,-99.9,6.12,1.74,1.18,31.58,0,0,2921
"2026-03-13 03:02:00",4842,5.01,0,0,0,2.2,16.68,28260.59,33601.45,21.12,140.24,12.01,2.59,10.92,0.54,0.47,-99.9,-99.9,8.36,-99.9,6.02,1.96,1.18,30.96,0,0,2922
"2026-03-13 03:17:00",4843,5.02,0,0,0,2.24,16.67,28238.02,33578.61,21.1,133.11,11.4,2.86,12.1,0.47,0.4,-99.9,-99.9,8.36,-99.9,6.03,1.88,1.18,30.96,0,0,2923
"2026-03-13 03:32:00",4844,5.02,0,0,0,2.27,16.98,28565.68,33736.14,21.21,153.58,13.07,3.81,16.13,0.56,0.49,-99.9,-99.9,8.43,-99.9,6.02,2.42,1.18,31.04,0,0,2924
"2026-03-13 03:47:00",4845,5,0,0,0,2.31,16.95,28550.5,33734.39,21.21,151.71,12.91,4.56,19.31,0.58,0.51,-99.9,-99.9,8.43,-99.9,6.01,2.53,1.18,31.04,0,0,2925
"2026-03-13 04:02:00",4846,5.01,0,0,0,2.36,16.91,28461.75,33663.65,21.16,151.55,12.91,4.05,17.16,0.52,0.45,-99.9,-99.9,8.43,-99.9,6.02,2.19,1.17,31.67,0,0,2926
"2026-03-13 04:17:00",4847,5.01,0,0,0,2.37,16.3,27756.28,33285.72,20.9,123.59,10.68,2.71,11.45,0.52,0.45,-99.9,-99.9,8.3,-99.9,6.23,1.71,1.17,31.67,0,0,2927
"2026-03-13 04:32:00",4848,5.01,0,0,0,2.41,16.26,27782.13,33351.79,20.94,129.59,11.2,3.09,13.07,0.45,0.38,-99.9,-99.9,8.32,-99.9,6.12,2.13,1.18,31.14,0,0,2928
"2026-03-13 04:47:00",4849,5.03,0,0,0,2.45,16.43,27897.96,33356.95,20.95,133.68,11.52,3.26,13.78,0.53,0.46,-99.9,-99.9,8.36,-99.9,6.04,2.08,1.18,31.14,0,0,2929
"2026-03-13 05:02:00",4850,5,0,0,0,2.49,16.45,27909.09,33359.25,20.95,136.13,11.72,4.43,18.77,0.58,0.51,-99.9,-99.9,8.36,-99.9,6.03,2.1,1.18,32.43,0,0,2930
"2026-03-13 05:17:00",4851,5.01,0,0,0,2.52,16.23,27484.11,33013.74,20.71,130.72,11.32,3.77,15.94,0.53,0.46,-99.9,-99.9,8.35,-99.9,6.1,2.26,1.18,32.43,0,0,2931
"2026-03-13 05:32:00",4852,5.01,0,0,0,2.57,16.12,27215.05,32773.44,20.54,132.73,11.53,4.99,21.17,0.55,0.48,-99.9,-99.9,8.34,-99.9,6.37,2.24,1.18,31.76,0,0,2932
"2026-03-13 05:47:00",4853,5.01,0,0,0,2.59,16,27048.6,32661.92,20.46,132.15,11.52,2.26,9.53,0.49,0.42,-99.9,-99.9,8.33,-99.9,6.4,2.09,1.18,31.76,0,0,2933
"2026-03-13 06:02:00",4854,5.02,0,0,0,2.63,16.11,27254.15,32831.99,20.58,131.88,11.46,3.32,14.03,0.46,0.39,-99.9,-99.9,8.33,-99.9,6.36,2.24,1.18,31.61,0,0,2934
"2026-03-13 06:17:00",4855,5,0,0,0,2.66,16.16,27341.41,32894.54,20.62,133.86,11.62,4.49,19.03,0.42,0.35,-99.9,-99.9,8.35,-99.9,6.3,2.2,1.18,31.61,0,0,2935
"2026-03-13 06:32:00",4856,5,0,0,0,2.66,16.06,27150.2,32738.22,20.52,130.39,11.34,4.38,18.57,0.45,0.37,-99.9,-99.9,8.33,-99.9,6.43,2.3,1.18,31.17,0,0,2936
"2026-03-13 06:47:00",4857,5.01,0,0,0,2.68,16.15,27546.07,33151.02,20.8,131.82,11.43,3.19,13.51,0.46,0.39,-99.9,-99.9,8.33,-99.9,6.2,3.02,1.18,31.17,0,0,2937
"2026-03-13 07:02:00",4858,5.01,0,0,0,2.7,16.22,27656.1,33229.4,20.86,131.02,11.34,2.54,10.75,0.41,0.34,-99.9,-99.9,8.32,-99.9,6.24,2.31,1.18,31.49,0,0,2938
"2026-03-13 07:17:00",4859,5.02,0,0,0,2.68,15.1,29596.03,36494.54,23.11,94.28,8.23,1.82,7.64,0.35,0.28,-99.9,-99.9,7.95,-99.9,5.81,3.57,1.18,31.49,0,0,2939
"2026-03-13 07:32:00",4860,4.99,0,0,0,2.7,15.97,27238.39,32915.43,20.64,125.76,10.96,1.94,8.18,0.4,0.33,-99.9,-99.9,8.3,-99.9,6.37,2.62,1.17,31.74,0,0,2940
"2026-03-13 07:47:00",4861,5,0,0,0,2.68,16,27376.47,33060.83,20.74,126.77,11.03,1.7,7.15,0.41,0.34,-99.9,-99.9,8.3,-99.9,6.33,1.81,1.17,31.74,0,0,2941
"2026-03-13 08:02:00",4862,5,0,0,0,2.65,15.98,27296.96,32980.56,20.68,124.26,10.82,1.83,7.71,0.33,0.26,-99.9,-99.9,8.29,-99.9,6.31,1.97,1.18,33.7,0,0,2942
"2026-03-13 08:17:00",4863,5.01,0,0,0,2.61,15.47,26226.16,32061.69,20.05,119.5,10.55,1.86,7.84,0.37,0.3,-99.9,-99.9,8.23,-99.9,6.93,1.63,1.18,33.7,0,0,2943
"2026-03-13 08:32:00",4864,5.01,0,0,0,2.56,15.93,27056.98,32723.29,20.51,120.87,10.54,1.52,6.39,0.3,0.23,-99.9,-99.9,8.25,-99.9,6.54,2.07,1.18,31.69,0,0,2944
"2026-03-13 08:47:00",4865,4.99,0,0,0,2.5,15.55,26542.91,32386.91,20.27,118.81,10.46,1.34,5.63,0.32,0.25,-99.9,-99.9,8.25,-99.9,6.72,1.91,1.18,31.69,0,0,2945
"2026-03-13 09:02:00",4866,4.99,0,0,0,2.44,15.63,26903.36,32764.63,20.53,116.52,10.23,1.33,5.56,0.33,0.26,-99.9,-99.9,8.21,-99.9,6.66,2.13,1.18,32.57,0,0,2946
"2026-03-13 09:17:00",4867,5,0,0,0,2.39,15.82,27746.06,33648.93,21.14,114.04,9.94,1.05,4.41,0.27,0.19,-99.9,-99.9,8.18,-99.9,6.4,1.79,1.18,32.57,0,0,2947
"2026-03-13 09:32:00",4868,5,0,0,0,2.31,15.79,27587.13,33475.67,21.02,113.49,9.9,1.45,6.09,0.28,0.21,-99.9,-99.9,8.18,-99.9,6.43,2.03,1.18,32.02,0,0,2948
"2026-03-13 09:47:00",4869,5.01,0,0,0,2.24,15.89,27293.15,33044.13,20.73,119.38,10.41,1.73,7.27,0.35,0.28,-99.9,-99.9,8.25,-99.9,6.47,2.05,1.18,32.02,0,0,2949
"2026-03-13 10:02:00",4870,4.99,0,0,0,2.16,15.98,27394.67,33095.04,20.76,126.39,11,1.88,7.91,0.36,0.29,-99.9,-99.9,8.29,-99.9,6.47,2.63,1.18,33.38,0,0,2950
"2026-03-13 10:17:00",4871,5,0,0,0,2.06,15.87,27036,32749.19,20.52,124.34,10.86,2.17,9.17,0.41,0.34,-99.9,-99.9,8.3,-99.9,6.63,1.73,1.18,33.38,0,0,2951
"2026-03-13 10:32:00",4872,4.99,0,0,0,1.98,15.87,27917.23,33817.19,21.26,118.15,10.28,1.32,5.54,0.32,0.25,-99.9,-99.9,8.2,-99.9,6.35,1.66,1.18,31.77,0,0,2952
"2026-03-13 10:47:00",4873,5,0,0,0,1.89,15.97,28013.3,33850.15,21.28,120.66,10.47,1.37,5.77,0.29,0.21,-99.9,-99.9,8.21,-99.9,6.3,1.41,1.18,31.77,0,0,2953
"2026-03-13 11:02:00",4874,5.01,0,0,0,1.82,15.88,27308.14,33068.93,20.74,122.88,10.72,1.7,7.17,0.3,0.23,-99.9,-99.9,8.25,-99.9,6.54,1.3,1.17,32.93,0,0,2954
"2026-03-13 11:17:00",4875,4.99,0,0,0,1.73,15.87,27328.7,33099.34,20.76,118.54,10.34,1.39,5.83,0.31,0.24,-99.9,-99.9,8.23,-99.9,6.56,1.51,1.17,32.93,0,0,2955
"2026-03-13 11:32:00",4876,4.99,0,0,0,1.67,15.85,27381.93,33177.46,20.82,122.93,10.72,1.39,5.83,0.32,0.25,-99.9,-99.9,8.24,-99.9,6.44,1.19,1.17,36.53,0,0,2956
"2026-03-13 11:47:00",4877,5,0,0,0,1.58,15.88,27901.01,33787.53,21.24,124.03,10.78,1.89,7.98,0.4,0.33,-99.9,-99.9,8.24,-99.9,6.44,1.72,1.17,36.53,0,0,2957
"2026-03-13 12:02:00",4878,5,0,0,0,1.51,15.87,27308.36,33077.84,20.75,124.33,10.85,1.44,6.03,0.31,0.24,-99.9,-99.9,8.24,-99.9,6.53,1.46,1.18,33.03,0,0,2958
"2026-03-13 12:17:00",4879,5.02,0,0,0,1.44,15.8,27829.43,33764.41,21.22,119.12,10.38,2.38,10.05,0.38,0.31,-99.9,-99.9,8.2,-99.9,6.38,1.61,1.18,33.03,0,0,2959
"2026-03-13 12:32:00",4880,4.99,0,0,0,1.39,15.89,27154.24,32873.37,20.61,124.16,10.83,1.82,7.67,0.35,0.28,-99.9,-99.9,8.26,-99.9,6.51,1.54,1.18,31.93,0,0,2960
"2026-03-13 12:47:00",4881,4.99,0,0,0,1.33,15.84,27205.91,32973.62,20.68,120.88,10.55,1.23,5.16,0.28,0.2,-99.9,-99.9,8.24,-99.9,6.63,1.49,1.18,31.93,0,0,2961
"2026-03-13 13:02:00",4882,4.99,0,0,0,1.31,15.97,27389.29,33101.11,20.77,129.92,11.31,1.89,7.94,0.35,0.28,-99.9,-99.9,8.28,-99.9,6.5,1.86,1.18,32.72,0,0,2962
"2026-03-13 13:17:00",4883,5,0,0,0,1.26,15.93,27850.36,33686.63,21.17,129.52,11.26,2.22,9.38,0.4,0.33,-99.9,-99.9,8.27,-99.9,6.46,1.62,1.18,32.72,0,0,2963
"2026-03-13 13:32:00",4884,5.01,0,0,0,1.21,16.06,27410.95,33052.02,20.73,135.38,11.76,2.39,10.1,0.43,0.36,-99.9,-99.9,8.33,-99.9,6.41,1.88,1.17,31.32,0,0,2964
"2026-03-13 13:47:00",4885,4.99,0,0,0,1.18,16.08,27232.2,32826.48,20.58,133.6,11.62,2.41,10.17,0.44,0.37,-99.9,-99.9,8.33,-99.9,6.32,2.92,1.17,31.32,0,0,2965
"2026-03-13 14:02:00",4886,4.99,0,0,0,1.17,16,26966.36,32566.2,20.4,126.54,11.03,1.74,7.34,0.35,0.28,-99.9,-99.9,8.25,-99.9,6.51,1.66,1.17,31.97,0,0,2966
"2026-03-13 14:17:00",4887,5,0,0,0,1.16,16.03,27562.89,33265.01,20.88,126.54,10.99,2.22,9.36,0.45,0.38,-99.9,-99.9,8.28,-99.9,6.4,1.9,1.17,31.97,0,0,2967
"2026-03-13 14:32:00",4888,5,0,0,0,1.15,16.08,27698.78,33385.17,20.96,138.93,12.05,2.9,12.26,0.41,0.34,-99.9,-99.9,8.35,-99.9,6.39,1.97,1.18,33.26,0,0,2968
"2026-03-13 14:47:00",4889,5.01,0,0,0,1.16,16.2,27381.56,32916.26,20.64,138.59,12.02,2.37,10.02,0.44,0.37,-99.9,-99.9,8.35,-99.9,6.48,2,1.18,33.26,0,0,2969
"2026-03-13 15:02:00",4890,4.98,0,0,0,1.19,16.29,27588.39,33094.09,20.76,143.79,12.44,3.38,14.28,0.39,0.32,-99.9,-99.9,8.38,-99.9,6.41,2.39,1.18,31.85,0,0,2970
"2026-03-13 15:17:00",4891,4.99,0,0,0,1.2,16.26,27496.2,33005.69,20.7,136.2,11.79,2.32,9.79,0.4,0.33,-99.9,-99.9,8.32,-99.9,6.37,1.95,1.18,31.85,0,0,2971
"2026-03-13 15:32:00",4892,4.99,0,0,0,1.23,16.47,27545.1,32907.15,20.64,146.11,12.6,3.37,14.28,0.55,0.48,-99.9,-99.9,8.41,-99.9,6.29,2.32,1.17,32.15,0,0,2972
"2026-03-13 15:47:00",4893,5,0,0,0,1.27,16.45,27290.67,32616.4,20.43,135.96,11.74,3.13,13.25,0.48,0.41,-99.9,-99.9,8.35,-99.9,6.27,1.88,1.17,32.15,0,0,2973
"2026-03-13 16:02:00",4894,5.01,0,0,0,1.31,16.45,27157.15,32457.71,20.33,134.41,11.62,2.96,12.51,0.41,0.34,-99.9,-99.9,8.32,-99.9,6.32,1.86,1.18,32.97,0,0,2974
"2026-03-13 16:17:00",4895,4.98,0,0,0,1.38,16.64,27657.86,32915.54,20.64,152.22,13.08,4.27,18.07,0.51,0.44,-99.9,-99.9,8.45,-99.9,6.26,2.34,1.18,32.97,0,0,2975
"2026-03-13 16:32:00",4896,4.99,0,0,0,1.44,16.55,27525.29,32821.12,20.58,146.86,12.65,3.52,14.88,0.46,0.39,-99.9,-99.9,8.41,-99.9,6.27,2.37,1.17,32.35,0,0,2976
"2026-03-13 16:47:00",4897,4.99,0,0,0,1.49,16.48,27362.88,32681.36,20.48,141.37,12.2,2.17,9.16,0.39,0.32,-99.9,-99.9,8.37,-99.9,6.34,1.88,1.17,32.35,0,0,2977
"2026-03-13 17:02:00",4898,5,0,0,0,1.54,16.61,27175.46,32364.19,20.26,140.61,12.12,2.52,10.64,0.43,0.36,-99.9,-99.9,8.36,-99.9,6.3,1.92,1.18,31.37,0,0,2978
"2026-03-13 17:17:00",4899,5.01,0,0,0,1.62,16.74,27115.57,32195.3,20.15,139.81,12.03,2.94,12.45,0.43,0.36,-99.9,-99.9,8.35,-99.9,6.25,1.93,1.18,31.37,0,0,2979
"2026-03-13 17:32:00",4900,4.98,0,0,0,1.68,16.81,27148.64,32181.53,20.14,142.64,12.25,4.44,18.82,0.53,0.46,-99.9,-99.9,8.38,-99.9,6.26,2.12,1.17,31.49,0,0,2980
"2026-03-13 17:47:00",4901,4.99,0,0,0,1.74,16.93,27115.05,32057.51,20.05,143.15,12.28,3.65,15.46,0.45,0.38,-99.9,-99.9,8.38,-99.9,6.27,2.01,1.17,31.49,0,0,2981
"2026-03-13 18:02:00",4902,4.99,0,0,0,1.83,16.8,27548.26,32661.8,20.47,157.87,13.54,2.54,10.73,0.48,0.41,-99.9,-99.9,8.48,-99.9,6.34,2.55,1.18,31.52,0,0,2982
"2026-03-13 18:17:00",4903,5,0,0,0,1.89,16.66,27641.98,32881.85,20.62,152.12,13.07,3.16,13.37,0.52,0.45,-99.9,-99.9,8.44,-99.9,6.31,2.15,1.18,31.52,0,0,2983
"2026-03-13 18:32:00",4904,5.01,0,0,0,1.95,16.79,27797.93,32968.05,20.68,154.51,13.24,4.24,17.97,0.53,0.46,-99.9,-99.9,8.45,-99.9,6.1,2.03,1.18,31.9,0,0,2984
"2026-03-13 18:47:00",4905,4.99,0,0,0,2.02,16.79,27746.5,32909.12,20.64,152.32,13.05,5.15,21.82,0.56,0.49,-99.9,-99.9,8.44,-99.9,6.1,2.38,1.18,31.9,0,0,2985
"2026-03-13 19:02:00",4906,4.99,0,0,0,2.09,16.75,27801.09,32998.17,20.7,153.67,13.17,3.65,15.44,0.56,0.49,-99.9,-99.9,8.45,-99.9,6.16,2.41,1.18,31.27,0,0,2986
"2026-03-13 19:17:00",4907,5,0,0,0,2.15,16.72,27765.3,32982.02,20.69,152.43,13.08,4.38,18.57,0.68,0.61,-99.9,-99.9,8.43,-99.9,6.14,2.43,1.18,31.27,0,0,2987
"2026-03-13 19:32:00",4908,4.99,0,0,0,2.21,16.75,27807.59,33005.59,20.7,152.55,13.08,3.84,16.25,0.54,0.47,-99.9,-99.9,8.44,-99.9,6.11,2.19,1.18,32.13,0,0,2988
"2026-03-13 19:47:00",4909,5.01,0,0,0,2.28,16.75,27818.95,33025.09,20.72,151.32,12.97,3.53,14.92,0.57,0.5,-99.9,-99.9,8.44,-99.9,6.17,2.37,1.18,32.13,0,0,2989
"2026-03-13 20:02:00",4910,4.98,0,0,0,2.32,16.74,27850.82,33069.79,20.75,153.29,13.14,5,21.17,0.57,0.5,-99.9,-99.9,8.45,-99.9,6.18,2.36,1.17,31.89,0,0,2990
"2026-03-13 20:17:00",4911,4.99,0,0,0,2.36,16.74,27825.63,33035.68,20.72,151.98,13.03,4.05,17.14,0.62,0.55,-99.9,-99.9,8.43,-99.9,6.17,2.43,1.17,31.89,0,0,2991
"2026-03-13 20:32:00",4912,4.99,0,0,0,2.4,16.79,27657.93,32802.52,20.56,149.62,12.83,3.7,15.67,0.54,0.47,-99.9,-99.9,8.42,-99.9,6.16,2.14,1.18,33.14,0,0,2992
"2026-03-13 20:47:00",4913,5,0,0,0,2.43,16.75,27597.63,32756.1,20.53,146.66,12.58,12.07,51.27,0.6,0.53,-99.9,-99.9,8.42,-99.9,6.22,2.79,1.18,33.14,0,0,2993
"2026-03-13 21:02:00",4914,5,0,0,0,2.46,16.72,27520.11,32688.27,20.49,146.26,12.56,7.17,30.43,0.57,0.5,-99.9,-99.9,8.42,-99.9,6.26,2.26,1.18,31.65,0,0,2994
"2026-03-13 21:17:00",4915,4.98,0,0,0,2.5,16.7,27761.74,32992.4,20.69,148.58,12.75,3.55,15.02,0.58,0.51,-99.9,-99.9,8.42,-99.9,6.25,2.46,1.18,31.65,0,0,2995
"2026-03-13 21:32:00",4916,4.98,0,0,0,2.51,16.72,27721.01,32926.21,20.65,147.06,12.62,4.47,18.92,0.69,0.62,-99.9,-99.9,8.42,-99.9,6.27,3.31,1.18,31.17,0,0,2996
"2026-03-13 21:47:00",4917,4.99,0,0,0,2.51,16.72,27712.03,32915.48,20.64,146.62,12.58,5.18,21.95,0.63,0.56,-99.9,-99.9,8.42,-99.9,6.23,2.3,1.18,31.17,0,0,2997
"2026-03-13 22:02:00",4918,4.99,0,0,0,2.51,16.69,27662.73,32880.38,20.62,145.34,12.48,3.45,14.6,0.56,0.49,-99.9,-99.9,8.41,-99.9,6.26,2.8,1.18,31.92,0,0,2998
"2026-03-13 22:17:00",4919,5.01,0,0,0,2.48,16.52,28057.36,33482.03,21.03,144.71,12.44,2.34,9.88,0.45,0.38,-99.9,-99.9,8.39,-99.9,6.24,2.48,1.18,31.92,0,0,2999
"2026-03-13 22:32:00",4920,4.97,0,0,0,2.46,16.37,28080.01,33624.88,21.13,141.39,12.18,2.73,11.55,0.48,0.41,-99.9,-99.9,8.37,-99.9,6.2,3.61,1.18,31.74,0,0,3000
"2026-03-13 22:47:00",4921,4.99,0,0,0,2.44,16.22,28292.46,33996.77,21.39,143.74,12.4,3.9,16.53,0.45,0.38,-99.9,-99.9,8.37,-99.9,6.19,2.09,1.18,31.74,0,0,3001
"2026-03-13 23:02:00",4922,4.98,0,0,0,2.41,16.37,28211.08,33778.22,21.24,141.78,12.21,5.35,22.69,0.56,0.49,-99.9,-99.9,8.37,-99.9,6.22,2.73,1.17,31.89,0,0,3002
"2026-03-13 23:17:00",4923,4.99,0,0,0,2.38,16.41,28165.01,33694.38,21.18,142.8,12.29,6.7,28.42,0.54,0.47,-99.9,-99.9,8.39,-99.9,6.17,2.05,1.17,31.89,0,0,3003
"2026-03-13 23:32:00",4924,5,0,0,0,2.35,16.41,28152.11,33674.25,21.16,140.57,12.1,3.77,15.95,0.6,0.53,-99.9,-99.9,8.37,-99.9,6.23,2.42,1.18,32.23,0,0,3004
"2026-03-13 23:47:00",4925,4.98,0,0,0,2.32,16.57,27822.44,33160.32,20.81,138.81,11.93,2.08,8.78,0.49,0.42,-99.9,-99.9,8.36,-99.9,6.21,2.23,1.18,32.23,0,0,3005
"2026-03-14 00:02:00",4926,4.98,0,0,0,2.28,16.57,27918.04,33278.95,20.89,137.62,11.83,2.41,10.19,0.46,0.39,-99.9,-99.9,8.37,-99.9,6.14,1.91,1.17,31.44,0,0,3006
"2026-03-14 00:17:00",4927,4.99,0,0,0,2.24,16.57,27801.4,33134.79,20.79,138.18,11.88,2.32,9.79,0.52,0.45,-99.9,-99.9,8.36,-99.9,6.29,2.86,1.17,31.44,0,0,3007
"2026-03-14 00:32:00",4928,4.99,0,0,0,2.19,16.58,27762.81,33086.55,20.76,136.15,11.71,3.4,14.4,0.45,0.38,-99.9,-99.9,8.36,-99.9,6.16,1.91,1.18,32,0,0,3008
"2026-03-14 00:47:00",4929,5,0,0,0,2.14,16.3,27934.99,33500.35,21.04,131.5,11.35,1.67,7.01,0.36,0.29,-99.9,-99.9,8.29,-99.9,6.27,1.52,1.18,32,0,0,3009
"2026-03-14 01:02:00",4930,4.97,0,0,0,2.11,16.35,27905.22,33427.08,20.99,130.18,11.23,1.82,7.68,0.37,0.3,-99.9,-99.9,8.29,-99.9,6.35,1.76,1.17,31.32,0,0,3010
"2026-03-14 01:17:00",4931,4.98,0,0,0,2.08,16.46,27837.54,33264.27,20.88,129.94,11.19,2.46,10.37,0.36,0.29,-99.9,-99.9,8.31,-99.9,6.37,1.7,1.17,31.32,0,0,3011
"2026-03-14 01:32:00",4932,4.98,0,0,0,2.04,16.3,28105.21,33704.28,21.18,131.16,11.31,2.44,10.3,0.37,0.3,-99.9,-99.9,8.3,-99.9,6.08,2.25,1.18,31.85,0,0,3012
"2026-03-14 01:47:00",4933,4.99,0,0,0,2.03,16.33,28179.43,33772.79,21.23,132.1,11.38,3.14,13.27,0.62,0.55,-99.9,-99.9,8.32,-99.9,6.17,1.81,1.18,31.85,0,0,3013
"2026-03-14 02:02:00",4934,4.99,0,0,0,2.01,16.33,27958.29,33509.42,21.05,124.08,10.7,2.74,11.59,0.37,0.3,-99.9,-99.9,8.27,-99.9,6.26,1.56,1.18,31.42,0,0,3014
"2026-03-14 02:17:00",4935,4.98,0,0,0,2.01,16.33,28192.86,33789.1,21.24,134.57,11.6,1.97,8.3,0.43,0.36,-99.9,-99.9,8.33,-99.9,6.34,2.04,1.18,31.42,0,0,3015
"2026-03-14 02:32:02",4936,4.98,0,0,0,2.01,16.41,28082.37,33595.3,21.11,132.75,11.43,2.66,11.25,0.45,0.38,-99.9,-99.9,8.33,-99.9,6.12,1.88,1.18,31.6,0,0,3016
"2026-03-14 02:47:00",4937,4.98,0,0,0,2.01,16.4,28057.32,33575.22,21.1,130.54,11.24,2.61,11.02,0.45,0.38,-99.9,-99.9,8.31,-99.9,6.02,2.04,1.18,31.6,0,0,3017
"2026-03-14 03:02:00",4938,4.99,0,0,0,2,16.3,27956.48,33531.49,21.07,126.27,10.9,2.25,9.5,0.5,0.43,-99.9,-99.9,8.26,-99.9,6.15,2.46,1.18,31.02,0,0,3018
"2026-03-14 03:17:00",4939,5,0,0,0,2.01,16.28,27938.25,33524.15,21.06,125.06,10.8,1.87,7.89,0.37,0.3,-99.9,-99.9,8.26,-99.9,6.01,1.34,1.18,31.02,0,0,3019
"2026-03-14 03:32:00",4940,4.97,0,0,0,2.04,16.27,27966.33,33561.59,21.09,125.39,10.83,3.36,14.2,0.44,0.37,-99.9,-99.9,8.28,-99.9,6.1,1.61,1.18,32.35,0,0,3020
"2026-03-14 03:47:00",4941,4.98,0,0,0,2.07,16.25,27992.04,33611.86,21.12,123.88,10.7,1.99,8.38,0.38,0.31,-99.9,-99.9,8.26,-99.9,6.34,1.53,1.18,32.35,0,0,3021
"2026-03-14 04:02:00",4942,4.98,0,0,0,2.11,16.23,28089.77,33738.24,21.21,127.28,10.99,2.55,10.78,0.43,0.36,-99.9,-99.9,8.27,-99.9,6.2,1.54,1.17,31.41,0,0,3022
"2026-03-14 04:17:00",4943,4.99,0,0,0,2.15,16.36,27959.25,33482.82,21.03,134.29,11.58,1.61,6.78,0.32,0.24,-99.9,-99.9,8.31,-99.9,6.39,1.44,1.17,31.41,0,0,3023
"2026-03-14 04:32:00",4944,4.99,0,0,0,2.18,16.5,27937.56,33350.55,20.94,141.49,12.17,3.4,14.37,0.51,0.44,-99.9,-99.9,8.4,-99.9,6.48,2.4,1.18,32.1,0,0,3024
"2026-03-14 04:47:00",4945,4.98,0,0,0,2.23,16.51,27929.38,33332.68,20.93,136.54,11.74,3.17,13.4,0.49,0.42,-99.9,-99.9,8.35,-99.9,6.45,2.19,1.18,32.1,0,0,3025
"2026-03-14 05:02:00",4946,4.98,0,0,0,2.27,16.49,28008.16,33443.5,21.01,145.28,12.5,3.83,16.23,0.53,0.46,-99.9,-99.9,8.4,-99.9,6.51,2.67,1.17,31.91,0,0,3026
"2026-03-14 05:17:00",4947,4.98,0,0,0,2.32,16.5,28006.58,33431.72,21,151.78,13.05,5.83,24.71,0.61,0.54,-99.9,-99.9,8.42,-99.9,6.51,2.45,1.17,31.91,0,0,3027
"2026-03-14 05:32:00",4948,4.99,0,0,0,2.37,16.44,28026.01,33500.78,21.04,141.69,12.2,5.63,23.89,0.74,0.67,-99.9,-99.9,8.37,-99.9,6.38,2.48,1.18,31.75,0,0,3028
"2026-03-14 05:47:00",4949,4.99,0,0,0,2.43,16.37,27981.62,33500.91,21.04,144.24,12.43,4.95,20.96,0.53,0.46,-99.9,-99.9,8.38,-99.9,6.43,2.75,1.18,31.75,0,0,3029
"2026-03-14 06:02:00",4950,4.97,0,0,0,2.47,16.27,28009.47,33611.96,21.12,134.45,11.61,4.29,18.16,0.63,0.56,-99.9,-99.9,8.31,-99.9,6.32,2.12,1.17,31.33,0,0,3030
"2026-03-14 06:17:00",4951,4.98,0,0,0,2.52,16.2,28095.74,33770.56,21.23,131.22,11.34,5.41,22.94,0.57,0.5,-99.9,-99.9,8.3,-99.9,6.31,2.16,1.17,31.33,0,0,3031
"2026-03-14 06:32:00",4952,4.97,0,0,0,2.56,16.15,28101.39,33816.6,21.26,129.26,11.18,3.45,14.61,0.53,0.46,-99.9,-99.9,8.28,-99.9,6.34,2.05,1.18,31.43,0,0,3032
"2026-03-14 06:47:00",4953,4.99,0,0,0,2.61,16.25,28074.92,33707.35,21.19,132.95,11.48,2.77,11.71,0.52,0.45,-99.9,-99.9,8.31,-99.9,6.36,2.13,1.18,31.43,0,0,3033
"2026-03-14 07:02:00",4954,4.99,0,0,0,2.65,16.2,28121.02,33806.44,21.25,131.97,11.4,5.41,22.93,0.56,0.49,-99.9,-99.9,8.3,-99.9,6.34,2.11,1.18,32.99,0,0,3034
"2026-03-14 07:17:00",4955,4.97,0,0,0,2.67,16.21,28124.73,33800.77,21.25,132.78,11.47,5.29,22.43,0.45,0.38,-99.9,-99.9,8.3,-99.9,6.34,2.19,1.18,32.99,0,0,3035
"2026-03-14 07:32:00",4956,4.97,0,0,0,2.7,15.97,28337.34,34243.73,21.56,122.11,10.58,2.08,8.77,0.3,0.22,-99.9,-99.9,8.21,-99.9,6.25,2.3,1.17,31.49,0,0,3036
"2026-03-14 07:47:00",4957,4.98,0,0,0,2.73,15.98,28239.01,34115.5,21.47,122.82,10.64,3.71,15.69,0.37,0.29,-99.9,-99.9,8.22,-99.9,6.27,2.29,1.17,31.49,0,0,3037
"2026-03-14 08:02:00",4958,4.98,0,0,0,2.75,15.6,28943.04,35272.78,22.27,108.2,9.4,1.55,6.51,0.31,0.23,-99.9,-99.9,8.1,-99.9,6.11,2.65,1.18,32.52,0,0,3038
"2026-03-14 08:17:00",4959,4.99,0,0,0,2.74,15.49,29023.68,35468.47,22.4,105,9.14,1.33,5.57,0.31,0.24,-99.9,-99.9,8.08,-99.9,6.05,1.87,1.18,32.52,0,0,3039
"2026-03-14 08:32:00",4960,4.96,0,0,0,2.73,15.2,29646.18,36474.01,23.1,96.62,8.42,1.43,6.02,0.31,0.24,-99.9,-99.9,7.99,-99.9,5.86,2.38,1.18,32.52,0,0,3040
"2026-03-14 08:47:00",4961,4.97,0,0,0,2.72,15.82,28528.82,34591.52,21.8,107.33,9.31,1.71,7.19,0.33,0.26,-99.9,-99.9,8.18,-99.9,6.17,2.1,1.18,32.52,0,0,3041
"2026-03-14 09:02:00",4962,4.97,0,0,0,2.7,16.14,28162.12,33900.94,21.32,124.9,10.8,1.57,6.59,0.46,0.39,-99.9,-99.9,8.27,-99.9,6.43,1.9,1.18,31.85,0,0,3042
"2026-03-14 09:17:00",4963,4.98,0,0,0,2.66,16.17,28240.05,33966.5,21.37,121.45,10.49,2.02,8.51,0.34,0.27,-99.9,-99.9,8.27,-99.9,6.41,2.18,1.18,31.85,0,0,3043
"2026-03-14 09:32:00",4964,4.99,0,0,0,2.61,16.09,28226.58,34013.73,21.4,118.23,10.23,1.68,7.06,0.35,0.27,-99.9,-99.9,8.21,-99.9,6.45,2.27,1.18,31.85,0,0,3044
"2026-03-14 09:47:00",4965,4.97,0,0,0,2.57,16.4,27973.58,33474.86,21.03,128.15,11.04,1.58,6.65,0.29,0.21,-99.9,-99.9,8.3,-99.9,6.55,1.84,1.18,31.85,0,0,3045
"2026-03-14 10:02:00",4966,4.97,0,0,0,2.48,16.07,28324.81,34150.29,21.49,123.04,10.64,1.82,7.66,0.34,0.27,-99.9,-99.9,8.22,-99.9,6.37,2.53,1.17,32.57,0,0,3046
"2026-03-14 10:17:00",4967,4.97,0,0,0,2.4,15.46,29258.23,35780.16,22.62,106.74,9.28,1.81,7.64,0.35,0.28,-99.9,-99.9,8.08,-99.9,5.99,1.73,1.17,32.57,0,0,3047
"2026-03-14 10:32:00",4968,4.98,0,0,0,2.29,15.55,29008.45,35399.9,22.36,108.3,9.42,2.05,8.64,0.41,0.33,-99.9,-99.9,8.11,-99.9,6.05,1.75,1.18,32.35,0,0,3048
"2026-03-14 10:47:00",4969,4.99,0,0,0,2.21,15.81,28448.93,34503.33,21.73,112.96,9.81,2.91,12.28,0.45,0.38,-99.9,-99.9,8.2,-99.9,6.12,1.83,1.18,32.35,0,0,3049
"2026-03-14 11:02:00",4970,4.96,0,0,0,2.11,16.11,28201.56,33968.23,21.37,128.09,11.08,3.57,15.1,0.45,0.38,-99.9,-99.9,8.28,-99.9,6.35,2.04,1.18,32.05,0,0,3050
"2026-03-14 11:17:00",4971,4.97,0,0,0,2.03,16,28312.29,34185.99,21.52,120.65,10.45,1.98,8.34,0.35,0.28,-99.9,-99.9,8.23,-99.9,6.32,1.73,1.18,32.05,0,0,3051
"2026-03-14 11:32:00",4972,4.97,0,0,0,1.91,15.88,28455.41,34454.44,21.7,122.39,10.61,1.94,8.17,0.43,0.36,-99.9,-99.9,8.22,-99.9,6.22,1.69,1.18,32.05,0,0,3052
"2026-03-14 11:47:00",4973,4.98,0,0,0,1.81,15.93,28510.49,34482.06,21.72,128.39,11.12,2.03,8.54,0.41,0.33,-99.9,-99.9,8.25,-99.9,6.26,1.64,1.18,32.05,0,0,3053
"2026-03-14 12:02:00",4974,4.98,0,0,0,1.72,15.93,28481.42,34448.51,21.7,126.2,10.93,1.69,7.13,0.48,0.41,-99.9,-99.9,8.24,-99.9,6.23,1.75,1.18,32.1,0,0,3054
"2026-03-14 12:17:00",4975,4.96,0,0,0,1.62,16.07,28275.8,34090.13,21.45,126.98,10.98,3.09,13.06,0.46,0.39,-99.9,-99.9,8.31,-99.9,6.22,1.87,1.18,32.1,0,0,3055
"2026-03-14 12:32:00",4976,4.96,0,0,0,1.53,16.12,28117.05,33862.63,21.29,140.69,12.17,3.77,15.98,0.53,0.46,-99.9,-99.9,8.38,-99.9,6.27,2.09,1.17,32.51,0,0,3056
"2026-03-14 12:47:00",4977,4.97,0,0,0,1.45,16.17,28128.96,33838.03,21.28,142.92,12.35,6.28,26.66,0.57,0.5,-99.9,-99.9,8.38,-99.9,6.26,2.01,1.17,32.51,0,0,3057
"2026-03-14 13:02:00",4978,4.97,0,0,0,1.36,16.08,27780.29,33487.89,21.03,128.69,11.16,1.98,8.36,0.38,0.31,-99.9,-99.9,8.3,-99.9,6.39,1.72,1.17,32.47,0,0,3058
"2026-03-14 13:17:00",4979,4.98,0,0,0,1.29,16.17,28193.39,33909.19,21.33,141.52,12.23,2.49,10.54,0.39,0.32,-99.9,-99.9,8.35,-99.9,6.32,1.76,1.17,32.47,0,0,3059
"2026-03-14 13:32:00",4980,4.96,0,0,0,1.23,16.07,28211.38,34009.88,21.4,128.69,11.14,2.81,11.86,0.4,0.33,-99.9,-99.9,8.29,-99.9,6.26,1.89,1.18,32.62,0,0,3060
"2026-03-14 13:47:00",4981,4.97,0,0,0,1.17,16.19,27833.99,33464.46,21.02,125.72,10.88,1.67,7.03,0.33,0.26,-99.9,-99.9,8.27,-99.9,6.33,1.46,1.18,32.62,0,0,3061
"2026-03-14 14:02:00",4982,4.97,0,0,0,1.11,16.04,28249.32,34080.56,21.44,125.04,10.82,1.86,7.83,0.37,0.29,-99.9,-99.9,8.25,-99.9,6.31,1.74,1.18,32.3,0,0,3062
"2026-03-14 14:17:00",4983,4.98,0,0,0,1.08,16.18,28326.38,34063.19,21.43,143.86,12.42,2.68,11.33,0.52,0.45,-99.9,-99.9,8.37,-99.9,6.28,1.96,1.18,32.3,0,0,3063
"2026-03-14 14:32:00",4984,4.98,0,0,0,1.04,16.38,28430.72,34032,21.41,157.5,13.54,2.77,11.7,0.56,0.49,-99.9,-99.9,8.46,-99.9,6.3,2.45,1.18,31.75,0,0,3064
"2026-03-14 14:47:00",4985,4.96,0,0,0,1.04,16.37,28391.58,33998.11,21.39,155.03,13.34,2.51,10.6,0.56,0.49,-99.9,-99.9,8.44,-99.9,6.19,2.2,1.18,31.75,0,0,3065
"2026-03-14 15:02:00",4986,4.96,0,0,0,1.03,16.43,28412.5,33970.78,21.37,156.36,13.43,3.41,14.43,0.52,0.44,-99.9,-99.9,8.46,-99.9,6.25,2.03,1.17,31.15,0,0,3066
"2026-03-14 15:17:00",4987,4.97,0,0,0,1.03,16.41,28380.25,33948.68,21.35,153.98,13.24,3.47,14.69,0.52,0.45,-99.9,-99.9,8.44,-99.9,6.18,2.63,1.17,31.15,0,0,3067
"2026-03-14 15:32:00",4988,4.97,0,0,0,1.03,16.31,28414.39,34072.3,21.44,150.93,13,5.79,24.55,0.59,0.53,-99.9,-99.9,8.4,-99.9,6.2,2.19,1.17,31.7,0,0,3068
"2026-03-14 15:47:00",4989,4.98,0,0,0,1.05,16.5,28330.3,33818.06,21.26,153.26,13.16,3.25,13.74,0.62,0.55,-99.9,-99.9,8.47,-99.9,6.18,2.48,1.17,31.7,0,0,3069
"2026-03-14 16:02:00",4990,4.96,0,0,0,1.07,16.45,28200.06,33706.15,21.19,147.02,12.64,2.44,10.3,0.47,0.39,-99.9,-99.9,8.41,-99.9,6.08,1.91,1.18,31.77,0,0,3070
"2026-03-14 16:17:00",4991,4.96,0,0,0,1.12,16.51,27956.93,33366.93,20.95,137.28,11.81,3.62,15.31,0.35,0.28,-99.9,-99.9,8.36,-99.9,6.06,1.36,1.18,31.77,0,0,3071
"2026-03-14 16:32:00",4992,4.96,0,0,0,1.17,16.79,27843.85,33024.52,20.72,136.35,11.68,2.36,9.96,0.42,0.35,-99.9,-99.9,8.37,-99.9,5.92,1.79,1.17,32.25,0,0,3072
"2026-03-14 16:47:00",4993,4.98,0,0,0,1.24,17.49,28144.06,32857.76,20.6,148.85,12.58,3.58,15.15,0.48,0.41,-99.9,-99.9,8.46,-99.9,5.62,1.79,1.17,32.25,0,0,3073
"2026-03-14 17:02:00",4994,4.98,0,0,0,1.31,17.54,28224.9,32916.17,20.64,149.65,12.63,2.3,9.69,0.34,0.27,-99.9,-99.9,8.46,-99.9,5.62,1.8,1.17,31.69,0,0,3074
"2026-03-14 17:17:00",4995,4.96,0,0,0,1.36,16.58,28314.32,33739.04,21.21,157.9,13.54,3.32,14.07,0.49,0.42,-99.9,-99.9,8.47,-99.9,6.14,2.29,1.17,31.69,0,0,3075
"2026-03-14 17:32:00",4996,4.96,0,0,0,1.45,16.82,28196.93,33415.79,20.99,165.32,14.13,5.76,24.43,0.5,0.43,-99.9,-99.9,8.52,-99.9,5.95,2.18,1.18,31.12,0,0,3076
"2026-03-14 17:47:00",4997,4.97,0,0,0,1.52,16.94,28212.6,33346.04,20.94,166.2,14.17,4.26,18.03,0.64,0.57,-99.9,-99.9,8.52,-99.9,5.88,2.22,1.18,31.12,0,0,3077
"2026-03-14 18:02:00",4998,4.97,0,0,0,1.59,16.9,28265.45,33439.08,21,165.61,14.13,5.12,21.72,0.63,0.56,-99.9,-99.9,8.52,-99.9,5.94,2.2,1.18,31.69,0,0,3078
"2026-03-14 18:17:00",4999,4.98,0,0,0,1.67,17.05,28404.77,33491.72,21.04,166.01,14.12,4.72,19.99,0.52,0.45,-99.9,-99.9,8.52,-99.9,6.01,2.45,1.18,31.69,0,0,3079
"2026-03-14 18:32:00",5000,4.96,0,0,0,1.74,17.1,28456.07,33515.5,21.06,167.01,14.19,5.97,25.33,0.54,0.47,-99.9,-99.9,8.53,-99.9,5.86,2.21,1.18,32.11,0,0,3080
"2026-03-14 18:47:00",5001,4.97,0,0,0,1.83,17.13,28472.59,33508.42,21.05,167.73,14.24,5.21,22.07,0.55,0.48,-99.9,-99.9,8.53,-99.9,5.87,2.45,1.18,32.11,0,0,3081
"2026-03-14 19:02:00",5002,4.97,0,0,0,1.91,17.19,28494.59,33490.31,21.04,165.45,14.03,4.18,17.71,0.61,0.54,-99.9,-99.9,8.53,-99.9,5.75,2.43,1.18,32.15,0,0,3082
"2026-03-14 19:17:00",5003,4.97,0,0,0,1.98,17.19,28505.57,33502.34,21.05,164.35,13.94,3.82,16.15,0.5,0.43,-99.9,-99.9,8.53,-99.9,5.87,2.31,1.18,32.15,0,0,3083
"2026-03-14 19:32:00",5004,4.98,0,0,0,2.07,17.19,28509.78,33504.8,21.05,169.03,14.33,4.26,18.06,0.58,0.51,-99.9,-99.9,8.55,-99.9,5.89,2.84,1.18,32.6,0,0,3084
"2026-03-14 19:47:00",5005,4.96,0,0,0,2.14,17.18,28512.52,33516.59,21.06,166.16,14.09,4.76,20.16,0.49,0.41,-99.9,-99.9,8.54,-99.9,5.92,2.69,1.18,32.6,0,0,3085
"2026-03-14 20:02:00",5006,4.96,0,0,0,2.21,17.2,28551.09,33547.25,21.08,166.15,14.08,6.89,29.22,0.58,0.51,-99.9,-99.9,8.53,-99.9,5.88,2.51,1.18,31.74,0,0,3086
"2026-03-14 20:17:00",5007,4.97,0,0,0,2.29,17.12,28666.99,33743.02,21.21,164.31,13.94,4.39,18.6,0.5,0.43,-99.9,-99.9,8.54,-99.9,5.94,2.59,1.18,31.74,0,0,3087
"2026-03-14 20:32:00",5008,4.97,0,0,0,2.35,17.15,28686.04,33746.28,21.22,164.27,13.93,6.89,29.23,0.67,0.6,-99.9,-99.9,8.52,-99.9,5.88,2.47,1.18,31.91,0,0,3088
"2026-03-14 20:47:00",5009,4.98,0,0,0,2.41,17.06,28629.81,33744.06,21.21,157.42,13.37,5.5,23.34,0.57,0.5,-99.9,-99.9,8.49,-99.9,5.88,2.22,1.18,31.91,0,0,3089
"2026-03-14 21:02:00",5010,4.96,0,0,0,2.46,17.08,28737.24,33860.4,21.3,165.82,14.07,3.79,16.04,0.61,0.54,-99.9,-99.9,8.52,-99.9,5.95,2.72,1.17,31.15,0,0,3090
"2026-03-14 21:17:00",5011,4.96,0,0,0,2.49,17.06,28689.37,33820.77,21.27,164.72,13.99,6.44,27.31,0.6,0.53,-99.9,-99.9,8.51,-99.9,5.98,2.53,1.17,31.15,0,0,3091
"2026-03-14 21:32:00",5012,4.96,0,0,0,2.53,17.02,28731.27,33899.03,21.32,166.15,14.11,5.2,22.03,0.65,0.58,-99.9,-99.9,8.52,-99.9,6.06,3.12,1.18,32.37,0,0,3092
"2026-03-14 21:47:00",5013,4.97,0,0,0,2.55,16.94,28581.49,33779.47,21.24,158.49,13.49,4.25,17.99,0.6,0.53,-99.9,-99.9,8.48,-99.9,6.01,2.41,1.18,32.37,0,0,3093
"2026-03-14 22:02:00",5014,4.98,0,0,0,2.57,16.88,28848.77,34145.97,21.49,169.76,14.45,5.61,23.79,0.86,0.8,-99.9,-99.9,8.53,-99.9,6.16,2.71,1.17,30.92,0,0,3094
"2026-03-14 22:17:00",5015,4.96,0,0,0,2.57,16.37,29311.6,35097.85,22.15,166.86,14.29,4.87,20.65,0.6,0.53,-99.9,-99.9,8.47,-99.9,6.29,3.76,1.17,30.92,0,0,3095
"2026-03-14 22:32:00",5016,4.96,0,0,0,2.56,16.39,29160.45,34903.08,22.02,163.04,13.97,4.72,20.01,0.55,0.48,-99.9,-99.9,8.46,-99.9,6.15,2.3,1.18,31.85,0,0,3096
"2026-03-14 22:47:00",5017,4.96,0,0,0,2.54,16.2,29220.67,35126.11,22.17,156.03,13.4,4.59,19.44,0.57,0.5,-99.9,-99.9,8.4,-99.9,6.05,2.21,1.18,31.85,0,0,3097
"2026-03-14 23:02:00",5018,4.96,0,0,0,2.53,16.01,29284.48,35353.95,22.33,139.42,12.01,4.84,20.5,0.5,0.43,-99.9,-99.9,8.31,-99.9,5.84,1.95,1.18,31.62,0,0,3098
"2026-03-14 23:17:00",5019,4.97,0,0,0,2.47,15.78,29848.1,36225.06,22.93,134.01,11.55,3.45,14.6,0.53,0.46,-99.9,-99.9,8.28,-99.9,5.64,2.48,1.18,31.62,0,0,3099
"2026-03-14 23:32:00",5020,4.95,0,0,0,2.45,15.77,29678.69,36033.26,22.8,129.58,11.19,4.59,19.47,0.65,0.58,-99.9,-99.9,8.26,-99.9,5.71,2.29,1.18,32.51,0,0,3100
"2026-03-14 23:47:00",5021,4.96,0,0,0,2.41,16.12,29285.93,35266.24,22.27,134.11,11.53,5.71,24.23,0.65,0.58,-99.9,-99.9,8.35,-99.9,5.97,2.22,1.18,32.51,0,0,3101
"2026-03-15 00:02:00",5022,4.96,0,0,0,2.36,16.42,29066.49,34760.3,21.92,150.66,12.9,4.39,18.6,0.59,0.52,-99.9,-99.9,8.44,-99.9,6.13,2.07,1.17,32.4,0,0,3102
"2026-03-15 00:17:00",5023,4.97,0,0,0,2.33,16.93,28761.16,34005.79,21.4,152.11,12.94,3.71,15.73,0.46,0.38,-99.9,-99.9,8.46,-99.9,6.17,2.2,1.17,32.4,0,0,3103
"2026-03-15 00:32:00",5024,4.97,0,0,0,2.28,16.79,28717.08,34058.79,21.43,152.3,12.99,3.89,16.45,0.49,0.42,-99.9,-99.9,8.45,-99.9,6.14,2.2,1.19,32.52,0,0,3104
"2026-03-15 00:47:00",5025,4.95,0,0,0,2.2,16.26,28945.76,34744.45,21.9,135.69,11.66,2.88,12.16,0.46,0.39,-99.9,-99.9,8.32,-99.9,6.18,2.34,1.19,32.52,0,0,3105
"2026-03-15 01:02:00",5026,4.95,0,0,0,2.13,16.24,28937.71,34753.38,21.91,133.25,11.46,2.46,10.4,0.4,0.33,-99.9,-99.9,8.3,-99.9,6.19,1.83,1.19,31.63,0,0,3106
"2026-03-15 01:17:00",5027,4.96,0,0,0,2.07,15.96,29119.71,35194.4,22.22,126.74,10.94,3.9,16.53,0.47,0.4,-99.9,-99.9,8.24,-99.9,5.8,1.7,1.19,31.63,0,0,3107
"2026-03-15 01:32:00",5028,4.96,0,0,0,2.02,16.22,29042.71,34893.57,22.01,137.14,11.79,3.54,14.96,0.81,0.75,-99.9,-99.9,8.34,-99.9,6.14,2.49,1.18,32.3,0,0,3108
"2026-03-15 01:47:00",5029,4.97,0,0,0,1.97,16.13,29032.17,34954.69,22.05,132.38,11.4,2.58,10.91,0.44,0.36,-99.9,-99.9,8.28,-99.9,6.06,1.62,1.18,32.3,0,0,3109
"2026-03-15 02:02:00",5030,4.95,0,0,0,1.93,16.03,29013.48,35009.42,22.09,128.54,11.08,3.31,14.02,0.44,0.37,-99.9,-99.9,8.26,-99.9,6,1.6,1.18,32.17,0,0,3110
"2026-03-15 02:17:00",5031,4.96,0,0,0,1.89,16.12,28996.63,34919.22,22.03,130.17,11.21,2.19,9.24,0.35,0.28,-99.9,-99.9,8.27,-99.9,6.02,1.69,1.18,32.17,0,0,3111
"2026-03-15 02:32:00",5032,4.95,0,0,0,1.87,16.2,28967.34,34818.49,21.96,130.57,11.23,2.84,12,0.43,0.36,-99.9,-99.9,8.29,-99.9,6.04,1.81,1.17,32.55,0,0,3112
"2026-03-15 02:47:00",5033,4.96,0,0,0,1.86,16.03,29023.78,35025.28,22.1,127.79,11.02,2.58,10.89,0.43,0.36,-99.9,-99.9,8.24,-99.9,6,1.46,1.17,32.55,0,0,3113
"2026-03-15 03:02:00",5034,4.96,0,0,0,1.83,15.97,29057.28,35113.01,22.16,125.21,10.81,2,8.44,0.38,0.31,-99.9,-99.9,8.24,-99.9,5.84,1.7,1.17,31.84,0,0,3114
"2026-03-15 03:17:00",5035,4.95,0,0,0,1.83,16.18,28911.06,34770.27,21.92,130.03,11.19,3.05,12.91,0.44,0.37,-99.9,-99.9,8.29,-99.9,6.15,1.6,1.17,31.84,0,0,3115
"2026-03-15 03:32:00",5036,4.95,0,0,0,1.83,16.11,29036.32,34973.2,22.06,125.88,10.84,2.13,8.97,0.45,0.38,-99.9,-99.9,8.26,-99.9,6.08,2.26,1.17,31.77,0,0,3116
"2026-03-15 03:47:00",5037,4.96,0,0,0,1.83,16.12,28983.36,34900.77,22.01,126.81,10.92,1.7,7.14,0.41,0.34,-99.9,-99.9,8.26,-99.9,5.97,1.61,1.17,31.77,0,0,3117
"2026-03-15 04:02:00",5038,4.96,0,0,0,1.86,16.13,28941.98,34844.79,21.97,124.1,10.69,1.79,7.52,0.36,0.29,-99.9,-99.9,8.25,-99.9,6,1.67,1.18,32.84,0,0,3118
"2026-03-15 04:17:00",5039,4.97,0,0,0,1.88,16.18,28932.15,34796.67,21.94,118.08,10.16,3.55,15.02,0.53,0.46,-99.9,-99.9,8.25,-99.9,5.93,1.68,1.18,32.84,0,0,3119
"2026-03-15 04:32:00",5040,4.94,0,0,0,1.92,16.25,28887.82,34683.92,21.86,123.7,10.63,2.14,9.05,0.47,0.39,-99.9,-99.9,8.27,-99.9,6.06,1.65,1.17,31.81,0,0,3120
"2026-03-15 04:47:00",5041,4.95,0,0,0,1.97,16.25,28880.04,34673.1,21.86,126.88,10.91,3.39,14.35,0.34,0.27,-99.9,-99.9,8.28,-99.9,6.14,1.46,1.17,31.81,0,0,3121
"2026-03-15 05:02:00",5042,4.95,0,0,0,1.99,16.12,28929.68,34835.16,21.97,123,10.6,1.63,6.87,0.41,0.34,-99.9,-99.9,8.24,-99.9,6.01,1.58,1.18,33.37,0,0,3122
"2026-03-15 05:17:00",5043,4.96,0,0,0,2.08,16.14,28964.42,34866.26,21.99,125.25,10.78,2.37,9.99,0.43,0.36,-99.9,-99.9,8.24,-99.9,6.09,1.44,1.18,33.37,0,0,3123
"2026-03-15 05:32:00",5044,4.96,0,0,0,2.11,16.11,28986.94,34913.21,22.02,123.13,10.61,2.4,10.13,0.39,0.32,-99.9,-99.9,8.24,-99.9,5.92,1.75,1.17,32.1,0,0,3124
"2026-03-15 05:47:00",5045,4.94,0,0,0,2.17,16.11,28985.55,34916.56,22.02,121.31,10.45,1.94,8.19,0.4,0.33,-99.9,-99.9,8.23,-99.9,6.1,1.66,1.17,32.1,0,0,3125
"2026-03-15 06:02:00",5046,4.94,0,0,0,2.25,16.1,28988.34,34925.7,22.03,123.29,10.62,3.75,15.86,0.58,0.51,-99.9,-99.9,8.25,-99.9,6.04,1.81,1.18,31.71,0,0,3126
"2026-03-15 06:17:00",5047,4.95,0,0,0,2.31,16.1,28965.85,34898.2,22.01,125.92,10.85,4.93,20.88,0.51,0.44,-99.9,-99.9,8.25,-99.9,5.99,1.87,1.18,31.71,0,0,3127
"2026-03-15 06:32:00",5048,4.95,0,0,0,2.37,16.12,28939.61,34847.92,21.98,126.66,10.91,2.74,11.6,0.45,0.38,-99.9,-99.9,8.26,-99.9,6.04,1.74,1.18,31.57,0,0,3128
"2026-03-15 06:47:00",5049,4.96,0,0,0,2.46,16.19,28850.43,34689.48,21.87,126.91,10.92,3.51,14.86,0.4,0.33,-99.9,-99.9,8.27,-99.9,6.07,1.73,1.18,31.57,0,0,3129
"2026-03-15 07:02:00",5050,4.94,0,0,0,2.5,16.22,29100.51,34966.44,22.06,136.14,11.7,2.3,9.72,0.48,0.41,-99.9,-99.9,8.32,-99.9,5.9,2.31,1.17,31.56,0,0,3130
"2026-03-15 07:17:00",5051,4.95,0,0,0,2.58,16.23,29110.1,34969.1,22.06,134.34,11.54,2.16,9.1,0.46,0.38,-99.9,-99.9,8.31,-99.9,5.93,3.27,1.17,31.56,0,0,3131
"2026-03-15 07:32:00",5052,4.94,0,0,0,2.63,16.29,29087.6,34890.2,22.01,137.17,11.77,5.36,22.71,0.44,0.37,-99.9,-99.9,8.33,-99.9,6.05,2.93,1.19,32.62,0,0,3132
"2026-03-15 07:47:00",5053,4.95,0,0,0,2.7,16.17,29102.86,35009.73,22.09,130.44,11.22,4.51,19.13,0.43,0.36,-99.9,-99.9,8.28,-99.9,6.03,2.22,1.18,32.62,0,0,3133
"2026-03-15 08:02:00",5054,4.96,0,0,0,2.73,16.15,29107.25,35024.67,22.1,130.45,11.22,5.14,21.81,0.5,0.43,-99.9,-99.9,8.28,-99.9,5.97,2.45,1.18,32.26,0,0,3134
"2026-03-15 08:17:00",5055,4.94,0,0,0,2.79,16.23,29092.5,34945.74,22.04,134.8,11.58,1.79,7.53,0.48,0.41,-99.9,-99.9,8.31,-99.9,6.01,2.53,1.18,32.26,0,0,3135
"2026-03-15 08:32:00",5056,4.94,0,0,0,2.8,16.07,29246.02,35262.21,22.26,132.03,11.37,5.1,21.62,0.46,0.39,-99.9,-99.9,8.28,-99.9,5.94,2.19,1.18,32.44,0,0,3136
"2026-03-15 08:47:00",5057,4.94,0,0,0,2.81,15.66,29885.8,36370.84,23.03,119.48,10.32,4.07,17.23,0.42,0.34,-99.9,-99.9,8.18,-99.9,5.75,1.99,1.18,32.44,0,0,3137
"2026-03-15 09:02:00",5058,4.94,0,0,0,2.81,15.27,30368.23,37303.37,23.68,107.87,9.36,2.28,9.61,0.43,0.36,-99.9,-99.9,8.08,-99.9,5.43,2.06,1.18,31.92,0,0,3138
"2026-03-15 09:17:00",5059,4.96,0,0,0,2.79,15.1,30641.69,37786.6,24.02,103.31,8.97,1.47,6.19,0.4,0.33,-99.9,-99.9,8.04,-99.9,5.35,1.72,1.18,31.92,0,0,3139
"2026-03-15 09:32:00",5060,4.93,0,0,0,2.78,15.03,30670.68,37887.88,24.09,101.05,8.79,1.48,6.2,0.34,0.27,-99.9,-99.9,8.03,-99.9,5.17,1.65,1.18,32.47,0,0,3140
"2026-03-15 09:47:00",5061,4.94,0,0,0,2.75,14.74,31125.13,38713.77,24.66,95.31,8.31,1.27,5.32,0.41,0.34,-99.9,-99.9,7.98,-99.9,4.96,1.39,1.18,32.47,0,0,3141
"2026-03-15 10:02:00",5062,4.93,0,0,0,2.7,14.83,30974.54,38441.62,24.47,96.52,8.41,1.57,6.62,0.33,0.25,-99.9,-99.9,7.99,-99.9,5.08,1.63,1.18,33.31,0,0,3142
"2026-03-15 10:17:00",5063,4.94,0,0,0,2.66,14.66,31361.4,39077.05,24.92,94.49,8.23,1.53,6.44,0.35,0.28,-99.9,-99.9,7.96,-99.9,4.81,1.78,1.18,33.31,0,0,3143
"2026-03-15 10:32:00",5064,4.95,0,0,0,2.58,14.53,31450.82,39311.81,25.08,90.74,7.92,1.25,5.23,0.37,0.29,-99.9,-99.9,7.94,-99.9,4.57,1.53,1.18,32.69,0,0,3144
"2026-03-15 10:47:00",5065,4.93,0,0,0,2.5,14.86,31026.32,38476.18,24.5,92.6,8.06,1.67,7.01,0.38,0.31,-99.9,-99.9,8,-99.9,5.11,1.66,1.18,32.69,0,0,3145
"2026-03-15 11:02:00",5066,4.93,0,0,0,2.41,14.83,30908.5,38355.85,24.41,97.31,8.48,1.13,4.72,0.31,0.24,-99.9,-99.9,8.01,-99.9,4.92,2.06,1.18,31.85,0,0,3146
"2026-03-15 11:17:00",5067,4.94,0,0,0,2.33,15.42,30275.17,37059.97,23.51,111.56,9.66,1.74,7.34,0.39,0.32,-99.9,-99.9,8.09,-99.9,5.44,1.78,1.18,31.85,0,0,3147
"2026-03-15 11:32:00",5068,4.94,0,0,0,2.23,15.67,30035.62,36548.15,23.16,111.67,9.64,1.9,8,0.36,0.29,-99.9,-99.9,8.15,-99.9,5.56,1.93,1.18,32.14,0,0,3148
"2026-03-15 11:47:00",5069,4.95,0,0,0,2.11,15.66,29927.73,36422.31,23.07,117.35,10.13,1.99,8.41,0.4,0.33,-99.9,-99.9,8.2,-99.9,5.39,1.45,1.18,32.14,0,0,3149
"2026-03-15 12:02:00",5070,4.93,0,0,0,2,15.72,29862.46,36294.04,22.98,122.06,10.53,1.54,6.48,0.36,0.28,-99.9,-99.9,8.23,-99.9,5.3,2.34,1.18,31.3,0,0,3150
"2026-03-15 12:17:00",5071,4.94,0,0,0,1.89,15.78,29838.55,36218.03,22.93,120.61,10.4,1.65,6.95,0.36,0.29,-99.9,-99.9,8.23,-99.9,5.57,1.78,1.18,31.3,0,0,3151
"2026-03-15 12:32:00",5072,4.93,0,0,0,1.77,15.85,29783.87,36092.64,22.84,128.26,11.05,1.76,7.42,0.45,0.38,-99.9,-99.9,8.27,-99.9,5.52,1.86,1.18,32.28,0,0,3152
"2026-03-15 12:47:00",5073,4.95,0,0,0,1.67,15.84,29809.55,36127.79,22.86,130.85,11.27,1.77,7.46,0.5,0.43,-99.9,-99.9,8.28,-99.9,5.3,1.78,1.18,32.28,0,0,3153
"2026-03-15 13:02:00",5074,4.95,0,0,0,1.57,15.49,30357.41,37092.69,23.54,120.1,10.38,2.78,11.75,0.46,0.39,-99.9,-99.9,8.19,-99.9,5.45,1.7,1.18,31.34,0,0,3154
"2026-03-15 13:17:00",5075,4.93,0,0,0,1.47,16.05,29604.76,35704.77,22.57,130.76,11.24,6.63,28.15,0.6,0.53,-99.9,-99.9,8.28,-99.9,5.58,2.93,1.18,31.34,0,0,3155
"2026-03-15 13:32:00",5076,4.93,0,0,0,1.37,16.01,29614.71,35752.31,22.6,128.43,11.05,3,12.68,0.45,0.37,-99.9,-99.9,8.26,-99.9,5.72,1.64,1.18,32.37,0,0,3156
"2026-03-15 13:47:00",5077,4.94,0,0,0,1.28,16.17,29699.31,35725.79,22.59,140,12,3.92,16.61,0.52,0.45,-99.9,-99.9,8.32,-99.9,5.81,1.88,1.18,32.37,0,0,3157
"2026-03-15 14:02:00",5078,4.94,0,0,0,1.21,16.56,29329.53,34963.33,22.06,137.93,11.77,2.48,10.47,0.44,0.37,-99.9,-99.9,8.39,-99.9,5.69,1.93,1.17,31.74,0,0,3158
"2026-03-15 14:17:00",5079,4.96,0,0,0,1.14,16.75,29141.43,34592.56,21.8,154.63,13.17,2.71,11.46,0.47,0.4,-99.9,-99.9,8.44,-99.9,5.62,1.99,1.17,31.74,0,0,3159
"2026-03-15 14:32:00",5080,4.93,0,0,0,1.09,16.84,29162.14,34545.26,21.77,156.99,13.35,2.67,11.29,0.48,0.4,-99.9,-99.9,8.47,-99.9,5.65,2.47,1.18,31.41,0,0,3160
"2026-03-15 14:47:00",5081,4.94,0,0,0,1.04,16.43,29363.38,35110.6,22.16,145.77,12.47,4.18,17.68,0.51,0.44,-99.9,-99.9,8.38,-99.9,5.68,2.12,1.18,31.41,0,0,3161
"2026-03-15 15:02:00",5082,4.94,0,0,0,0.98,16.64,29360.3,34940.77,22.04,164.29,14,4.4,18.62,0.72,0.65,-99.9,-99.9,8.5,-99.9,5.78,2.81,1.17,31.63,0,0,3162
"2026-03-15 15:17:00",5083,4.95,0,0,0,0.96,16.83,29254.04,34661.46,21.85,162.21,13.79,3.63,15.37,0.56,0.49,-99.9,-99.9,8.5,-99.9,5.62,2.53,1.17,31.63,0,0,3163
"2026-03-15 15:32:00",5084,4.95,0,0,0,0.95,17,29276.61,34560.4,21.78,164.6,13.95,3.11,13.15,0.52,0.45,-99.9,-99.9,8.52,-99.9,5.54,2.65,1.17,31.55,0,0,3164
"2026-03-15 15:47:00",5085,4.93,0,0,0,0.93,16.94,29502.3,34868.58,21.99,167.85,14.22,3.74,15.84,0.61,0.55,-99.9,-99.9,8.51,-99.9,5.67,2.99,1.17,31.55,0,0,3165
"2026-03-15 16:02:00",5086,4.93,0,0,0,0.95,17.06,29529.19,34805.54,21.95,168.53,14.25,3.91,16.54,0.51,0.44,-99.9,-99.9,8.51,-99.9,5.45,2.64,1.18,31.42,0,0,3166
"2026-03-15 16:17:02",5087,4.94,0,0,0,0.98,17.47,29511.89,34467.95,21.72,160.93,13.52,15.02,63.83,0.55,0.48,-99.9,-99.9,8.48,-99.9,5.32,3.61,1.18,31.42,0,0,3167
"2026-03-15 16:32:00",5088,4.95,0,0,0,1.02,17.92,29593.96,34218.57,21.54,156.09,13.01,3.03,12.81,0.4,0.33,-99.9,-99.9,8.46,-99.9,5.16,4.22,1.18,31.33,0,0,3168
"2026-03-15 16:47:00",5089,4.93,0,0,0,1.05,17.82,29589.72,34291.3,21.59,151.84,12.67,3.5,14.82,0.39,0.31,-99.9,-99.9,8.44,-99.9,5.27,2.19,1.18,31.33,0,0,3169
"2026-03-15 17:02:00",5090,4.94,0,0,0,1.1,17.89,29613.65,34265.79,21.58,152.19,12.69,3.05,12.88,0.41,0.33,-99.9,-99.9,8.45,-99.9,5.29,2.37,1.17,31.17,0,0,3170
"2026-03-15 17:17:00",5091,4.94,0,0,0,1.15,17.93,29610.33,34233.29,21.55,152.18,12.68,2.39,10.08,0.41,0.34,-99.9,-99.9,8.45,-99.9,5.28,2.37,1.17,31.17,0,0,3171
"2026-03-15 17:32:00",5092,4.94,0,0,0,1.2,17.95,29616.84,34227.15,21.55,152.91,12.74,2.68,11.32,0.37,0.3,-99.9,-99.9,8.46,-99.9,5.17,2.06,1.17,31.11,0,0,3172
"2026-03-15 17:47:00",5093,4.96,0,0,0,1.29,17.85,29669.74,34364.06,21.65,158.22,13.2,4.1,17.35,0.36,0.29,-99.9,-99.9,8.49,-99.9,5.25,2.01,1.17,31.11,0,0,3173
"2026-03-15 18:02:00",5094,4.93,0,0,0,1.38,17.46,29808.51,34821.56,21.96,159.64,13.39,3.01,12.73,0.42,0.35,-99.9,-99.9,8.48,-99.9,5.3,3.26,1.18,32.51,0,0,3174
"2026-03-15 18:17:00",5095,4.94,0,0,0,1.46,17.74,29689.28,34467.56,21.72,158.23,13.22,4.15,17.56,0.44,0.36,-99.9,-99.9,8.48,-99.9,5.24,2.32,1.18,32.51,0,0,3175
"2026-03-15 18:32:00",5096,4.94,0,0,0,1.58,17.69,29696.94,34512.67,21.75,157.15,13.14,3.17,13.4,0.46,0.39,-99.9,-99.9,8.48,-99.9,5.25,2.58,1.17,31.99,0,0,3176
"2026-03-15 18:47:00",5097,4.95,0,0,0,1.64,17.6,29700.36,34590.1,21.8,156.9,13.14,6.76,28.68,0.39,0.32,-99.9,-99.9,8.48,-99.9,5.27,2.27,1.17,31.99,0,0,3177
"2026-03-15 19:02:00",5098,4.95,0,0,0,1.74,17.4,29769.57,34825.36,21.97,159.92,13.43,5.13,21.74,0.5,0.43,-99.9,-99.9,8.49,-99.9,5.34,2.3,1.18,32.62,0,0,3178
"2026-03-15 19:17:00",5099,4.93,0,0,0,1.82,17.44,29778.57,34807.13,21.95,161.49,13.55,3.93,16.65,0.44,0.37,-99.9,-99.9,8.49,-99.9,5.31,2.26,1.18,32.62,0,0,3179
"2026-03-15 19:32:00",5100,4.93,0,0,0,1.91,17.37,29716.43,34787.39,21.94,157.08,13.2,2.53,10.67,0.41,0.34,-99.9,-99.9,8.48,-99.9,5.33,2.04,1.17,32,0,0,3180
"2026-03-15 19:47:00",5101,4.94,0,0,0,2.01,17.42,29756.66,34796.32,21.94,157.86,13.25,3.82,16.18,0.45,0.38,-99.9,-99.9,8.48,-99.9,5.36,2.19,1.17,32,0,0,3181
"2026-03-15 20:02:00",5102,4.94,0,0,0,2.09,17.46,29731.33,34732.12,21.9,156.76,13.15,3.85,16.28,0.45,0.38,-99.9,-99.9,8.49,-99.9,5.33,2.27,1.19,31.63,0,0,3182
"2026-03-15 20:17:00",5103,4.96,0,0,0,2.19,17.42,29763.09,34805.24,21.95,152.7,12.82,5.9,25.03,0.45,0.38,-99.9,-99.9,8.47,-99.9,5.32,2.25,1.19,31.63,0,0,3183
"2026-03-15 20:32:00",5104,4.93,0,0,0,2.25,17.39,29702.14,34750.14,21.91,150.77,12.67,4.17,17.66,0.49,0.42,-99.9,-99.9,8.46,-99.9,5.43,1.89,1.18,31.33,0,0,3184
"2026-03-15 20:47:00",5105,4.94,0,0,0,2.33,17.38,29718.45,34777.71,21.93,150.89,12.68,4.43,18.77,0.48,0.41,-99.9,-99.9,8.44,-99.9,5.45,2.11,1.18,31.33,0,0,3185
"2026-03-15 21:02:00",5106,4.93,0,0,0,2.4,17.31,29825.52,34963.2,22.06,151.34,12.73,11.52,48.91,0.43,0.36,-99.9,-99.9,8.45,-99.9,5.37,2.5,1.18,31.72,0,0,3186
"2026-03-15 21:17:00",5107,4.95,0,0,0,2.46,16.9,29914.79,35391.59,22.36,145.01,12.27,3.26,13.81,0.44,0.37,-99.9,-99.9,8.38,-99.9,5.37,2.04,1.18,31.72,0,0,3187
"2026-03-15 21:32:00",5108,4.95,0,0,0,2.51,16.51,30064.84,35885.6,22.7,137.89,11.74,2.83,11.96,0.41,0.34,-99.9,-99.9,8.33,-99.9,5.31,2.61,1.18,31.53,0,0,3188
"2026-03-15 21:47:00",5109,4.93,0,0,0,2.58,16.56,30205.09,36011.61,22.79,146.16,12.42,5.23,22.18,0.48,0.41,-99.9,-99.9,8.38,-99.9,5.41,6.17,1.18,31.53,0,0,3189
"2026-03-15 22:02:00",5110,4.93,0,0,0,2.6,16.34,30345.81,36359.35,23.03,143.37,12.22,2.34,9.87,0.45,0.38,-99.9,-99.9,8.36,-99.9,5.43,2.2,1.18,32.36,0,0,3190
"2026-03-15 22:17:00",5111,4.93,0,0,0,2.62,16.17,30328.62,36477.51,23.11,137.07,11.71,3.65,15.45,0.51,0.44,-99.9,-99.9,8.32,-99.9,5.31,1.95,1.18,32.36,0,0,3191
"2026-03-15 22:32:00",5112,4.93,0,0,0,2.65,16.04,30443.62,36725.92,23.28,130.78,11.19,3.1,13.1,0.48,0.4,-99.9,-99.9,8.27,-99.9,5.16,2.12,1.18,31.73,0,0,3192
"2026-03-15 22:47:00",5113,4.95,0,0,0,2.63,15.7,30673.79,37301.68,23.68,122.85,10.56,3.66,15.5,0.44,0.37,-99.9,-99.9,8.21,-99.9,5.09,1.88,1.18,31.73,0,0,3193
"2026-03-15 23:02:00",5114,4.91,0,0,0,2.62,15.6,30747.1,37477.59,23.81,123.57,10.64,3.05,12.89,0.49,0.42,-99.9,-99.9,8.21,-99.9,5.07,1.75,1.18,32.6,0,0,3194
"2026-03-15 23:17:00",5115,4.93,0,0,0,2.59,15.48,30874.17,37732.31,23.98,123.2,10.62,2.68,11.34,0.44,0.37,-99.9,-99.9,8.2,-99.9,5.08,1.62,1.18,32.6,0,0,3195
"2026-03-15 23:32:00",5116,4.92,0,0,0,2.56,15.45,31063.21,37990.56,24.16,123.16,10.61,2.15,9.08,0.39,0.32,-99.9,-99.9,8.2,-99.9,5.05,1.98,1.18,31.32,0,0,3196
"2026-03-15 23:47:00",5117,4.93,0,0,0,2.53,15.5,30917.3,37768.01,24.01,120.8,10.41,1.97,8.28,0.46,0.39,-99.9,-99.9,8.19,-99.9,5.15,1.94,1.18,31.32,0,0,3197
"2026-03-16 00:02:00",5118,4.94,0,0,0,2.48,15.65,30858.4,37566.72,23.87,120.79,10.38,3.45,14.6,0.42,0.35,-99.9,-99.9,8.2,-99.9,4.9,2.04,1.18,31.66,0,0,3198
"2026-03-16 00:17:00",5119,4.91,0,0,0,2.43,15.73,30811.18,37438.3,23.78,118.96,10.21,1.89,7.97,0.49,0.42,-99.9,-99.9,8.19,-99.9,5.2,2.61,1.18,31.66,0,0,3199
"2026-03-16 00:32:00",5120,4.92,0,0,0,2.35,15.74,30759.6,37368.45,23.73,119.75,10.28,1.25,5.25,0.4,0.33,-99.9,-99.9,8.2,-99.9,5.27,1.8,1.17,30.64,0,0,3200
"2026-03-16 00:47:00",5121,4.92,0,0,0,2.29,15.79,30651.45,37193.76,23.61,121.15,10.4,1.99,8.4,0.39,0.32,-99.9,-99.9,8.19,-99.9,5.27,1.47,1.17,30.64,0,0,3201
"2026-03-16 01:02:00",5122,4.92,0,0,0,2.23,15.82,30632.01,37141.09,23.57,119.18,10.23,1.78,7.48,0.36,0.29,-99.9,-99.9,8.21,-99.9,5.29,1.75,1.18,32.09,0,0,3202
"2026-03-16 01:17:00",5123,4.94,0,0,0,2.15,15.88,30599.74,37052.96,23.51,116.86,10.02,1.33,5.57,0.36,0.29,-99.9,-99.9,8.21,-99.9,5.29,1.54,1.18,32.09,0,0,3203
"2026-03-16 01:32:00",5124,4.91,0,0,0,2.09,16.19,30288.71,36419.1,23.07,117.79,10.07,2.07,8.72,0.39,0.31,-99.9,-99.9,8.23,-99.9,5.08,1.37,1.18,31.52,0,0,3204
"2026-03-16 01:47:00",5125,4.92,0,0,0,2.02,16.24,30377.99,36484.01,23.12,121.14,10.34,3.4,14.38,0.39,0.32,-99.9,-99.9,8.21,-99.9,5.48,1.6,1.18,31.52,0,0,3205
"2026-03-16 02:02:00",5126,4.92,0,0,0,1.95,15.95,30435.84,36798.98,23.33,122.31,10.49,2,8.44,0.4,0.32,-99.9,-99.9,8.23,-99.9,5.34,1.59,1.17,31.78,0,0,3206
"2026-03-16 02:17:00",5127,4.93,0,0,0,1.88,16.21,30342.88,36464.45,23.1,118.53,10.12,1.5,6.32,0.3,0.23,-99.9,-99.9,8.24,-99.9,5.37,1.75,1.17,31.78,0,0,3207
"2026-03-16 02:32:00",5128,4.93,0,0,0,1.82,16.1,30574.61,36840.41,23.36,128.9,11.02,2.02,8.53,0.4,0.32,-99.9,-99.9,8.26,-99.9,5.23,1.94,1.18,31.71,0,0,3208
"2026-03-16 02:47:00",5129,4.91,0,0,0,1.78,16.14,30541.3,36764.35,23.31,132.31,11.3,1.98,8.36,0.35,0.28,-99.9,-99.9,8.27,-99.9,5.29,2.12,1.18,31.71,0,0,3209
"2026-03-16 03:02:00",5130,4.92,0,0,0,1.73,16.12,30639.75,36896.42,23.4,137.27,11.72,2.18,9.18,0.46,0.38,-99.9,-99.9,8.31,-99.9,5.33,2.47,1.18,32.06,0,0,3210
"2026-03-16 03:17:00",5131,4.92,0,0,0,1.71,16.13,30643.46,36897.49,23.4,137.63,11.75,3.22,13.62,0.45,0.38,-99.9,-99.9,8.31,-99.9,5.33,2.29,1.18,32.06,0,0,3211
"2026-03-16 03:32:00",5132,4.92,0,0,0,1.69,16.06,30679.56,36998.17,23.47,127.57,10.9,2.26,9.55,0.67,0.61,-99.9,-99.9,8.25,-99.9,5.42,2.85,1.17,31.27,0,0,3212
"2026-03-16 03:47:00",5133,4.94,0,0,0,1.67,16.04,30722.6,37067.2,23.52,132.44,11.32,3.66,15.5,0.54,0.47,-99.9,-99.9,8.27,-99.9,5.42,2.65,1.17,31.27,0,0,3213
"2026-03-16 04:02:00",5134,4.9,0,0,0,1.67,16.21,30533.2,36692.48,23.26,133.4,11.38,3.22,13.63,0.49,0.42,-99.9,-99.9,8.31,-99.9,5.44,2.28,1.17,31.92,0,0,3214
"2026-03-16 04:17:00",5135,4.92,0,0,0,1.68,16.18,30452.59,36622.75,23.21,129.1,11.03,4.78,20.24,0.65,0.58,-99.9,-99.9,8.28,-99.9,5.25,2.59,1.17,31.92,0,0,3215
"2026-03-16 04:32:00",5136,4.92,0,0,0,1.7,16.25,30366.77,36459.47,23.1,126.84,10.82,3.69,15.61,0.41,0.34,-99.9,-99.9,8.27,-99.9,5.31,1.95,1.18,32.12,0,0,3216
"2026-03-16 04:47:00",5137,4.93,0,0,0,1.74,16.3,30321.72,36365.49,23.03,129.58,11.05,2.8,11.82,0.44,0.37,-99.9,-99.9,8.28,-99.9,5.32,2.07,1.18,32.12,0,0,3217
"2026-03-16 05:02:00",5138,4.93,0,0,0,1.77,16.31,30284.11,36311.49,23,126.43,10.78,3.86,16.34,0.41,0.34,-99.9,-99.9,8.27,-99.9,5.26,1.82,1.18,30.94,0,0,3218
"2026-03-16 05:17:00",5139,4.91,0,0,0,1.81,16.52,29947.73,35734.5,22.59,122.63,10.44,2.07,8.73,0.4,0.33,-99.9,-99.9,8.26,-99.9,5.56,1.54,1.18,30.94,0,0,3219
"2026-03-16 05:32:00",5140,4.91,0,0,0,1.88,16.65,29989.82,35677.92,22.56,126,10.7,2.06,8.67,0.39,0.31,-99.9,-99.9,8.3,-99.9,5.49,2.11,1.18,31.08,0,0,3220
"2026-03-16 05:47:00",5141,4.92,0,0,0,1.94,16.48,30197.91,36067.61,22.83,127.19,10.82,2.3,9.72,0.4,0.33,-99.9,-99.9,8.29,-99.9,5.46,2.18,1.18,31.08,0,0,3221
"2026-03-16 06:02:00",5142,4.92,0,0,0,2.01,16.68,29809.81,35442.43,22.39,128.81,10.95,2.3,9.69,0.39,0.32,-99.9,-99.9,8.32,-99.9,5.55,1.86,1.18,30.69,0,0,3222
"2026-03-16 06:17:00",5143,4.94,0,0,0,2.07,16.63,30005.57,35714.06,22.58,127.14,10.8,2.76,11.68,0.41,0.34,-99.9,-99.9,8.29,-99.9,5.49,2.01,1.18,30.69,0,0,3223
"2026-03-16 06:32:00",5144,4.91,0,0,0,2.15,16.65,29912.43,35584.53,22.49,128.52,10.92,1.94,8.19,0.41,0.34,-99.9,-99.9,8.31,-99.9,5.51,2.09,1.17,31.06,0,0,3224
"2026-03-16 06:47:00",5145,4.92,0,0,0,2.22,16.76,29749.01,35307.75,22.3,128.99,10.95,2.8,11.84,0.39,0.32,-99.9,-99.9,8.32,-99.9,5.61,1.81,1.17,31.06,0,0,3225
"2026-03-16 07:02:00",5146,4.92,0,0,0,2.32,16.79,29707.11,35233.28,22.25,131.84,11.19,1.98,8.35,0.39,0.32,-99.9,-99.9,8.33,-99.9,5.48,2.21,1.17,30.89,0,0,3226
"2026-03-16 07:17:00",5147,4.93,0,0,0,2.4,16.67,29791.74,35429.18,22.38,130.99,11.13,2.6,10.99,0.39,0.32,-99.9,-99.9,8.32,-99.9,5.5,1.78,1.17,30.89,0,0,3227
"2026-03-16 07:32:00",5148,4.93,0,0,0,2.47,16.66,29864.92,35524.82,22.45,129.88,11.04,2.35,9.91,0.35,0.27,-99.9,-99.9,8.32,-99.9,5.49,2.01,1.17,31.8,0,0,3228
"2026-03-16 07:47:00",5149,4.91,0,0,0,2.55,16.66,29866.73,35526.92,22.45,130.27,11.07,2.94,12.43,0.37,0.29,-99.9,-99.9,8.32,-99.9,5.5,1.89,1.17,31.8,0,0,3229
"2026-03-16 08:02:00",5150,4.91,0,0,0,2.62,16.6,29782.65,35476.01,22.42,130.49,11.1,1.54,6.46,0.36,0.29,-99.9,-99.9,8.33,-99.9,5.54,1.99,1.17,31.11,0,0,3230
"2026-03-16 08:17:00",5151,4.92,0,0,0,2.69,16.59,29786.37,35485.89,22.42,130.39,11.1,2.15,9.06,0.4,0.33,-99.9,-99.9,8.33,-99.9,5.56,1.9,1.17,31.11,0,0,3231
"2026-03-16 08:32:00",5152,4.92,0,0,0,2.74,16.63,29757.28,35416.87,22.37,131.29,11.17,2.13,8.97,0.43,0.36,-99.9,-99.9,8.34,-99.9,5.6,2.17,1.18,31.88,0,0,3232
"2026-03-16 08:47:00",5153,4.93,0,0,0,2.8,16.58,29871.36,35594.74,22.5,130.05,11.07,2.76,11.65,0.37,0.3,-99.9,-99.9,8.31,-99.9,5.55,1.98,1.18,31.88,0,0,3233
"2026-03-16 09:02:00",5154,4.9,0,0,0,2.85,16.23,30264.57,36355.91,23.03,119.81,10.23,2.08,8.77,0.39,0.32,-99.9,-99.9,8.23,-99.9,5.39,2.34,1.18,31.7,0,0,3234
"2026-03-16 09:17:00",5155,4.92,0,0,0,2.87,16.17,30317.31,36465.5,23.1,120.13,10.27,1.93,8.15,0.44,0.37,-99.9,-99.9,8.22,-99.9,5.4,2.04,1.18,31.7,0,0,3235
"2026-03-16 09:32:00",5156,4.91,0,0,0,2.91,16.17,30320.27,36469.9,23.11,120.57,10.3,2.39,10.07,0.5,0.43,-99.9,-99.9,8.23,-99.9,5.43,2.2,1.18,31.22,0,0,3236
"2026-03-16 09:47:00",5157,4.92,0,0,0,2.92,16.07,30440.24,36696.45,23.26,119.09,10.19,1.77,7.44,0.41,0.34,-99.9,-99.9,8.21,-99.9,5.3,2.15,1.18,31.22,0,0,3237
"2026-03-16 10:02:00",5158,4.92,0,0,0,2.91,16.03,30489.72,36793.65,23.33,117.55,10.06,2.92,12.32,0.41,0.34,-99.9,-99.9,8.2,-99.9,5.4,2.84,1.17,31.67,0,0,3238
"2026-03-16 10:17:00",5159,4.9,0,0,0,2.88,15.59,31055.23,37855.63,24.07,111.46,9.58,1.26,5.27,0.29,0.21,-99.9,-99.9,8.12,-99.9,5.11,1.56,1.17,31.67,0,0,3239
"2026-03-16 10:32:00",5160,4.9,0,0,0,2.84,15.4,31119.2,38109.75,24.25,106.49,9.18,1.16,4.87,0.3,0.22,-99.9,-99.9,8.09,-99.9,5,1.63,1.18,32.18,0,0,3240
"2026-03-16 10:47:00",5161,4.91,0,0,0,2.8,15.32,31139.6,38202.16,24.31,107.48,9.28,1.52,6.4,0.33,0.26,-99.9,-99.9,8.1,-99.9,5.02,1.45,1.18,32.18,0,0,3241
"2026-03-16 11:02:00",5162,4.91,0,0,0,2.74,15.34,31162.68,38215.26,24.32,104.38,9,1.54,6.47,0.34,0.27,-99.9,-99.9,8.08,-99.9,5.07,2.04,1.17,31.9,0,0,3242
"2026-03-16 11:17:00",5163,4.92,0,0,0,2.67,15.66,30839.54,37539.88,23.85,109.26,9.39,1.56,6.55,0.38,0.31,-99.9,-99.9,8.13,-99.9,5.17,1.81,1.17,31.9,0,0,3243
"2026-03-16 11:32:00",5164,4.89,0,0,0,2.58,15.85,30679.1,37180.58,23.6,115.12,9.87,2,8.42,0.41,0.34,-99.9,-99.9,8.18,-99.9,5.2,2.1,1.17,31.44,0,0,3244
"2026-03-16 11:47:00",5165,4.9,0,0,0,2.47,15.63,30936.48,37681.42,23.95,111.88,9.62,1.53,6.44,0.32,0.25,-99.9,-99.9,8.13,-99.9,5.2,4.18,1.17,31.44,0,0,3245
"2026-03-16 12:02:00",5166,4.9,0,0,0,2.36,15.64,30935.87,37674.24,23.94,112.77,9.69,1.5,6.3,0.47,0.4,-99.9,-99.9,8.15,-99.9,5.15,1.86,1.18,32.88,0,0,3246
"2026-03-16 12:17:00",5167,4.91,0,0,0,2.26,16.28,30580.93,36693.45,23.26,128.91,10.98,1.55,6.52,0.31,0.23,-99.9,-99.9,8.27,-99.9,5.3,1.8,1.18,32.88,0,0,3247
"2026-03-16 12:32:00",5168,4.92,0,0,0,2.13,15.95,30718.78,37141.01,23.57,121.07,10.37,1.78,7.5,0.45,0.38,-99.9,-99.9,8.22,-99.9,5.19,1.98,1.18,31.16,0,0,3248
"2026-03-16 12:47:00",5169,4.9,0,0,0,2.02,16.02,30693.31,37043.29,23.51,123.48,10.56,1.89,7.96,0.38,0.31,-99.9,-99.9,8.23,-99.9,5.28,1.74,1.18,31.16,0,0,3249
"2026-03-16 13:02:00",5170,4.9,0,0,0,1.9,16.23,30503.65,36644.94,23.23,125.5,10.71,1.69,7.12,0.34,0.27,-99.9,-99.9,8.28,-99.9,5.27,1.98,1.18,31.7,0,0,3250
"2026-03-16 13:17:00",5171,4.91,0,0,0,1.78,16.2,30553.91,36722.88,23.28,124.32,10.61,1.44,6.04,0.32,0.25,-99.9,-99.9,8.25,-99.9,5.28,1.76,1.18,31.7,0,0,3251
"2026-03-16 13:32:00",5172,4.91,0,0,0,1.67,16.45,30508.34,36461.17,23.1,128.49,10.92,1.78,7.49,0.32,0.25,-99.9,-99.9,8.29,-99.9,5.18,1.81,1.18,31.97,0,0,3252
"2026-03-16 13:47:00",5173,4.92,0,0,0,1.56,16.78,30310.96,35959.45,22.75,142.39,12.05,2.44,10.29,0.4,0.33,-99.9,-99.9,8.39,-99.9,5.35,2.31,1.18,31.97,0,0,3253
"2026-03-16 14:02:00",5174,4.89,0,0,0,1.44,16.34,30543.81,36596.31,23.2,126.12,10.74,1.44,6.04,0.31,0.23,-99.9,-99.9,8.26,-99.9,5.28,1.74,1.18,31.44,0,0,3254
"2026-03-16 14:17:00",5175,4.91,0,0,0,1.36,16.9,30271.56,35815.16,22.65,139.51,11.78,3.28,13.88,0.41,0.34,-99.9,-99.9,8.4,-99.9,5.36,2.16,1.18,31.44,0,0,3255
"2026-03-16 14:32:00",5176,4.9,0,0,0,1.28,16.84,30244.65,35825.56,22.66,139.22,11.77,3.85,16.29,0.33,0.26,-99.9,-99.9,8.35,-99.9,5.23,1.76,1.18,31.42,0,0,3256
"2026-03-16 14:47:00",5177,4.92,0,0,0,1.18,16.75,30266.03,35926.5,22.73,140.78,11.92,2.17,9.15,0.39,0.32,-99.9,-99.9,8.37,-99.9,5.44,2.56,1.18,31.42,0,0,3257
"2026-03-16 15:02:00",5178,4.92,0,0,0,1.11,16.68,30440.5,36195.57,22.92,142.84,12.1,2.08,8.76,0.39,0.32,-99.9,-99.9,8.38,-99.9,5.34,1.97,1.17,32.25,0,0,3258
"2026-03-16 15:17:00",5179,4.9,0,0,0,1.05,16.81,30364.55,35993.15,22.78,138.84,11.74,1.88,7.91,0.37,0.3,-99.9,-99.9,8.36,-99.9,5.29,1.61,1.17,32.25,0,0,3259
"2026-03-16 15:32:00",5180,4.9,0,0,0,1,16.88,30266.48,35821,22.66,127.27,10.75,1.3,5.46,0.36,0.28,-99.9,-99.9,8.3,-99.9,5.38,1.72,1.18,31.93,0,0,3260
"2026-03-16 15:47:00",5181,4.91,0,0,0,0.96,16.81,30365.68,35996.51,22.78,126.89,10.73,1.2,5.04,0.28,0.21,-99.9,-99.9,8.29,-99.9,5.42,1.41,1.18,31.93,0,0,3261
"2026-03-16 16:02:00",5182,4.92,0,0,0,0.92,16.76,30366.59,36034.9,22.81,134.71,11.4,2.09,8.82,0.37,0.3,-99.9,-99.9,8.34,-99.9,5.36,1.71,1.17,31.75,0,0,3262
"2026-03-16 16:17:00",5183,4.93,0,0,0,0.9,16.63,30655.12,36487.38,23.12,145.55,12.32,2.78,11.73,0.47,0.4,-99.9,-99.9,8.38,-99.9,5.36,1.85,1.17,31.75,0,0,3263
"2026-03-16 16:32:00",5184,4.9,0,0,0,0.91,16.86,30582.89,36215.11,22.93,149.57,12.62,3.65,15.44,0.43,0.36,-99.9,-99.9,8.42,-99.9,5.31,2.1,1.18,31.89,0,0,3264
"2026-03-16 16:47:00",5185,4.91,0,0,0,0.93,16.95,30507.52,36051.26,22.82,149.2,12.58,2.21,9.34,0.39,0.32,-99.9,-99.9,8.41,-99.9,5.25,2.14,1.18,31.89,0,0,3265
"2026-03-16 17:02:00",5186,4.91,0,0,0,0.95,16.81,30621.97,36300.54,22.99,149.35,12.61,2.1,8.87,0.41,0.34,-99.9,-99.9,8.4,-99.9,5.28,2.04,1.17,32.48,0,0,3266
"2026-03-16 17:17:00",5187,4.91,0,0,0,1,16.89,30523.02,36117.21,22.86,147.7,12.46,1.38,5.77,0.35,0.28,-99.9,-99.9,8.39,-99.9,5.37,2.14,1.17,32.48,0,0,3267
"2026-03-16 17:32:00",5188,4.92,0,0,0,1.04,16.88,30517.6,36119.03,22.86,143.16,12.08,5.21,22.08,0.41,0.34,-99.9,-99.9,8.38,-99.9,5.27,1.73,1.17,33.52,0,0,3268
"2026-03-16 17:47:00",5189,4.9,0,0,0,1.1,16.83,30532.7,36174.9,22.9,142.21,12.01,2,8.42,0.32,0.25,-99.9,-99.9,8.37,-99.9,5.35,1.89,1.17,33.52,0,0,3269
"2026-03-16 18:02:00",5190,4.9,0,0,0,1.19,17.26,30481.43,35767.32,22.62,127.53,10.7,1.08,4.52,0.24,0.16,-99.9,-99.9,8.29,-99.9,5.29,1.95,1.17,31.54,0,0,3270
"2026-03-16 18:17:00",5191,4.91,0,0,0,1.29,17.71,30704.02,35673.7,22.56,135.07,11.24,1.76,7.39,0.28,0.2,-99.9,-99.9,8.35,-99.9,5.22,1.45,1.17,31.54,0,0,3271
"2026-03-16 18:32:00",5192,4.91,0,0,0,1.4,17.78,30662.62,35563.68,22.48,137.48,11.42,1.86,7.85,0.28,0.21,-99.9,-99.9,8.36,-99.9,4.9,1.53,1.18,31.51,0,0,3272
"2026-03-16 18:47:00",5193,4.93,0,0,0,1.46,17.63,30629.97,35647.22,22.54,135.77,11.31,1.98,8.35,0.27,0.2,-99.9,-99.9,8.35,-99.9,5.21,1.53,1.18,31.51,0,0,3273
"2026-03-16 19:02:00",5194,4.9,0,0,0,1.56,17.47,30609.63,35748.85,22.61,145.39,12.15,3.13,13.25,0.42,0.34,-99.9,-99.9,8.41,-99.9,5.04,1.83,1.17,31.07,0,0,3274
"2026-03-16 19:17:00",5195,4.91,0,0,0,1.68,17.52,30651.6,35756.93,22.61,139.63,11.65,2.72,11.49,0.36,0.29,-99.9,-99.9,8.38,-99.9,5.11,1.59,1.17,31.07,0,0,3275
"2026-03-16 19:32:00",5196,4.91,0,0,0,1.78,17.72,30643.5,35591.72,22.5,138.15,11.49,1.7,7.17,0.33,0.26,-99.9,-99.9,8.36,-99.9,5.14,2.02,1.18,32.15,0,0,3276
"2026-03-16 19:47:00",5197,4.92,0,0,0,1.88,17.74,30623.59,35551.36,22.47,140.83,11.71,2.47,10.41,0.36,0.29,-99.9,-99.9,8.38,-99.9,5.09,1.65,1.18,32.15,0,0,3277
"2026-03-16 20:02:00",5198,4.92,0,0,0,1.99,17.91,30703.04,35510.77,22.44,143.44,11.89,2.17,9.16,0.33,0.26,-99.9,-99.9,8.39,-99.9,5.08,1.95,1.18,31.49,0,0,3278
"2026-03-16 20:17:00",5199,4.9,0,0,0,2.07,17.64,30661.86,35673.64,22.56,149.06,12.41,3.25,13.74,0.39,0.32,-99.9,-99.9,8.42,-99.9,5.05,2.19,1.18,31.49,0,0,3279
"2026-03-16 20:32:00",5200,4.9,0,0,0,2.18,17.48,30666.12,35805.51,22.65,150.84,12.59,2.59,10.95,0.4,0.33,-99.9,-99.9,8.43,-99.9,5.1,2.34,1.18,31.28,0,0,3280
"2026-03-16 20:47:00",5201,4.91,0,0,0,2.29,17.62,30721.15,35759.38,22.62,149.34,12.44,3.42,14.46,0.41,0.33,-99.9,-99.9,8.43,-99.9,5.04,2.06,1.18,31.28,0,0,3281
"2026-03-16 21:02:00",5202,4.91,0,0,0,2.36,17.48,30722.93,35872.3,22.69,150.86,12.59,3.59,15.2,0.47,0.4,-99.9,-99.9,8.43,-99.9,5.14,2.29,1.17,30.69,0,0,3282
"2026-03-16 21:17:00",5203,4.92,0,0,0,2.45,17.06,30836.43,36347.42,23.02,152.64,12.82,4.12,17.43,0.41,0.34,-99.9,-99.9,8.42,-99.9,5.2,1.93,1.17,30.69,0,0,3283
"2026-03-16 21:32:00",5204,4.9,0,0,0,2.51,16.95,30820.36,36422.2,23.08,148.17,12.47,3.65,15.43,0.44,0.37,-99.9,-99.9,8.4,-99.9,5.08,1.95,1.18,31.7,0,0,3284
"2026-03-16 21:47:00",5205,4.91,0,0,0,2.59,16.71,30848.38,36652.12,23.24,145.07,12.26,4.5,19.06,0.36,0.29,-99.9,-99.9,8.37,-99.9,5.22,3.04,1.18,31.7,0,0,3285
"2026-03-16 22:02:00",5206,4.9,0,0,0,2.65,16.44,31026.35,37087.64,23.54,138.73,11.76,2.69,11.36,0.42,0.34,-99.9,-99.9,8.33,-99.9,5.03,2.21,1.18,31.93,0,0,3286
"2026-03-16 22:17:00",5207,4.91,0,0,0,2.7,16.15,31233.21,37587.17,23.89,128.12,10.9,4.89,20.73,0.44,0.37,-99.9,-99.9,8.26,-99.9,5.02,1.83,1.18,31.93,0,0,3287
"2026-03-16 22:32:00",5208,4.91,0,0,0,2.73,16.15,31164.23,37505.23,23.83,125.62,10.69,2.81,11.87,0.54,0.47,-99.9,-99.9,8.24,-99.9,4.92,1.96,1.18,32.04,0,0,3288
"2026-03-16 22:47:00",5209,4.89,0,0,0,2.76,16.09,31188.58,37581.43,23.88,125.87,10.72,2.63,11.11,0.44,0.37,-99.9,-99.9,8.24,-99.9,4.89,2.05,1.18,32.04,0,0,3289
"2026-03-16 23:02:00",5210,4.9,0,0,0,2.78,15.9,31292.17,37874.87,24.09,120.76,10.32,4.64,19.65,0.47,0.4,-99.9,-99.9,8.2,-99.9,4.83,1.91,1.18,33.1,0,0,3290
"2026-03-16 23:17:00",5211,4.9,0,0,0,2.78,15.86,31342.42,37970.93,24.15,122.37,10.46,1.96,8.27,0.39,0.31,-99.9,-99.9,8.2,-99.9,4.9,1.9,1.18,33.1,0,0,3291
"2026-03-16 23:32:00",5212,4.9,0,0,0,2.76,15.77,31408.23,38131.12,24.27,120.13,10.28,2.21,9.31,0.44,0.37,-99.9,-99.9,8.2,-99.9,4.83,1.88,1.18,32.48,0,0,3292
"2026-03-16 23:47:00",5213,4.91,0,0,0,2.73,15.72,31403.54,38167.43,24.29,118.3,10.13,1.97,8.29,0.43,0.36,-99.9,-99.9,8.19,-99.9,4.83,1.95,1.18,32.48,0,0,3293
"2026-03-17 00:02:00",5214,4.88,0,0,0,2.69,15.67,31409.18,38224.3,24.33,117.83,10.1,5.26,22.32,0.54,0.47,-99.9,-99.9,8.18,-99.9,4.8,2.93,1.18,32.05,0,0,3294
"2026-03-17 00:17:00",5215,4.89,0,0,0,2.62,15.55,31483.39,38419.57,24.47,115.38,9.9,1.88,7.92,0.38,0.3,-99.9,-99.9,8.15,-99.9,4.81,1.79,1.18,32.05,0,0,3295
"2026-03-17 00:32:00",5216,4.89,0,0,0,2.55,15.6,31448.08,38333.86,24.41,113.89,9.77,1.9,8.02,0.38,0.31,-99.9,-99.9,8.16,-99.9,4.82,2.24,1.17,31.82,0,0,3296
"2026-03-17 00:47:00",5217,4.9,0,0,0,2.48,15.61,31474.09,38352.21,24.42,115.37,9.89,3.04,12.84,0.54,0.47,-99.9,-99.9,8.17,-99.9,4.89,1.9,1.17,31.82,0,0,3297
"2026-03-17 01:02:00",5218,4.9,0,0,0,2.4,15.6,31480.96,38367.31,24.43,115.56,9.91,1.99,8.41,0.38,0.31,-99.9,-99.9,8.16,-99.9,4.84,2.15,1.18,32.36,0,0,3298
"2026-03-17 01:17:00",5219,4.88,0,0,0,2.31,15.55,31466.98,38393.82,24.45,114.41,9.82,2.69,11.36,0.44,0.37,-99.9,-99.9,8.15,-99.9,4.81,1.81,1.18,32.36,0,0,3299
"2026-03-17 01:32:00",5220,4.89,0,0,0,2.25,16.06,31269.58,37704.93,23.97,115,9.8,1.69,7.12,0.32,0.25,-99.9,-99.9,8.2,-99.9,4.97,1.72,1.19,31.65,0,0,3300
"2026-03-17 01:47:00",5221,4.89,0,0,0,2.14,16.21,31168.3,37460.47,23.8,119.54,10.17,1.73,7.3,0.32,0.25,-99.9,-99.9,8.21,-99.9,5.07,1.57,1.19,31.65,0,0,3301
"2026-03-17 02:02:00",5222,4.89,0,0,0,2.05,16.25,31080.31,37319.5,23.7,119.63,10.17,1.72,7.24,0.31,0.24,-99.9,-99.9,8.23,-99.9,5.16,1.95,1.18,32.1,0,0,3302
"2026-03-17 02:17:00",5223,4.91,0,0,0,1.97,16.29,31100.35,37310.21,23.69,120.11,10.2,1.63,6.88,0.32,0.24,-99.9,-99.9,8.22,-99.9,5.1,1.44,1.18,32.1,0,0,3303
"2026-03-17 02:32:00",5224,4.88,0,0,0,1.87,16.1,31125.47,37504.12,23.83,119.68,10.2,2.46,10.37,0.45,0.38,-99.9,-99.9,8.21,-99.9,5,1.94,1.17,31.53,0,0,3304
"2026-03-17 02:47:00",5225,4.89,0,0,0,1.8,16.38,31022.61,37137.7,23.57,121.13,10.28,1.73,7.3,0.32,0.25,-99.9,-99.9,8.23,-99.9,5.19,1.86,1.17,31.53,0,0,3305
"2026-03-17 03:02:00",5226,4.89,0,0,0,1.74,16.21,31090.89,37363.7,23.73,121.25,10.32,2.67,11.27,0.42,0.35,-99.9,-99.9,8.22,-99.9,4.92,1.97,1.18,31.96,0,0,3306
"2026-03-17 03:17:00",5227,4.9,0,0,0,1.67,16.11,31280.17,37674.31,23.95,122.35,10.42,2.77,11.7,0.39,0.32,-99.9,-99.9,8.22,-99.9,5.06,2.82,1.18,31.96,0,0,3307
"2026-03-17 03:32:00",5228,4.9,0,0,0,1.61,16.07,31261.67,37686.82,23.96,116.43,9.92,1.82,7.66,0.43,0.35,-99.9,-99.9,8.18,-99.9,5.09,2.25,1.18,31.91,0,0,3308
"2026-03-17 03:47:00",5229,4.88,0,0,0,1.58,16.33,30982.78,37128.52,23.57,117.19,9.96,1.43,6.01,0.38,0.31,-99.9,-99.9,8.21,-99.9,5,1.41,1.18,31.91,0,0,3309
"2026-03-17 04:02:00",5230,4.88,0,0,0,1.54,16.32,31115.92,37300.77,23.69,123.34,10.47,3.1,13.1,0.44,0.37,-99.9,-99.9,8.24,-99.9,4.96,2.19,1.17,31.57,0,0,3310
"2026-03-17 04:17:00",5231,4.89,0,0,0,1.52,16.35,31099.53,37255.15,23.66,116.77,9.91,2.88,12.16,0.41,0.34,-99.9,-99.9,8.24,-99.9,5.01,1.87,1.17,31.57,0,0,3311
"2026-03-17 04:32:00",5232,4.89,0,0,0,1.52,16.38,31080.3,37203.23,23.62,124.81,10.59,2.06,8.71,0.38,0.3,-99.9,-99.9,8.25,-99.9,5.04,2.02,1.17,31.6,0,0,3312
"2026-03-17 04:47:00",5233,4.9,0,0,0,1.52,16.42,31099.54,37197.05,23.62,127.64,10.82,2.8,11.82,0.45,0.37,-99.9,-99.9,8.26,-99.9,5.13,2.06,1.17,31.6,0,0,3313
"2026-03-17 05:02:00",5234,4.87,0,0,0,1.55,16.37,31117.6,37259.3,23.66,123.16,10.45,2.01,8.49,0.49,0.42,-99.9,-99.9,8.24,-99.9,5.15,2.29,1.17,33.03,0,0,3314
"2026-03-17 05:17:00",5235,4.89,0,0,0,1.58,16.46,31114.19,37178.35,23.6,130.44,11.05,2.84,12,0.5,0.43,-99.9,-99.9,8.29,-99.9,5.18,2.35,1.17,33.03,0,0,3315
"2026-03-17 05:32:00",5236,4.88,0,0,0,1.61,16.4,31138.95,37262.69,23.66,127.68,10.83,1.76,7.41,0.44,0.37,-99.9,-99.9,8.27,-99.9,5.21,2.33,1.18,31.2,0,0,3316
"2026-03-17 05:47:00",5237,4.9,0,0,0,1.65,16.5,31086.19,37107.91,23.55,129.68,10.98,2.74,11.56,0.45,0.38,-99.9,-99.9,8.27,-99.9,5.24,2.6,1.18,31.2,0,0,3317
"2026-03-17 06:02:00",5238,4.9,0,0,0,1.7,16.47,31082.1,37129.81,23.57,127.22,10.78,1.81,7.62,0.44,0.37,-99.9,-99.9,8.26,-99.9,4.96,2.31,1.18,32.5,0,0,3318
"2026-03-17 06:17:00",5239,4.88,0,0,0,1.77,16.66,31013.73,36886.99,23.4,125.11,10.57,2.72,11.48,0.43,0.36,-99.9,-99.9,8.27,-99.9,5.17,2.11,1.18,32.5,0,0,3319
"2026-03-17 06:32:00",5240,4.88,0,0,0,1.85,16.92,30729.82,36340.12,23.02,116.28,9.8,1.53,6.43,0.29,0.22,-99.9,-99.9,8.22,-99.9,5.26,1.66,1.17,31.46,0,0,3320
"2026-03-17 06:47:00",5241,4.89,0,0,0,1.93,16.77,30883.3,36642.83,23.23,120.63,10.18,1.51,6.36,0.28,0.2,-99.9,-99.9,8.23,-99.9,5.25,1.64,1.17,31.46,0,0,3321
"2026-03-17 07:02:00",5242,4.89,0,0,0,2.03,16.8,30767.29,36479.84,23.12,125.45,10.59,3.39,14.36,0.35,0.28,-99.9,-99.9,8.27,-99.9,5.23,1.94,1.18,31.75,0,0,3322
"2026-03-17 07:17:00",5243,4.91,0,0,0,2.11,16.78,30606.52,36303.09,22.99,129.05,10.9,2.27,9.6,0.34,0.27,-99.9,-99.9,8.3,-99.9,5.27,1.95,1.18,31.75,0,0,3323
"2026-03-17 07:32:00",5244,4.87,0,0,0,2.19,16.82,30579.31,36240.88,22.95,131.07,11.07,2.59,10.93,0.37,0.29,-99.9,-99.9,8.33,-99.9,5.24,2,1.17,32.22,0,0,3324
"2026-03-17 07:47:00",5245,4.88,0,0,0,2.28,16.82,30699.02,36383.66,23.05,131.81,11.12,2.41,10.16,0.36,0.29,-99.9,-99.9,8.32,-99.9,5.12,2.07,1.17,32.22,0,0,3325
"2026-03-17 08:02:00",5246,4.88,0,0,0,2.37,16.79,30704.11,36412.39,23.07,130.73,11.04,1.97,8.28,0.36,0.29,-99.9,-99.9,8.31,-99.9,5.16,2.21,1.17,32.39,0,0,3326
"2026-03-17 08:17:00",5247,4.9,0,0,0,2.46,16.87,30627.14,36256.84,22.96,131.99,11.14,2.3,9.71,0.38,0.3,-99.9,-99.9,8.33,-99.9,5.2,1.92,1.17,32.39,0,0,3327
"2026-03-17 08:32:00",5248,4.9,0,0,0,2.54,16.77,30768.78,36505.43,23.13,131.45,11.1,2.27,9.57,0.39,0.31,-99.9,-99.9,8.31,-99.9,5.18,2.18,1.17,31.46,0,0,3328
"2026-03-17 08:47:00",5249,4.88,0,0,0,2.63,16.77,30778.15,36517.94,23.14,131.1,11.07,3.19,13.5,0.42,0.35,-99.9,-99.9,8.31,-99.9,5.23,2.2,1.17,31.46,0,0,3329
"2026-03-17 09:02:00",5250,4.88,0,0,0,2.71,16.8,30749.45,36461.01,23.1,133.77,11.29,2.27,9.59,0.36,0.29,-99.9,-99.9,8.32,-99.9,5.17,2.15,1.18,32.16,0,0,3330
"2026-03-17 09:17:00",5251,4.89,0,0,0,2.76,16,31323.14,37821.63,24.05,115.47,9.85,1.67,7.03,0.34,0.27,-99.9,-99.9,8.17,-99.9,4.97,2.14,1.18,32.16,0,0,3331
"2026-03-17 09:32:00",5252,4.88,0,0,0,2.81,15.84,31386.96,38042.42,24.2,114.8,9.81,1.47,6.18,0.4,0.33,-99.9,-99.9,8.16,-99.9,4.92,2.25,1.17,31.9,0,0,3332
"2026-03-17 09:47:00",5253,4.9,0,0,0,2.87,15.77,31439.64,38171.76,24.29,114.25,9.77,1.79,7.53,0.42,0.35,-99.9,-99.9,8.15,-99.9,4.82,2.43,1.17,31.9,0,0,3333
"2026-03-17 10:02:00",5254,4.87,0,0,0,2.9,15.46,31656.24,38706.08,24.67,107.93,9.27,1.76,7.43,0.38,0.31,-99.9,-99.9,8.1,-99.9,4.75,2.17,1.17,32.37,0,0,3334
"2026-03-17 10:17:00",5255,4.88,0,0,0,2.93,15.38,31680.94,38814.87,24.74,105.2,9.05,1.6,6.73,0.35,0.28,-99.9,-99.9,8.08,-99.9,4.59,1.6,1.17,32.37,0,0,3335
"2026-03-17 10:32:00",5256,4.87,0,0,0,2.95,15.39,31765.06,38906.1,24.81,105.55,9.07,1.61,6.79,0.34,0.27,-99.9,-99.9,8.09,-99.9,4.63,2.35,1.18,31.46,0,0,3336
"2026-03-17 10:47:00",5257,4.88,0,0,0,2.94,15.27,31765.25,39019.45,24.89,103.56,8.92,1.68,7.07,0.39,0.32,-99.9,-99.9,8.07,-99.9,4.59,1.82,1.18,31.46,0,0,3337
"2026-03-17 11:02:00",5258,4.89,0,0,0,2.91,15.12,31862.73,39276.9,25.06,102.15,8.81,1.15,4.83,0.34,0.26,-99.9,-99.9,8.05,-99.9,4.41,1.77,1.17,31.57,0,0,3338
"2026-03-17 11:17:00",5259,4.87,0,0,0,2.86,14.97,31973.24,39553.01,25.26,99.4,8.59,1.12,4.68,0.33,0.26,-99.9,-99.9,8.03,-99.9,4.38,1.73,1.17,31.57,0,0,3339
"2026-03-17 11:32:00",5260,4.87,0,0,0,2.82,14.87,32009.3,39691.28,25.35,100.12,8.67,1.48,6.21,0.4,0.32,-99.9,-99.9,8.03,-99.9,4.31,1.84,1.18,33.07,0,0,3340
"2026-03-17 11:47:00",5261,4.87,0,0,0,2.76,14.88,32059.35,39739.68,25.39,100.64,8.71,1.22,5.13,0.35,0.28,-99.9,-99.9,8.04,-99.9,4.29,1.68,1.18,33.07,0,0,3341
"2026-03-17 12:02:00",5262,4.88,0,0,0,2.69,14.8,32148.73,39931.13,25.52,98.53,8.53,1.03,4.31,0.3,0.23,-99.9,-99.9,8.01,-99.9,4.19,1.82,1.17,31.81,0,0,3342
"2026-03-17 12:17:00",5263,4.86,0,0,0,2.59,15.45,31668.85,38738.05,24.69,107.58,9.24,1.41,5.94,0.35,0.28,-99.9,-99.9,8.13,-99.9,4.56,1.74,1.17,31.81,0,0,3343
"2026-03-17 12:32:00",5264,4.86,0,0,0,2.51,15.82,31677.26,38414.14,24.47,117.82,10.06,1.41,5.92,0.31,0.24,-99.9,-99.9,8.19,-99.9,4.55,1.65,1.18,33.51,0,0,3344
"2026-03-17 12:47:00",5265,4.87,0,0,0,2.39,15.65,31701.42,38589.72,24.59,114.32,9.78,1.4,5.88,0.33,0.26,-99.9,-99.9,8.16,-99.9,4.5,1.66,1.18,33.51,0,0,3345
"2026-03-17 13:02:00",5266,4.88,0,0,0,2.27,16.06,31491.12,37976.08,24.16,117.64,10.01,1.38,5.78,0.3,0.23,-99.9,-99.9,8.21,-99.9,4.75,1.74,1.18,31.74,0,0,3346
"2026-03-17 13:17:00",5267,4.86,0,0,0,2.14,15.72,31664.7,38488.35,24.52,112.7,9.64,1.26,5.29,0.3,0.23,-99.9,-99.9,8.15,-99.9,4.62,1.86,1.18,31.74,0,0,3347
"2026-03-17 13:32:00",5268,4.87,0,0,0,2.01,15.73,31731.8,38557.27,24.57,117.73,10.06,1.39,5.83,0.31,0.24,-99.9,-99.9,8.19,-99.9,4.59,1.78,1.18,32.83,0,0,3348
"2026-03-17 13:47:00",5269,4.87,0,0,0,1.89,15.72,31743.49,38582.43,24.58,123.15,10.53,1.43,6.01,0.37,0.3,-99.9,-99.9,8.21,-99.9,4.6,1.87,1.18,32.83,0,0,3349
"2026-03-17 14:02:00",5270,4.88,0,0,0,1.77,15.94,31683.21,38314.06,24.4,125.33,10.68,2.03,8.55,0.4,0.33,-99.9,-99.9,8.23,-99.9,4.68,2.12,1.17,31.65,0,0,3350
"2026-03-17 14:17:00",5271,4.86,0,0,0,1.66,16.39,31462.85,37652.14,23.94,114.83,9.72,1.34,5.61,0.26,0.19,-99.9,-99.9,8.2,-99.9,4.83,2.61,1.17,31.65,0,0,3351
"2026-03-17 14:32:00",5272,4.87,0,0,0,1.55,16.47,31400.41,37512.51,23.84,123.27,10.43,1.27,5.34,0.26,0.19,-99.9,-99.9,8.24,-99.9,4.94,1.48,1.18,32.59,0,0,3352
"2026-03-17 14:47:00",5273,4.87,0,0,0,1.45,16.46,31498.05,37639.97,23.93,136.46,11.54,1.9,8.02,0.38,0.31,-99.9,-99.9,8.31,-99.9,4.75,2.18,1.18,32.59,0,0,3353
"2026-03-17 15:02:00",5274,4.88,0,0,0,1.36,16.24,31682.85,38048.89,24.21,145.49,12.33,2.17,9.13,0.43,0.36,-99.9,-99.9,8.35,-99.9,4.9,2.66,1.17,31.43,0,0,3354
"2026-03-17 15:17:00",5275,4.87,0,0,0,1.31,16.87,31534.09,37328.72,23.71,141.63,11.89,2.23,9.4,0.34,0.27,-99.9,-99.9,8.35,-99.9,4.87,2.03,1.17,31.43,0,0,3355
"2026-03-17 15:32:00",5276,4.87,0,0,0,1.22,16.99,31460.89,37145.65,23.58,141.36,11.86,1.33,5.59,0.32,0.25,-99.9,-99.9,8.34,-99.9,4.77,1.83,1.18,31.95,0,0,3356
"2026-03-17 15:47:00",5277,4.88,0,0,0,1.15,17.49,31593.96,36882.26,23.4,141.79,11.78,1.8,7.56,0.32,0.24,-99.9,-99.9,8.35,-99.9,4.78,1.88,1.18,31.95,0,0,3357
"2026-03-17 16:02:00",5278,4.88,0,0,0,1.1,17.93,31611.97,36543.75,23.16,151.08,12.47,1.82,7.66,0.35,0.27,-99.9,-99.9,8.42,-99.9,4.82,2.08,1.17,31.22,0,0,3358
"2026-03-17 16:17:00",5279,4.87,0,0,0,1.05,17.94,31572.53,36492.16,23.13,158.08,13.04,1.99,8.38,0.34,0.26,-99.9,-99.9,8.45,-99.9,4.88,2.69,1.17,31.22,0,0,3359
"2026-03-17 16:32:00",5280,4.88,0,0,0,1.03,18.08,31593.58,36406.69,23.07,158.23,13.03,1.83,7.71,0.33,0.26,-99.9,-99.9,8.46,-99.9,4.91,2.48,1.17,31.42,0,0,3360
"2026-03-17 16:47:00",5281,4.88,0,0,0,1.01,18.24,31641.47,36335.29,23.02,157.27,12.91,3.1,13.09,0.35,0.27,-99.9,-99.9,8.45,-99.9,4.84,2.53,1.17,31.42,0,0,3361
"2026-03-17 17:02:00",5282,4.89,0,0,0,1,17.83,31624.55,36641.6,23.23,154.65,12.78,2.04,8.59,0.32,0.25,-99.9,-99.9,8.43,-99.9,4.89,2.09,1.18,31.74,0,0,3362
"2026-03-17 17:17:00",5283,4.88,0,0,0,1.02,17.72,31629.86,36739.24,23.3,149.77,12.4,2.42,10.24,0.33,0.26,-99.9,-99.9,8.4,-99.9,4.82,1.86,1.18,31.74,0,0,3363
"2026-03-17 17:32:00",5284,4.88,0,0,0,1.03,17.74,31634.16,36725.88,23.29,150.01,12.42,2.1,8.84,0.32,0.24,-99.9,-99.9,8.41,-99.9,4.84,1.88,1.17,31.72,0,0,3364
"2026-03-17 17:47:00",5285,4.88,0,0,0,1.07,17.71,31620.52,36733.18,23.3,153.26,12.69,3.2,13.52,0.38,0.31,-99.9,-99.9,8.43,-99.9,4.92,2.14,1.17,31.72,0,0,3365
"2026-03-17 18:02:00",5286,4.89,0,0,0,1.13,18.14,31698.63,36480.4,23.12,152.87,12.57,3.06,12.94,0.38,0.3,-99.9,-99.9,8.43,-99.9,4.77,2.45,1.18,32.14,0,0,3366
"2026-03-17 18:17:00",5287,4.87,0,0,0,1.18,17.77,31692.18,36768.96,23.32,149.23,12.34,2.1,8.85,0.36,0.28,-99.9,-99.9,8.4,-99.9,4.78,2.06,1.18,32.14,0,0,3367
"2026-03-17 18:32:02",5288,4.88,0,0,0,1.26,17.81,31709.43,36759.88,23.31,146.47,12.11,2.89,12.24,0.33,0.26,-99.9,-99.9,8.39,-99.9,4.76,1.94,1.18,31.67,0,0,3368
"2026-03-17 18:47:00",5289,4.89,0,0,0,1.35,17.85,31743.84,36763.53,23.32,144.05,11.89,3.01,12.73,0.38,0.31,-99.9,-99.9,8.37,-99.9,4.69,1.89,1.18,31.67,0,0,3369
"2026-03-17 19:02:00",5290,4.89,0,0,0,1.45,17.82,31747.69,36793.53,23.34,144.02,11.9,2.39,10.08,0.4,0.33,-99.9,-99.9,8.37,-99.9,4.68,1.96,1.18,31.53,0,0,3370
"2026-03-17 19:17:00",5291,4.88,0,0,0,1.55,18.01,31698.16,36583.52,23.19,137.02,11.29,2.72,11.5,0.53,0.46,-99.9,-99.9,8.4,-99.9,4.84,1.91,1.18,31.53,0,0,3371
"2026-03-17 19:32:00",5292,4.88,0,0,0,1.66,17.72,31712.51,36831.29,23.36,143.23,11.85,1.8,7.57,0.3,0.23,-99.9,-99.9,8.37,-99.9,4.73,1.8,1.18,31.24,0,0,3372
"2026-03-17 19:47:00",5293,4.89,0,0,0,1.75,17.75,31701.22,36793.93,23.34,142.91,11.82,2.25,9.5,0.35,0.28,-99.9,-99.9,8.37,-99.9,4.78,1.94,1.18,31.24,0,0,3373
"2026-03-17 20:02:00",5294,4.89,0,0,0,1.86,17.72,31713,36837.3,23.37,144.8,11.98,3.3,13.95,0.41,0.33,-99.9,-99.9,8.38,-99.9,4.76,2.09,1.18,31.51,0,0,3374
"2026-03-17 20:17:00",5295,4.88,0,0,0,1.96,17.8,31690.45,36743.91,23.3,145.86,12.06,2.83,11.96,0.37,0.3,-99.9,-99.9,8.38,-99.9,4.8,1.89,1.18,31.51,0,0,3375
"2026-03-17 20:32:00",5296,4.88,0,0,0,2.07,17.93,31714.77,36664.93,23.25,145.27,11.98,3.39,14.35,0.36,0.29,-99.9,-99.9,8.38,-99.9,4.78,2.18,1.18,31.51,0,0,3376
"2026-03-17 20:47:00",5297,4.89,0,0,0,2.19,18.06,31755.33,36603.85,23.21,145.09,11.94,3.19,13.5,0.42,0.35,-99.9,-99.9,8.38,-99.9,4.76,2.13,1.18,31.51,0,0,3377
"2026-03-17 21:02:00",5298,4.89,0,0,0,2.3,17.91,31735.89,36703.57,23.28,144.56,11.92,3.56,15.08,0.42,0.35,-99.9,-99.9,8.38,-99.9,4.68,2.29,1.18,31.59,0,0,3378
"2026-03-17 21:17:00",5299,4.87,0,0,0,2.38,17.83,31727.33,36762.76,23.32,142.93,11.81,3.09,13.07,0.45,0.38,-99.9,-99.9,8.37,-99.9,4.75,2.3,1.18,31.59,0,0,3379
"2026-03-17 21:32:00",5300,4.87,0,0,0,2.47,17.14,31819.79,37444.13,23.79,143.39,11.97,2.49,10.53,0.36,0.29,-99.9,-99.9,8.35,-99.9,4.76,1.87,1.18,31.39,0,0,3380
"2026-03-17 21:47:00",5301,4.88,0,0,0,2.55,16.69,31891.78,37912.09,24.12,134.94,11.34,3.03,12.82,0.36,0.29,-99.9,-99.9,8.3,-99.9,4.73,1.88,1.18,31.39,0,0,3381
"2026-03-17 22:02:00",5302,4.89,0,0,0,2.62,16.39,31947.07,38238,24.35,130.59,11.03,2.88,12.18,0.41,0.33,-99.9,-99.9,8.27,-99.9,4.65,2.11,1.18,31.67,0,0,3382
"2026-03-17 22:17:00",5303,4.87,0,0,0,2.69,16.05,32017.65,38617.19,24.61,124,10.53,2.09,8.82,0.34,0.27,-99.9,-99.9,8.22,-99.9,4.53,1.99,1.18,31.67,0,0,3383
"2026-03-17 22:32:00",5304,4.87,0,0,0,2.75,15.99,32075.84,38741.88,24.7,121.2,10.3,2.7,11.42,0.41,0.33,-99.9,-99.9,8.2,-99.9,4.52,2.54,1.17,31,0,0,3384
"2026-03-17 22:47:00",5305,4.87,0,0,0,2.81,15.95,32064.53,38767.04,24.71,120.4,10.24,2.09,8.8,0.42,0.35,-99.9,-99.9,8.2,-99.9,4.52,2.64,1.17,31,0,0,3385
"2026-03-17 23:02:00",5306,4.88,0,0,0,2.85,15.91,32048.92,38781.18,24.72,119.25,10.14,2.64,11.16,0.43,0.36,-99.9,-99.9,8.19,-99.9,4.48,2.17,1.18,32.48,0,0,3386
"2026-03-17 23:17:00",5307,4.86,0,0,0,2.87,15.84,32036.79,38831.66,24.76,118.34,10.08,2.11,8.89,0.39,0.32,-99.9,-99.9,8.18,-99.9,4.5,2.84,1.18,32.48,0,0,3387
"2026-03-17 23:32:00",5308,4.87,0,0,0,2.89,15.85,32034.93,38815.17,24.75,117.39,10,2.31,9.75,0.42,0.35,-99.9,-99.9,8.18,-99.9,4.49,2.28,1.17,31.38,0,0,3388
"2026-03-17 23:47:00",5309,4.87,0,0,0,2.88,15.82,32049.93,38861.54,24.78,117.69,10.03,1.99,8.37,0.42,0.34,-99.9,-99.9,8.18,-99.9,4.43,2.11,1.17,31.38,0,0,3389
"2026-03-18 00:02:00",5310,4.87,0,0,0,2.86,15.81,32059.85,38888.6,24.8,117.03,9.97,2.03,8.56,0.44,0.37,-99.9,-99.9,8.18,-99.9,4.43,2.29,1.17,32.83,0,0,3390
"2026-03-18 00:17:00",5311,4.86,0,0,0,2.82,15.7,32172.1,39123.35,24.96,113.64,9.69,2.01,8.47,0.51,0.44,-99.9,-99.9,8.16,-99.9,4.42,2.3,1.17,32.83,0,0,3391
"2026-03-18 00:32:00",5312,4.86,0,0,0,2.77,15.54,32190.43,39287.67,25.08,113.97,9.75,2.75,11.61,0.45,0.38,-99.9,-99.9,8.15,-99.9,4.32,2.31,1.17,32.7,0,0,3392
"2026-03-18 00:47:00",5313,4.87,0,0,0,2.7,15.71,32115.54,39044.16,24.91,115.91,9.89,2.6,11,0.42,0.35,-99.9,-99.9,8.17,-99.9,4.41,2.37,1.17,32.7,0,0,3393
"2026-03-18 01:02:00",5314,4.87,0,0,0,2.62,15.64,32153.07,39154.03,24.98,114.72,9.8,1.86,7.85,0.38,0.31,-99.9,-99.9,8.16,-99.9,4.42,2.09,1.17,33.48,0,0,3394
"2026-03-18 01:17:00",5315,4.85,0,0,0,2.54,15.83,32011.78,38806.69,24.74,109.75,9.35,1.34,5.63,0.29,0.21,-99.9,-99.9,8.13,-99.9,4.57,1.54,1.17,33.48,0,0,3395
"2026-03-18 01:32:00",5316,4.85,0,0,0,2.44,15.88,32045.76,38801.15,24.74,111.31,9.47,2.19,9.24,0.39,0.31,-99.9,-99.9,8.15,-99.9,4.52,1.95,1.17,32.04,0,0,3396
"2026-03-18 01:47:00",5317,4.86,0,0,0,2.33,15.96,32024.88,38711.1,24.68,110.08,9.36,1.55,6.51,0.31,0.23,-99.9,-99.9,8.17,-99.9,4.54,1.88,1.17,32.04,0,0,3397
"2026-03-18 02:02:00",5318,4.86,0,0,0,2.23,15.95,31921.23,38596.31,24.59,112.09,9.54,1.21,5.06,0.28,0.21,-99.9,-99.9,8.16,-99.9,4.62,1.68,1.17,32.65,0,0,3398
"2026-03-18 02:17:00",5319,4.85,0,0,0,2.12,16.02,31972.75,38590.81,24.59,117.29,9.96,2.25,9.51,0.51,0.44,-99.9,-99.9,8.19,-99.9,4.52,2.06,1.17,32.65,0,0,3399
"2026-03-18 02:32:00",5320,4.85,0,0,0,2.01,16.05,32048.16,38660.69,24.64,117.1,9.94,2.08,8.75,0.37,0.29,-99.9,-99.9,8.18,-99.9,4.55,2.1,1.17,31.66,0,0,3400
"2026-03-18 02:47:00",5321,4.86,0,0,0,1.92,16.21,31937.73,38377.18,24.44,115.6,9.79,2.16,9.12,0.41,0.34,-99.9,-99.9,8.19,-99.9,4.65,1.86,1.17,31.66,0,0,3401
"2026-03-18 03:02:00",5322,4.86,0,0,0,1.81,16.3,31992.09,38367.25,24.44,120.51,10.19,3.56,15.08,0.4,0.33,-99.9,-99.9,8.21,-99.9,4.64,2.34,1.18,33.13,0,0,3402
"2026-03-18 03:17:00",5323,4.85,0,0,0,1.71,16.36,31966.88,38284.66,24.38,117.62,9.94,2.33,9.83,0.41,0.34,-99.9,-99.9,8.21,-99.9,4.56,2.28,1.18,33.13,0,0,3403
"2026-03-18 03:32:00",5324,4.85,0,0,0,1.64,16.36,31941.04,38252.08,24.36,119.81,10.12,2.79,11.79,0.39,0.32,-99.9,-99.9,8.22,-99.9,4.71,2.29,1.18,31.8,0,0,3404
"2026-03-18 03:47:00",5325,4.86,0,0,0,1.57,16.38,31949.11,38243.77,24.35,126.98,10.73,2.12,8.95,0.38,0.3,-99.9,-99.9,8.23,-99.9,4.61,2.36,1.18,31.8,0,0,3405
"2026-03-18 04:02:00",5326,4.87,0,0,0,1.5,16.31,31958.36,38317.38,24.4,123.67,10.46,2.94,12.44,0.54,0.47,-99.9,-99.9,8.23,-99.9,4.55,2.44,1.18,31.73,0,0,3406
"2026-03-18 04:17:00",5327,4.85,0,0,0,1.46,16.34,31964.85,38300.84,24.39,123.84,10.47,2.25,9.49,0.39,0.32,-99.9,-99.9,8.23,-99.9,4.72,2.38,1.18,31.73,0,0,3407
"2026-03-18 04:32:00",5328,4.85,0,0,0,1.41,16.12,32010.46,38549.69,24.56,118.34,10.04,2.3,9.71,0.45,0.38,-99.9,-99.9,8.19,-99.9,4.55,2.24,1.17,31.49,0,0,3408
"2026-03-18 04:47:00",5329,4.86,0,0,0,1.38,16.25,31990.94,38412.02,24.47,119.91,10.15,2.68,11.33,0.47,0.4,-99.9,-99.9,8.2,-99.9,4.59,2.17,1.17,31.49,0,0,3409
"2026-03-18 05:02:00",5330,4.86,0,0,0,1.35,16.35,31941.66,38261.46,24.36,119.82,10.13,2.42,10.24,0.37,0.3,-99.9,-99.9,8.22,-99.9,4.75,2.2,1.18,31.95,0,0,3410
"2026-03-18 05:17:00",5331,4.85,0,0,0,1.35,16.18,31996.26,38475.99,24.51,118.62,10.05,2.32,9.8,0.41,0.34,-99.9,-99.9,8.18,-99.9,4.64,2.53,1.18,31.95,0,0,3411
"2026-03-18 05:32:00",5332,4.85,0,0,0,1.34,16.14,31983.38,38502.21,24.53,117.58,9.97,4.07,17.23,0.44,0.37,-99.9,-99.9,8.19,-99.9,4.56,2.56,1.18,31.11,0,0,3412
"2026-03-18 05:47:00",5333,4.86,0,0,0,1.37,16.22,31952.32,38392.8,24.45,116.81,9.89,1.88,7.93,0.36,0.28,-99.9,-99.9,8.18,-99.9,4.57,2.06,1.18,31.11,0,0,3413
"2026-03-18 06:02:00",5334,4.86,0,0,0,1.4,16.23,31946.03,38375.31,24.44,116.48,9.86,2.15,9.05,0.41,0.34,-99.9,-99.9,8.18,-99.9,4.6,2.32,1.17,31.8,0,0,3414
"2026-03-18 06:17:00",5335,4.85,0,0,0,1.45,16.31,31904.92,38252.89,24.36,118.48,10.02,5.03,21.31,0.44,0.37,-99.9,-99.9,8.19,-99.9,4.6,2,1.17,31.8,0,0,3415
"2026-03-18 06:32:00",5336,4.85,0,0,0,1.52,16.19,31939.84,38397.76,24.46,117.05,9.92,2.57,10.87,0.44,0.37,-99.9,-99.9,8.19,-99.9,4.57,1.98,1.19,32.57,0,0,3416
"2026-03-18 06:47:00",5337,4.86,0,0,0,1.6,16.48,31846.49,38032.7,24.2,118.94,10.04,1.96,8.26,0.34,0.27,-99.9,-99.9,8.21,-99.9,4.68,1.78,1.19,32.57,0,0,3417
"2026-03-18 07:02:00",5338,4.86,0,0,0,1.68,16.62,31659.38,37691.95,23.96,119.19,10.04,2.31,9.74,0.36,0.29,-99.9,-99.9,8.22,-99.9,4.79,1.57,1.18,32,0,0,3418
"2026-03-18 07:17:00",5339,4.85,0,0,0,1.77,16.6,31575.94,37613.02,23.91,122.8,10.36,1.87,7.89,0.38,0.31,-99.9,-99.9,8.25,-99.9,4.82,1.78,1.18,32,0,0,3419
"2026-03-18 07:32:00",5340,4.85,0,0,0,1.86,16.69,31465.87,37402.52,23.76,124.32,10.47,1.97,8.29,0.38,0.3,-99.9,-99.9,8.27,-99.9,4.83,1.92,1.18,31.06,0,0,3420
"2026-03-18 07:47:00",5341,4.85,0,0,0,1.95,16.77,31565.81,37451.29,23.8,128.88,10.84,3.94,16.67,0.39,0.32,-99.9,-99.9,8.28,-99.9,4.85,2.02,1.18,31.06,0,0,3421
"2026-03-18 08:02:00",5342,4.86,0,0,0,2.03,16.85,31456.02,37256.16,23.66,130.34,10.95,2.84,12.02,0.37,0.3,-99.9,-99.9,8.31,-99.9,4.91,1.93,1.18,31.55,0,0,3422
"2026-03-18 08:17:00",5343,4.85,0,0,0,2.13,16.85,31302.56,37070.27,23.53,131.34,11.05,2.26,9.55,0.37,0.3,-99.9,-99.9,8.32,-99.9,4.93,1.98,1.18,31.55,0,0,3423
"2026-03-18 08:32:00",5344,4.85,0,0,0,2.24,16.9,31264.55,36989.55,23.47,132.12,11.11,2.16,9.1,0.37,0.3,-99.9,-99.9,8.34,-99.9,4.89,1.92,1.18,31.29,0,0,3424
"2026-03-18 08:47:00",5345,4.85,0,0,0,2.33,16.98,31253.39,36905.46,23.41,132.67,11.14,1.88,7.9,0.36,0.29,-99.9,-99.9,8.34,-99.9,4.88,1.91,1.18,31.29,0,0,3425
"2026-03-18 09:02:00",5346,4.86,0,0,0,2.43,16.86,31380.22,37153.91,23.59,130.34,10.96,2.12,8.92,0.36,0.29,-99.9,-99.9,8.31,-99.9,5.02,2.25,1.18,31.25,0,0,3426
"2026-03-18 09:17:00",5347,4.85,0,0,0,2.53,16.84,31370.76,37160.25,23.59,129.39,10.88,3.43,14.51,0.37,0.3,-99.9,-99.9,8.3,-99.9,5.03,2.45,1.18,31.25,0,0,3427
"2026-03-18 09:32:00",5348,4.85,0,0,0,2.61,16.75,31381.17,37247.41,23.65,126.83,10.68,2.01,8.46,0.36,0.29,-99.9,-99.9,8.28,-99.9,4.98,1.95,1.18,31.41,0,0,3428
"2026-03-18 09:47:00",5349,4.85,0,0,0,2.68,16.56,31596.69,37666.26,23.95,124.04,10.47,1.99,8.38,0.36,0.29,-99.9,-99.9,8.24,-99.9,4.93,2.41,1.18,31.41,0,0,3429
"2026-03-18 10:02:00",5350,4.86,0,0,0,2.76,16.51,31662.52,37794.1,24.04,123.61,10.44,1.76,7.42,0.34,0.27,-99.9,-99.9,8.24,-99.9,4.88,2.25,1.18,31.54,0,0,3430
"2026-03-18 10:17:00",5351,4.85,0,0,0,2.81,15.92,32058.93,38786.83,24.73,111.65,9.5,1.76,7.41,0.36,0.29,-99.9,-99.9,8.14,-99.9,4.56,1.95,1.18,31.54,0,0,3431
"2026-03-18 10:32:00",5352,4.84,0,0,0,2.85,15.85,32108.99,38909.6,24.81,110.5,9.41,1.51,6.33,0.36,0.28,-99.9,-99.9,8.13,-99.9,4.5,2.2,1.17,31.5,0,0,3432
"2026-03-18 10:47:00",5353,4.85,0,0,0,2.91,15.5,32305.45,39464.82,25.2,105.78,9.05,1.47,6.17,0.32,0.25,-99.9,-99.9,8.08,-99.9,4.3,2.08,1.17,31.5,0,0,3433
"2026-03-18 11:02:00",5354,4.85,0,0,0,2.94,15.47,32360.46,39559.29,25.27,104.33,8.92,1.44,6.04,0.31,0.24,-99.9,-99.9,8.07,-99.9,4.28,1.93,1.18,32.24,0,0,3434
"2026-03-18 11:17:00",5355,4.84,0,0,0,2.97,15.79,32133.07,38993.39,24.87,110.03,9.38,1.46,6.15,0.33,0.26,-99.9,-99.9,8.13,-99.9,4.44,1.78,1.18,32.24,0,0,3435
"2026-03-18 11:32:00",5356,4.84,0,0,0,2.98,15.96,32080.24,38773.95,24.72,114.65,9.74,1.82,7.66,0.38,0.3,-99.9,-99.9,8.16,-99.9,4.55,2.2,1.17,32.01,0,0,3436
"2026-03-18 11:47:00",5357,4.85,0,0,0,2.95,15.24,32460.27,39897.69,25.5,105.56,9.06,1.48,6.21,0.32,0.25,-99.9,-99.9,8.07,-99.9,4.13,3.4,1.17,32.01,0,0,3437
"2026-03-18 12:02:00",5358,4.85,0,0,0,2.92,15.53,32308.29,39445.35,25.19,109.73,9.38,1.71,7.21,0.35,0.27,-99.9,-99.9,8.11,-99.9,4.24,1.95,1.18,33.01,0,0,3438
"2026-03-18 12:17:00",5359,4.84,0,0,0,2.85,15.28,32429.9,39825.08,25.45,107.19,9.2,1.38,5.78,0.37,0.3,-99.9,-99.9,8.08,-99.9,4.12,1.84,1.18,33.01,0,0,3439
"2026-03-18 12:32:00",5360,4.84,0,0,0,2.78,15.35,32431.43,39763.36,25.41,106.99,9.17,1.79,7.52,0.35,0.27,-99.9,-99.9,8.08,-99.9,4.14,1.91,1.17,31.95,0,0,3440
"2026-03-18 12:47:00",5361,4.84,0,0,0,2.7,15.39,32404.5,39688.93,25.36,106.07,9.08,1.18,4.93,0.31,0.24,-99.9,-99.9,8.08,-99.9,4.21,1.95,1.17,31.95,0,0,3441
"2026-03-18 13:02:00",5362,4.85,0,0,0,2.6,15.36,32426.79,39742.01,25.4,104.91,8.99,1.06,4.42,0.3,0.23,-99.9,-99.9,8.08,-99.9,4.13,2,1.17,32.19,0,0,3442
"2026-03-18 13:17:00",5363,4.84,0,0,0,2.5,15.44,32363.09,39592.74,25.29,103.31,8.84,1.32,5.53,0.34,0.27,-99.9,-99.9,8.11,-99.9,3.84,1.69,1.17,32.19,0,0,3443
"2026-03-18 13:32:00",5364,4.84,0,0,0,2.4,15.94,32266.54,39022.49,24.89,117.21,9.96,1.5,6.29,0.34,0.27,-99.9,-99.9,8.18,-99.9,4.29,2.52,1.17,31.64,0,0,3444
"2026-03-18 13:47:00",5365,4.84,0,0,0,2.3,16.13,32216.94,38784.65,24.73,119.73,10.14,1.39,5.84,0.31,0.24,-99.9,-99.9,8.19,-99.9,4.37,1.58,1.17,31.64,0,0,3445
"2026-03-18 14:02:00",5366,4.85,0,0,0,2.17,16.78,31826.95,37752.72,24.01,129.12,10.84,1.49,6.27,0.31,0.23,-99.9,-99.9,8.31,-99.9,4.59,1.89,1.17,31.26,0,0,3446
"2026-03-18 14:17:00",5367,4.84,0,0,0,2.03,15.96,32320.63,39067.68,24.93,118.29,10.04,1.31,5.51,0.35,0.28,-99.9,-99.9,8.17,-99.9,4.28,1.95,1.17,31.26,0,0,3447
"2026-03-18 14:32:00",5368,4.84,0,0,0,1.91,16.54,32262,38479.95,24.52,117.33,9.87,1.34,5.64,0.32,0.24,-99.9,-99.9,8.2,-99.9,4.44,1.8,1.17,30.3,0,0,3448
"2026-03-18 14:47:00",5369,4.85,0,0,0,1.79,17.1,32242.52,37969.56,24.16,119.35,9.95,1.17,4.9,0.27,0.2,-99.9,-99.9,8.22,-99.9,4.47,1.49,1.17,30.3,0,0,3449
"2026-03-18 15:02:00",5370,4.85,0,0,0,1.69,16.9,32287.34,38195.27,24.32,120.89,10.11,1.3,5.45,0.29,0.22,-99.9,-99.9,8.23,-99.9,4.39,1.59,1.18,31.27,0,0,3450
"2026-03-18 15:17:00",5371,4.84,0,0,0,1.59,16.87,32270.63,38206.62,24.33,121.28,10.15,1.13,4.72,0.25,0.18,-99.9,-99.9,8.21,-99.9,4.36,1.51,1.18,31.27,0,0,3451
"2026-03-18 15:32:00",5372,4.84,0,0,0,1.49,16.76,32263.09,38291.99,24.39,121.2,10.16,1.25,5.26,0.26,0.19,-99.9,-99.9,8.22,-99.9,4.31,1.57,1.18,31.4,0,0,3452
"2026-03-18 15:47:00",5373,4.85,0,0,0,1.42,16.83,32264.73,38232.79,24.35,124.71,10.44,1.55,6.51,0.29,0.22,-99.9,-99.9,8.25,-99.9,4.46,1.64,1.18,31.4,0,0,3453
"2026-03-18 16:02:00",5374,4.85,0,0,0,1.33,16.84,32159.1,38098.7,24.25,145.65,12.2,2.03,8.57,0.33,0.25,-99.9,-99.9,8.36,-99.9,4.72,2.62,1.18,32.09,0,0,3454
"2026-03-18 16:17:00",5375,4.84,0,0,0,1.26,16.97,32142.07,37965.73,24.16,146.43,12.24,1.76,7.4,0.32,0.25,-99.9,-99.9,8.37,-99.9,4.68,4.52,1.18,32.09,0,0,3455
"2026-03-18 16:32:00",5376,4.84,0,0,0,1.19,17.23,32167.61,37773.11,24.02,142.62,11.87,1.78,7.51,0.32,0.25,-99.9,-99.9,8.35,-99.9,4.54,2.65,1.18,31.36,0,0,3456
"2026-03-18 16:47:00",5377,4.85,0,0,0,1.15,17.6,32336.2,37662.56,23.95,138.2,11.43,2.32,9.8,0.34,0.26,-99.9,-99.9,8.34,-99.9,4.46,1.87,1.18,31.36,0,0,3457
"2026-03-18 17:02:00",5378,4.85,0,0,0,1.12,17.54,32278.27,37643.02,23.93,147.4,12.2,1.94,8.19,0.3,0.22,-99.9,-99.9,8.38,-99.9,4.6,1.96,1.18,31.91,0,0,3458
"2026-03-18 17:17:00",5379,4.84,0,0,0,1.11,17.9,32415.49,37498.01,23.83,143.35,11.79,1.97,8.32,0.3,0.23,-99.9,-99.9,8.35,-99.9,4.44,1.78,1.18,31.91,0,0,3459
"2026-03-18 17:32:00",5380,4.84,0,0,0,1.1,18.06,32506.32,37476.51,23.82,136.75,11.21,7.31,31,0.34,0.27,-99.9,-99.9,8.32,-99.9,4.35,1.79,1.18,31.65,0,0,3460
"2026-03-18 17:47:00",5381,4.85,0,0,0,1.11,18.16,32535.14,37424.11,23.78,135.06,11.06,2.25,9.49,0.35,0.27,-99.9,-99.9,8.32,-99.9,4.33,1.81,1.18,31.65,0,0,3461
"2026-03-18 18:02:00",5382,4.86,0,0,0,1.15,18.13,32475.9,37382.08,23.75,138.82,11.37,2.65,11.21,0.3,0.23,-99.9,-99.9,8.34,-99.9,4.42,1.97,1.18,31.95,0,0,3462
"2026-03-18 18:17:00",5383,4.84,0,0,0,1.18,18.13,32386.39,37278.7,23.68,141.49,11.6,2.92,12.33,0.39,0.32,-99.9,-99.9,8.36,-99.9,4.54,2.1,1.18,31.95,0,0,3463
"2026-03-18 18:32:00",5384,4.84,0,0,0,1.24,17.71,32316.15,37547.6,23.87,141.5,11.68,2.06,8.69,0.29,0.22,-99.9,-99.9,8.34,-99.9,4.44,4.3,1.18,32.04,0,0,3464
"2026-03-18 18:47:00",5385,4.85,0,0,0,1.31,17.99,32384.31,37386.74,23.75,138.13,11.34,1.89,7.96,0.3,0.23,-99.9,-99.9,8.34,-99.9,4.54,1.75,1.18,32.04,0,0,3465
"2026-03-18 19:02:00",5386,4.86,0,0,0,1.36,17.79,32362.02,37531.86,23.86,133.4,10.99,1.93,8.13,0.31,0.24,-99.9,-99.9,8.31,-99.9,4.46,1.82,1.18,32.49,0,0,3466
"2026-03-18 19:17:00",5387,4.84,0,0,0,1.46,17.96,32426.9,37464.63,23.81,135.84,11.16,1.89,7.95,0.27,0.2,-99.9,-99.9,8.31,-99.9,4.42,1.46,1.18,32.49,0,0,3467
"2026-03-18 19:32:00",5388,4.85,0,0,0,1.54,17.99,32464.22,37482.43,23.82,135.29,11.11,1.95,8.22,0.3,0.22,-99.9,-99.9,8.31,-99.9,4.41,1.52,1.18,31.37,0,0,3468
"2026-03-18 19:47:00",5389,4.85,0,0,0,1.65,17.89,32453.87,37550.81,23.87,136.41,11.22,2.21,9.3,0.34,0.26,-99.9,-99.9,8.32,-99.9,4.39,1.78,1.18,31.37,0,0,3469
"2026-03-18 20:02:00",5390,4.86,0,0,0,1.77,18.11,32328.07,37225.76,23.64,139.22,11.42,4.29,18.18,0.37,0.3,-99.9,-99.9,8.35,-99.9,4.55,2.1,1.17,31.8,0,0,3470
"2026-03-18 20:17:00",5391,4.85,0,0,0,1.87,18.13,32366.48,37254.53,23.66,143.02,11.72,2.57,10.87,0.34,0.26,-99.9,-99.9,8.37,-99.9,4.64,2.38,1.17,31.8,0,0,3471
"2026-03-18 20:32:00",5392,4.84,0,0,0,1.99,18.15,32373.58,37244.75,23.65,140.95,11.55,2.62,11.07,0.29,0.21,-99.9,-99.9,8.36,-99.9,4.54,2.08,1.17,34.53,0,0,3472
"2026-03-18 20:47:00",5393,4.85,0,0,0,2.09,18.12,32435.03,37339.06,23.72,143.33,11.74,2.77,11.7,0.37,0.3,-99.9,-99.9,8.36,-99.9,4.44,2.18,1.17,34.53,0,0,3473
"2026-03-18 21:02:00",5394,4.86,0,0,0,2.21,18.13,32431.44,37332.56,23.72,142.78,11.7,2.82,11.92,0.36,0.29,-99.9,-99.9,8.36,-99.9,4.44,2.09,1.17,36.23,0,0,3474
"2026-03-18 21:17:00",5395,4.84,0,0,0,2.31,17.85,32168.7,37253.91,23.66,141.97,11.7,2.25,9.5,0.41,0.33,-99.9,-99.9,8.36,-99.9,4.57,2.11,1.17,36.23,0,0,3475
"2026-03-18 21:32:00",5396,4.85,0,0,0,2.4,17.78,32117.48,37253.99,23.66,141.38,11.67,3.22,13.62,0.4,0.33,-99.9,-99.9,8.36,-99.9,4.63,2.26,1.18,36.19,0,0,3476
"2026-03-18 21:47:00",5397,4.85,0,0,0,2.5,17.81,32146.17,37265.4,23.67,140.18,11.56,3.25,13.74,0.44,0.37,-99.9,-99.9,8.35,-99.9,4.59,2.12,1.18,36.19,0,0,3477
"2026-03-18 22:02:00",5398,4.86,0,0,0,2.59,17.51,32355.19,37757.51,24.01,142.61,11.8,2.79,11.79,0.36,0.28,-99.9,-99.9,8.35,-99.9,4.56,2.05,1.18,36.19,0,0,3478
"2026-03-18 22:17:00",5399,4.84,0,0,0,2.67,16.75,32446.79,38514.81,24.54,138.6,11.61,2.14,9.05,0.33,0.26,-99.9,-99.9,8.31,-99.9,4.5,2.04,1.18,36.19,0,0,3479
"2026-03-18 22:32:00",5400,4.84,0,0,0,2.77,16.65,32459,38617.24,24.61,137.37,11.52,2.46,10.4,0.43,0.36,-99.9,-99.9,8.3,-99.9,4.34,2.2,1.18,33.77,0,0,3480
"2026-03-18 22:47:00",5401,4.85,0,0,0,2.83,16.57,32475.8,38705.35,24.68,135,11.34,2.18,9.2,0.39,0.32,-99.9,-99.9,8.28,-99.9,4.46,2.03,1.18,33.77,0,0,3481
"2026-03-18 23:02:00",5402,4.85,0,0,0,2.88,16.14,32520.35,39143.19,24.98,125.72,10.63,2.42,10.22,0.39,0.31,-99.9,-99.9,8.22,-99.9,4.12,2.38,1.17,34.26,0,0,3482
"2026-03-18 23:17:00",5403,4.84,0,0,0,2.93,16.06,32541.29,39242.73,25.05,120.59,10.21,4.06,17.19,0.46,0.39,-99.9,-99.9,8.2,-99.9,4.23,2.8,1.17,34.26,0,0,3483
"2026-03-18 23:32:00",5404,4.84,0,0,0,2.97,15.89,32572.04,39430.91,25.18,120.8,10.25,1.88,7.94,0.33,0.26,-99.9,-99.9,8.19,-99.9,4.08,2.32,1.18,34.35,0,0,3484
"2026-03-18 23:47:00",5405,4.84,0,0,0,2.99,15.71,32614.08,39650.03,25.34,118.48,10.08,1.66,6.96,0.32,0.25,-99.9,-99.9,8.17,-99.9,4.14,2.44,1.18,34.35,0,0,3485
"2026-03-19 00:02:00",5406,4.84,0,0,0,3,15.69,32602.64,39655.99,25.34,116.73,9.94,1.73,7.28,0.36,0.29,-99.9,-99.9,8.17,-99.9,4.18,2.68,1.19,34.15,0,0,3486
"2026-03-19 00:17:00",5407,4.84,0,0,0,2.99,15.7,32608.09,39648,25.33,118.03,10.05,2.29,9.64,0.4,0.33,-99.9,-99.9,8.16,-99.9,4.11,1.62,1.19,34.15,0,0,3487
"2026-03-19 00:32:00",5408,4.84,0,0,0,2.96,15.72,32604.03,39631.33,25.32,116.12,9.88,1.74,7.31,0.34,0.27,-99.9,-99.9,8.16,-99.9,4.14,2.11,1.18,34.1,0,0,3488
"2026-03-19 00:47:00",5409,4.84,0,0,0,2.92,15.7,32596.99,39634.25,25.32,116.23,9.89,1.73,7.3,0.38,0.31,-99.9,-99.9,8.15,-99.9,4.14,2.19,1.18,34.1,0,0,3489
"2026-03-19 01:02:00",5410,4.84,0,0,0,2.86,15.86,32581.58,39472.04,25.21,117.64,9.99,3.25,13.73,0.37,0.29,-99.9,-99.9,8.18,-99.9,4.18,2.15,1.18,33.8,0,0,3490
"2026-03-19 01:17:00",5411,4.84,0,0,0,2.76,15.85,32592.75,39496.71,25.23,113.31,9.62,1.75,7.35,0.35,0.28,-99.9,-99.9,8.17,-99.9,4.23,2.22,1.18,33.8,0,0,3491
"2026-03-19 01:32:00",5412,4.84,0,0,0,2.69,15.86,32587.04,39481.37,25.22,116.24,9.87,1.76,7.41,0.34,0.27,-99.9,-99.9,8.17,-99.9,4.17,2.1,1.18,33.49,0,0,3492
"2026-03-19 01:47:00",5413,4.84,0,0,0,2.57,15.85,32587.46,39484.83,25.22,88.05,7.48,2.18,9.18,0.41,0.34,-99.9,-99.9,8.17,-99.9,4.22,2.07,1.18,33.49,0,0,3493
"2026-03-19 02:02:00",5414,4.84,0,0,0,2.46,15.91,32575.25,39420.77,25.18,114.92,9.75,1.91,8.04,0.37,0.3,-99.9,-99.9,8.17,-99.9,4.24,2.24,1.18,33.74,0,0,3494
"2026-03-19 02:17:00",5415,4.84,0,0,0,2.35,16.05,32527.88,39239.19,25.05,111.09,9.41,1.64,6.89,0.3,0.23,-99.9,-99.9,8.17,-99.9,4.3,1.59,1.18,33.74,0,0,3495
"2026-03-19 02:32:00",5416,4.84,0,0,0,2.24,16.31,32552.13,39031.87,24.9,111.84,9.43,1.68,7.06,0.3,0.23,-99.9,-99.9,8.16,-99.9,4.37,1.59,1.18,33.52,0,0,3496
"2026-03-19 02:47:00",5417,4.84,0,0,0,2.13,16.55,32508.76,38765.63,24.72,113.36,9.52,1.67,7.02,0.36,0.29,-99.9,-99.9,8.21,-99.9,4.37,1.89,1.18,33.52,0,0,3497
"2026-03-19 03:02:00",5418,4.84,0,0,0,2,16.56,32515.38,38763.55,24.72,119.49,10.04,5.77,24.49,0.48,0.41,-99.9,-99.9,8.21,-99.9,4.52,2.51,1.19,33.49,0,0,3498
"2026-03-19 03:17:00",5419,4.84,0,0,0,1.87,16.53,32511.64,38783.89,24.73,116.21,9.76,5.83,24.71,0.83,0.76,-99.9,-99.9,8.23,-99.9,4.45,2.38,1.19,33.49,0,0,3499
"2026-03-19 03:32:00",5420,4.84,0,0,0,1.76,16.52,32439.01,38704.5,24.68,125.29,10.53,2.85,12.03,0.41,0.33,-99.9,-99.9,8.25,-99.9,4.42,2.41,1.18,33.33,0,0,3500
"2026-03-19 03:47:00",5421,4.84,0,0,0,1.67,16.52,32448.39,38722.22,24.69,115.86,9.74,3.03,12.83,0.46,0.39,-99.9,-99.9,8.23,-99.9,4.39,2.42,1.18,33.33,0,0,3501
"2026-03-19 04:02:00",5422,4.84,0,0,0,1.58,16.53,32518.16,38794.37,24.74,124.68,10.48,3.09,13.07,0.47,0.4,-99.9,-99.9,8.24,-99.9,4.48,2.51,1.17,33.23,0,0,3502
"2026-03-19 04:17:00",5423,4.84,0,0,0,1.5,16.69,32426.83,38540.76,24.56,107.31,9,2.1,8.86,0.35,0.28,-99.9,-99.9,8.2,-99.9,4.61,2.08,1.17,33.23,0,0,3503
"2026-03-19 04:32:00",5424,4.84,0,0,0,1.43,16.74,32428.58,38507.05,24.54,118.93,9.96,2.37,10.01,0.39,0.32,-99.9,-99.9,8.22,-99.9,4.53,2.24,1.18,33.84,0,0,3504
"2026-03-19 04:47:00",5425,4.84,0,0,0,1.36,16.73,32424.64,38509.79,24.54,111.67,9.36,2.98,12.59,0.46,0.39,-99.9,-99.9,8.22,-99.9,4.54,1.85,1.18,33.84,0,0,3505
"2026-03-19 05:02:00",5426,4.84,0,0,0,1.29,16.79,32390.92,38416.69,24.47,119.09,9.97,2.07,8.71,0.37,0.3,-99.9,-99.9,8.21,-99.9,4.34,1.98,1.17,32.95,0,0,3506
"2026-03-19 05:17:00",5427,4.84,0,0,0,1.25,16.67,32438.58,38575.47,24.59,122.29,10.26,2.98,12.62,0.44,0.37,-99.9,-99.9,8.22,-99.9,4.6,2.32,1.17,32.95,0,0,3507
"2026-03-19 05:32:00",5428,4.84,0,0,0,1.21,16.67,32366.6,38493.27,24.53,117.74,9.88,1.66,6.98,0.37,0.29,-99.9,-99.9,8.2,-99.9,4.54,2.04,1.18,32.85,0,0,3508
"2026-03-19 05:47:00",5429,4.84,0,0,0,1.2,16.82,32370.57,38367.68,24.44,120.83,10.11,1.81,7.63,0.35,0.28,-99.9,-99.9,8.23,-99.9,4.52,1.96,1.18,32.85,0,0,3509
"2026-03-19 06:02:00",5430,4.84,0,0,0,1.19,16.53,32495.75,38763.36,24.72,122,10.25,2.46,10.38,0.41,0.34,-99.9,-99.9,8.21,-99.9,4.41,2.76,1.18,32.84,0,0,3510
"2026-03-19 06:17:00",5431,4.84,0,0,0,1.2,16.47,32450.02,38769.48,24.72,120.52,10.14,2.14,9.02,0.38,0.3,-99.9,-99.9,8.21,-99.9,4.49,2.56,1.18,32.84,0,0,3511
"2026-03-19 06:32:00",5432,4.84,0,0,0,1.23,16.54,32424.73,38673.25,24.65,119.83,10.07,1.48,6.21,0.33,0.26,-99.9,-99.9,8.21,-99.9,4.43,2.26,1.18,32.88,0,0,3512
"2026-03-19 06:47:00",5433,4.84,0,0,0,1.26,16.51,32440.27,38720.72,24.69,119.39,10.04,1.62,6.81,0.31,0.24,-99.9,-99.9,8.19,-99.9,4.4,2.03,1.18,32.88,0,0,3513
"2026-03-19 07:02:00",5434,4.84,0,0,0,1.31,16.54,32415.46,38659.18,24.64,119.23,10.02,1.32,5.53,0.36,0.29,-99.9,-99.9,8.2,-99.9,4.42,1.91,1.18,33.18,0,0,3514
"2026-03-19 07:17:00",5435,4.84,0,0,0,1.39,16.61,32391.94,38575.15,24.59,120.28,10.1,2.2,9.3,0.39,0.31,-99.9,-99.9,8.21,-99.9,4.42,2.36,1.18,33.18,0,0,3515
"2026-03-19 07:32:00",5436,4.84,0,0,0,1.47,16.77,32288.87,38313.62,24.4,119.88,10.05,1.57,6.61,0.34,0.26,-99.9,-99.9,8.21,-99.9,4.46,1.84,1.18,33.18,0,0,3516
"2026-03-19 07:47:00",5437,4.84,0,0,0,1.54,16.73,32165.59,38196.02,24.32,118.51,9.94,1.36,5.73,0.28,0.2,-99.9,-99.9,8.21,-99.9,4.42,1.59,1.18,33.18,0,0,3517
"2026-03-19 08:02:00",5438,4.84,0,0,0,1.64,16.71,31985.99,38000.83,24.18,117.64,9.88,1.49,6.25,0.29,0.21,-99.9,-99.9,8.22,-99.9,4.54,1.41,1.18,32.75,0,0,3518
"2026-03-19 08:17:02",5439,4.84,0,0,0,1.73,16.74,31859.6,37827.81,24.06,121.69,10.22,1.8,7.57,0.33,0.26,-99.9,-99.9,8.25,-99.9,4.61,1.51,1.18,32.75,0,0,3519
"2026-03-19 08:32:00",5440,4.84,0,0,0,1.82,16.96,31787.37,37555.33,23.87,128.12,10.73,1.66,6.98,0.3,0.23,-99.9,-99.9,8.3,-99.9,4.62,1.82,1.18,33.04,0,0,3520
"2026-03-19 08:47:00",5441,4.84,0,0,0,1.95,17.05,31883.02,37593.58,23.9,130.01,10.87,2.06,8.67,0.36,0.29,-99.9,-99.9,8.31,-99.9,4.64,1.81,1.18,33.04,0,0,3521
"2026-03-19 09:02:00",5442,4.84,0,0,0,2.05,17.03,31879.16,37601.49,23.9,130.92,10.95,2.13,8.99,0.37,0.3,-99.9,-99.9,8.32,-99.9,4.63,1.95,1.18,32.81,0,0,3522
"2026-03-19 09:17:00",5443,4.84,0,0,0,2.15,17.15,31789.55,37393.99,23.76,131.4,10.97,1.86,7.84,0.34,0.26,-99.9,-99.9,8.33,-99.9,4.64,1.85,1.18,32.81,0,0,3523
"2026-03-19 09:32:00",5444,4.84,0,0,0,2.26,17.2,31878.44,37460.82,23.8,133.3,11.12,2.03,8.57,0.36,0.29,-99.9,-99.9,8.33,-99.9,4.62,1.91,1.18,33.04,0,0,3524
"2026-03-19 09:47:00",5445,4.84,0,0,0,2.34,17.1,31769.41,37415.23,23.77,132.27,11.05,1.54,6.48,0.36,0.29,-99.9,-99.9,8.33,-99.9,4.66,1.86,1.18,33.04,0,0,3525
"2026-03-19 10:02:00",5446,4.84,0,0,0,2.45,17.15,31768.08,37367.28,23.74,133.12,11.11,1.76,7.41,0.3,0.23,-99.9,-99.9,8.34,-99.9,4.64,1.95,1.17,33.05,0,0,3526
"2026-03-19 10:17:00",5447,4.84,0,0,0,2.54,17.11,31714.07,37343.74,23.72,133.68,11.17,2.05,8.64,0.38,0.31,-99.9,-99.9,8.34,-99.9,4.68,1.98,1.17,33.05,0,0,3527
"2026-03-19 10:32:00",5448,4.84,0,0,0,2.62,17.1,31828.93,37483.85,23.82,133.42,11.15,1.88,7.94,0.33,0.26,-99.9,-99.9,8.33,-99.9,4.72,1.91,1.19,33.09,0,0,3528
"2026-03-19 10:47:00",5449,4.84,0,0,0,2.69,16.66,32314.44,38436.11,24.49,126.28,10.6,1.57,6.58,0.34,0.27,-99.9,-99.9,8.24,-99.9,4.58,1.98,1.19,33.09,0,0,3529
"2026-03-19 11:02:00",5450,4.84,0,0,0,2.76,16.52,32386.77,38644.1,24.63,127.38,10.71,1.7,7.16,0.35,0.27,-99.9,-99.9,8.24,-99.9,4.58,2.3,1.17,33.09,0,0,3530
"2026-03-19 11:17:00",5451,4.84,0,0,0,2.82,16.39,32425.27,38805.38,24.75,124.97,10.53,1.62,6.83,0.36,0.29,-99.9,-99.9,8.22,-99.9,4.44,2.16,1.17,33.09,0,0,3531
"2026-03-19 11:32:00",5452,4.84,0,0,0,2.88,16.33,32456.2,38895.74,24.81,123.86,10.44,1.66,7,0.35,0.28,-99.9,-99.9,8.21,-99.9,4.47,2.25,1.17,32.85,0,0,3532
"2026-03-19 11:47:00",5453,4.84,0,0,0,2.9,16.09,32513.29,39179.25,25.01,117.82,9.97,1.85,7.81,0.35,0.27,-99.9,-99.9,8.17,-99.9,4.32,2.06,1.17,32.85,0,0,3533
"2026-03-19 12:02:00",5454,4.84,0,0,0,2.92,16.05,32532.91,39240.2,25.05,117.64,9.96,1.51,6.36,0.31,0.23,-99.9,-99.9,8.17,-99.9,4.28,2.1,1.18,35.15,0,0,3534
"2026-03-19 12:17:00",5455,4.84,0,0,0,2.92,15.98,32559.53,39334.31,25.12,113.77,9.64,1.56,6.55,0.31,0.24,-99.9,-99.9,8.15,-99.9,4.32,3.94,1.18,35.15,0,0,3535
"2026-03-19 12:32:00",5456,4.84,0,0,0,2.91,15.92,32573.74,39404.91,25.16,114.13,9.68,1.57,6.61,0.36,0.29,-99.9,-99.9,8.15,-99.9,4.23,1.85,1.17,33.16,0,0,3536
"2026-03-19 12:47:00",5457,4.84,0,0,0,2.88,16.21,32512.29,39071.24,24.93,116.97,9.88,1.24,5.19,0.29,0.22,-99.9,-99.9,8.18,-99.9,4.41,1.86,1.17,33.16,0,0,3537
"2026-03-19 13:02:00",5458,4.84,0,0,0,2.85,16.12,32559.29,39209.41,25.03,113.71,9.61,1.09,4.54,0.31,0.24,-99.9,-99.9,8.15,-99.9,4.27,2,1.17,33.13,0,0,3538
"2026-03-19 13:17:00",5459,4.84,0,0,0,2.79,16,32567.73,39330.92,25.11,111.5,9.45,1.16,4.86,0.29,0.22,-99.9,-99.9,8.14,-99.9,4.3,1.64,1.17,33.13,0,0,3539
"2026-03-19 13:32:00",5460,4.82,0,0,0,2.69,16.22,32547.03,39105.35,24.96,117.77,9.94,1.42,5.95,0.32,0.24,-99.9,-99.9,8.2,-99.9,4.25,1.87,1.18,34.72,0,0,3540
"2026-03-19 13:47:00",5461,4.84,0,0,0,2.6,16.18,32576.67,39180.25,25.01,116.64,9.85,1.47,6.17,0.32,0.25,-99.9,-99.9,8.2,-99.9,4.28,1.75,1.18,34.72,0,0,3541
"2026-03-19 14:02:00",5462,4.84,0,0,0,2.49,16.16,32592.45,39213.71,25.03,119.59,10.1,1.48,6.2,0.31,0.24,-99.9,-99.9,8.2,-99.9,4.3,1.86,1.18,33.05,0,0,3542
"2026-03-19 14:17:00",5463,4.84,0,0,0,2.38,16.3,32313.95,38750.75,24.71,122.04,10.3,1.78,7.51,0.34,0.27,-99.9,-99.9,8.22,-99.9,4.42,1.75,1.18,33.05,0,0,3543
"2026-03-19 14:32:00",5464,4.84,0,0,0,2.27,16.61,32458.49,38648.45,24.64,132.32,11.11,1.28,5.37,0.27,0.2,-99.9,-99.9,8.28,-99.9,4.38,1.8,1.18,32.4,0,0,3544
"2026-03-19 14:47:00",5465,4.83,0,0,0,2.17,16.81,32368.91,38368.66,24.44,129.87,10.87,1.48,6.23,0.27,0.19,-99.9,-99.9,8.27,-99.9,4.49,1.74,1.18,32.4,0,0,3545
"2026-03-19 15:02:00",5466,4.84,0,0,0,2.05,16.57,32480.81,38717.74,24.69,124.99,10.5,0.93,3.89,0.31,0.24,-99.9,-99.9,8.24,-99.9,4.44,1.54,1.18,32.49,0,0,3546
"2026-03-19 15:17:00",5467,4.84,0,0,0,1.93,16.61,32450.97,38641.51,24.63,127.88,10.73,1.67,7.04,0.32,0.24,-99.9,-99.9,8.26,-99.9,4.42,1.65,1.18,32.49,0,0,3547
"2026-03-19 15:32:00",5468,4.84,0,0,0,1.83,16.99,32319.2,38152.93,24.29,131.21,10.95,1.17,4.92,0.25,0.18,-99.9,-99.9,8.29,-99.9,4.4,1.67,1.17,32.56,0,0,3548
"2026-03-19 15:47:00",5469,4.84,0,0,0,1.72,17.01,32377.22,38209.01,24.33,126.05,10.52,1.37,5.75,0.29,0.21,-99.9,-99.9,8.29,-99.9,4.45,1.8,1.17,32.56,0,0,3549
"2026-03-19 16:02:00",5470,4.8,0,0,0,1.61,17.01,32365.26,38193.87,24.32,133.09,11.11,1.56,6.54,0.3,0.23,-99.9,-99.9,8.3,-99.9,4.41,1.88,1.17,32.55,0,0,3550
"2026-03-19 16:17:00",5471,4.84,0,0,0,1.53,17.09,32340.99,38093.83,24.25,137.35,11.45,1.82,7.68,0.35,0.27,-99.9,-99.9,8.33,-99.9,4.39,2.06,1.17,32.55,0,0,3551
"2026-03-19 16:32:00",5472,4.84,0,0,0,1.45,17.22,32376.94,38030.71,24.21,149.07,12.4,1.58,6.64,0.31,0.24,-99.9,-99.9,8.39,-99.9,4.61,2.6,1.18,34.33,0,0,3552
"2026-03-19 16:47:00",5473,4.84,0,0,0,1.37,17.29,32344.37,37926.42,24.13,147.14,12.22,1.73,7.29,0.31,0.24,-99.9,-99.9,8.38,-99.9,4.59,2.28,1.18,34.33,0,0,3553
"2026-03-19 17:02:00",5474,4.84,0,0,0,1.32,17.22,32416.48,38073.95,24.24,149.29,12.41,2.01,8.49,0.35,0.28,-99.9,-99.9,8.39,-99.9,4.56,2.53,1.17,32.7,0,0,3554
"2026-03-19 17:17:00",5475,4.82,0,0,0,1.28,17.25,32418.77,38048.56,24.22,150.41,12.5,2.04,8.59,0.33,0.26,-99.9,-99.9,8.39,-99.9,4.63,2.37,1.17,32.7,0,0,3555
"2026-03-19 17:32:00",5476,4.84,0,0,0,1.24,17.45,32367.75,37821.1,24.06,148.23,12.28,2.07,8.73,0.31,0.24,-99.9,-99.9,8.39,-99.9,4.5,2.25,1.17,32.22,0,0,3556
"2026-03-19 17:47:00",5477,4.84,0,0,0,1.2,17.54,32344.81,37718.03,23.99,147.49,12.2,1.95,8.21,0.31,0.24,-99.9,-99.9,8.39,-99.9,4.56,2.15,1.17,32.22,0,0,3557
"2026-03-19 18:02:00",5478,4.84,0,0,0,1.2,17.57,32393.16,37749.26,24.01,146.4,12.11,1.99,8.4,0.31,0.23,-99.9,-99.9,8.38,-99.9,4.58,2.05,1.18,32.91,0,0,3558
"2026-03-19 18:17:00",5479,4.84,0,0,0,1.2,17,32519.64,38381.07,24.45,143.15,11.94,1.49,6.24,0.32,0.24,-99.9,-99.9,8.33,-99.9,4.55,2.03,1.18,32.91,0,0,3559
"2026-03-19 18:32:00",5480,4.82,0,0,0,1.22,17.05,32489.26,38305.04,24.4,136.06,11.34,1.49,6.27,0.27,0.2,-99.9,-99.9,8.31,-99.9,4.6,1.68,1.18,32.34,0,0,3560
"2026-03-19 18:47:00",5481,4.84,0,0,0,1.27,17.02,32544.64,38398.59,24.46,139.63,11.64,1.65,6.93,0.29,0.22,-99.9,-99.9,8.33,-99.9,4.61,1.83,1.18,32.34,0,0,3561
"2026-03-19 19:02:00",5482,4.84,0,0,0,1.31,16.97,32554.48,38450.2,24.5,145.56,12.14,1.49,6.25,0.27,0.19,-99.9,-99.9,8.35,-99.9,4.45,2.01,1.17,31.93,0,0,3562
"2026-03-19 19:17:00",5483,4.84,0,0,0,1.38,17.26,32463.82,38097.15,24.25,136.84,11.37,1.51,6.34,0.27,0.2,-99.9,-99.9,8.32,-99.9,4.65,1.64,1.17,31.93,0,0,3563
"2026-03-19 19:32:00",5484,4.84,0,0,0,1.47,17.6,32599.71,37965.6,24.16,136.6,11.28,1.8,7.57,0.31,0.24,-99.9,-99.9,8.32,-99.9,4.44,1.58,1.19,33.61,0,0,3564
"2026-03-19 19:47:00",5485,4.83,0,0,0,1.55,17.7,32589.46,37866.64,24.09,131.82,10.87,1.71,7.21,0.33,0.25,-99.9,-99.9,8.29,-99.9,4.4,1.67,1.18,33.61,0,0,3565
"2026-03-19 20:02:00",5486,4.84,0,0,0,1.65,18.09,32600.3,37553.76,23.87,147.93,12.12,2.32,9.81,0.37,0.3,-99.9,-99.9,8.4,-99.9,4.61,2.11,1.17,32.49,0,0,3566
"2026-03-19 20:17:00",5487,4.84,0,0,0,1.76,18.08,32587.93,37550.12,23.87,140.35,11.5,1.96,8.25,0.31,0.24,-99.9,-99.9,8.37,-99.9,4.66,1.83,1.17,32.49,0,0,3567
"2026-03-19 20:32:00",5488,4.84,0,0,0,1.86,18.27,32595.81,37400.68,23.76,144,11.76,2.42,10.2,0.32,0.25,-99.9,-99.9,8.38,-99.9,4.69,2.37,1.18,33.45,0,0,3568
"2026-03-19 20:47:00",5489,4.84,0,0,0,1.96,17.8,32551.43,37743.93,24,142.46,11.73,2.23,9.42,0.35,0.28,-99.9,-99.9,8.35,-99.9,4.59,2.06,1.18,33.45,0,0,3569
"2026-03-19 21:02:00",5490,4.82,0,0,0,2.07,18.06,32690.22,37685.57,23.96,142.24,11.65,2.18,9.18,0.37,0.3,-99.9,-99.9,8.36,-99.9,4.47,2.2,1.18,32.22,0,0,3570
"2026-03-19 21:17:00",5491,4.84,0,0,0,2.19,18.08,32717.38,37699.34,23.97,139.7,11.44,2.64,11.17,0.33,0.25,-99.9,-99.9,8.35,-99.9,4.43,2.15,1.18,32.22,0,0,3571
"2026-03-19 21:32:00",5492,4.84,0,0,0,2.29,18.2,32737.46,37626.79,23.92,139.8,11.42,2.2,9.29,0.33,0.26,-99.9,-99.9,8.35,-99.9,4.38,2.07,1.18,32.51,0,0,3572
"2026-03-19 21:47:00",5493,4.84,0,0,0,2.41,18.37,32743.34,37488.95,23.83,138.48,11.29,3.66,15.5,0.29,0.22,-99.9,-99.9,8.35,-99.9,4.43,1.9,1.18,32.51,0,0,3573
"2026-03-19 22:02:00",5494,4.84,0,0,0,2.52,18.14,32706.08,37638.42,23.93,139.2,11.39,2.2,9.27,0.29,0.22,-99.9,-99.9,8.35,-99.9,4.43,1.99,1.18,31.74,0,0,3574
"2026-03-19 22:17:00",5495,4.83,0,0,0,2.6,17.99,32556.88,37588.51,23.9,138.17,11.34,2.34,9.87,0.34,0.27,-99.9,-99.9,8.34,-99.9,4.55,2.17,1.18,31.74,0,0,3575
"2026-03-19 22:32:00",5496,4.84,0,0,0,2.7,17.81,32500.97,37676.87,23.96,137.93,11.36,3.2,13.54,0.41,0.33,-99.9,-99.9,8.34,-99.9,4.57,2.25,1.17,32.02,0,0,3576
"2026-03-19 22:47:00",5497,4.84,0,0,0,2.78,17.35,32625.2,38208.51,24.33,136.16,11.28,1.74,7.3,0.33,0.26,-99.9,-99.9,8.32,-99.9,4.43,3.07,1.17,32.02,0,0,3577
"2026-03-19 23:02:00",5498,4.84,0,0,0,2.85,16.77,32669.05,38762.49,24.72,134.2,11.22,1.87,7.89,0.32,0.25,-99.9,-99.9,8.29,-99.9,4.44,2.83,1.18,33.71,0,0,3578
"2026-03-19 23:17:00",5499,4.84,0,0,0,2.92,16.51,32673.26,38999.06,24.88,129.23,10.85,1.88,7.92,0.33,0.25,-99.9,-99.9,8.25,-99.9,4.23,2.46,1.18,33.71,0,0,3579
"2026-03-19 23:32:00",5500,4.8,0,0,0,2.98,16.4,32714.36,39148.69,24.99,124.92,10.51,1.96,8.24,0.41,0.34,-99.9,-99.9,8.22,-99.9,4.26,2.6,1.17,32.57,0,0,3580
"2026-03-19 23:47:00",5501,4.84,0,0,0,3.04,16.27,32730.99,39280.45,25.08,121.38,10.23,1.95,8.23,0.33,0.26,-99.9,-99.9,8.2,-99.9,4.26,2.28,1.17,32.57,0,0,3581
"2026-03-20 00:02:00",5502,4.82,0,0,0,3.07,16.28,32717.06,39255.51,25.06,121.13,10.21,2.91,12.32,0.35,0.28,-99.9,-99.9,8.2,-99.9,4.24,2.41,1.19,32.64,0,0,3582
"2026-03-20 00:17:00",5503,4.84,0,0,0,3.09,16.19,32707.91,39322.11,25.11,120.65,10.18,2.21,9.34,0.35,0.28,-99.9,-99.9,8.19,-99.9,4.22,2.16,1.19,32.64,0,0,3583
"2026-03-20 00:32:00",5504,4.84,0,0,0,3.1,16.25,32704.51,39263.67,25.07,120.23,10.14,1.98,8.34,0.41,0.33,-99.9,-99.9,8.2,-99.9,4.24,2.19,1.18,31.6,0,0,3584
"2026-03-20 00:47:00",5505,4.79,0,0,0,3.08,15.9,32808.17,39709.73,25.38,114.1,9.67,2.07,8.74,0.36,0.29,-99.9,-99.9,8.14,-99.9,4.1,2.58,1.18,31.6,0,0,3585
"2026-03-20 01:02:00",5506,4.8,0,0,0,3.04,15.79,32831.17,39843.79,25.47,112.36,9.54,1.82,7.67,0.33,0.26,-99.9,-99.9,8.13,-99.9,4.06,2.32,1.17,32.25,0,0,3586
"2026-03-20 01:17:00",5507,4.82,0,0,0,3,16.15,32716.66,39370.46,25.14,116.36,9.83,2.09,8.83,0.37,0.3,-99.9,-99.9,8.18,-99.9,4.24,2.23,1.17,32.25,0,0,3587
"2026-03-20 01:32:00",5508,4.83,0,0,0,2.93,16.04,32790.02,39563.26,25.28,114.14,9.65,3.23,13.68,0.37,0.3,-99.9,-99.9,8.15,-99.9,4.13,2.34,1.17,32.25,0,0,3588
"2026-03-20 01:47:00",5509,4.84,0,0,0,2.85,16.01,32773.76,39567.01,25.28,113.12,9.57,1.46,6.13,0.33,0.26,-99.9,-99.9,8.14,-99.9,4.13,2.29,1.17,32.25,0,0,3589
"2026-03-20 02:02:00",5510,4.78,0,0,0,2.74,15.99,32780.01,39589.61,25.3,113.18,9.58,2.65,11.2,0.44,0.37,-99.9,-99.9,8.15,-99.9,4.18,2.31,1.17,32.18,0,0,3590
"2026-03-20 02:17:00",5511,4.79,0,0,0,2.63,15.99,32779.52,39594.47,25.3,114.43,9.69,1.81,7.62,0.34,0.26,-99.9,-99.9,8.15,-99.9,4.22,1.99,1.17,32.18,0,0,3591
"2026-03-20 02:32:00",5512,4.79,0,0,0,2.51,15.91,32815.35,39709.55,25.38,111.75,9.47,1.98,8.34,0.36,0.29,-99.9,-99.9,8.13,-99.9,4.1,2.61,1.18,33.41,0,0,3592
"2026-03-20 02:47:00",5513,4.82,0,0,0,2.37,15.85,32841.42,39796.33,25.44,113.3,9.61,1.73,7.26,0.36,0.29,-99.9,-99.9,8.11,-99.9,4.07,2.06,1.18,33.41,0,0,3593
"2026-03-20 03:02:00",5514,4.83,0,0,0,2.26,16.82,32633.88,38677.24,24.66,122.56,10.24,1.42,5.98,0.29,0.21,-99.9,-99.9,8.24,-99.9,4.41,1.86,1.18,32.04,0,0,3594
"2026-03-20 03:17:00",5515,4.78,0,0,0,2.16,17.02,32608.34,38474.14,24.52,126.04,10.5,1.62,6.8,0.42,0.35,-99.9,-99.9,8.26,-99.9,4.46,1.74,1.18,32.04,0,0,3595
"2026-03-20 03:32:00",5516,4.79,0,0,0,2.02,16.7,32652.6,38808.35,24.75,122.19,10.23,1.44,6.07,0.3,0.23,-99.9,-99.9,8.22,-99.9,4.47,1.78,1.18,32.4,0,0,3596
"2026-03-20 03:47:00",5517,4.81,0,0,0,1.89,16.69,32632.51,38788.59,24.74,124.47,10.42,1.74,7.3,0.35,0.28,-99.9,-99.9,8.23,-99.9,4.4,1.87,1.18,32.4,0,0,3597
"2026-03-20 04:02:00",5518,4.8,0,0,0,1.78,16.85,32617.85,38631.45,24.63,124.59,10.41,2.34,9.86,0.39,0.32,-99.9,-99.9,8.25,-99.9,4.49,2.18,1.18,32.37,0,0,3598
"2026-03-20 04:17:00",5519,4.84,0,0,0,1.67,16.79,32593.77,38659.45,24.65,120.25,10.06,2.47,10.41,0.41,0.33,-99.9,-99.9,8.22,-99.9,4.42,2.05,1.18,32.37,0,0,3599
"2026-03-20 04:32:00",5520,4.78,0,0,0,1.56,16.67,32654.11,38836.81,24.77,123.43,10.34,1.55,6.5,0.43,0.36,-99.9,-99.9,8.23,-99.9,4.33,2.13,1.18,33.01,0,0,3600
"2026-03-20 04:47:00",5521,4.79,0,0,0,1.46,16.75,32631.13,38731.6,24.7,123.03,10.29,1.61,6.76,0.33,0.26,-99.9,-99.9,8.23,-99.9,4.43,1.72,1.18,33.01,0,0,3601
"2026-03-20 05:02:00",5522,4.79,0,0,0,1.38,16.83,32624.47,38657.05,24.64,122.06,10.2,2.09,8.8,0.39,0.32,-99.9,-99.9,8.24,-99.9,4.28,1.8,1.17,32.2,0,0,3602
"2026-03-20 05:17:00",5523,4.82,0,0,0,1.29,16.62,32659.77,38883.64,24.8,120.33,10.09,1.97,8.29,0.35,0.28,-99.9,-99.9,8.2,-99.9,4.28,7.3,1.17,32.2,0,0,3603
"2026-03-20 05:32:00",5524,4.84,0,0,0,1.23,16.94,32574.93,38503.08,24.54,119.41,9.96,1.22,5.12,0.26,0.19,-99.9,-99.9,8.21,-99.9,4.48,2.46,1.19,31.86,0,0,3604
"2026-03-20 05:47:00",5525,4.78,0,0,0,1.17,16.95,32604.58,38527.09,24.55,118.6,9.89,1.45,6.11,0.25,0.17,-99.9,-99.9,8.22,-99.9,4.42,2.02,1.19,31.86,0,0,3605
"2026-03-20 06:02:00",5526,4.79,0,0,0,1.11,16.94,32593.64,38521.52,24.55,118.92,9.92,1.71,7.2,0.28,0.21,-99.9,-99.9,8.21,-99.9,4.38,1.93,1.18,31.79,0,0,3606
"2026-03-20 06:17:00",5527,4.8,0,0,0,1.08,16.85,32619.99,38636.98,24.63,120.46,10.07,1.46,6.12,0.27,0.19,-99.9,-99.9,8.21,-99.9,4.39,2.02,1.18,31.79,0,0,3607
"2026-03-20 06:32:00",5528,4.79,0,0,0,1.07,16.82,32627.6,38666.74,24.65,119.6,10,1.39,5.85,0.28,0.21,-99.9,-99.9,8.21,-99.9,4.38,2.68,1.17,31.33,0,0,3608
"2026-03-20 06:47:00",5529,4.84,0,0,0,1.04,16.83,32615.64,38647.85,24.64,118.77,9.93,1.17,4.9,0.24,0.17,-99.9,-99.9,8.2,-99.9,4.34,1.57,1.17,31.33,0,0,3609
"2026-03-20 07:02:00",5530,4.78,0,0,0,1.07,16.79,32633.63,38701.9,24.68,119.79,10.02,1.25,5.23,0.27,0.2,-99.9,-99.9,8.21,-99.9,4.18,2.1,1.18,32.04,0,0,3610
"2026-03-20 07:17:00",5531,4.79,0,0,0,1.09,16.96,32591.97,38508.75,24.54,119.31,9.95,1.39,5.85,0.3,0.23,-99.9,-99.9,8.21,-99.9,4.53,1.78,1.18,32.04,0,0,3611
"2026-03-20 07:32:00",5532,4.79,0,0,0,1.13,16.85,32620.78,38632.44,24.63,117.51,9.82,0.76,3.17,0.21,0.14,-99.9,-99.9,8.2,-99.9,4.39,1.66,1.18,32.51,0,0,3612
"2026-03-20 07:47:00",5533,4.81,0,0,0,1.2,16.9,32610.21,38579.15,24.59,117.52,9.81,0.81,3.37,0.22,0.15,-99.9,-99.9,8.19,-99.9,4.48,2.79,1.18,32.51,0,0,3613
"2026-03-20 08:02:00",5534,4.82,0,0,0,1.25,16.95,32614.63,38542.76,24.56,119.69,9.98,0.96,4,0.25,0.17,-99.9,-99.9,8.21,-99.9,4.44,1.56,1.17,32.63,0,0,3614
"2026-03-20 08:17:00",5535,4.78,0,0,0,1.33,16.86,32638.69,38643.08,24.63,119.71,10,0.94,3.92,0.24,0.17,-99.9,-99.9,8.2,-99.9,4.4,1.55,1.17,32.63,0,0,3615
"2026-03-20 08:32:00",5536,4.79,0,0,0,1.41,16.95,32634.53,38566.63,24.58,121.94,10.17,1.11,4.66,0.27,0.2,-99.9,-99.9,8.23,-99.9,4.43,2.07,1.18,33.91,0,0,3616
"2026-03-20 08:47:00",5537,4.79,0,0,0,1.5,17.12,32564.54,38330.95,24.42,121.95,10.15,0.93,3.89,0.23,0.16,-99.9,-99.9,8.22,-99.9,4.38,1.25,1.18,33.91,0,0,3617
"2026-03-20 09:02:00",5538,4.79,0,0,0,1.61,17.22,32452.49,38117.98,24.27,118.78,9.87,1.01,4.21,0.27,0.19,-99.9,-99.9,8.22,-99.9,4.43,1.47,1.17,32.1,0,0,3618
"2026-03-20 09:17:00",5539,4.84,0,0,0,1.71,17.36,32466.91,38011.46,24.19,123.51,10.24,1.17,4.91,0.26,0.19,-99.9,-99.9,8.25,-99.9,4.33,1.44,1.17,32.1,0,0,3619
"2026-03-20 09:32:00",5540,4.78,0,0,0,1.83,17.38,32425.18,37944.47,24.14,127.83,10.6,1.5,6.32,0.3,0.23,-99.9,-99.9,8.29,-99.9,4.37,1.66,1.18,31.62,0,0,3620
"2026-03-20 09:47:00",5541,4.79,0,0,0,1.92,17.49,32505.28,37951.32,24.15,132.12,10.93,1.33,5.59,0.26,0.19,-99.9,-99.9,8.3,-99.9,4.42,1.9,1.18,31.62,0,0,3621
"2026-03-20 10:02:00",5542,4.79,0,0,0,2.03,17.58,32472.74,37833.8,24.07,132.53,10.95,1.4,5.88,0.29,0.22,-99.9,-99.9,8.31,-99.9,4.36,1.79,1.18,32.46,0,0,3622
"2026-03-20 10:17:00",5543,4.82,0,0,0,2.13,17.76,32500.3,37713.75,23.98,132.12,10.89,1.45,6.11,0.27,0.2,-99.9,-99.9,8.31,-99.9,4.38,1.85,1.18,32.46,0,0,3623
"2026-03-20 10:32:00",5544,4.83,0,0,0,2.23,17.77,32514.3,37721.48,23.99,132.98,10.95,1.29,5.4,0.26,0.19,-99.9,-99.9,8.32,-99.9,4.38,1.88,1.17,31.74,0,0,3624
"2026-03-20 10:47:00",5545,4.78,0,0,0,2.33,17.88,32555.58,37680.02,23.96,133.53,10.98,1.28,5.35,0.27,0.19,-99.9,-99.9,8.32,-99.9,4.4,1.82,1.17,31.74,0,0,3625
"2026-03-20 11:02:00",5546,4.79,0,0,0,2.4,17.67,32463.29,37750.26,24.01,135.14,11.15,1.61,6.79,0.31,0.24,-99.9,-99.9,8.32,-99.9,4.54,2.06,1.18,33.25,0,0,3626
"2026-03-20 11:17:00",5547,4.79,0,0,0,2.5,17.63,32413.3,37724.77,23.99,135.84,11.22,2.11,8.91,0.37,0.3,-99.9,-99.9,8.32,-99.9,4.54,2.02,1.18,33.25,0,0,3627
"2026-03-20 11:32:00",5548,4.8,0,0,0,2.57,17.41,32467.42,37973.19,24.16,133.25,11.04,1.76,7.39,0.29,0.22,-99.9,-99.9,8.3,-99.9,4.55,2.19,1.18,32.14,0,0,3628
"2026-03-20 11:47:00",5549,4.84,0,0,0,2.64,16.93,32648.57,38601.85,24.61,126.28,10.54,1.34,5.62,0.27,0.19,-99.9,-99.9,8.25,-99.9,3.53,1.91,1.18,32.14,0,0,3629
"2026-03-20 12:02:00",5550,4.77,0,0,0,2.71,16.66,32773.61,38981.77,24.87,122.67,10.27,1.46,6.13,0.31,0.23,-99.9,-99.9,8.2,-99.9,4.42,1.98,1.17,31.88,0,0,3630
"2026-03-20 12:17:00",5551,4.79,0,0,0,2.74,16.39,32809.31,39270.95,25.07,116.19,9.77,1.14,4.77,0.26,0.18,-99.9,-99.9,8.17,-99.9,4.32,1.78,1.17,31.88,0,0,3631
"2026-03-20 12:32:00",5552,4.78,0,0,0,2.78,16.35,32814.34,39312.02,25.1,116.06,9.77,1.04,4.35,0.28,0.21,-99.9,-99.9,8.17,-99.9,4.26,1.84,1.18,33.19,0,0,3632
"2026-03-20 12:47:00",5553,4.79,0,0,0,2.81,16.32,32824.42,39346.02,25.13,115.12,9.69,1.25,5.25,0.27,0.2,-99.9,-99.9,8.16,-99.9,4.33,1.91,1.18,33.19,0,0,3633
"2026-03-20 13:02:00",5554,4.8,0,0,0,2.82,16.49,32778.72,39137.71,24.98,117.69,9.88,1.05,4.41,0.27,0.19,-99.9,-99.9,8.19,-99.9,4.33,1.89,1.17,31.62,0,0,3634
"2026-03-20 13:17:00",5555,4.77,0,0,0,2.81,16.4,32813.55,39265.25,25.07,116.13,9.76,1.18,4.94,0.23,0.16,-99.9,-99.9,8.17,-99.9,4.32,1.76,1.17,31.62,0,0,3635
"2026-03-20 13:32:00",5556,4.77,0,0,0,2.79,16.36,32814.88,39301.56,25.1,114.05,9.59,0.93,3.89,0.24,0.17,-99.9,-99.9,8.16,-99.9,4.3,1.81,1.17,32.02,0,0,3636
"2026-03-20 13:47:00",5557,4.78,0,0,0,2.74,16.14,32887.52,39583.98,25.29,110.88,9.36,1.37,5.73,0.28,0.21,-99.9,-99.9,8.13,-99.9,4.28,1.91,1.17,32.02,0,0,3637
"2026-03-20 14:02:00",5558,4.78,0,0,0,2.71,16.58,32839.02,39134.44,24.98,120.96,10.14,1.14,4.75,0.28,0.2,-99.9,-99.9,8.2,-99.9,4.35,1.94,1.18,33.24,0,0,3638
"2026-03-20 14:17:00",5559,4.81,0,0,0,2.64,16.54,32876.47,39208.97,25.03,122.75,10.29,1.16,4.87,0.26,0.19,-99.9,-99.9,8.22,-99.9,4.24,1.87,1.18,33.24,0,0,3639
"2026-03-20 14:32:00",5560,4.76,0,0,0,2.55,16.43,32872.38,39304.74,25.1,120.88,10.15,1.52,6.38,0.32,0.25,-99.9,-99.9,8.2,-99.9,4.25,1.97,1.18,31.92,0,0,3640
"2026-03-20 14:47:00",5561,4.78,0,0,0,2.47,16.37,32886.95,39377.11,25.15,120.7,10.15,1.47,6.16,0.3,0.23,-99.9,-99.9,8.19,-99.9,4.21,2.01,1.18,31.92,0,0,3641
"2026-03-20 15:02:00",5562,4.77,0,0,0,2.36,16.24,32913.5,39529.75,25.26,117.89,9.93,1.45,6.1,0.3,0.23,-99.9,-99.9,8.18,-99.9,4.17,1.88,1.18,33.41,0,0,3642
"2026-03-20 15:17:00",5563,4.78,0,0,0,2.25,16.33,32891.43,39423.26,25.18,118.03,9.93,1.17,4.89,0.28,0.21,-99.9,-99.9,8.18,-99.9,4.25,1.66,1.18,33.41,0,0,3643
"2026-03-20 15:32:00",5564,4.79,0,0,0,2.16,16.87,32865.36,38903.36,24.82,117.96,9.84,0.92,3.82,0.23,0.15,-99.9,-99.9,8.21,-99.9,4.26,1.67,1.18,32.96,0,0,3644
"2026-03-20 15:47:00",5565,4.77,0,0,0,2.06,17.17,32901.72,38684.33,24.66,125.11,10.38,1.09,4.56,0.23,0.16,-99.9,-99.9,8.25,-99.9,4.26,1.69,1.18,32.96,0,0,3645
"2026-03-20 16:02:00",5566,4.77,0,0,0,1.95,17.31,32968.17,38641.95,24.64,127.44,10.55,1.13,4.72,0.24,0.17,-99.9,-99.9,8.26,-99.9,4.21,1.78,1.18,33.22,0,0,3646
"2026-03-20 16:17:00",5567,4.78,0,0,0,1.85,16.71,32983.22,39185.94,25.02,122.7,10.25,1.43,6.02,0.26,0.19,-99.9,-99.9,8.22,-99.9,4.22,1.75,1.18,33.22,0,0,3647
"2026-03-20 16:32:00",5568,4.78,0,0,0,1.76,17.07,33000.34,38889.29,24.81,125.52,10.43,1.3,5.47,0.23,0.16,-99.9,-99.9,8.24,-99.9,4.29,1.76,1.18,32.48,0,0,3648
"2026-03-20 16:47:00",5569,4.8,0,0,0,1.66,17.11,33018.52,38873.08,24.8,128.69,10.69,1.44,6.03,0.27,0.2,-99.9,-99.9,8.27,-99.9,4.11,1.95,1.18,32.48,0,0,3649
"2026-03-20 17:02:00",5570,4.76,0,0,0,1.59,17.23,33022.89,38780.92,24.73,132.53,10.98,1.48,6.23,0.28,0.21,-99.9,-99.9,8.28,-99.9,4.27,1.85,1.18,33.73,0,0,3650
"2026-03-20 17:17:00",5571,4.78,0,0,0,1.53,17.37,33031.31,38670.54,24.66,140.52,11.62,1.55,6.52,0.27,0.19,-99.9,-99.9,8.34,-99.9,4.38,2.1,1.18,33.73,0,0,3651
"2026-03-20 17:32:00",5572,4.78,0,0,0,1.47,17.48,33027.87,38566.72,24.58,148.17,12.23,1.68,7.09,0.26,0.19,-99.9,-99.9,8.36,-99.9,4.38,2.12,1.18,32.41,0,0,3652
"2026-03-20 17:47:00",5573,4.79,0,0,0,1.42,17.51,33037.97,38556.15,24.58,147.27,12.15,1.3,5.45,0.26,0.18,-99.9,-99.9,8.36,-99.9,4.44,2.26,1.18,32.41,0,0,3653
"2026-03-20 18:02:00",5574,4.79,0,0,0,1.38,17.7,33033.86,38387.18,24.46,155.11,12.76,1.88,7.93,0.29,0.21,-99.9,-99.9,8.41,-99.9,4.51,2.59,1.18,33.02,0,0,3654
"2026-03-20 18:17:00",5575,4.77,0,0,0,1.35,17.37,33011.28,38640.01,24.63,144.37,11.94,1.31,5.48,0.25,0.17,-99.9,-99.9,8.35,-99.9,4.48,2.13,1.18,33.02,0,0,3655
"2026-03-20 18:32:00",5576,4.77,0,0,0,1.35,17.49,33014.48,38542.11,24.57,147.39,12.16,1.69,7.11,0.24,0.17,-99.9,-99.9,8.36,-99.9,4.54,2.19,1.17,32.31,0,0,3656
"2026-03-20 18:47:00",5577,4.78,0,0,0,1.35,17.65,33029.4,38419.95,24.48,142.67,11.74,1.06,4.43,0.21,0.14,-99.9,-99.9,8.32,-99.9,4.47,2.6,1.17,32.31,0,0,3657
"2026-03-20 19:02:00",5578,4.78,0,0,0,1.37,17.36,32980.22,38616.28,24.62,133.77,11.07,1.18,4.93,0.21,0.14,-99.9,-99.9,8.28,-99.9,4.37,1.62,1.18,32.38,0,0,3658
"2026-03-20 19:17:00",5579,4.8,0,0,0,1.41,17.7,33019.08,38368.63,24.44,136.72,11.25,0.96,4,0.23,0.15,-99.9,-99.9,8.3,-99.9,4.35,1.73,1.18,32.38,0,0,3659
"2026-03-20 19:32:00",5580,4.76,0,0,0,1.44,17.67,33012.44,38384.35,24.45,133.53,10.99,1.15,4.82,0.2,0.13,-99.9,-99.9,8.3,-99.9,4.46,1.8,1.18,32.04,0,0,3660
"2026-03-20 19:47:00",5581,4.78,0,0,0,1.52,17.68,33016.28,38382.56,24.45,130.66,10.75,0.95,3.95,0.19,0.12,-99.9,-99.9,8.28,-99.9,4.46,1.72,1.18,32.04,0,0,3661
"2026-03-20 20:02:00",5582,4.78,0,0,0,1.59,17.88,33049.26,38254.8,24.36,142.47,11.69,1.49,6.25,0.23,0.16,-99.9,-99.9,8.34,-99.9,4.47,2.25,1.18,31.43,0,0,3662
"2026-03-20 20:17:00",5583,4.79,0,0,0,1.69,18.39,33103.85,37889.07,24.11,142.15,11.56,1.09,4.55,0.18,0.1,-99.9,-99.9,8.34,-99.9,4.56,1.93,1.18,31.43,0,0,3663
"2026-03-20 20:32:00",5584,4.79,0,0,0,1.79,18.47,33064.92,37774.52,24.03,139.07,11.3,1.5,6.29,0.22,0.15,-99.9,-99.9,8.35,-99.9,4.42,1.91,1.17,32.26,0,0,3664
"2026-03-20 20:47:00",5585,4.77,0,0,0,1.86,18.26,33074.69,37965.56,24.16,141,11.49,1.37,5.75,0.21,0.14,-99.9,-99.9,8.35,-99.9,4.59,2.1,1.17,32.26,0,0,3665
"2026-03-20 21:02:00",5586,4.78,0,0,0,1.97,18.05,33112.92,38177.5,24.31,132.92,10.87,1.77,7.45,0.28,0.21,-99.9,-99.9,8.29,-99.9,4.32,1.9,1.18,33.08,0,0,3666
"2026-03-20 21:17:00",5587,4.78,0,0,0,2.06,18.2,33053.71,37985.27,24.17,137.45,11.22,1.61,6.76,0.24,0.17,-99.9,-99.9,8.32,-99.9,4.36,1.86,1.18,33.08,0,0,3667
"2026-03-20 21:32:00",5588,4.78,0,0,0,2.16,18.42,33085.93,37840.47,24.07,141.61,11.51,2.05,8.65,0.3,0.22,-99.9,-99.9,8.35,-99.9,4.42,1.82,1.18,31.98,0,0,3668
"2026-03-20 21:47:00",5589,4.83,0,0,0,2.29,18.24,33091.42,37999.84,24.18,137.18,11.18,1.94,8.19,0.3,0.23,-99.9,-99.9,8.32,-99.9,4.32,2,1.18,31.98,0,0,3669
"2026-03-20 22:02:02",5590,4.77,0,0,0,2.38,18.46,33132.95,37859.55,24.09,137.7,11.19,2.55,10.79,0.34,0.27,-99.9,-99.9,8.33,-99.9,4.31,1.98,1.18,32.51,0,0,3670
"2026-03-20 22:17:00",5591,4.78,0,0,0,2.5,18.46,33120.73,37847.23,24.08,134.08,10.89,2.31,9.76,0.35,0.28,-99.9,-99.9,8.32,-99.9,4.26,1.99,1.18,32.51,0,0,3671
"2026-03-20 22:32:00",5592,4.78,0,0,0,2.6,18.41,33111.83,37881.81,24.1,137.23,11.16,2.43,10.25,0.33,0.26,-99.9,-99.9,8.32,-99.9,4.34,2.14,1.18,32.11,0,0,3672
"2026-03-20 22:47:00",5593,4.79,0,0,0,2.68,18.11,33021.23,38027.14,24.2,136.3,11.14,2.13,9,0.28,0.21,-99.9,-99.9,8.33,-99.9,4.37,2.05,1.18,32.11,0,0,3673
"2026-03-20 23:02:00",5594,4.79,0,0,0,2.78,18.03,32971.04,38031.6,24.21,137.04,11.22,2.49,10.53,0.34,0.26,-99.9,-99.9,8.32,-99.9,4.41,2.35,1.18,33.27,0,0,3674
"2026-03-20 23:17:00",5595,4.77,0,0,0,2.87,18.01,32961.74,38040.52,24.21,135.49,11.09,2.18,9.18,0.3,0.23,-99.9,-99.9,8.32,-99.9,4.39,2.22,1.18,33.27,0,0,3675
"2026-03-20 23:32:00",5596,4.77,0,0,0,2.94,17.33,33012.19,38674.43,24.66,132.55,10.97,1.46,6.12,0.29,0.21,-99.9,-99.9,8.28,-99.9,4.33,3.35,1.17,32.22,0,0,3676
"2026-03-20 23:47:00",5597,4.78,0,0,0,3,16.91,33049.55,39087.21,24.95,128.6,10.71,1.87,7.88,0.35,0.28,-99.9,-99.9,8.26,-99.9,4.31,3.46,1.17,32.22,0,0,3677
"2026-03-21 00:02:00",5598,4.78,0,0,0,3.06,16.45,33081.28,39540.01,25.26,124.47,10.44,2.13,8.97,0.38,0.31,-99.9,-99.9,8.21,-99.9,4.15,2.57,1.19,32.96,0,0,3678
"2026-03-21 00:17:00",5599,4.79,0,0,0,3.1,16.34,33099.34,39655.16,25.34,121.32,10.19,3.58,15.13,0.37,0.3,-99.9,-99.9,8.19,-99.9,4.1,2.28,1.19,32.96,0,0,3679
"2026-03-21 00:32:00",5600,4.76,0,0,0,3.14,16.25,33117.05,39764.55,25.42,118.56,9.98,1.31,5.51,0.3,0.23,-99.9,-99.9,8.17,-99.9,3.85,2.65,1.17,32.18,0,0,3680
"2026-03-21 00:47:00",5601,4.77,0,0,0,3.17,16.31,33111.79,39700.78,25.38,117.25,9.86,1.94,8.19,0.34,0.27,-99.9,-99.9,8.17,-99.9,4.24,1.92,1.17,32.18,0,0,3681
"2026-03-21 01:02:00",5602,4.76,0,0,0,3.16,16.15,33126.35,39861.54,25.49,113.99,9.61,1.34,5.61,0.32,0.25,-99.9,-99.9,8.14,-99.9,4.19,2.58,1.18,32.64,0,0,3682
"2026-03-21 01:17:00",5603,4.77,0,0,0,3.15,15.91,33130.49,40091.48,25.65,111.55,9.44,1.06,4.45,0.28,0.2,-99.9,-99.9,8.12,-99.9,3.99,2.23,1.18,32.64,0,0,3683
"2026-03-21 01:32:00",5604,4.77,0,0,0,3.11,15.85,33129.83,40148.27,25.69,108.83,9.22,1.19,4.99,0.28,0.21,-99.9,-99.9,8.1,-99.9,4.01,2.3,1.18,33.35,0,0,3684
"2026-03-21 01:47:00",5605,4.76,0,0,0,3.05,16.01,33086.02,39941.73,25.54,108.63,9.18,1,4.18,0.25,0.18,-99.9,-99.9,8.11,-99.9,4.13,1.96,1.18,33.35,0,0,3685
"2026-03-21 02:02:00",5606,4.76,0,0,0,2.98,15.94,33117.63,40049.19,25.62,107.85,9.12,0.87,3.62,0.27,0.2,-99.9,-99.9,8.1,-99.9,4,1.88,1.18,31.96,0,0,3686
"2026-03-21 02:17:00",5607,4.76,0,0,0,2.91,16.07,33147.59,39968.08,25.56,106.75,9.01,0.97,4.03,0.26,0.19,-99.9,-99.9,8.1,-99.9,4.17,2.18,1.18,31.96,0,0,3687
"2026-03-21 02:32:00",5608,4.76,0,0,0,2.8,15.91,33150.16,40113,25.66,108.66,9.19,1.31,5.51,0.31,0.23,-99.9,-99.9,8.11,-99.9,4.01,1.93,1.18,33.73,0,0,3688
"2026-03-21 02:47:00",5609,4.77,0,0,0,2.69,15.94,33152.43,40093.11,25.65,109.29,9.24,1,4.18,0.28,0.2,-99.9,-99.9,8.11,-99.9,4.01,1.84,1.18,33.73,0,0,3689
"2026-03-21 03:02:00",5610,4.74,0,0,0,2.57,16.16,33120.71,39849.02,25.48,110.82,9.34,0.96,3.99,0.28,0.21,-99.9,-99.9,8.13,-99.9,4.01,2.15,1.18,32.55,0,0,3690
"2026-03-21 03:17:00",5611,4.75,0,0,0,2.47,16.6,33052.24,39366.73,25.14,108.8,9.11,0.84,3.5,0.25,0.18,-99.9,-99.9,8.17,-99.9,4.38,1.54,1.18,32.55,0,0,3691
"2026-03-21 03:32:00",5612,4.75,0,0,0,2.34,17.02,32958.76,38889.87,24.81,115.19,9.58,1.37,5.76,0.27,0.19,-99.9,-99.9,8.19,-99.9,4.19,1.86,1.18,33.38,0,0,3692
"2026-03-21 03:47:00",5613,4.76,0,0,0,2.21,17.16,33025.65,38845.54,24.78,123.21,10.22,1.33,5.57,0.26,0.18,-99.9,-99.9,8.23,-99.9,4.24,1.87,1.18,33.38,0,0,3693
"2026-03-21 04:02:00",5614,4.77,0,0,0,2.08,16.83,33106.77,39228.71,25.05,119.48,9.96,1.66,6.97,0.31,0.24,-99.9,-99.9,8.2,-99.9,4.29,2.26,1.18,32.51,0,0,3694
"2026-03-21 04:17:00",5615,4.75,0,0,0,1.94,16.68,33135.01,39394.49,25.16,118.7,9.92,1.64,6.91,0.33,0.26,-99.9,-99.9,8.19,-99.9,4.18,2.38,1.18,32.51,0,0,3695
"2026-03-21 04:32:00",5616,4.75,0,0,0,1.81,16.62,33145.68,39464.03,25.21,118.42,9.9,1.81,7.61,0.33,0.26,-99.9,-99.9,8.18,-99.9,4.18,2.24,1.18,32.7,0,0,3696
"2026-03-21 04:47:00",5617,4.76,0,0,0,1.7,16.82,33114.13,39241.86,25.06,121.6,10.14,1.72,7.23,0.3,0.22,-99.9,-99.9,8.2,-99.9,4.32,2.4,1.18,32.7,0,0,3697
"2026-03-21 05:02:00",5618,4.76,0,0,0,1.6,16.91,33089.8,39141.47,24.99,122.13,10.17,5.74,24.33,0.41,0.33,-99.9,-99.9,8.21,-99.9,4.33,2.46,1.18,32.17,0,0,3698
"2026-03-21 05:17:00",5619,4.77,0,0,0,1.5,17.06,33042.42,38951.43,24.85,126.34,10.5,2.02,8.5,0.35,0.28,-99.9,-99.9,8.24,-99.9,4.36,2.34,1.18,32.17,0,0,3699
"2026-03-21 05:32:00",5620,4.75,0,0,0,1.4,17.26,32982.47,38707.54,24.68,126.75,10.5,2.22,9.37,0.35,0.28,-99.9,-99.9,8.25,-99.9,4.41,2.13,1.17,32.04,0,0,3700
"2026-03-21 05:47:00",5621,4.76,0,0,0,1.31,17.46,32898.81,38434.46,24.49,127.58,10.54,1.57,6.58,0.3,0.23,-99.9,-99.9,8.26,-99.9,4.45,1.97,1.17,32.04,0,0,3701
"2026-03-21 06:02:00",5622,4.75,0,0,0,1.25,17.45,32825.85,38356.86,24.44,124.49,10.29,1.57,6.6,0.29,0.22,-99.9,-99.9,8.25,-99.9,4.53,2.6,1.18,32.53,0,0,3702
"2026-03-21 06:17:00",5623,4.76,0,0,0,1.18,17.5,32778.94,38258.76,24.37,126.79,10.48,1.88,7.9,0.32,0.25,-99.9,-99.9,8.27,-99.9,4.41,2.13,1.18,32.53,0,0,3703
"2026-03-21 06:32:00",5624,4.77,0,0,0,1.1,17.47,32688.22,38175.33,24.31,123.5,10.21,1.62,6.83,0.27,0.2,-99.9,-99.9,8.26,-99.9,4.68,2.04,1.18,31.64,0,0,3704
"2026-03-21 06:47:00",5625,4.75,0,0,0,1.06,17.5,32789.79,38274.85,24.38,126.29,10.43,1.47,6.16,0.26,0.18,-99.9,-99.9,8.27,-99.9,4.57,2.08,1.18,31.64,0,0,3705
"2026-03-21 07:02:00",5626,4.75,0,0,0,1.02,17.52,32833.95,38307.79,24.4,126.23,10.42,1.48,6.23,0.29,0.21,-99.9,-99.9,8.28,-99.9,4.54,2.03,1.17,31.82,0,0,3706
"2026-03-21 07:17:00",5627,4.76,0,0,0,0.99,17.53,32797.21,38259.4,24.37,126.12,10.41,1.57,6.6,0.26,0.18,-99.9,-99.9,8.27,-99.9,4.58,2.21,1.17,31.82,0,0,3707
"2026-03-21 07:32:00",5628,4.76,0,0,0,0.99,17.52,32759.7,38223.79,24.34,124.79,10.31,1.72,7.25,0.31,0.24,-99.9,-99.9,8.27,-99.9,4.51,1.92,1.17,32.55,0,0,3708
"2026-03-21 07:47:00",5629,4.78,0,0,0,1,17.36,32844.82,38457.53,24.51,121.38,10.05,1.42,5.97,0.27,0.19,-99.9,-99.9,8.25,-99.9,4.62,1.83,1.17,32.55,0,0,3709
"2026-03-21 08:02:00",5630,4.74,0,0,0,1.03,17.25,32962.12,38690.58,24.67,118.95,9.86,1.06,4.44,0.21,0.14,-99.9,-99.9,8.21,-99.9,4.48,1.75,1.18,33.15,0,0,3710
"2026-03-21 08:17:00",5631,4.76,0,0,0,1.06,17.32,32919.9,38577.76,24.59,122.4,10.13,0.95,3.98,0.21,0.14,-99.9,-99.9,8.23,-99.9,4.56,1.81,1.18,33.15,0,0,3711
"2026-03-21 08:32:00",5632,4.75,0,0,0,1.1,17.33,32892.12,38534.26,24.56,118.2,9.79,1.09,4.55,0.26,0.19,-99.9,-99.9,8.21,-99.9,4.55,1.84,1.18,31.88,0,0,3712
"2026-03-21 08:47:00",5633,4.76,0,0,0,1.15,17.3,32874.63,38539.95,24.56,116.55,9.65,0.74,3.06,0.21,0.14,-99.9,-99.9,8.2,-99.9,4.59,1.35,1.18,31.88,0,0,3713
"2026-03-21 09:02:00",5634,4.77,0,0,0,1.23,17.35,32803.06,38418.97,24.48,114.59,9.49,0.72,2.98,0.23,0.16,-99.9,-99.9,8.2,-99.9,4.59,1.4,1.18,32.67,0,0,3714
"2026-03-21 09:17:00",5635,4.75,0,0,0,1.31,17.37,32799.98,38398.17,24.46,115.23,9.54,0.6,2.47,0.16,0.09,-99.9,-99.9,8.21,-99.9,4.6,1.39,1.18,32.67,0,0,3715
"2026-03-21 09:32:00",5636,4.75,0,0,0,1.4,17.21,32993.13,38763.2,24.72,114.55,9.5,0.68,2.8,0.2,0.13,-99.9,-99.9,8.18,-99.9,4.53,1.66,1.18,31.95,0,0,3716
"2026-03-21 09:47:00",5637,4.75,0,0,0,1.51,17.36,32794.67,38397.45,24.46,113.77,9.42,0.7,2.89,0.18,0.1,-99.9,-99.9,8.19,-99.9,4.79,1.44,1.18,31.95,0,0,3717
"2026-03-21 10:02:00",5638,4.76,0,0,0,1.61,17.62,32750.63,38127.01,24.27,124.07,10.23,1.08,4.51,0.24,0.17,-99.9,-99.9,8.28,-99.9,4.25,1.59,1.18,32.16,0,0,3718
"2026-03-21 10:17:00",5639,4.77,0,0,0,1.7,17.67,32799.49,38141.17,24.28,128.23,10.56,1.64,6.91,0.33,0.26,-99.9,-99.9,8.29,-99.9,4.32,1.82,1.18,32.16,0,0,3719
"2026-03-21 10:32:00",5640,4.75,0,0,0,1.81,17.85,32894.97,38094.08,24.25,129.5,10.63,1.31,5.51,0.27,0.2,-99.9,-99.9,8.3,-99.9,4.28,1.76,1.17,32.49,0,0,3720
"2026-03-21 10:32:02",5641,4.75,0,0,0,1.81,17.85,32894.97,38094.08,24.25,129.5,10.63,1.31,5.51,0.27,0.2,-99.9,-99.9,8.3,-99.9,4.28,1.76,1.17,32.49,0,0,3721
"2026-03-21 10:47:00",5642,4.75,0,0,0,1.89,17.95,32883.95,38000.95,24.19,130.51,10.7,1.36,5.7,0.24,0.17,-99.9,-99.9,8.31,-99.9,4.22,1.75,1.17,32.49,0,0,3722
"2026-03-21 11:02:00",5643,4.76,0,0,0,2,17.99,32897.39,37984.02,24.17,130.56,10.7,1.32,5.53,0.27,0.2,-99.9,-99.9,8.31,-99.9,4.26,1.91,1.18,32.22,0,0,3723
"2026-03-21 11:17:00",5644,4.77,0,0,0,2.1,17.96,32886.51,37993.88,24.18,130.2,10.67,1.26,5.29,0.21,0.14,-99.9,-99.9,8.3,-99.9,4.3,2,1.18,32.22,0,0,3724
"2026-03-21 11:32:00",5645,4.75,0,0,0,2.19,17.95,32871.51,37984.7,24.17,130.47,10.7,1.42,5.95,0.28,0.21,-99.9,-99.9,8.3,-99.9,4.36,2.05,1.18,32.45,0,0,3725
"2026-03-21 11:47:00",5646,4.75,0,0,0,2.29,18.01,32914.38,37987.35,24.18,129.69,10.62,1.29,5.43,0.25,0.18,-99.9,-99.9,8.3,-99.9,4.35,2.08,1.18,32.45,0,0,3726
"2026-03-21 12:02:00",5647,4.75,0,0,0,2.37,18.08,32937.3,37952.13,24.15,131.33,10.74,1.47,6.16,0.22,0.14,-99.9,-99.9,8.31,-99.9,4.32,2.22,1.18,31.81,0,0,3727
"2026-03-21 12:17:00",5648,4.76,0,0,0,2.45,18.02,32924.18,37988.26,24.18,130.25,10.67,1.44,6.05,0.26,0.19,-99.9,-99.9,8.31,-99.9,4.31,2.01,1.18,31.81,0,0,3728
"2026-03-21 12:32:00",5649,4.76,0,0,0,2.51,17.36,33057.89,38703.58,24.68,127.8,10.57,0.9,3.76,0.2,0.13,-99.9,-99.9,8.25,-99.9,4.47,2.24,1.18,31.8,0,0,3729
"2026-03-21 12:47:00",5650,4.75,0,0,0,2.55,17,33135.42,39108.01,24.96,124.31,10.33,0.91,3.81,0.21,0.13,-99.9,-99.9,8.22,-99.9,4.29,2.05,1.18,31.8,0,0,3730
"2026-03-21 13:02:00",5651,4.74,0,0,0,2.62,16.88,33166.27,39257.46,25.07,123.2,10.26,1.05,4.38,0.23,0.16,-99.9,-99.9,8.21,-99.9,4.28,2.04,1.17,32.26,0,0,3731
"2026-03-21 13:17:00",5652,4.75,0,0,0,2.65,16.77,33191.7,39381.06,25.15,121,10.09,1.16,4.87,0.24,0.17,-99.9,-99.9,8.2,-99.9,4.22,1.99,1.17,32.26,0,0,3732
"2026-03-21 13:32:00",5653,4.75,0,0,0,2.69,16.52,33263.67,39695.22,25.37,116.09,9.72,1.08,4.54,0.27,0.2,-99.9,-99.9,8.17,-99.9,4.01,2.14,1.17,33.23,0,0,3733
"2026-03-21 13:47:00",5654,4.76,0,0,0,2.7,16.48,33279.17,39746.67,25.41,114.64,9.6,1.1,4.58,0.27,0.2,-99.9,-99.9,8.16,-99.9,4.02,2.01,1.17,33.23,0,0,3734
"2026-03-21 14:02:00",5655,4.73,0,0,0,2.71,16.86,33251.83,39376.11,25.15,123.19,10.26,0.98,4.08,0.26,0.18,-99.9,-99.9,8.22,-99.9,4.11,1.85,1.18,31.41,0,0,3735
"2026-03-21 14:17:00",5656,4.74,0,0,0,2.7,16.91,33256.45,39334.69,25.12,128.7,10.71,1.31,5.48,0.27,0.19,-99.9,-99.9,8.23,-99.9,4.34,1.98,1.18,31.41,0,0,3736
"2026-03-21 14:32:00",5657,4.74,0,0,0,2.68,16.51,33293.17,39736.5,25.4,115.77,9.69,1.04,4.34,0.26,0.19,-99.9,-99.9,8.16,-99.9,4.02,2.23,1.18,32.96,0,0,3737
"2026-03-21 14:47:00",5658,4.75,0,0,0,2.64,16.4,33349.17,39905.88,25.52,114.39,9.59,0.94,3.9,0.24,0.17,-99.9,-99.9,8.15,-99.9,4.1,1.89,1.18,32.96,0,0,3738
"2026-03-21 15:02:00",5659,4.75,0,0,0,2.59,16.44,33319.76,39834.3,25.47,115.83,9.71,1.05,4.38,0.22,0.15,-99.9,-99.9,8.16,-99.9,3.93,1.93,1.18,32.04,0,0,3739
"2026-03-21 15:17:00",5660,4.73,0,0,0,2.52,16.4,33337.97,39888.34,25.51,115.57,9.69,1.13,4.74,0.25,0.18,-99.9,-99.9,8.15,-99.9,14.63,1.95,1.18,32.04,0,0,3740
"2026-03-21 15:32:00",5661,4.73,0,0,0,2.45,16.48,33384.43,39872.57,25.5,115.77,9.69,1.03,4.31,0.24,0.17,-99.9,-99.9,8.14,-99.9,4.04,1.76,1.17,33.81,0,0,3741
"2026-03-21 15:47:00",5662,4.74,0,0,0,2.37,16.61,33311.35,39668.56,25.36,117.54,9.82,1.2,5.05,0.24,0.17,-99.9,-99.9,8.19,-99.9,4.02,1.84,1.17,33.81,0,0,3742
"2026-03-21 16:02:00",5663,4.74,0,0,0,2.28,16.65,33312.8,39632.11,25.33,118.94,9.93,1.26,5.3,0.28,0.21,-99.9,-99.9,8.18,-99.9,3.85,2.13,1.17,36.4,0,0,3743
"2026-03-21 16:17:00",5664,4.76,0,0,0,2.23,18.06,33326.95,38416.25,24.48,127.46,10.41,1.15,4.79,0.2,0.12,-99.9,-99.9,8.3,-99.9,8.78,1.76,1.17,36.4,0,0,3744
"2026-03-21 16:32:00",5665,4.73,0,0,0,2.14,17.98,33279.92,38434.4,24.49,132.9,10.87,1.27,5.33,0.23,0.16,-99.9,-99.9,8.3,-99.9,4.27,1.72,1.18,33.79,0,0,3745
"2026-03-21 16:47:00",5666,4.74,0,0,0,2.05,17.47,33238.24,38818.22,24.76,118.12,9.74,0.78,3.24,0.18,0.11,-99.9,-99.9,8.2,-99.9,4.38,3.09,1.18,33.79,0,0,3746
"2026-03-21 17:02:00",5667,4.74,0,0,0,1.96,17.29,33246.99,38987.17,24.88,117.32,9.7,0.82,3.43,0.2,0.12,-99.9,-99.9,8.19,-99.9,4.35,1.77,1.17,32,0,0,3747
"2026-03-21 17:17:00",5668,4.76,0,0,0,1.87,17.18,33312.11,39163.71,25,125.77,10.42,1.2,5.03,0.2,0.12,-99.9,-99.9,8.23,-99.9,4.24,1.67,1.17,32,0,0,3748
"2026-03-21 17:32:00",5669,4.75,0,0,0,1.79,17.77,33298.48,38630.09,24.63,145.98,11.98,1.57,6.58,0.26,0.18,-99.9,-99.9,8.36,-99.9,4.57,2.12,1.18,32.85,0,0,3749
"2026-03-21 17:47:00",5670,4.74,0,0,0,1.72,17.79,33349.79,38676.84,24.66,149.02,12.22,1.63,6.87,0.27,0.19,-99.9,-99.9,8.37,-99.9,4.41,2.36,1.18,32.85,0,0,3750
"2026-03-21 18:02:00",5671,4.74,0,0,0,1.66,17.86,33286,38538.83,24.56,143.43,11.75,1.85,7.77,0.28,0.21,-99.9,-99.9,8.34,-99.9,4.27,2.1,1.17,31.79,0,0,3751
"2026-03-21 18:17:00",5672,4.75,0,0,0,1.64,18.51,33380.97,38104.08,24.26,147.22,11.93,1.91,8.04,0.23,0.15,-99.9,-99.9,8.38,-99.9,4.41,2.1,1.17,31.79,0,0,3752
"2026-03-21 18:32:00",5673,4.75,0,0,0,1.6,17.97,33362.93,38534.06,24.56,146.89,12.01,1.71,7.21,0.26,0.19,-99.9,-99.9,8.37,-99.9,4.34,2.18,1.18,32.92,0,0,3753
"2026-03-21 18:47:00",5674,4.76,0,0,0,1.57,17.73,33358.4,38739.36,24.71,138.96,11.41,1.51,6.33,0.24,0.17,-99.9,-99.9,8.32,-99.9,4.33,1.78,1.18,32.92,0,0,3754
"2026-03-21 19:02:00",5675,4.73,0,0,0,1.56,18.28,33383.76,38297.84,24.39,142.47,11.59,1.61,6.75,0.22,0.14,-99.9,-99.9,8.35,-99.9,4.4,2.46,1.18,32.01,0,0,3755
"2026-03-21 19:17:00",5676,4.75,0,0,0,1.56,18.32,33357.67,38235.22,24.35,136.13,11.07,1.63,6.87,0.25,0.18,-99.9,-99.9,8.34,-99.9,4.46,2.08,1.18,32.01,0,0,3756
"2026-03-21 19:32:00",5677,4.74,0,0,0,1.56,17.99,33392.67,38555.31,24.58,142.43,11.64,1.61,6.79,0.25,0.18,-99.9,-99.9,8.34,-99.9,4.37,1.62,1.17,31.47,0,0,3757
"2026-03-21 19:47:00",5678,4.76,0,0,0,1.58,17.93,33395.7,38607.63,24.61,141.2,11.55,1.93,8.13,0.29,0.22,-99.9,-99.9,8.35,-99.9,4.38,1.78,1.17,31.47,0,0,3758
"2026-03-21 20:02:00",5679,4.76,0,0,0,1.61,18.03,33382.97,38508.39,24.54,141.34,11.54,1.79,7.52,0.27,0.2,-99.9,-99.9,8.34,-99.9,4.34,1.87,1.17,32.12,0,0,3759
"2026-03-21 20:17:00",5680,4.74,0,0,0,1.68,18.35,33326.58,38177.57,24.31,135.31,11,2,8.44,0.28,0.21,-99.9,-99.9,8.33,-99.9,4.28,1.34,1.17,32.12,0,0,3760
"2026-03-21 20:32:00",5681,4.74,0,0,0,1.72,18.33,33331.3,38201.15,24.33,136.09,11.07,1.87,7.9,0.26,0.18,-99.9,-99.9,8.32,-99.9,4.26,1.71,1.18,33.06,0,0,3761
"2026-03-21 20:47:00",5682,4.75,0,0,0,1.79,18.31,33269.8,38142.13,24.28,130.1,10.59,1.67,7.01,0.22,0.15,-99.9,-99.9,8.29,-99.9,4.17,1.3,1.18,33.06,0,0,3762
"2026-03-21 21:02:00",5683,4.75,0,0,0,1.87,18.3,33239.33,38115.24,24.27,128.1,10.43,1.91,8.05,0.26,0.19,-99.9,-99.9,8.29,-99.9,4.33,1.42,1.18,31.95,0,0,3763
"2026-03-21 21:17:00",5684,4.76,0,0,0,1.95,18.18,33184.17,38153.58,24.29,118.39,9.66,1.59,6.69,0.27,0.19,-99.9,-99.9,8.27,-99.9,4.44,1.25,1.18,31.95,0,0,3764
"2026-03-21 21:32:00",5685,4.73,0,0,0,2.05,18.17,33137.85,38110.21,24.26,121.83,9.94,1.79,7.54,0.3,0.23,-99.9,-99.9,8.26,-99.9,4.37,4.6,1.17,31.85,0,0,3765
"2026-03-21 21:47:00",5686,4.74,0,0,0,2.13,18.17,33279.78,38275.33,24.38,131.18,10.7,1.88,7.94,0.27,0.2,-99.9,-99.9,8.3,-99.9,4.36,1.6,1.17,31.85,0,0,3766
"2026-03-21 22:02:00",5687,4.74,0,0,0,2.23,18.23,33178.65,38107.26,24.26,130.2,10.61,2.09,8.82,0.32,0.25,-99.9,-99.9,8.3,-99.9,4.34,1.55,1.17,32.02,0,0,3767
"2026-03-21 22:17:00",5688,4.75,0,0,0,2.33,18.15,33157.31,38147.11,24.29,129.16,10.54,2.08,8.77,0.31,0.24,-99.9,-99.9,8.3,-99.9,4.32,1.52,1.17,32.02,0,0,3768
"2026-03-21 22:32:00",5689,4.75,0,0,0,2.42,17.94,33142.99,38311.36,24.4,129.32,10.59,1.97,8.3,0.29,0.22,-99.9,-99.9,8.3,-99.9,4.21,1.37,1.18,31.31,0,0,3769
"2026-03-21 22:47:00",5690,4.73,0,0,0,2.51,18.01,33071.63,38163.78,24.3,127.98,10.47,2.26,9.52,0.33,0.26,-99.9,-99.9,8.3,-99.9,4.32,1.52,1.17,31.31,0,0,3770
"2026-03-21 23:02:00",5691,4.73,0,0,0,2.61,18.02,33042.26,38124.85,24.27,126.9,10.38,1.97,8.29,0.29,0.22,-99.9,-99.9,8.3,-99.9,4.39,1.6,1.18,31.02,0,0,3771
"2026-03-21 23:17:00",5692,4.74,0,0,0,2.7,17.99,33030.09,38139.73,24.28,127.05,10.4,2.01,8.47,0.35,0.28,-99.9,-99.9,8.3,-99.9,4.41,1.5,1.18,31.02,0,0,3772
"2026-03-21 23:32:00",5693,4.74,0,0,0,2.8,17.93,32973.59,38120.69,24.27,127.03,10.41,2.62,11.08,0.3,0.23,-99.9,-99.9,8.3,-99.9,4.43,1.7,1.17,32.15,0,0,3773
"2026-03-21 23:47:00",5694,4.75,0,0,0,2.88,17.87,32924.33,38116.8,24.27,126.58,10.39,2.07,8.74,0.3,0.23,-99.9,-99.9,8.3,-99.9,4.31,1.49,1.17,32.15,0,0,3774
"2026-03-22 00:02:00",5695,4.73,0,0,0,2.96,17.81,32907.15,38149.83,24.29,124.79,10.25,2.15,9.08,0.3,0.23,-99.9,-99.9,8.28,-99.9,4.34,1.47,1.17,31.58,0,0,3775
"2026-03-22 00:17:00",5696,4.73,0,0,0,3.03,17.76,32897.61,38180.62,24.31,123.58,10.16,1.95,8.2,0.31,0.23,-99.9,-99.9,8.27,-99.9,4.37,1.84,1.17,31.58,0,0,3776
"2026-03-22 00:32:00",5697,4.73,0,0,0,3.09,17.74,32885.47,38175.52,24.31,122.26,10.06,1.93,8.13,0.3,0.23,-99.9,-99.9,8.27,-99.9,4.37,1.48,1.18,31.34,0,0,3777
"2026-03-22 00:47:00",5698,4.75,0,0,0,3.12,17.07,33272.86,39216.15,25.04,120.97,10.04,1.54,6.49,0.29,0.22,-99.9,-99.9,8.21,-99.9,4.17,1.36,1.18,31.34,0,0,3778
"2026-03-22 01:02:00",5699,4.74,0,0,0,3.15,16.85,33344.34,39487.76,25.23,118.95,9.9,1.84,7.74,0.33,0.26,-99.9,-99.9,8.2,-99.9,4.01,1.8,1.18,31.62,0,0,3779
"2026-03-22 01:17:00",5700,4.73,0,0,0,3.17,16.85,33334.4,39484.4,25.23,118.59,9.87,1.55,6.52,0.29,0.21,-99.9,-99.9,8.19,-99.9,7.71,1.67,1.18,31.62,0,0,3780
"2026-03-22 01:32:00",5701,4.73,0,0,0,3.18,16.57,33406.27,39820.55,25.46,115.45,9.65,1.11,4.65,0.26,0.19,-99.9,-99.9,8.16,-99.9,4,1.64,1.18,31.9,0,0,3781
"2026-03-22 01:47:00",5702,4.73,0,0,0,3.17,16.53,33406.77,39850.33,25.48,114.81,9.6,1.22,5.12,0.26,0.19,-99.9,-99.9,8.16,-99.9,3.97,1.15,1.18,31.9,0,0,3782
"2026-03-22 02:02:00",5703,4.73,0,0,0,3.15,16.46,33416.51,39925.99,25.54,114.34,9.57,1.38,5.78,0.31,0.24,-99.9,-99.9,8.15,-99.9,4.65,1.56,1.18,31.69,0,0,3783
"2026-03-22 02:17:00",5704,4.74,0,0,0,3.09,16.34,33477.47,40115.27,25.67,112.77,9.46,1.07,4.46,0.26,0.19,-99.9,-99.9,8.14,-99.9,3.92,1.09,1.18,31.69,0,0,3784
"2026-03-22 02:32:00",5705,4.71,0,0,0,3.02,16.25,33485.34,40208.65,25.74,109.9,9.23,1.53,6.45,0.3,0.23,-99.9,-99.9,8.13,-99.9,4.26,1.54,1.18,32.55,0,0,3785
"2026-03-22 02:47:00",5706,4.72,0,0,0,2.93,16.45,33476.74,40014.96,25.6,114.5,9.59,1.35,5.67,0.29,0.22,-99.9,-99.9,8.16,-99.9,7.56,1.95,1.18,32.55,0,0,3786
"2026-03-22 03:02:00",5707,4.72,0,0,0,2.84,16.41,33483.77,40056.07,25.63,113.7,9.52,1.1,4.61,0.28,0.21,-99.9,-99.9,8.16,-99.9,3.87,2.12,1.17,31.76,0,0,3787
"2026-03-22 03:17:00",5708,4.73,0,0,0,2.74,16.57,33471.13,39898.94,25.52,116.98,9.78,1.26,5.27,0.25,0.18,-99.9,-99.9,8.19,-99.9,9.55,1.77,1.17,31.76,0,0,3788
"2026-03-22 03:32:00",5709,4.73,0,0,0,2.62,16.49,33475.51,39976.88,25.57,114.43,9.58,1.27,5.31,0.33,0.26,-99.9,-99.9,8.16,-99.9,4.04,1.74,1.18,31.84,0,0,3789
"2026-03-22 03:47:00",5710,4.71,0,0,0,2.53,17.09,32976.29,38846.23,24.78,110.23,9.16,0.76,3.18,0.22,0.15,-99.9,-99.9,8.18,-99.9,4.28,1.14,1.18,31.84,0,0,3790
"2026-03-22 04:02:00",5711,4.72,0,0,0,2.42,17.34,32931.49,38575.38,24.59,109.84,9.09,0.95,3.97,0.21,0.14,-99.9,-99.9,8.19,-99.9,4.4,1.59,1.18,33.03,0,0,3791
"2026-03-22 04:17:00",5712,4.72,0,0,0,2.27,17.42,32938.56,38516.42,24.55,110.47,9.13,0.69,2.87,0.2,0.12,-99.9,-99.9,8.2,-99.9,4.27,0.97,1.18,33.03,0,0,3792
"2026-03-22 04:32:00",5713,4.72,0,0,0,2.15,16.95,33491.69,39573.61,25.29,110.34,9.16,0.86,3.6,0.19,0.12,-99.9,-99.9,8.17,-99.9,4.06,1.34,1.17,31.8,0,0,3793
"2026-03-22 04:47:00",5714,4.74,0,0,0,2.01,16.87,33328.88,39456.95,25.21,112.12,9.33,0.86,3.58,0.22,0.15,-99.9,-99.9,8.19,-99.9,4.08,1.47,1.17,31.8,0,0,3794
"2026-03-22 05:02:00",5715,4.71,0,0,0,1.87,17.07,33219.65,39152.46,24.99,112.56,9.34,1.11,4.63,0.26,0.19,-99.9,-99.9,8.18,-99.9,4.07,1.24,1.17,32.28,0,0,3795
"2026-03-22 05:17:00",5716,4.72,0,0,0,1.77,17.15,33101.49,38941.92,24.85,111.19,9.22,0.72,3,0.19,0.12,-99.9,-99.9,8.18,-99.9,4.46,0.93,1.17,32.28,0,0,3796
"2026-03-22 05:32:00",5717,4.72,0,0,0,1.65,17.19,33032.83,38823.1,24.76,111.07,9.21,0.99,4.12,0.24,0.17,-99.9,-99.9,8.18,-99.9,4.23,1.85,1.18,31.8,0,0,3797
"2026-03-22 05:47:00",5718,4.73,0,0,0,1.54,17.37,32912.34,38526.82,24.55,113.81,9.42,1.25,5.25,0.27,0.2,-99.9,-99.9,8.22,-99.9,4.34,1.39,1.18,31.8,0,0,3798
"2026-03-22 06:02:00",5719,4.73,0,0,0,1.44,17.51,32806.91,38284.27,24.38,116.85,9.65,1.61,6.75,0.27,0.2,-99.9,-99.9,8.25,-99.9,4.37,1.53,1.18,31.88,0,0,3799
"2026-03-22 06:17:00",5720,4.72,0,0,0,1.34,17.51,32798.27,38270.88,24.37,117.22,9.68,1.67,7.03,0.24,0.17,-99.9,-99.9,8.25,-99.9,4.52,1.64,1.18,31.88,0,0,3800
"2026-03-22 06:32:00",5721,4.72,0,0,0,1.26,17.56,32814.4,38252.28,24.36,117.3,9.68,1.66,6.97,0.29,0.22,-99.9,-99.9,8.24,-99.9,4.41,1.75,1.17,31.53,0,0,3801
"2026-03-22 06:47:00",5722,4.72,0,0,0,1.17,17.54,32812.39,38266.08,24.37,116.64,9.63,1.51,6.34,0.26,0.19,-99.9,-99.9,8.24,-99.9,4.3,1.53,1.17,31.53,0,0,3802
"2026-03-22 07:02:00",5723,4.72,0,0,0,1.11,17.56,32814.31,38252.06,24.36,116.41,9.61,1.24,5.21,0.23,0.15,-99.9,-99.9,8.24,-99.9,4.19,1.51,1.18,32.63,0,0,3803
"2026-03-22 07:17:00",5724,4.74,0,0,0,1.05,17.56,32830.6,38265.84,24.37,116.01,9.57,1.06,4.42,0.23,0.16,-99.9,-99.9,8.23,-99.9,4.35,1.52,1.18,32.63,0,0,3804
"2026-03-22 07:32:00",5725,4.71,0,0,0,0.99,17.57,32811.33,38235.92,24.35,116.17,9.59,1.27,5.3,0.24,0.16,-99.9,-99.9,8.24,-99.9,4.4,1.44,1.17,31.01,0,0,3805
"2026-03-22 07:47:00",5726,4.72,0,0,0,0.95,17.61,32822.88,38221.11,24.34,117.65,9.7,1.35,5.68,0.24,0.16,-99.9,-99.9,8.24,-99.9,4.36,1.55,1.17,31.01,0,0,3806
"2026-03-22 08:02:00",5727,4.71,0,0,0,0.92,17.55,32851.35,38300.61,24.4,114.92,9.48,1.28,5.37,0.26,0.19,-99.9,-99.9,8.23,-99.9,4.27,1.75,1.17,31.78,0,0,3807
"2026-03-22 08:17:00",5728,4.73,0,0,0,0.9,17.5,32910.35,38413.89,24.48,114.43,9.45,0.98,4.09,0.24,0.17,-99.9,-99.9,8.22,-99.9,6.53,1.46,1.17,31.78,0,0,3808
"2026-03-22 08:32:00",5729,4.73,0,0,0,0.9,17.43,32939.61,38504.15,24.54,112.56,9.3,1.09,4.55,0.23,0.16,-99.9,-99.9,8.2,-99.9,4.55,1.39,1.18,32.21,0,0,3809
"2026-03-22 08:47:00",5730,4.71,0,0,0,0.92,17.4,32909.72,38494.26,24.53,111.66,9.23,0.7,2.9,0.17,0.1,-99.9,-99.9,8.19,-99.9,4.38,1.06,1.18,32.21,0,0,3810
"2026-03-22 09:02:00",5731,4.71,0,0,0,0.96,17.51,32923.15,38421.37,24.48,112.81,9.31,0.85,3.52,0.22,0.14,-99.9,-99.9,8.21,-99.9,4.16,1.3,1.18,31.87,0,0,3811
"2026-03-22 09:17:00",5732,4.72,0,0,0,0.99,17.4,32927.82,38516.99,24.55,108.06,8.93,0.55,2.26,0.19,0.11,-99.9,-99.9,8.18,-99.9,4.33,1.14,1.18,31.87,0,0,3812
"2026-03-22 09:32:00",5733,4.72,0,0,0,1.03,17.34,32852.16,38479.61,24.52,104.41,8.64,0.57,2.35,0.16,0.09,-99.9,-99.9,8.17,-99.9,4.52,1.16,1.19,33.21,0,0,3813
"2026-03-22 09:47:00",5734,4.73,0,0,0,1.08,17.37,32834.8,38435.69,24.49,104.52,8.65,0.47,1.93,0.18,0.1,-99.9,-99.9,8.17,-99.9,4.41,1.1,1.19,33.21,0,0,3814
"2026-03-22 10:02:00",5735,4.71,0,0,0,1.16,17.48,32835.27,38345.27,24.43,107.45,8.88,0.6,2.46,0.2,0.13,-99.9,-99.9,8.2,-99.9,4.43,1.3,1.18,31.28,0,0,3815
"2026-03-22 10:17:00",5736,4.71,0,0,0,1.24,17.45,32928.69,38476.64,24.52,108.66,8.98,0.65,2.69,0.19,0.11,-99.9,-99.9,8.19,-99.9,4.19,0.92,1.18,31.28,0,0,3816
"2026-03-22 10:32:00",5737,4.71,0,0,0,1.36,17.56,32757.23,38185.08,24.31,107.53,8.88,0.55,2.27,0.16,0.09,-99.9,-99.9,8.2,-99.9,4.44,0.99,1.18,31.52,0,0,3817
"2026-03-22 10:47:00",5738,4.72,0,0,0,1.47,17.83,32882.81,38102.58,24.26,115.08,9.45,0.78,3.26,0.2,0.13,-99.9,-99.9,8.24,-99.9,4.35,1.14,1.18,31.52,0,0,3818
"2026-03-22 11:02:00",5739,4.73,0,0,0,1.55,17.89,32950.45,38131.97,24.28,121.88,10,1.11,4.64,0.21,0.14,-99.9,-99.9,8.28,-99.9,4.1,1.23,1.17,32.69,0,0,3819
"2026-03-22 11:17:00",5740,4.71,0,0,0,1.66,18.39,33147.45,37933.93,24.14,122.93,10,1.22,5.12,0.21,0.13,-99.9,-99.9,8.29,-99.9,4.06,1.55,1.17,32.69,0,0,3820
"2026-03-22 11:32:00",5741,4.71,0,0,0,1.75,18.55,33149.83,37807.62,24.05,123.45,10.01,1.19,4.98,0.18,0.1,-99.9,-99.9,8.29,-99.9,4.16,1.65,1.18,31.91,0,0,3821
"2026-03-22 11:47:00",5742,4.72,0,0,0,1.84,18.61,33163.53,37772.4,24.02,124.75,10.11,1.2,5.05,0.22,0.15,-99.9,-99.9,8.29,-99.9,4.17,1.75,1.18,31.91,0,0,3822
"2026-03-22 12:02:00",5743,4.72,0,0,0,1.94,18.7,33131.06,37665.67,23.95,123.37,9.98,1.27,5.3,0.21,0.13,-99.9,-99.9,8.29,-99.9,4.21,1.91,1.18,33,0,0,3823
"2026-03-22 12:17:00",5744,4.73,0,0,0,2.05,18.73,33135.12,37645.52,23.93,122.46,9.91,1.44,6.07,0.2,0.12,-99.9,-99.9,8.29,-99.9,4.26,1.8,1.18,33,0,0,3824
"2026-03-22 12:32:00",5745,4.71,0,0,0,2.14,18.72,33183.69,37707.49,23.98,125.03,10.11,1.27,5.33,0.21,0.13,-99.9,-99.9,8.29,-99.9,4.25,1.85,1.17,31.44,0,0,3825
"2026-03-22 12:47:00",5746,4.72,0,0,0,2.21,18.47,33134.35,37857.87,24.08,124.67,10.13,1.42,5.97,0.2,0.13,-99.9,-99.9,8.29,-99.9,4.25,1.72,1.17,31.44,0,0,3826
"2026-03-22 13:02:00",5747,4.71,0,0,0,2.29,18.52,33178.6,37867.92,24.09,126.11,10.23,1.29,5.42,0.2,0.13,-99.9,-99.9,8.3,-99.9,4.23,1.69,1.18,32.23,0,0,3827
"2026-03-22 13:17:00",5748,4.73,0,0,0,2.34,17.77,33277.78,38606.81,24.61,129.29,10.61,1.01,4.22,0.2,0.13,-99.9,-99.9,8.29,-99.9,4.23,1.61,1.18,32.23,0,0,3828
"2026-03-22 13:32:00",5749,4.73,0,0,0,2.41,17.52,33397.25,38963.58,24.86,133.83,11.02,0.95,3.98,0.23,0.15,-99.9,-99.9,8.29,-99.9,7.08,1.74,1.18,32.03,0,0,3829
"2026-03-22 13:47:00",5750,4.71,0,0,0,2.47,17.21,33458.46,39308.22,25.1,126.81,10.49,0.96,4.01,0.22,0.14,-99.9,-99.9,8.24,-99.9,4.12,1.66,1.18,32.03,0,0,3830
"2026-03-22 14:02:00",5751,4.71,0,0,0,2.54,16.88,33534.96,39694.95,25.38,120.11,9.98,0.76,3.16,0.19,0.11,-99.9,-99.9,8.2,-99.9,3.92,1.55,1.18,30.74,0,0,3831
"2026-03-22 14:17:00",5752,4.71,0,0,0,2.55,17,33512.95,39555.51,25.28,124.93,10.37,1.03,4.29,0.23,0.16,-99.9,-99.9,8.22,-99.9,4.02,1.92,1.18,30.74,0,0,3832
"2026-03-22 14:32:00",5753,4.71,0,0,0,2.6,17.09,33515.53,39477.14,25.22,126.99,10.52,0.98,4.1,0.21,0.14,-99.9,-99.9,8.25,-99.9,3.98,1.55,1.18,31.44,0,0,3833
"2026-03-22 14:47:00",5754,4.72,0,0,0,2.61,17.05,33483.01,39480.72,25.23,121.1,10.04,1.11,4.65,0.22,0.15,-99.9,-99.9,8.23,-99.9,9.6,1.63,1.18,31.44,0,0,3834
"2026-03-22 15:02:00",5755,4.69,0,0,0,2.62,16.9,33527.68,39661.27,25.35,119.42,9.92,0.85,3.56,0.22,0.15,-99.9,-99.9,8.19,-99.9,3.99,1.49,1.18,31.18,0,0,3835
"2026-03-22 15:17:00",5756,4.71,0,0,0,2.59,16.98,33520.12,39581.79,25.3,120.72,10.02,0.79,3.28,0.18,0.11,-99.9,-99.9,8.2,-99.9,3.95,1.28,1.18,31.18,0,0,3836
"2026-03-22 15:32:00",5757,4.7,0,0,0,2.58,16.87,33533.61,39700.37,25.38,114.95,9.56,0.7,2.91,0.19,0.12,-99.9,-99.9,8.17,-99.9,3.98,1.39,1.18,32.01,0,0,3837
"2026-03-22 15:47:00",5758,4.72,0,0,0,2.55,16.82,33523.65,39728.99,25.4,117.36,9.76,1.11,4.65,0.25,0.18,-99.9,-99.9,8.19,-99.9,3.95,1.59,1.18,32.01,0,0,3838
"2026-03-22 16:02:00",5759,4.71,0,0,0,2.51,16.6,33596.66,40015.95,25.6,113.76,9.49,1.08,4.52,0.23,0.15,-99.9,-99.9,8.15,-99.9,3.9,1.61,1.18,31.62,0,0,3839
"2026-03-22 16:17:00",5760,4.69,0,0,0,2.45,16.55,33605.42,40073.38,25.64,113.36,9.47,0.96,4.02,0.22,0.15,-99.9,-99.9,8.16,-99.9,3.92,1.66,1.18,31.62,0,0,3840
"2026-03-22 16:32:00",5761,4.7,0,0,0,2.41,17.01,33539.85,39576.72,25.29,116.82,9.69,0.65,2.7,0.18,0.11,-99.9,-99.9,8.19,-99.9,4.01,1.31,1.18,33.15,0,0,3841
"2026-03-22 16:47:00",5762,4.7,0,0,0,2.35,17.41,33489.13,39167.83,25.01,115.48,9.52,0.74,3.07,0.16,0.09,-99.9,-99.9,8.19,-99.9,4.21,1.13,1.18,33.15,0,0,3842
"2026-03-22 17:02:00",5763,4.7,0,0,0,2.25,17.36,33520.27,39249.64,25.06,128.14,10.57,1.16,4.88,0.2,0.12,-99.9,-99.9,8.26,-99.9,4.08,1.47,1.18,32.06,0,0,3843
"2026-03-22 17:17:00",5764,4.72,0,0,0,2.2,16.92,33593.18,39724.7,25.4,119.61,9.93,1.09,4.54,0.2,0.12,-99.9,-99.9,8.2,-99.9,4.01,1.57,1.18,32.06,0,0,3844
"2026-03-22 17:32:00",5765,4.7,0,0,0,2.12,17.04,33570.96,39586.12,25.3,122.26,10.13,1.09,4.56,0.22,0.15,-99.9,-99.9,8.22,-99.9,4.05,1.57,1.18,31.54,0,0,3845
"2026-03-22 17:47:00",5766,4.7,0,0,0,2.07,17.44,33546.63,39209.13,25.04,128.65,10.6,1.3,5.46,0.21,0.14,-99.9,-99.9,8.26,-99.9,4.12,1.5,1.18,31.54,0,0,3846
"2026-03-22 18:02:00",5767,4.7,0,0,0,2,17.47,33630.86,39282.69,25.09,137.14,11.29,1.68,7.08,0.28,0.2,-99.9,-99.9,8.32,-99.9,4.23,1.82,1.17,31.16,0,0,3847
"2026-03-22 18:17:00",5768,4.72,0,0,0,1.96,17.71,33593.97,39027.92,24.91,141.47,11.6,1.82,7.66,0.26,0.19,-99.9,-99.9,8.35,-99.9,4.32,1.84,1.17,31.16,0,0,3848
"2026-03-22 18:32:00",5769,4.71,0,0,0,1.9,17.85,33575.7,38882.41,24.81,143.86,11.77,1.66,6.99,0.26,0.18,-99.9,-99.9,8.35,-99.9,4.32,2.02,1.17,31.38,0,0,3849
"2026-03-22 18:47:00",5770,4.7,0,0,0,1.86,18.37,33491.81,38346.08,24.43,144.59,11.74,1.72,7.22,0.22,0.15,-99.9,-99.9,8.37,-99.9,4.33,1.89,1.17,31.38,0,0,3850
"2026-03-22 19:02:00",5771,4.7,0,0,0,1.83,18.77,33524.56,38055.9,24.22,147.69,11.92,1.87,7.86,0.24,0.17,-99.9,-99.9,8.39,-99.9,4.47,1.86,1.17,32.02,0,0,3851
"2026-03-22 19:17:00",5772,4.71,0,0,0,1.8,18.1,33571.81,38671.83,24.66,143.02,11.66,1.87,7.87,0.25,0.18,-99.9,-99.9,8.35,-99.9,4.35,2.01,1.17,32.02,0,0,3852
"2026-03-22 19:32:00",5773,4.71,0,0,0,1.76,18.3,33581.2,38508.61,24.54,148.49,12.07,2.27,9.59,0.3,0.23,-99.9,-99.9,8.38,-99.9,4.36,2.59,1.17,31.86,0,0,3853
"2026-03-22 19:47:00",5774,4.72,0,0,0,1.76,18.31,33583.72,38502.43,24.54,146.83,11.93,2.21,9.33,0.3,0.22,-99.9,-99.9,8.38,-99.9,4.36,2.75,1.17,31.86,0,0,3854
"2026-03-22 20:02:00",5775,4.7,0,0,0,1.77,18.58,33600.86,38293.61,24.39,147.04,11.89,2.03,8.56,0.27,0.19,-99.9,-99.9,8.39,-99.9,7.16,2.3,1.18,31.13,0,0,3855
"2026-03-22 20:17:00",5776,4.71,0,0,0,1.77,18.53,33577.02,38312.18,24.4,142.01,11.5,2.3,9.71,0.32,0.25,-99.9,-99.9,8.38,-99.9,4.5,2.57,1.18,31.13,0,0,3856
"2026-03-22 20:32:00",5777,4.7,0,0,0,1.79,18.29,33538.04,38467.6,24.51,141.07,11.47,2.28,9.62,0.31,0.24,-99.9,-99.9,8.34,-99.9,4.5,4.9,1.17,31.75,0,0,3857
"2026-03-22 20:47:00",5778,4.72,0,0,0,1.81,18.54,33598.23,38328.4,24.42,143.24,11.59,1.43,6,0.21,0.14,-99.9,-99.9,8.34,-99.9,4.41,2.18,1.17,31.75,0,0,3858
"2026-03-22 21:02:00",5779,4.72,0,0,0,1.87,18.69,33522.58,38114.81,24.26,139.67,11.28,2.34,9.86,0.3,0.23,-99.9,-99.9,8.35,-99.9,4.67,2.18,1.18,31.99,0,0,3859
"2026-03-22 21:17:00",5780,4.7,0,0,0,1.9,18.65,33476.16,38095.1,24.25,138.67,11.21,2.21,9.34,0.26,0.18,-99.9,-99.9,8.35,-99.9,4.41,2.21,1.18,31.99,0,0,3860
"2026-03-22 21:32:00",5781,4.71,0,0,0,1.99,18.54,33456.48,38162.06,24.3,136.29,11.04,2.28,9.63,0.26,0.19,-99.9,-99.9,8.33,-99.9,4.33,2.41,1.18,32.58,0,0,3861
"2026-03-22 21:47:00",5782,4.71,0,0,0,2.05,18.51,33473.36,38206.47,24.33,134.59,10.91,2.17,9.14,0.26,0.19,-99.9,-99.9,8.33,-99.9,7.97,1.82,1.18,32.58,0,0,3862
"2026-03-22 22:02:00",5783,4.71,0,0,0,2.1,18.43,33366,38152.95,24.29,133.22,10.81,1.72,7.24,0.22,0.15,-99.9,-99.9,8.31,-99.9,5,1.6,1.18,31.58,0,0,3863
"2026-03-22 22:17:00",5784,4.73,0,0,0,2.2,18.14,33292.4,38312.21,24.4,124.39,10.15,1.23,5.15,0.22,0.15,-99.9,-99.9,8.27,-99.9,6.09,1.14,1.18,31.58,0,0,3864
"2026-03-22 22:32:00",5785,4.7,0,0,0,2.25,17.9,33292.8,38513.28,24.55,121.17,9.92,1.08,4.52,0.19,0.11,-99.9,-99.9,8.25,-99.9,4.28,1.05,1.18,32.04,0,0,3865
"2026-03-22 22:47:00",5786,4.7,0,0,0,2.34,18.06,33303.93,38395.68,24.46,123.83,10.11,1.62,6.83,0.24,0.16,-99.9,-99.9,8.26,-99.9,8.23,1.23,1.18,32.04,0,0,3866
"2026-03-22 23:02:00",5787,4.7,0,0,0,2.41,18.09,33238.99,38291.56,24.39,123.53,10.09,1.9,8.01,0.27,0.2,-99.9,-99.9,8.27,-99.9,4.39,1.1,1.17,31.51,0,0,3867
"2026-03-22 23:17:00",5788,4.72,0,0,0,2.52,18.34,33202.09,38044.45,24.22,122.21,9.94,2.35,9.92,0.3,0.22,-99.9,-99.9,8.28,-99.9,4.2,1.57,1.17,31.51,0,0,3868
"2026-03-22 23:32:00",5789,4.71,0,0,0,2.61,18.26,33178.35,38083.84,24.24,122.39,9.97,1.85,7.79,0.26,0.19,-99.9,-99.9,8.27,-99.9,4.18,1.67,1.18,34.22,0,0,3869
"2026-03-22 23:47:00",5790,4.7,0,0,0,2.69,18.17,33091.85,38059.55,24.23,122.61,10.01,1.96,8.25,0.26,0.19,-99.9,-99.9,8.25,-99.9,7.26,1.48,1.18,34.22,0,0,3870
"2026-03-23 00:02:00",5791,4.7,0,0,0,2.78,18.01,33034.89,38122.58,24.27,118.29,9.68,1.54,6.49,0.22,0.14,-99.9,-99.9,8.25,-99.9,4.16,1.38,1.17,31.33,0,0,3871
"2026-03-23 00:17:00",5792,4.7,0,0,0,2.84,18.13,33220.37,38238.53,24.35,122.24,9.98,1.41,5.93,0.22,0.14,-99.9,-99.9,8.26,-99.9,4.27,1.39,1.17,31.33,0,0,3872
"2026-03-23 00:32:00",5793,4.7,0,0,0,2.92,17.96,33275.06,38446.4,24.5,116.71,9.55,1.13,4.75,0.16,0.08,-99.9,-99.9,8.23,-99.9,4.25,1.03,1.18,33.22,0,0,3873
"2026-03-23 00:47:00",5794,4.71,0,0,0,2.98,17.98,33224.27,38369.78,24.44,116.71,9.55,1.2,5.01,0.2,0.13,-99.9,-99.9,8.24,-99.9,4.2,1.52,1.18,33.22,0,0,3874
"2026-03-23 01:02:00",5795,4.69,0,0,0,3.04,17.55,33430.7,38975.13,24.87,121.77,10.02,1.86,7.82,0.3,0.23,-99.9,-99.9,8.24,-99.9,4.21,1.95,1.17,31.92,0,0,3875
"2026-03-23 01:17:00",5796,4.7,0,0,0,3.08,16.69,33631.45,39973.42,25.57,112.11,9.34,1.11,4.64,0.24,0.16,-99.9,-99.9,8.14,-99.9,3.95,1.32,1.17,31.92,0,0,3876
"2026-03-23 01:32:00",5797,4.69,0,0,0,3.11,16.65,33619.04,39994.59,25.59,112.17,9.35,1.1,4.59,0.25,0.18,-99.9,-99.9,8.15,-99.9,3.93,1.35,1.18,32.63,0,0,3877
"2026-03-23 01:47:00",5798,4.7,0,0,0,3.14,16.65,33633.15,40015.17,25.6,110.49,9.21,0.98,4.07,0.22,0.15,-99.9,-99.9,8.14,-99.9,5.63,1.2,1.18,32.63,0,0,3878
"2026-03-23 02:02:00",5799,4.7,0,0,0,3.15,16.57,33649.3,40103.13,25.66,109.1,9.11,0.77,3.21,0.22,0.15,-99.9,-99.9,8.13,-99.9,4.96,1.3,1.18,31.37,0,0,3879
"2026-03-23 02:17:00",5800,4.68,0,0,0,3.15,16.24,33760.82,40542.52,25.97,107.07,8.98,1.07,4.47,0.27,0.19,-99.9,-99.9,8.11,-99.9,3.73,1.17,1.18,31.37,0,0,3880
"2026-03-23 02:32:00",5801,4.68,0,0,0,3.13,16.07,33773.23,40721.66,26.1,104.91,8.82,0.98,4.1,0.24,0.16,-99.9,-99.9,8.09,-99.9,3.61,1.53,1.18,31.22,0,0,3881
"2026-03-23 02:47:00",5802,4.68,0,0,0,3.09,15.99,33798.71,40823.76,26.17,100.29,8.44,0.8,3.33,0.23,0.16,-99.9,-99.9,8.08,-99.9,6.64,1.3,1.18,31.22,0,0,3882
"2026-03-23 03:02:00",5803,4.68,0,0,0,3.04,16.21,33750.93,40564.59,25.99,104.2,8.74,1,4.18,0.29,0.22,-99.9,-99.9,8.09,-99.9,5.64,1.76,1.18,30.96,0,0,3883
"2026-03-23 03:17:00",5804,4.7,0,0,0,3,16.24,33755.37,40537.78,25.97,103.43,8.67,0.85,3.55,0.24,0.16,-99.9,-99.9,8.09,-99.9,3.79,1.36,1.18,30.96,0,0,3884
"2026-03-23 03:32:00",5805,4.67,0,0,0,2.9,16.19,33751.81,40579.39,26,104.91,8.81,0.98,4.1,0.26,0.18,-99.9,-99.9,8.1,-99.9,3.69,1.58,1.18,31.3,0,0,3885
"2026-03-23 03:47:00",5806,4.68,0,0,0,2.81,16.38,33712.81,40356.31,25.84,107.28,8.98,1.19,4.98,0.3,0.22,-99.9,-99.9,8.11,-99.9,5.09,1.5,1.18,31.3,0,0,3886
"2026-03-23 04:02:00",5807,4.67,0,0,0,2.69,16.16,33755.15,40609.31,26.02,105.92,8.9,1.07,4.46,0.26,0.19,-99.9,-99.9,8.1,-99.9,3.74,1.43,1.18,32.03,0,0,3887
"2026-03-23 04:17:00",5808,4.69,0,0,0,2.59,16.15,33754.98,40625.52,26.03,104.25,8.76,1.06,4.42,0.27,0.2,-99.9,-99.9,8.09,-99.9,3.62,1.34,1.18,32.03,0,0,3888
"2026-03-23 04:32:00",5809,4.69,0,0,0,2.49,16.58,33717.22,40176.11,25.72,103.1,8.6,0.89,3.72,0.2,0.13,-99.9,-99.9,8.11,-99.9,3.89,1.37,1.19,33.3,0,0,3889
"2026-03-23 04:47:00",5810,4.67,0,0,0,2.36,16.56,33653.54,40122.49,25.68,106.69,8.91,0.79,3.3,0.23,0.16,-99.9,-99.9,8.12,-99.9,3.86,0.84,1.19,33.3,0,0,3890
"2026-03-23 05:02:00",5811,4.67,0,0,0,2.26,16.56,33667.97,40134.42,25.69,105.82,8.83,0.81,3.38,0.2,0.13,-99.9,-99.9,8.11,-99.9,3.89,1.1,1.18,31.77,0,0,3891
"2026-03-23 05:17:00",5812,4.68,0,0,0,2.12,16.88,33506.04,39657.5,25.35,104.24,8.67,0.68,2.81,0.2,0.13,-99.9,-99.9,8.13,-99.9,4.03,1.18,1.18,31.77,0,0,3892
"2026-03-23 05:32:00",5813,4.68,0,0,0,1.99,16.53,33709.88,40212.84,25.74,103.65,8.66,0.84,3.49,0.23,0.16,-99.9,-99.9,8.1,-99.9,3.84,1.74,1.19,33,0,0,3893
"2026-03-23 05:47:00",5814,4.7,0,0,0,1.89,17.24,33409.57,39221.83,25.04,110.94,9.17,0.93,3.86,0.21,0.14,-99.9,-99.9,8.18,-99.9,4.06,0.91,1.19,33,0,0,3894
"2026-03-23 06:02:00",5815,4.67,0,0,0,1.76,17.18,33381.56,39247.21,25.06,109.11,9.03,0.89,3.73,0.22,0.15,-99.9,-99.9,8.17,-99.9,4.13,1.29,1.18,31.88,0,0,3895
"2026-03-23 06:17:00",5816,4.68,0,0,0,1.65,17.1,33324.6,39247.98,25.06,109.6,9.09,1.1,4.6,0.23,0.16,-99.9,-99.9,8.18,-99.9,4.01,1.69,1.18,31.88,0,0,3896
"2026-03-23 06:32:00",5817,4.67,0,0,0,1.56,17.26,33334.29,39118.05,24.97,107.21,8.87,0.84,3.5,0.2,0.13,-99.9,-99.9,8.17,-99.9,4.03,1.22,1.17,32.17,0,0,3897
"2026-03-23 06:47:00",5818,4.69,0,0,0,1.46,17.45,33208.86,38803.27,24.75,107.75,8.89,0.76,3.15,0.18,0.1,-99.9,-99.9,8.18,-99.9,4.14,1.04,1.17,32.17,0,0,3898
"2026-03-23 07:02:00",5819,4.69,0,0,0,1.38,17.49,33161.63,38715.5,24.69,105.52,8.7,0.67,2.76,0.16,0.08,-99.9,-99.9,8.16,-99.9,4.17,1.05,1.17,31.86,0,0,3899
"2026-03-23 07:17:00",5820,4.67,0,0,0,1.28,17.53,33086.58,38594.47,24.6,104.22,8.59,0.66,2.73,0.17,0.1,-99.9,-99.9,8.17,-99.9,4.31,0.9,1.17,31.86,0,0,3900
"2026-03-23 07:32:00",5821,4.67,0,0,0,1.2,17.6,33009.18,38439.63,24.49,106.25,8.75,0.81,3.39,0.19,0.11,-99.9,-99.9,8.17,-99.9,4.32,1.17,1.18,31.73,0,0,3901
"2026-03-23 07:47:00",5822,4.68,0,0,0,1.14,17.53,32855.28,38321.49,24.41,101.27,8.36,0.56,2.3,0.15,0.07,-99.9,-99.9,8.14,-99.9,4.36,1.03,1.18,31.73,0,0,3902
"2026-03-23 08:02:00",5823,4.68,0,0,0,1.07,17.64,33162.08,38590.26,24.6,110.08,9.06,0.95,3.97,0.2,0.13,-99.9,-99.9,8.2,-99.9,4.2,1.3,1.18,32.71,0,0,3903
"2026-03-23 08:17:00",5824,4.7,0,0,0,1.01,17.59,33038.84,38487.1,24.53,106.43,8.77,0.69,2.84,0.18,0.1,-99.9,-99.9,8.18,-99.9,4.27,0.97,1.18,32.71,0,0,3904
"2026-03-23 08:32:00",5825,4.67,0,0,0,0.96,17.55,32886.11,38342.13,24.43,102.27,8.44,0.55,2.25,0.17,0.1,-99.9,-99.9,8.16,-99.9,4.48,1.04,1.18,30.82,0,0,3905
"2026-03-23 08:47:00",5826,4.68,0,0,0,0.94,17.52,33047.96,38555.37,24.58,99.56,8.21,0.61,2.52,0.18,0.1,-99.9,-99.9,8.14,-99.9,4.4,1.21,1.18,30.82,0,0,3906
"2026-03-23 09:02:00",5827,4.67,0,0,0,0.91,17.47,32978.81,38521.81,24.55,100.34,8.29,0.49,1.99,0.16,0.09,-99.9,-99.9,8.13,-99.9,4.36,1.44,1.18,31.43,0,0,3907
"2026-03-23 09:17:00",5828,4.68,0,0,0,0.91,17.42,32866.08,38431.34,24.49,98.13,8.11,0.47,1.91,0.16,0.09,-99.9,-99.9,8.13,-99.9,4.52,1.36,1.18,31.43,0,0,3908
"2026-03-23 09:32:00",5829,4.68,0,0,0,0.9,17.46,32849.07,38371.78,24.45,98.78,8.16,0.49,2.01,0.14,0.07,-99.9,-99.9,8.14,-99.9,4.5,1.36,1.18,32.16,0,0,3909
"2026-03-23 09:47:00",5830,4.67,0,0,0,0.91,17.43,32924.21,38486.77,24.53,98.41,8.13,0.46,1.89,0.18,0.1,-99.9,-99.9,8.13,-99.9,4.5,1.33,1.18,32.16,0,0,3910
"2026-03-23 10:02:00",5831,4.67,0,0,0,0.94,17.47,32913.15,38440.61,24.49,100.34,8.29,0.51,2.07,0.16,0.09,-99.9,-99.9,8.15,-99.9,4.45,1.26,1.18,32.17,0,0,3911
"2026-03-23 10:17:00",5832,4.68,0,0,0,0.99,17.34,33021.1,38683.51,24.67,97.31,8.05,0.65,2.69,0.2,0.13,-99.9,-99.9,8.12,-99.9,4.52,2.18,1.18,32.17,0,0,3912
"2026-03-23 10:32:00",5833,4.68,0,0,0,1.02,17.37,32937.7,38554.29,24.57,97.13,8.03,0.54,2.22,0.17,0.09,-99.9,-99.9,8.12,-99.9,4.6,1.73,1.18,32.21,0,0,3913
"2026-03-23 10:47:00",5834,4.69,0,0,0,1.1,17.4,32794.87,38361.64,24.44,97.57,8.07,0.59,2.41,0.16,0.09,-99.9,-99.9,8.13,-99.9,4.63,1.66,1.18,32.21,0,0,3914
"2026-03-23 11:02:00",5835,4.67,0,0,0,1.15,17.43,33051.73,38639.24,24.63,97.93,8.09,0.61,2.5,0.19,0.12,-99.9,-99.9,8.11,-99.9,4.56,2.15,1.18,31.48,0,0,3915
"2026-03-23 11:17:00",5836,4.68,0,0,0,1.24,17.51,33012.61,38527.63,24.56,99.37,8.2,0.85,3.54,0.22,0.15,-99.9,-99.9,8.12,-99.9,4.53,3.66,1.18,31.48,0,0,3916
"2026-03-23 11:32:00",5837,4.67,0,0,0,1.32,17.89,33117.07,38322.79,24.41,105.42,8.64,0.79,3.29,0.17,0.1,-99.9,-99.9,8.18,-99.9,4.3,2.01,1.18,32.47,0,0,3917
"2026-03-23 11:47:00",5838,4.68,0,0,0,1.43,18.02,33143.78,38243.53,24.36,111.26,9.1,0.98,4.08,0.22,0.14,-99.9,-99.9,8.21,-99.9,4.2,1.53,1.18,32.47,0,0,3918
"2026-03-23 12:02:00",5839,4.69,0,0,0,1.51,18.07,33257.7,38332.77,24.42,113.35,9.26,1.18,4.95,0.25,0.17,-99.9,-99.9,8.22,-99.9,4.21,1.92,1.18,32.04,0,0,3919
"2026-03-23 12:17:00",5840,4.67,0,0,0,1.61,18.5,33218.61,37930.2,24.14,115.26,9.35,1.36,5.7,0.22,0.15,-99.9,-99.9,8.24,-99.9,4.22,1.92,1.18,32.04,0,0,3920
"2026-03-23 12:32:02",5841,4.67,0,0,0,1.69,18.55,33201.66,37865.57,24.09,115.59,9.37,1.39,5.83,0.22,0.14,-99.9,-99.9,8.24,-99.9,4.25,2.08,1.18,32.63,0,0,3921
"2026-03-23 12:47:00",5842,4.68,0,0,0,1.78,18.29,33337.5,38235.26,24.35,116.37,9.47,1.2,5.04,0.2,0.12,-99.9,-99.9,8.23,-99.9,4.23,1.86,1.18,32.63,0,0,3922
"2026-03-23 13:02:00",5843,4.69,0,0,0,1.86,18.32,33434.02,38323.32,24.41,118.07,9.6,1.41,5.94,0.23,0.16,-99.9,-99.9,8.24,-99.9,4.17,2.09,1.18,32.35,0,0,3923
"2026-03-23 13:17:00",5844,4.66,0,0,0,1.95,18.42,33380.53,38176.2,24.31,117.58,9.55,1.47,6.16,0.23,0.16,-99.9,-99.9,8.24,-99.9,4.2,1.86,1.18,32.35,0,0,3924
"2026-03-23 13:32:00",5845,4.67,0,0,0,2.03,18.37,33523.13,38386.2,24.46,119.85,9.73,1.52,6.4,0.26,0.19,-99.9,-99.9,8.24,-99.9,4.16,2.69,1.18,33.7,0,0,3925
"2026-03-23 13:47:00",5846,4.67,0,0,0,2.12,18.42,33566.35,38394.04,24.46,120.79,9.8,1.71,7.19,0.25,0.18,-99.9,-99.9,8.25,-99.9,4.07,1.9,1.18,33.7,0,0,3926
"2026-03-23 14:02:00",5847,4.68,0,0,0,2.19,18.57,33553.77,38252.24,24.36,120.88,9.78,1.68,7.06,0.24,0.17,-99.9,-99.9,8.25,-99.9,4.05,1.96,1.17,32.52,0,0,3927
"2026-03-23 14:17:00",5848,4.69,0,0,0,2.26,18.59,33584.87,38274.04,24.38,121.58,9.84,1.59,6.69,0.18,0.11,-99.9,-99.9,8.26,-99.9,4.03,1.89,1.17,32.52,0,0,3928
"2026-03-23 14:32:00",5849,4.66,0,0,0,2.32,18.48,33571.11,38343.83,24.43,123.4,10,1.59,6.67,0.23,0.16,-99.9,-99.9,8.26,-99.9,4.08,2.01,1.18,33.14,0,0,3929
"2026-03-23 14:47:00",5850,4.67,0,0,0,2.37,17.91,33691.76,38963.16,24.86,124.97,10.21,1.05,4.39,0.2,0.13,-99.9,-99.9,8.25,-99.9,5.48,1.78,1.18,33.14,0,0,3930
"2026-03-23 15:02:00",5851,4.67,0,0,0,2.43,17.52,33753.73,39380.2,25.16,127.28,10.46,1.04,4.35,0.18,0.1,-99.9,-99.9,8.24,-99.9,3.98,1.95,1.17,31.65,0,0,3931
"2026-03-23 15:17:00",5852,4.68,0,0,0,2.47,17.22,33843.55,39748.05,25.42,131.23,10.83,0.95,3.97,0.2,0.12,-99.9,-99.9,8.26,-99.9,3.96,2.06,1.17,31.65,0,0,3932
"2026-03-23 15:32:00",5853,4.69,0,0,0,2.5,16.99,33825.11,39936.35,25.55,124.89,10.35,1.09,4.57,0.22,0.14,-99.9,-99.9,8.22,-99.9,3.84,2.23,1.18,32.83,0,0,3933
"2026-03-23 15:47:00",5854,4.66,0,0,0,2.53,17.15,33791.76,39755.38,25.42,127.74,10.56,1.23,5.16,0.25,0.18,-99.9,-99.9,8.23,-99.9,3.97,2.05,1.18,32.83,0,0,3934
"2026-03-23 16:02:00",5855,4.66,0,0,0,2.54,17.08,33791.76,39812.92,25.46,125.02,10.35,1.13,4.75,0.23,0.15,-99.9,-99.9,8.23,-99.9,3.92,1.96,1.18,31.02,0,0,3935
"2026-03-23 16:17:00",5856,4.66,0,0,0,2.55,17.18,33812.08,39749.76,25.42,127.18,10.51,0.99,4.15,0.21,0.14,-99.9,-99.9,8.23,-99.9,3.9,1.89,1.18,31.02,0,0,3936
"2026-03-23 16:32:00",5857,4.67,0,0,0,2.56,17.34,33836.95,39637.77,25.34,126.35,10.41,0.75,3.11,0.17,0.1,-99.9,-99.9,8.23,-99.9,4.01,1.9,1.18,32.99,0,0,3937
"2026-03-23 16:47:00",5858,4.69,0,0,0,2.53,17.22,33851.1,39761.69,25.43,123.06,10.16,0.66,2.75,0.2,0.12,-99.9,-99.9,8.22,-99.9,4.04,1.47,1.18,32.99,0,0,3938
"2026-03-23 17:02:00",5859,4.66,0,0,0,2.5,16.98,33868.77,39995.18,25.59,119.31,9.88,0.71,2.92,0.19,0.12,-99.9,-99.9,8.19,-99.9,4.99,1.76,1.17,32.04,0,0,3939
"2026-03-23 17:17:00",5860,4.67,0,0,0,2.45,16.83,33869.85,40136.5,25.69,115.76,9.61,0.74,3.08,0.2,0.13,-99.9,-99.9,8.17,-99.9,4.54,2.63,1.17,32.04,0,0,3940
"2026-03-23 17:32:00",5861,4.66,0,0,0,2.42,16.82,33869.49,40139.93,25.69,113.74,9.45,0.7,2.91,0.21,0.14,-99.9,-99.9,8.16,-99.9,4.42,2.84,1.18,32.48,0,0,3941
"2026-03-23 17:47:00",5862,4.67,0,0,0,2.38,16.97,33837.17,39966.36,25.57,109.16,9.05,0.56,2.31,0.2,0.13,-99.9,-99.9,8.14,-99.9,4.76,1.82,1.18,32.48,0,0,3942
"2026-03-23 18:02:00",5863,4.68,0,0,0,2.34,17.56,33722.52,39306.97,25.11,109.43,8.99,0.57,2.37,0.15,0.07,-99.9,-99.9,8.16,-99.9,4.67,1.46,1.18,31.65,0,0,3943
"2026-03-23 18:17:00",5864,4.65,0,0,0,2.31,18.15,33872.5,38967.8,24.87,122.16,9.93,0.9,3.75,0.15,0.08,-99.9,-99.9,8.21,-99.9,4.78,1.6,1.18,31.65,0,0,3944
"2026-03-23 18:32:00",5865,4.66,0,0,0,2.26,17.88,33824.67,39144.83,24.99,125.36,10.24,1.16,4.85,0.21,0.13,-99.9,-99.9,8.24,-99.9,4.83,1.68,1.18,31.58,0,0,3945
"2026-03-23 18:47:00",5866,4.67,0,0,0,2.18,17.56,33809.93,39407.93,25.18,125.87,10.34,1.61,6.76,0.22,0.15,-99.9,-99.9,8.24,-99.9,4.48,1.99,1.18,31.58,0,0,3946
"2026-03-23 19:02:00",5867,4.67,0,0,0,2.15,18.02,33748.51,38937.55,24.85,122.79,10.01,1.6,6.73,0.24,0.17,-99.9,-99.9,8.24,-99.9,4.28,1.59,1.18,31.9,0,0,3947
"2026-03-23 19:17:00",5868,4.69,0,0,0,2.1,17.49,33857.47,39530.61,25.26,120.79,9.93,1.34,5.62,0.24,0.17,-99.9,-99.9,8.21,-99.9,4.38,1.8,1.18,31.9,0,0,3948
"2026-03-23 19:32:00",5869,4.65,0,0,0,2.03,17.26,33823.29,39691.21,25.38,118.05,9.74,1.44,6.04,0.23,0.16,-99.9,-99.9,8.19,-99.9,4.52,2.15,1.18,30.93,0,0,3949
"2026-03-23 19:47:00",5870,4.67,0,0,0,1.99,17.25,33794.57,39669.09,25.36,115.36,9.52,1.67,7.03,0.35,0.28,-99.9,-99.9,8.18,-99.9,4.84,1.62,1.18,30.93,0,0,3950
"2026-03-23 20:02:00",5871,4.66,0,0,0,1.97,17.33,33834.27,39642.2,25.34,118.09,9.73,1.49,6.26,0.27,0.2,-99.9,-99.9,8.2,-99.9,3.96,2.45,1.18,31.61,0,0,3951
"2026-03-23 20:17:00",5872,4.67,0,0,0,1.96,17.92,33927.77,39236.06,25.06,135.52,11.06,2.33,9.85,0.33,0.25,-99.9,-99.9,8.3,-99.9,4.14,3.04,1.18,31.61,0,0,3952
"2026-03-23 20:32:00",5873,4.68,0,0,0,1.95,18.04,33868.68,39065.07,24.94,129.98,10.59,1.85,7.77,0.27,0.19,-99.9,-99.9,8.27,-99.9,4.06,2.61,1.18,31.19,0,0,3953
"2026-03-23 20:47:00",5874,4.65,0,0,0,1.96,17.96,33903.22,39168.29,25.01,126.29,10.3,1.38,5.78,0.2,0.12,-99.9,-99.9,8.23,-99.9,4.13,2.24,1.18,31.19,0,0,3954
"2026-03-23 21:02:00",5875,4.66,0,0,0,1.97,18.03,33895.11,39098.03,24.96,133.99,10.92,2.34,9.86,0.3,0.23,-99.9,-99.9,8.3,-99.9,4.23,2.98,1.17,32.35,0,0,3955
"2026-03-23 21:17:00",5876,4.67,0,0,0,1.95,17.74,33916.3,39375.1,25.15,131.3,10.75,2.42,10.24,0.34,0.27,-99.9,-99.9,8.28,-99.9,4.22,3.39,1.17,32.35,0,0,3956
"2026-03-23 21:32:00",5877,4.67,0,0,0,1.99,17.9,33924.77,39247.99,25.06,127.97,10.45,1.86,7.82,0.28,0.21,-99.9,-99.9,8.26,-99.9,4.02,2.28,1.18,32.15,0,0,3957
"2026-03-23 21:47:00",5878,4.68,0,0,0,2,18.05,33900.09,39087.88,24.95,127.95,10.42,1.5,6.32,0.25,0.17,-99.9,-99.9,8.27,-99.9,4.15,2.7,1.18,32.15,0,0,3958
"2026-03-23 22:02:00",5879,4.65,0,0,0,2.04,18.13,33843.02,38959.23,24.86,126.15,10.27,1.43,6,0.22,0.14,-99.9,-99.9,8.26,-99.9,4.32,2.54,1.18,32.04,0,0,3959
"2026-03-23 22:17:00",5880,4.66,0,0,0,2.09,18.68,33734.96,38367.15,24.44,125.9,10.16,1.64,6.9,0.23,0.16,-99.9,-99.9,8.27,-99.9,4.61,2.07,1.18,32.04,0,0,3960
"2026-03-23 22:32:00",5881,4.66,0,0,0,2.15,18.69,33752.17,38380.73,24.45,125.12,10.1,1.26,5.3,0.17,0.1,-99.9,-99.9,8.27,-99.9,4.95,1.95,1.18,32.44,0,0,3961
"2026-03-23 22:47:00",5882,4.67,0,0,0,2.21,18.74,33671.79,38246.98,24.36,116.59,9.4,1.15,4.82,0.15,0.08,-99.9,-99.9,8.25,-99.9,4.07,1.24,1.18,32.44,0,0,3962
"2026-03-23 23:02:00",5883,4.68,0,0,0,2.27,18.62,33540.85,38194.26,24.32,119.54,9.67,1.24,5.19,0.19,0.11,-99.9,-99.9,8.25,-99.9,3.81,1.1,1.18,32.29,0,0,3963
"2026-03-23 23:17:00",5884,4.66,0,0,0,2.34,18.67,33749.77,38391.93,24.46,129.5,10.45,1.68,7.06,0.21,0.13,-99.9,-99.9,8.28,-99.9,4.1,1.88,1.18,32.29,0,0,3964
"2026-03-23 23:32:00",5885,4.66,0,0,0,2.41,18.55,33754.79,38495.63,24.53,125.66,10.16,1.75,7.35,0.21,0.14,-99.9,-99.9,8.26,-99.9,4.04,1.71,1.18,31.63,0,0,3965
"2026-03-23 23:47:00",5886,4.67,0,0,0,2.47,18.02,33705.14,38891.08,24.81,116.33,9.49,1.37,5.76,0.25,0.17,-99.9,-99.9,8.21,-99.9,4.02,1.17,1.18,31.63,0,0,3966
"2026-03-24 00:02:00",5887,4.67,0,0,0,2.53,17.89,33685.95,38981.66,24.88,117.95,9.64,1.71,7.21,0.28,0.2,-99.9,-99.9,8.21,-99.9,3.77,1.65,1.17,30.96,0,0,3967
"2026-03-24 00:17:00",5888,4.68,0,0,0,2.61,17.86,33686.35,39007.48,24.89,118.83,9.72,1.68,7.09,0.27,0.19,-99.9,-99.9,8.22,-99.9,3.97,1.58,1.17,30.96,0,0,3968
"2026-03-24 00:32:00",5889,4.64,0,0,0,2.68,17.8,33547.07,38893.01,24.81,118.56,9.71,2.08,8.76,0.27,0.2,-99.9,-99.9,8.22,-99.9,4.05,1.55,1.18,33.05,0,0,3969
"2026-03-24 00:47:00",5890,4.66,0,0,0,2.75,17.71,33448.26,38862.01,24.79,115.69,9.5,1.86,7.84,0.3,0.23,-99.9,-99.9,8.21,-99.9,4.05,1.43,1.18,33.05,0,0,3970
"2026-03-24 01:02:00",5891,4.65,0,0,0,2.83,17.73,33464.37,38856.36,24.79,115.17,9.45,1.92,8.08,0.27,0.2,-99.9,-99.9,8.21,-99.9,4.02,1.41,1.18,31.95,0,0,3971
"2026-03-24 01:17:00",5892,4.66,0,0,0,2.9,18,33647.83,38837.41,24.77,115.29,9.41,1.42,5.96,0.22,0.15,-99.9,-99.9,8.21,-99.9,4.1,1.29,1.18,31.95,0,0,3972
"2026-03-24 01:32:00",5893,4.67,0,0,0,2.96,18.01,33550.93,38724.61,24.69,117.16,9.57,1.7,7.14,0.23,0.16,-99.9,-99.9,8.22,-99.9,4.09,1.47,1.18,31.95,0,0,3973
"2026-03-24 01:47:00",5894,4.64,0,0,0,3.02,18.08,33436.74,38528.94,24.56,118.33,9.66,2.61,11.04,0.36,0.29,-99.9,-99.9,8.24,-99.9,4.15,1.7,1.18,31.95,0,0,3974
"2026-03-24 02:02:00",5895,4.65,0,0,0,3.06,18.04,33412.57,38533.54,24.56,117.18,9.57,1.78,7.52,0.27,0.2,-99.9,-99.9,8.22,-99.9,4.12,1.39,1.17,32.29,0,0,3975
"2026-03-24 02:17:00",5896,4.65,0,0,0,3.11,17.7,33648.12,39096.83,24.96,111.11,9.11,1.37,5.75,0.24,0.17,-99.9,-99.9,8.2,-99.9,4.04,1.36,1.17,32.29,0,0,3976
"2026-03-24 02:32:00",5897,4.66,0,0,0,3.12,17.6,33672.92,39217.39,25.04,114.43,9.4,1.29,5.4,0.24,0.17,-99.9,-99.9,8.19,-99.9,3.89,1.43,1.17,30.81,0,0,3977
"2026-03-24 02:47:00",5898,4.67,0,0,0,3.14,17.55,33705.08,39299.59,25.1,114.52,9.41,1.35,5.67,0.23,0.16,-99.9,-99.9,8.19,-99.9,3.91,1.38,1.17,30.81,0,0,3978
"2026-03-24 03:02:00",5899,4.64,0,0,0,3.14,17.4,33764.43,39497.02,25.24,112.82,9.29,0.87,3.63,0.21,0.14,-99.9,-99.9,8.17,-99.9,3.94,1.33,1.18,33.21,0,0,3979
"2026-03-24 03:17:00",5900,4.65,0,0,0,3.12,16.33,33995.49,40741,26.11,100.9,8.44,0.81,3.35,0.23,0.15,-99.9,-99.9,8.06,-99.9,5.96,1.67,1.18,33.21,0,0,3980
"2026-03-24 03:32:00",5901,4.64,0,0,0,3.09,15.99,34052.25,41128.05,26.38,98.21,8.26,0.7,2.9,0.24,0.17,-99.9,-99.9,8.04,-99.9,3.37,1.22,1.18,32.24,0,0,3981
"2026-03-24 03:47:00",5902,4.65,0,0,0,3.04,16.07,34043.77,41040.42,26.32,96.95,8.14,0.76,3.14,0.22,0.15,-99.9,-99.9,8.03,-99.9,3.79,1.74,1.18,32.24,0,0,3982
"2026-03-24 04:02:00",5903,4.65,0,0,0,2.97,15.76,34139.7,41452.91,26.61,96.83,8.17,1.04,4.35,0.27,0.2,-99.9,-99.9,8.02,-99.9,3.58,1.73,1.18,32.98,0,0,3983
"2026-03-24 04:17:00",5904,4.63,0,0,0,2.92,15.99,34044.11,41125.38,26.38,94.93,7.98,0.89,3.7,0.25,0.18,-99.9,-99.9,8.05,-99.9,3.3,1.13,1.18,32.98,0,0,3984
"2026-03-24 04:32:00",5905,4.63,0,0,0,2.83,16.29,33981.84,40759.8,26.13,99.79,8.35,1.04,4.36,0.25,0.18,-99.9,-99.9,8.07,-99.9,3.64,1.73,1.17,32.16,0,0,3985
"2026-03-24 04:47:00",5906,4.64,0,0,0,2.77,16.37,33978.26,40684.88,26.07,99.38,8.31,0.77,3.2,0.2,0.13,-99.9,-99.9,8.06,-99.9,3.56,1.48,1.17,32.16,0,0,3986
"2026-03-24 05:02:00",5907,4.64,0,0,0,2.67,16.28,33979.37,40773.55,26.14,99.9,8.36,1.08,4.52,0.25,0.18,-99.9,-99.9,8.07,-99.9,3.43,1.58,1.18,33.16,0,0,3987
"2026-03-24 05:17:00",5908,4.65,0,0,0,2.56,16.38,33893.45,40573.6,26,98.26,8.22,0.82,3.39,0.23,0.15,-99.9,-99.9,8.06,-99.9,3.71,1.98,1.18,33.16,0,0,3988
"2026-03-24 05:32:00",5909,4.62,0,0,0,2.47,17.13,33812.27,39795.54,25.45,99.78,8.25,0.71,2.95,0.2,0.13,-99.9,-99.9,8.09,-99.9,3.85,1.21,1.18,31.44,0,0,3989
"2026-03-24 05:47:00",5910,4.64,0,0,0,2.36,16.8,33850.41,40137.55,25.69,98.82,8.21,0.61,2.5,0.18,0.11,-99.9,-99.9,8.08,-99.9,3.78,1.17,1.18,31.44,0,0,3990
"2026-03-24 06:02:00",5911,4.63,0,0,0,2.22,16.9,33772.15,39954.05,25.56,100.18,8.31,0.76,3.15,0.2,0.13,-99.9,-99.9,8.1,-99.9,3.65,1.15,1.18,33.09,0,0,3991
"2026-03-24 06:17:00",5912,4.64,0,0,0,2.12,17.02,33718.97,39779.11,25.44,105.21,8.72,1.14,4.75,0.2,0.13,-99.9,-99.9,8.13,-99.9,3.77,2.05,1.18,33.09,0,0,3992
"2026-03-24 06:32:00",5913,4.65,0,0,0,2.01,17.29,33650.13,39456.91,25.21,106.59,8.8,1.22,5.1,0.21,0.14,-99.9,-99.9,8.15,-99.9,3.79,1.63,1.18,31.77,0,0,3993
"2026-03-24 06:47:00",5914,4.62,0,0,0,1.9,17.35,33641.15,39397.85,25.17,107.15,8.84,1.29,5.4,0.25,0.18,-99.9,-99.9,8.16,-99.9,3.83,1.52,1.18,31.77,0,0,3994
"2026-03-24 07:02:00",5915,4.63,0,0,0,1.8,17.55,33671.24,39253.87,25.07,111.45,9.16,1.26,5.29,0.22,0.15,-99.9,-99.9,8.18,-99.9,3.94,1.73,1.18,31.82,0,0,3995
"2026-03-24 07:17:00",5916,4.64,0,0,0,1.68,17.56,33667.7,39244.76,25.06,109.45,8.99,1.04,4.33,0.22,0.15,-99.9,-99.9,8.16,-99.9,4.03,1.33,1.18,31.82,0,0,3996
"2026-03-24 07:32:00",5917,4.63,0,0,0,1.6,17.6,33663.11,39208.2,25.04,110.17,9.05,0.94,3.9,0.2,0.13,-99.9,-99.9,8.17,-99.9,3.99,1.63,1.17,31.62,0,0,3997
"2026-03-24 07:47:00",5918,4.64,0,0,0,1.52,17.67,33609.15,39078.29,24.94,109.79,9.01,0.8,3.32,0.18,0.1,-99.9,-99.9,8.17,-99.9,4.04,1.27,1.17,31.62,0,0,3998
"2026-03-24 08:02:00",5919,4.65,0,0,0,1.42,17.67,33609.66,39082.73,24.95,108.95,8.94,0.82,3.39,0.18,0.1,-99.9,-99.9,8.17,-99.9,3.91,1.54,1.17,34.54,0,0,3999
"2026-03-24 08:17:00",5920,4.63,0,0,0,1.34,17.7,33599.82,39041.12,24.92,108.32,8.88,0.65,2.69,0.15,0.08,-99.9,-99.9,8.16,-99.9,4.08,1.17,1.17,34.54,0,0,4000
"2026-03-24 08:32:00",5921,4.64,0,0,0,1.27,17.65,33595.12,39082.11,24.95,107.29,8.81,0.63,2.58,0.14,0.07,-99.9,-99.9,8.15,-99.9,4.06,1.06,1.18,33.2,0,0,4001
"2026-03-24 08:47:00",5922,4.64,0,0,0,1.2,17.82,33594.42,38932.31,24.84,110.7,9.06,0.7,2.91,0.15,0.08,-99.9,-99.9,8.17,-99.9,4.03,1.08,1.18,33.2,0,0,4002
"2026-03-24 09:02:00",5923,4.65,0,0,0,1.13,17.85,33592.72,38902.7,24.82,109.84,8.99,0.63,2.61,0.15,0.08,-99.9,-99.9,8.17,-99.9,4.08,1.12,1.18,32.63,0,0,4003
"2026-03-24 09:17:00",5924,4.63,0,0,0,1.07,17.83,33597.79,38929.81,24.84,109.06,8.93,0.66,2.75,0.17,0.1,-99.9,-99.9,8.17,-99.9,4.17,1.1,1.18,32.63,0,0,4004
"2026-03-24 09:32:00",5925,4.64,0,0,0,1.03,17.86,33567.64,38869.56,24.8,107.11,8.76,0.64,2.66,0.18,0.1,-99.9,-99.9,8.16,-99.9,4.17,0.96,1.18,31.96,0,0,4005
"2026-03-24 09:47:00",5926,4.64,0,0,0,1,17.88,33533.91,38812.68,24.76,105.51,8.63,0.58,2.4,0.16,0.08,-99.9,-99.9,8.15,-99.9,4.23,0.92,1.18,31.96,0,0,4006
"2026-03-24 10:02:00",5927,4.65,0,0,0,0.97,17.79,33558.4,38921,24.83,104.58,8.57,0.65,2.68,0.16,0.08,-99.9,-99.9,8.13,-99.9,4.25,0.93,1.17,31.83,0,0,4007
"2026-03-24 10:17:00",5928,4.64,0,0,0,0.96,17.82,33563.11,38896.9,24.82,103.22,8.45,0.7,2.89,0.18,0.11,-99.9,-99.9,8.14,-99.9,4.23,1.09,1.17,31.83,0,0,4008
"2026-03-24 10:32:00",5929,4.63,0,0,0,0.96,17.84,33565.81,38883.28,24.81,103.67,8.49,0.7,2.92,0.17,0.09,-99.9,-99.9,8.13,-99.9,4.26,0.94,1.17,31.15,0,0,4009
"2026-03-24 10:47:00",5930,4.64,0,0,0,0.93,17.68,33681.39,39157.56,25,109.4,8.97,0.79,3.3,0.19,0.12,-99.9,-99.9,8.15,-99.9,4.16,1.33,1.17,31.15,0,0,4010
"2026-03-24 11:02:00",5931,4.64,0,0,0,0.96,17.7,33673.47,39130.2,24.98,107.47,8.81,0.74,3.08,0.19,0.11,-99.9,-99.9,8.14,-99.9,4.17,1.55,1.18,32.89,0,0,4011
"2026-03-24 11:17:00",5932,4.66,0,0,0,1.01,17.94,33565.85,38793.97,24.74,102.87,8.41,0.66,2.73,0.19,0.12,-99.9,-99.9,8.14,-99.9,4.28,1.9,1.18,32.89,0,0,4012
"2026-03-24 11:32:00",5933,4.63,0,0,0,1.05,17.92,33786.43,39066.12,24.94,113.41,9.26,0.93,3.88,0.2,0.12,-99.9,-99.9,8.19,-99.9,4.11,1.47,1.18,32.07,0,0,4013
"2026-03-24 11:47:00",5934,4.64,0,0,0,1.08,17.96,33813.01,39064.59,24.94,113.9,9.29,0.95,3.97,0.2,0.13,-99.9,-99.9,8.19,-99.9,4.11,1.81,1.18,32.07,0,0,4014
"2026-03-24 12:02:00",5935,4.64,0,0,0,1.16,18,33692.06,38894.64,24.82,105.47,8.61,0.65,2.69,0.17,0.09,-99.9,-99.9,8.14,-99.9,4.21,2.17,1.18,31.29,0,0,4015
