TOA5,ALA2,CR6,26376,CR6.14.4.0,CPU:Settings_jul20_alameda_sdi _c.CR6,48830,ExoSDI1Data,,,,,,,,,,,,,,,,,,,,
TIMESTAMP,RECORD,Date,Time,Chl_RFU,Chl_ugL,Cond,DO_pct,DO_mgL,Depth,fDOM_RFU,fDOM_QSU,pH,PC_RFU,PC_ugL,PE_RFU,PE_ugL,Sal,SpCond,Bat_V,Temp,Turb_FNU,Turb_NTU,Wipe_mA,WipePos_V,"ExoParams(1,24)","ExoParams(1,25)",ExoSamplesCounter
TS,RN,,,,,,,,,,,,,,,,,,,,,,,,,,
,,Smp,Smp,Smp,Smp,Smp,Smp,Smp,Smp,Smp,Smp,Smp,Smp,Smp,Smp,Smp,Smp,Smp,Smp,Smp,Smp,Smp,Smp,Smp,Smp,Smp,Smp
7/20/2026 16:18,0,72026,231500,2.79,11.28,41741.5,102.11,7.71,3.064,3.51,8.8,8.02,0.13,-0.28,0,0,29.58,45584.26,6.1,20.586,7.04,7.04,29.59,1.19,0,0,1
7/20/2026 16:19,1,72026,231500,2.79,11.28,41741.5,102.11,7.71,3.064,3.51,8.8,8.02,0.13,-0.28,0,0,29.58,45584.26,6.1,20.586,7.04,7.04,29.59,1.19,0,0,2
7/20/2026 16:33,2,72026,233000,2.79,11.29,41751.38,104.77,7.91,3.113,3.9,9.96,8.04,0.11,-0.29,0,0,29.57,45562.47,6.12,20.621,6.67,6.67,30.34,1.19,0,0,3
7/20/2026 16:48,3,72026,234500,2.34,9.46,41693.2,101.13,7.65,3.168,3.69,9.34,8.03,0.08,-0.32,0,0,29.57,45569.29,6.13,20.547,7.5,7.5,30.34,1.19,0,0,4
7/20/2026 17:03,4,72126,0,2.59,10.46,41777.25,105.13,7.93,3.216,3.51,8.78,8.04,0.08,-0.33,0,0,29.57,45568.89,6.13,20.644,7.5,7.5,29.56,1.19,0,0,5
7/20/2026 17:18,5,72126,1500,1.33,5.39,40871.92,80.95,6.23,3.26,3.36,8.35,7.86,0.05,-0.36,0,0,29.62,45621.11,6.13,19.55,9.79,9.79,29.56,1.19,0,0,6
7/20/2026 17:33,6,72126,3000,2.54,10.25,41791.6,104.53,7.89,3.267,3.73,9.46,8.04,0.09,-0.31,0,0,29.57,45570.24,6.13,20.659,7.53,7.53,32.62,1.2,0,0,7
7/20/2026 17:48,7,72126,4500,1.29,5.21,41094.89,88.88,6.8,3.287,3.49,8.73,7.89,0.04,-0.36,0,0,29.56,45546.26,6.14,19.883,8.86,8.86,32.62,1.2,0,0,8
7/20/2026 18:03,8,72126,10000,1.2,4.89,40885.82,78.89,6.07,3.277,3.71,9.38,7.85,0.02,-0.39,0,0,29.62,45620.13,6.14,19.567,8.64,8.64,29.48,1.2,0,0,9
7/20/2026 18:18,9,72126,11500,1.29,5.22,40898.54,80.05,6.16,3.247,3.42,8.52,7.86,0.03,-0.37,0,0,29.64,45647.28,6.14,19.553,8.13,8.13,29.48,1.2,0,0,10
7/20/2026 18:33,10,72126,13000,1.39,5.62,40931.05,79.5,6.12,3.219,3.41,8.48,7.87,0.04,-0.37,0,0,29.67,45689.47,6.14,19.548,7.87,7.87,29.47,1.2,0,0,11
7/20/2026 18:48,11,72126,14500,1.44,5.85,40987.34,83.49,6.42,3.184,3.53,8.85,7.89,0.05,-0.36,0,0,29.64,45654,6.14,19.648,7.68,7.68,29.47,1.2,0,0,12
7/20/2026 19:03,12,72126,20000,2.17,8.76,41316.78,91.3,6.96,3.123,3.47,8.68,7.95,0.06,-0.34,0,0,29.61,45613.36,6.14,20.068,7.71,7.71,29.19,1.2,0,0,13
7/20/2026 19:18,13,72126,21500,1.89,7.65,41308.31,91.92,7.01,3.075,3.55,8.91,7.95,0.05,-0.35,0,0,29.6,45595.95,6.14,20.077,7.82,7.82,29.19,1.2,0,0,14
7/20/2026 19:33,14,72126,23000,2.21,8.94,41402.71,95.58,7.27,3.005,3.6,9.05,7.98,0.05,-0.35,0,0,29.57,45560.99,6.14,20.221,6.92,6.92,29.69,1.19,0,0,15
7/20/2026 19:48,15,72126,24500,2.58,10.42,41640.28,105.1,7.96,2.915,3.67,9.26,8.05,0.07,-0.34,0,0,29.58,45572.76,6.14,20.482,5.83,5.83,29.69,1.19,0,0,16
7/20/2026 20:03,16,72126,30000,2.43,9.82,41387.23,96.82,7.37,2.821,3.61,9.08,7.98,0.07,-0.34,0,0,29.61,45613.61,6.15,20.149,6.28,6.28,32.77,1.2,0,0,17
7/20/2026 20:18,17,72126,31500,2.77,11.17,41549.71,102.11,7.74,2.719,3.58,8.99,8.02,0.1,-0.3,0,0,29.58,45580.29,6.15,20.37,7.42,7.42,32.77,1.2,0,0,18
7/20/2026 20:33,18,72126,33000,2.82,11.41,41607.19,105.96,8.03,2.63,3.57,8.96,8.03,0.1,-0.3,0,0,29.59,45593.2,6.14,20.423,5.62,5.62,29.74,1.2,0,0,19
7/20/2026 20:48,19,72126,34500,2.72,11,41497.49,102.76,7.8,2.534,3.58,8.99,8.01,0.08,-0.32,0,0,29.6,45597.74,6.14,20.292,6.1,6.1,29.74,1.2,0,0,20
7/20/2026 21:03,20,72126,40000,2.92,11.81,41652.96,106.18,8.04,2.443,3.69,9.32,8.05,0.08,-0.32,0,0,29.59,45593.04,6.14,20.476,6.09,6.09,30.12,1.19,0,0,21
7/20/2026 21:18,21,72126,41500,3.01,12.15,41850.24,108.05,8.14,2.35,3.72,9.42,8.07,0.11,-0.3,0,0,29.56,45555.5,6.14,20.742,6.83,6.83,30.12,1.19,0,0,22
7/20/2026 21:33,22,72126,43000,2.98,12.03,41718.7,109.34,8.26,2.262,4.08,10.5,8.07,0.08,-0.32,0,0,29.57,45562.57,6.14,20.583,6.09,6.09,30.05,1.2,0,0,23
7/20/2026 21:48,23,72126,44500,2.63,10.62,41545.27,101.44,7.7,2.184,3.64,9.17,8.02,0.07,-0.33,0,0,29.59,45585.83,6.15,20.359,6.85,6.85,30.05,1.2,0,0,24
7/20/2026 22:03,24,72126,50000,3.11,12.57,41655.73,107.12,8.11,2.094,3.71,9.4,8.05,0.12,-0.28,0,0,29.58,45573.13,6.14,20.5,6.87,6.87,32.18,1.2,0,0,25
7/20/2026 22:18,25,72126,51500,3.08,12.43,41733.41,107.13,8.09,2.035,4.19,10.83,8.05,0.09,-0.31,0,0,29.58,45581.9,6.15,20.58,38.28,38.28,32.18,1.2,0,0,26
7/20/2026 22:33,26,72126,53000,2.71,10.96,41703.28,105.56,7.98,1.963,3.81,9.7,8.05,0.1,-0.3,0,0,29.58,45570.81,6.15,20.557,17.2,17.2,30.46,1.2,0,0,27
7/20/2026 22:48,27,72126,54500,2.91,11.77,41740.05,111.87,8.45,1.907,3.69,9.33,8.08,0.08,-0.32,0,0,29.59,45584.98,6.15,20.584,6.54,6.54,30.46,1.2,0,0,28
7/20/2026 23:03,28,72126,60000,3.21,12.96,41742.89,112.79,8.52,1.862,4,10.25,8.09,0.1,-0.31,0,0,29.58,45574.24,6.15,20.599,5.65,5.65,29.36,1.19,0,0,29
7/20/2026 23:18,29,72126,61500,3.19,12.87,41598.85,108.94,8.24,1.826,3.41,8.48,8.07,0.1,-0.31,0,0,29.48,45442.27,6.14,20.572,6.76,6.76,29.36,1.19,0,0,30
7/20/2026 23:33,30,72126,63000,2.93,11.85,41684.5,107.17,8.1,1.778,3.8,9.64,8.06,0.09,-0.32,0,0,29.57,45563.29,6.15,20.543,7.11,7.11,29.95,1.19,0,0,31
7/20/2026 23:48,31,72126,64500,3.17,12.8,41760.56,106.92,8.07,1.748,3.87,9.88,8.07,0.12,-0.28,0,0,29.56,45547.68,6.14,20.647,15.9,15.9,29.95,1.19,0,0,32
7/21/2026 0:03,32,72126,70000,2.97,12,41777.87,108.49,8.19,1.713,3.9,9.96,8.07,0.11,-0.3,0,0,29.58,45571.58,6.14,20.642,5.84,5.84,30.16,1.19,0,0,33
7/21/2026 0:18,33,72126,71500,2.99,12.08,41744.9,106.81,8.06,1.697,3.73,9.46,8.06,0.11,-0.3,0,0,29.55,45529.89,6.14,20.647,5.91,5.91,30.16,1.19,0,0,34
7/21/2026 0:33,34,72126,73000,2.79,11.29,41751.86,105.16,7.94,1.693,3.48,8.7,8.06,0.1,-0.31,0,0,29.56,45552.36,6.15,20.632,6.22,6.22,32.54,1.19,0,0,35
7/21/2026 0:48,35,72126,74500,3,12.11,41722.98,106.13,8.02,1.703,3.72,9.43,8.06,0.1,-0.3,0,0,29.58,45576.48,6.14,20.573,27.57,27.57,32.54,1.19,0,0,36
7/21/2026 1:03,36,72126,80000,2.75,11.11,41694.67,104.2,7.88,1.702,3.5,8.76,8.05,0.09,-0.31,0,0,29.58,45569.89,6.14,20.548,5.71,5.71,29.94,1.2,0,0,37
7/21/2026 1:18,37,72126,81500,2.77,11.2,41662.83,102.22,7.73,1.747,3.71,9.4,8.04,0.07,-0.34,0,0,29.57,45561.67,6.15,20.52,4.61,4.61,29.94,1.2,0,0,38
7/21/2026 1:33,38,72126,83000,2.5,10.09,41676.56,102.54,7.76,1.762,3.67,9.28,8.04,0.09,-0.32,0,0,29.58,45574.02,6.15,20.523,5.17,5.17,29.55,1.19,0,0,39
7/21/2026 1:48,39,72126,84500,2.47,9.98,41627.66,101.11,7.66,1.8,3.68,9.31,8.02,0.07,-0.33,0,0,29.58,45572.87,6.15,20.468,4.95,4.95,29.55,1.19,0,0,40
7/21/2026 2:03,40,72126,90000,3.03,12.23,41705.95,103.15,7.8,1.826,4,10.25,8.04,0.12,-0.28,0,0,29.59,45584.96,6.15,20.545,5.75,5.75,29.61,1.2,0,0,41
7/21/2026 2:18,41,72126,91500,2.12,8.58,41645.34,100.49,7.61,1.862,3.38,8.4,8.02,0.03,-0.37,0,0,29.58,45576.04,6.15,20.485,6.34,6.34,29.61,1.2,0,0,42
7/21/2026 2:33,42,72126,93000,1.7,6.9,41590.34,97.8,7.41,1.915,3.65,9.2,8.01,0.03,-0.37,0,0,29.58,45579.25,6.14,20.418,5.4,5.4,30.29,1.21,0,0,43
7/21/2026 2:48,43,72126,94500,1.4,5.66,41567.45,88.71,6.73,1.994,3.76,9.53,7.96,0.05,-0.35,0,0,29.58,45579.49,6.15,20.391,6.24,6.24,30.29,1.21,0,0,44
7/21/2026 3:03,44,72126,100000,1.42,5.77,41463.98,88.25,6.71,2.038,3.69,9.34,7.95,0.02,-0.38,0,0,29.59,45586.77,6.15,20.265,10.07,10.07,29.93,1.19,0,0,45
7/21/2026 3:18,45,72126,101500,1.62,6.58,41431.37,89.89,6.84,2.097,3.85,9.8,7.95,0.08,-0.33,0,0,29.59,45585.68,6.15,20.229,28.54,28.54,29.93,1.19,0,0,46
7/21/2026 3:33,46,72126,103000,1.84,7.44,41446.23,91.33,6.94,2.169,3.93,10.06,7.96,0.06,-0.35,0,0,29.6,45599.15,6.15,20.232,6.33,6.33,29.27,1.19,0,0,47
7/21/2026 3:48,47,72126,104500,1.98,8.01,41415.22,93.93,7.15,2.21,3.91,10,7.98,0.06,-0.34,0,0,29.6,45595.9,6.16,20.199,6.38,6.38,29.27,1.19,0,0,48
7/21/2026 4:03,48,72126,110000,1.94,7.83,41307.24,88.96,6.79,2.268,3.56,8.94,7.94,0.07,-0.34,0,0,29.63,45638.89,6.15,20.031,9.12,9.12,31.4,1.2,0,0,49
7/21/2026 4:18,49,72126,111500,1.68,6.8,41225.15,85.61,6.54,2.334,3.59,9.02,7.94,0.06,-0.35,0,0,29.62,45621.77,6.15,19.954,7.87,7.87,31.4,1.2,0,0,50
7/21/2026 4:33,50,72126,113000,1.95,7.88,41191,85.96,6.57,2.386,3.95,10.1,7.92,0.05,-0.35,0,0,29.63,45636.11,6.15,19.9,8.68,8.68,29.91,1.2,0,0,51
7/21/2026 4:48,51,72126,114500,1.85,7.5,41120.29,89.36,6.84,2.434,3.52,8.82,7.93,0.06,-0.35,0,0,29.61,45619.03,6.15,19.837,7.19,7.19,29.91,1.2,0,0,52
7/21/2026 5:03,52,72126,120000,1.89,7.64,41140.68,89.62,6.86,2.478,3.58,9.01,7.93,0.07,-0.33,0,0,29.62,45630.51,6.15,19.848,6.39,6.39,29.27,1.19,0,0,53
7/21/2026 5:18,53,72126,121500,2.03,8.23,41182.62,88.79,6.79,2.514,3.93,10.04,7.93,0.04,-0.36,0,0,29.63,45640.21,6.15,19.887,5.48,5.48,29.27,1.19,0,0,54
7/21/2026 5:33,54,72126,123000,1.89,7.65,41196.23,89.52,6.84,2.566,3.74,9.47,7.93,0.06,-0.34,0,0,29.61,45614.33,6.15,19.929,6.02,6.02,32.74,1.2,0,0,55
7/21/2026 5:48,55,72126,124500,1.92,7.77,41387.07,91.79,6.99,2.595,3.63,9.14,7.97,0.08,-0.32,0,0,29.6,45602.33,6.15,20.16,5.3,5.3,32.74,1.2,0,0,56
7/21/2026 6:03,56,72126,130000,1.97,7.96,41462.95,94.95,7.22,2.615,3.59,9.04,7.99,0.07,-0.34,0,0,29.6,45606.54,6.15,20.243,4.64,4.64,29.45,1.19,0,0,57
7/21/2026 6:18,57,72126,131500,1.91,7.75,41483.22,93.8,7.13,2.643,3.67,9.28,7.99,0.04,-0.36,0,0,29.59,45589.21,6.15,20.285,4.36,4.36,29.45,1.19,0,0,58
7/21/2026 6:33,58,72126,133000,1.72,6.97,41331.25,89.37,6.81,2.637,3.67,9.28,7.95,0.06,-0.34,0,0,29.61,45607.62,6.15,20.091,6.27,6.27,29,1.19,0,0,59
7/21/2026 6:48,59,72126,134500,1.89,7.65,41440.07,88.67,6.74,2.642,3.7,9.35,7.97,0.05,-0.35,0,0,29.59,45587.14,6.15,20.237,4.69,4.69,29,1.19,0,0,60
7/21/2026 7:03,60,72126,140000,1.67,6.77,41434.32,92.02,7,2.635,3.82,9.72,7.97,0.05,-0.36,0,0,29.6,45595,6.15,20.222,5.31,5.31,30.29,1.2,0,0,61
7/21/2026 7:18,61,72126,141500,1.8,7.3,41367.11,94.43,7.19,2.625,3.71,9.39,7.98,0.05,-0.35,0,0,29.61,45609.25,6.15,20.13,5.82,5.82,30.29,1.2,0,0,62
7/21/2026 7:33,62,72126,143000,1.84,7.43,41368.09,94.84,7.22,2.617,3.67,9.28,7.98,0.07,-0.34,0,0,29.6,45606.88,6.15,20.134,6.23,6.23,30.26,1.2,0,0,63
7/21/2026 7:48,63,72126,144500,1.98,8.03,41360.63,95.62,7.28,2.575,3.68,9.3,7.98,0.09,-0.32,0,0,29.6,45601.15,6.15,20.131,6.33,6.33,30.26,1.2,0,0,64
7/21/2026 8:03,64,72126,150000,1.68,6.81,41333.37,93.14,7.1,2.532,3.63,9.14,7.97,0.04,-0.36,0,0,29.61,45610.97,6.15,20.09,6.71,6.71,29.62,1.19,0,0,65
7/21/2026 8:18,65,72126,151500,1.6,6.48,41410.23,93.67,7.13,2.491,3.72,9.41,7.98,0.05,-0.35,0,0,29.6,45599.75,6.15,20.19,4.96,4.96,29.62,1.19,0,0,66
7/21/2026 8:33,66,72126,153000,1.55,6.27,41464.75,89.01,6.76,2.441,3.72,9.42,7.96,0.04,-0.36,0,0,29.59,45581.91,6.15,20.271,4.79,4.79,32.66,1.19,0,0,67
7/21/2026 8:48,67,72126,154500,1.39,5.64,41438.98,87.94,6.69,2.376,3.77,9.58,7.96,0.05,-0.35,0,0,29.59,45593.05,6.15,20.23,4.87,4.87,32.66,1.19,0,0,68
7/21/2026 9:03,68,72126,160000,1.04,4.24,41377.54,86.83,6.61,2.344,3.72,9.42,7.94,0.05,-0.35,0,0,29.6,45603.68,6.16,20.148,5.79,5.79,30.21,1.2,0,0,69
7/21/2026 9:18,69,72126,161500,1.2,4.89,41385.84,89.55,6.82,2.284,3.79,9.63,7.95,0.03,-0.38,0,0,29.6,45595.84,6.15,20.166,5.44,5.44,30.21,1.2,0,0,70
7/21/2026 9:33,70,72126,163000,1.27,5.14,41385.63,91.17,6.94,2.239,3.73,9.44,7.96,0.02,-0.38,0,0,29.61,45608.46,6.15,20.152,5.74,5.74,29.71,1.2,0,0,71
7/21/2026 9:48,71,72126,164500,1.35,5.48,41391.16,93.44,7.11,2.192,3.74,9.48,7.96,0.04,-0.36,0,0,29.6,45595.41,6.15,20.172,5.3,5.3,29.71,1.2,0,0,72
7/21/2026 10:03,72,72126,170000,1.46,5.93,41440.01,95.44,7.26,2.132,3.73,9.44,7.99,0.03,-0.37,0,0,29.61,45612.78,6.16,20.21,6.71,6.71,30.11,1.2,0,0,73
7/21/2026 10:18,73,72126,171500,1.67,6.78,41407.41,96.61,7.35,2.095,3.63,9.16,7.99,0.03,-0.37,0,0,29.6,45606.5,6.15,20.179,6.36,6.36,30.11,1.2,0,0,74
7/21/2026 10:33,74,72126,173000,1.58,6.39,41364.63,96.26,7.33,2.054,3.59,9.02,7.98,0.06,-0.34,0,0,29.6,45601.84,6.16,20.135,6.25,6.25,30.06,1.2,0,0,75
7/21/2026 10:48,75,72126,174500,1.69,6.82,41525.75,102.14,7.75,2.003,3.63,9.14,8.02,0.07,-0.34,0,0,29.58,45572.8,6.15,20.35,5.85,5.85,30.06,1.2,0,0,76
7/21/2026 11:03,76,72126,180000,1.76,7.11,41593.94,101.15,7.67,1.98,3.66,9.24,8.03,0.08,-0.33,0,0,29.59,45593.66,6.15,20.407,4.96,4.96,30.36,1.2,0,0,77
7/21/2026 11:18,77,72126,181500,1.59,6.45,41569.39,101.78,7.72,1.955,3.58,9.01,8.02,0.05,-0.35,0,0,29.59,45589.66,6.15,20.383,5.03,5.03,30.36,1.2,0,0,78
7/21/2026 11:33,78,72126,183000,2.54,10.25,41919.88,107.03,8.05,1.948,3.63,9.15,8.06,0.13,-0.27,0,0,29.58,45579.96,6.15,20.796,6.58,6.58,30.75,1.2,0,0,79
7/21/2026 11:48,79,72126,184500,1.39,5.62,41782.76,98.95,7.46,1.951,3.81,9.68,8.02,0.04,-0.37,0,0,29.55,45536.8,6.15,20.684,5.81,5.81,30.75,1.2,0,0,80
7/21/2026 12:03,80,72126,190000,2.36,9.53,41939.1,107.59,8.09,1.96,3.83,9.75,8.06,0.12,-0.29,0,0,29.58,45579.57,6.15,20.818,5.43,5.43,29.97,1.2,0,0,81
7/21/2026 12:18,81,72126,191500,0.91,3.71,41500.73,88.35,6.71,1.964,3.71,9.39,7.94,0.02,-0.38,0,0,29.59,45588.06,6.15,20.306,6.32,6.32,29.97,1.2,0,0,82
7/21/2026 12:33,82,72126,193000,2.72,10.99,41998.84,114.7,8.62,1.979,3.65,9.21,8.09,0.13,-0.27,0,0,29.58,45584.23,6.16,20.882,4.45,4.45,29.82,1.19,0,0,83
7/21/2026 12:48,83,72126,194500,1.77,7.17,41309.26,94.14,7.18,2.014,3.61,9.09,7.97,0.05,-0.35,0,0,29.61,45611.11,6.15,20.062,6.04,6.04,29.82,1.19,0,0,84
7/21/2026 13:03,84,72126,200000,1.83,7.41,41621.72,102.33,7.75,2.035,3.71,9.4,8.02,0.06,-0.34,0,0,29.59,45586.61,6.15,20.446,6.55,6.55,29.66,1.19,0,0,85
7/21/2026 13:18,85,72126,201500,2.05,8.29,41566.83,98.99,7.51,2.081,3.58,9.01,8.01,0.08,-0.32,0,0,29.62,45632.07,6.15,20.336,6.44,6.44,29.66,1.19,0,0,86
7/21/2026 13:33,86,72126,203000,2.16,8.75,41536.37,103.39,7.84,2.144,3.67,9.27,8.02,0.08,-0.32,0,0,29.59,45592.5,6.15,20.342,4.93,4.93,28.7,1.2,0,0,87
7/21/2026 13:48,87,72126,204500,2.75,11.13,41807.04,100.33,7.57,2.202,3.76,9.55,8.01,0.16,-0.24,0,0,29.6,45609.77,6.15,20.635,6.08,6.08,28.7,1.2,0,0,88
7/21/2026 14:03,88,72126,210000,2.06,8.33,41535.31,98.34,7.47,2.268,3.61,9.08,7.99,0.08,-0.33,0,0,29.61,45617,6.16,20.315,5.87,5.87,30.23,1.2,0,0,89
7/21/2026 14:18,89,72126,211500,2.43,9.81,41665.61,98.62,7.47,2.337,3.66,9.23,7.99,0.09,-0.31,0,0,29.61,45617.32,6.16,20.465,7.07,7.07,30.23,1.2,0,0,90
7/21/2026 14:33,90,72126,213000,2.26,9.14,41618.35,99.14,7.51,2.396,3.57,8.98,7.98,0.07,-0.34,0,0,29.61,45610.29,6.15,20.418,6.76,6.76,29.17,1.19,0,0,91
7/21/2026 14:48,91,72126,214500,2.11,8.55,41606.09,97.92,7.42,2.485,3.61,9.09,7.99,0.06,-0.35,0,0,29.6,45607.76,6.15,20.406,8.42,8.42,29.17,1.19,0,0,92
7/21/2026 15:03,92,72126,220000,2.32,9.36,41701.77,100.67,7.61,2.552,3.65,9.21,8,0.08,-0.32,0,0,29.61,45612.1,6.15,20.512,6.86,6.86,32.02,1.19,0,0,93
7/21/2026 15:18,93,72126,221500,2.73,11.05,41767.74,103.65,7.83,2.64,3.61,9.08,8.01,0.09,-0.31,0,0,29.62,45638.75,6.15,20.559,6.57,6.57,32.02,1.19,0,0,94
7/21/2026 15:33,94,72126,223000,3.67,14.84,41896.48,117.85,8.88,2.706,3.69,9.33,8.09,0.18,-0.23,0,0,29.6,45606.28,6.15,20.741,5.3,5.3,29.7,1.2,0,0,95
7/21/2026 15:48,95,72126,224500,3.51,14.17,41948.77,115.03,8.66,2.785,3.41,8.49,8.08,0.15,-0.26,0,0,29.61,45623.1,6.16,20.784,5.58,5.58,29.7,1.2,0,0,96
7/21/2026 16:03,96,72126,230000,3.83,15.47,42039.17,115.25,8.66,2.843,3.56,8.93,8.07,0.18,-0.22,0,0,29.6,45611.41,6.15,20.9,5.09,5.09,29.93,1.2,0,0,97
7/21/2026 16:18,97,72126,231500,4.3,17.37,42159.05,116.41,8.72,2.925,3.5,8.76,8.07,0.16,-0.24,0,0,29.6,45603.74,6.15,21.045,4.83,4.83,29.93,1.2,0,0,98
7/21/2026 16:33,98,72126,233000,4.73,19.09,42174.28,116.96,8.76,2.978,3.36,8.35,8.07,0.24,-0.17,0,0,29.61,45619.25,6.15,21.046,4.85,4.85,29.94,1.19,0,0,99
7/21/2026 16:48,99,72126,234500,4.8,19.39,42260.15,117.37,8.77,3.049,3.39,8.43,8.07,0.21,-0.2,0,0,29.6,45605.12,6.15,21.16,4.29,4.29,29.94,1.19,0,0,100
7/21/2026 17:03,100,72226,0,3.25,13.12,42183.99,114.9,8.6,3.111,3.53,8.84,8.06,0.14,-0.27,0,0,29.6,45606.73,6.15,21.071,4.72,4.72,32.34,1.2,0,0,101
7/21/2026 17:18,101,72226,1500,3.44,13.88,42077.12,113.77,8.54,3.166,3.53,8.84,8.06,0.15,-0.25,0,0,29.6,45614.35,6.15,20.94,4.76,4.76,32.34,1.2,0,0,102
7/21/2026 17:33,102,72226,3000,3.27,13.19,42085.26,113.19,8.49,3.202,3.54,8.87,8.05,0.12,-0.29,0,0,29.59,45591.46,6.15,20.973,4.83,4.83,30.62,1.2,0,0,103
7/21/2026 17:48,103,72226,4500,3.57,14.43,41996.34,111.24,8.36,3.232,3.45,8.6,8.05,0.14,-0.27,0,0,29.6,45604.69,6.15,20.857,5.45,5.45,30.62,1.2,0,0,104
7/21/2026 18:03,104,72226,10000,2.4,9.69,41868.83,105.94,7.99,3.249,3.37,8.36,8.02,0.06,-0.34,0,0,29.61,45613.65,6.16,20.702,5.88,5.88,29.81,1.2,0,0,105
7/21/2026 18:18,105,72226,11500,1.76,7.14,41532.52,95.73,7.27,3.267,3.53,8.85,7.96,0.04,-0.36,0,0,29.62,45626.23,6.15,20.303,7.09,7.09,29.81,1.2,0,0,106
7/21/2026 18:33,106,72226,13000,1.68,6.8,41289.31,90.73,6.92,3.278,3.52,8.82,7.93,0.06,-0.35,0,0,29.62,45622.21,6.16,20.028,6.77,6.77,32.83,1.2,0,0,107
7/21/2026 18:48,107,72226,14500,1.51,6.12,41171.28,88.33,6.76,3.28,3.59,9.04,7.91,0.03,-0.37,0,0,29.64,45654.05,6.16,19.859,6.55,6.55,32.83,1.2,0,0,108
7/21/2026 19:03,108,72226,20000,1.64,6.62,41380.77,91.18,6.95,3.27,3.13,7.65,7.93,0.06,-0.35,0,0,29.63,45635.6,6.15,20.119,5.59,5.59,29.93,1.19,0,0,109
7/21/2026 19:18,109,72226,21500,1.37,5.56,41140.8,83.3,6.38,3.256,3.55,8.91,7.89,0.03,-0.37,0,0,29.64,45647.5,6.15,19.831,7.72,7.72,29.93,1.19,0,0,110
7/21/2026 19:33,110,72226,23000,1.55,6.29,41386.39,91.72,6.98,3.205,3.84,9.77,7.93,0.05,-0.36,0,0,29.61,45621.2,6.15,20.14,7.02,7.02,29.64,1.19,0,0,111
7/21/2026 19:48,111,72226,24500,1.69,6.86,41181.11,91.84,7.02,3.15,3.41,8.5,7.92,0.03,-0.37,0,0,29.59,45586.77,6.15,19.94,5.99,5.99,29.64,1.19,0,0,112
7/21/2026 20:03,112,72226,30000,2.29,9.25,42002.66,106.51,8.01,3.08,3.68,9.31,8.03,0.06,-0.34,0,0,29.62,45641.04,6.16,20.826,5.64,5.64,30,1.2,0,0,113
7/21/2026 20:18,113,72226,31500,3.1,12.51,41853.63,105.38,7.94,3.011,3.38,8.4,8.03,0.1,-0.3,0,0,29.59,45598.25,6.15,20.7,6.52,6.52,30,1.2,0,0,114
7/21/2026 20:33,114,72226,33000,3.88,15.66,42185.97,113.54,8.5,2.938,3.57,8.97,8.06,0.14,-0.26,0,0,29.6,45616.28,6.16,21.063,5.2,5.2,29.7,1.2,0,0,115
7/21/2026 20:48,115,72226,34500,5.53,22.3,42290.11,119.44,8.93,2.863,3.61,9.09,8.08,0.23,-0.18,0,0,29.61,45624.38,6.16,21.174,4.83,4.83,29.7,1.2,0,0,116
7/21/2026 21:03,116,72226,40000,6.02,24.3,42539.34,124.25,9.24,2.779,3.25,8,8.11,0.26,-0.14,0,0,29.62,45643.08,6.15,21.44,6.48,6.48,30.6,1.19,0,0,117
7/21/2026 21:18,117,72226,41500,6.06,24.46,42385.48,119.39,8.9,2.697,3.44,8.58,8.1,0.27,-0.13,0,0,29.61,45627.87,6.15,21.28,9.35,9.35,30.6,1.19,0,0,118
7/21/2026 21:33,118,72226,43000,5.91,23.84,42400,123.55,9.21,2.588,3.73,9.46,8.11,0.25,-0.15,0,0,29.61,45631.69,6.15,21.292,5.74,5.74,30.49,1.2,0,0,119
7/21/2026 21:48,119,72226,44500,5.65,22.79,42355.18,119.15,8.89,2.501,3.22,7.93,8.09,0.24,-0.17,0,0,29.61,45628.88,6.15,21.244,5.71,5.71,30.49,1.2,0,0,120
7/21/2026 22:03,120,72226,50000,5.92,23.88,42322,117.41,8.77,2.412,3.59,9.04,8.08,0.24,-0.17,0,0,29.6,45610.34,6.15,21.225,4.49,4.49,31.79,1.2,0,0,121
7/21/2026 22:18,121,72226,51500,3.87,15.64,42167.39,112.59,8.43,2.317,3.79,9.63,8.06,0.13,-0.28,0,0,29.61,45621.54,6.16,21.036,30.27,30.27,31.79,1.2,0,0,122
7/21/2026 22:33,122,72226,53000,4.18,16.86,42053.32,108.55,8.16,2.237,3.48,8.7,8.03,0.19,-0.21,0,0,29.64,45664.47,6.16,20.86,5.69,5.69,29.91,1.2,0,0,123
7/21/2026 22:48,123,72226,54500,4.12,16.61,42044.88,109.04,8.19,2.152,3.54,8.87,8.03,0.14,-0.27,0,0,29.61,45628.26,6.16,20.888,11.11,11.11,29.91,1.2,0,0,124
7/21/2026 23:03,124,72226,60000,4.33,17.48,42037.39,108.13,8.12,2.073,3.49,8.74,8.03,0.16,-0.24,0,0,29.62,45637.33,6.16,20.87,6.59,6.59,30.44,1.21,0,0,125
7/21/2026 23:18,125,72226,61500,5.16,20.81,42152.73,111.46,8.35,2.003,3.49,8.72,8.05,0.19,-0.21,0,0,29.62,45638.48,6.15,21.001,5.01,5.01,30.44,1.21,0,0,126
7/21/2026 23:33,126,72226,63000,4.66,18.81,42268.36,116.19,8.69,1.936,3.53,8.85,8.07,0.15,-0.25,0,0,29.62,45631.94,6.16,21.141,5.16,5.16,30.78,1.2,0,0,127
7/21/2026 23:48,127,72226,64500,5.07,20.47,42270.82,113.79,8.51,1.896,3.56,8.93,8.06,0.19,-0.21,0,0,29.61,45624.47,6.15,21.152,4.91,4.91,30.78,1.2,0,0,128
7/22/2026 0:03,128,72226,70000,5.41,21.82,42293.77,113.97,8.52,1.842,3.32,8.21,8.07,0.2,-0.2,0,0,29.61,45625.07,6.16,21.177,4.08,4.08,30.44,1.2,0,0,129
7/22/2026 0:18,129,72226,71500,5.68,22.93,42293.84,114.6,8.56,1.79,3.69,9.33,8.07,0.26,-0.14,0,0,29.6,45617.28,6.16,21.186,4.61,4.61,30.44,1.2,0,0,130
7/22/2026 0:33,130,72226,73000,5.73,23.11,42326.96,112.25,8.38,1.736,3.31,8.18,8.07,0.22,-0.19,0,0,29.61,45623.82,6.16,21.217,5.48,5.48,32.47,1.2,0,0,131
7/22/2026 0:48,131,72226,74500,5.55,22.39,42349.97,112.39,8.39,1.695,3.71,9.4,8.07,0.23,-0.17,0,0,29.6,45610.43,6.16,21.257,5.24,5.24,32.47,1.2,0,0,132
7/22/2026 1:03,132,72226,80000,5.55,22.4,42353.46,112.75,8.41,1.667,3.84,9.79,8.07,0.23,-0.17,0,0,29.59,45605.51,6.15,21.267,4.4,4.4,29.52,1.2,0,0,133
7/22/2026 1:18,133,72226,81500,3.41,13.77,42245.03,101.71,7.61,1.642,3.38,8.41,8.04,0.12,-0.28,0,0,29.6,45614.66,6.15,21.132,4.81,4.81,29.52,1.2,0,0,134
7/22/2026 1:33,134,72226,83000,3.18,12.86,42256.78,105.02,7.85,1.64,3.81,9.69,8.04,0.16,-0.25,0,0,29.6,45615.02,6.15,21.145,4.12,4.12,30.42,1.2,0,0,135
7/22/2026 1:48,135,72226,84500,4.14,16.7,42290.14,103.37,7.72,1.642,3.72,9.43,8.04,0.13,-0.28,0,0,29.6,45613.31,6.15,21.186,3.73,3.73,30.42,1.2,0,0,136
7/22/2026 2:03,136,72226,90000,2.4,9.69,42235.41,98.75,7.39,1.649,3.54,8.89,8,0.09,-0.32,0,0,29.6,45615.95,6.16,21.12,3.59,3.59,30.07,1.19,0,0,137
7/22/2026 2:18,137,72226,91500,2.48,10.04,42195.89,98.72,7.39,1.644,3.53,8.86,8,0.09,-0.32,0,0,29.6,45612.58,6.16,21.078,3.76,3.76,30.07,1.19,0,0,138
7/22/2026 2:33,138,72226,93000,2.33,9.42,42166.75,94.33,7.07,1.659,3.68,9.28,7.97,0.08,-0.32,0,0,29.6,45606.36,6.16,21.051,4.04,4.04,29.85,1.19,0,0,139
7/22/2026 2:48,139,72226,94500,2.91,11.78,42077.86,99.94,7.5,1.702,3.61,9.1,7.98,0.11,-0.29,0,0,29.61,45618.51,6.16,20.936,4.16,4.16,29.85,1.19,0,0,140
7/22/2026 3:03,140,72226,100000,3.34,13.48,42087.93,105.41,7.91,1.713,3.6,9.06,8.02,0.13,-0.28,0,0,29.62,45629.47,6.16,20.936,4.69,4.69,30.17,1.19,0,0,141
7/22/2026 3:18,141,72226,101500,2.14,8.65,41969.48,95.91,7.22,1.779,3.37,8.36,7.97,0.09,-0.31,0,0,29.62,45630.79,6.15,20.799,4.88,4.88,30.17,1.19,0,0,142
7/22/2026 3:33,142,72226,103000,2.48,10.04,41969.07,96.42,7.25,1.825,3.68,9.3,7.97,0.06,-0.34,0,0,29.61,45626.02,6.15,20.804,4.97,4.97,30.56,1.2,0,0,143
7/22/2026 3:48,143,72226,104500,2.23,9,41992.84,94.67,7.12,1.876,3.52,8.81,7.96,0.04,-0.36,0,0,29.61,45621.17,6.16,20.836,4.75,4.75,30.56,1.2,0,0,144
7/22/2026 4:03,144,72226,110000,2.34,9.47,42048.05,96.76,7.27,1.936,3.5,8.76,7.98,0.07,-0.34,0,0,29.61,45624.82,6.16,20.896,4.57,4.57,30.47,1.2,0,0,145
7/22/2026 4:18,145,72226,111500,2.56,10.35,42060.14,96.56,7.25,1.983,3.87,9.87,8.01,0.07,-0.33,0,0,29.6,45615.09,6.15,20.92,3.3,3.3,30.47,1.2,0,0,146
7/22/2026 4:33,146,72226,113000,2.74,11.07,42048.91,102.14,7.67,2.048,3.68,9.3,8.02,0.09,-0.31,0,0,29.61,45626.77,6.15,20.894,3.57,3.57,30.72,1.2,0,0,147
7/22/2026 4:48,147,72226,114500,2.99,12.07,42068.04,100.84,7.57,2.1,3.71,9.38,8.02,0.09,-0.32,0,0,29.61,45625.91,6.16,20.917,3.53,3.53,30.72,1.2,0,0,148
7/22/2026 5:03,148,72226,120000,2.8,11.31,42057.85,99.93,7.5,2.169,3.44,8.57,8.01,0.08,-0.32,0,0,29.61,45627.62,6.16,20.904,3.98,3.98,29.65,1.19,0,0,149
7/22/2026 5:18,149,72226,121500,2.25,9.08,42042.01,98.5,7.4,2.247,3.48,8.71,8,0.08,-0.32,0,0,29.61,45622.73,6.16,20.891,3.46,3.46,29.65,1.19,0,0,150
7/22/2026 5:33,150,72226,123000,2.93,11.84,42002.51,101.96,7.67,2.291,3.62,9.13,8.02,0.1,-0.31,0,0,29.62,45628.6,6.15,20.839,5.39,5.39,29.94,1.2,0,0,151
7/22/2026 5:48,151,72226,124500,3.02,12.2,42003.9,103.15,7.76,2.351,3.63,9.15,8.02,0.08,-0.32,0,0,29.62,45634.73,6.15,20.834,5.46,5.46,29.94,1.2,0,0,152
7/22/2026 6:03,152,72226,130000,3.44,13.91,41985.52,104.92,7.89,2.401,3.58,8.99,8.03,0.11,-0.3,0,0,29.62,45633.8,6.16,20.814,5.09,5.09,30.73,1.2,0,0,153
7/22/2026 6:18,153,72226,131500,3.47,14.02,42053.86,105.61,7.93,2.451,3.66,9.24,8.05,0.11,-0.29,0,0,29.62,45634.51,6.16,20.892,4.51,4.51,30.73,1.2,0,0,154
7/22/2026 6:33,154,72226,133000,3.19,12.87,41970.28,103.68,7.8,2.49,3.46,8.64,8.03,0.09,-0.31,0,0,29.62,45628.18,6.15,20.803,7.53,7.53,30.34,1.2,0,0,155
7/22/2026 6:48,155,72226,134500,2.93,11.84,41959.11,103.33,7.78,2.541,3.63,9.15,8.04,0.08,-0.33,0,0,29.62,45635.84,6.15,20.782,5.87,5.87,30.34,1.2,0,0,156
7/22/2026 7:03,156,72226,140000,3.2,12.91,41959.23,104.34,7.85,2.579,3.63,9.16,8.04,0.13,-0.28,0,0,29.62,45640.49,6.16,20.777,5.56,5.56,30.25,1.19,0,0,157
7/22/2026 7:18,157,72226,141500,2.97,11.99,41944.35,104.12,7.84,2.604,3.51,8.8,8.03,0.1,-0.3,0,0,29.63,45642.64,6.16,20.758,6.25,6.25,30.25,1.19,0,0,158
7/22/2026 7:33,158,72226,143000,2.82,11.38,41942.63,105.1,7.91,2.639,3.59,9.04,8.04,0.12,-0.29,0,0,29.62,45637.45,6.16,20.761,5.61,5.61,29.36,1.19,0,0,159
7/22/2026 7:48,159,72226,144500,2.62,10.6,41905.93,102.08,7.69,2.655,3.67,9.26,8.03,0.07,-0.33,0,0,29.63,45644.04,6.16,20.712,5.92,5.92,29.36,1.19,0,0,160
7/22/2026 8:03,160,72226,150000,2.38,9.63,41804.78,101.74,7.68,2.646,3.9,9.96,8.01,0.07,-0.33,0,0,29.62,45637.71,6.16,20.603,6.09,6.09,32.39,1.2,0,0,161
7/22/2026 8:18,161,72226,151500,2.14,8.66,41793.76,100.23,7.57,2.668,3.19,7.82,8,0.07,-0.33,0,0,29.63,45639.43,6.15,20.588,6.44,6.44,32.39,1.2,0,0,162
7/22/2026 8:33,162,72226,153000,1.86,7.53,41732.55,98.27,7.43,2.664,3.21,7.88,7.98,0.07,-0.34,0,0,29.61,45623.02,6.16,20.535,7.53,7.53,29.43,1.2,0,0,163
7/22/2026 8:48,163,72226,154500,2.26,9.16,41835.88,98.93,7.47,2.634,3.3,8.17,8,0.09,-0.31,0,0,29.63,45642.99,6.16,20.633,5.99,5.99,29.43,1.2,0,0,164
7/22/2026 9:03,164,72226,160000,1.75,7.1,41789.68,97.18,7.34,2.63,3.77,9.56,7.98,0.04,-0.36,0,0,29.62,45632.25,6.16,20.591,5.99,5.99,30.15,1.19,0,0,165
7/22/2026 9:18,165,72226,161500,1.61,6.52,41835.27,97.07,7.32,2.599,3.15,7.72,7.99,0.06,-0.35,0,0,29.63,45640.2,6.16,20.635,5.41,5.41,30.15,1.19,0,0,166
7/22/2026 9:33,166,72226,163000,2,8.08,41913.77,101.31,7.63,2.573,3.35,8.3,8.01,0.05,-0.35,0,0,29.62,45639.08,6.16,20.726,4.8,4.8,30.17,1.19,0,0,167
7/22/2026 9:48,167,72226,164500,1.38,5.57,41883.49,96.71,7.29,2.547,3.44,8.57,7.98,0.05,-0.35,0,0,29.61,45626.57,6.16,20.705,4.17,4.17,30.17,1.19,0,0,168
7/22/2026 10:03,168,72226,170000,2.07,8.38,41898.7,99.34,7.49,2.507,3.34,8.27,8,0.05,-0.36,0,0,29.62,45638.97,6.16,20.709,4.35,4.35,31.72,1.21,0,0,169
7/22/2026 10:18,169,72226,171500,2.66,10.77,41949.83,105.48,7.94,2.485,3.57,8.97,8.04,0.11,-0.3,0,0,29.62,45640.71,6.16,20.766,4.79,4.79,31.72,1.21,0,0,170
7/22/2026 10:33,170,72226,173000,2.87,11.58,41905.48,104.59,7.88,2.43,3.55,8.92,8.04,0.13,-0.28,0,0,29.62,45636.59,6.16,20.72,4.78,4.78,30.38,1.2,0,0,171
7/22/2026 10:48,171,72226,174500,2.62,10.59,41906.03,103.69,7.81,2.398,3.36,8.34,8.03,0.12,-0.29,0,0,29.63,45643.16,6.16,20.713,4.85,4.85,30.38,1.2,0,0,172
7/22/2026 11:03,172,72226,180000,2.36,9.54,41908.6,104.54,7.88,2.361,3.36,8.35,8.03,0.1,-0.3,0,0,29.62,45637.86,6.16,20.722,4.9,4.9,29.57,1.19,0,0,173
7/22/2026 11:18,173,72226,181500,2.46,9.93,41972.56,106.11,7.98,2.322,3.49,8.74,8.04,0.1,-0.3,0,0,29.63,45641.91,6.16,20.791,5.66,5.66,29.57,1.19,0,0,174
7/22/2026 11:33,174,72226,183000,2.06,8.35,41962.16,105.17,7.92,2.296,3.55,8.9,8.03,0.06,-0.35,0,0,29.62,45638.38,6.16,20.783,5.32,5.32,32.79,1.19,0,0,175
7/22/2026 11:48,175,72226,184500,3.56,14.39,42306.68,116.17,8.68,2.27,3.55,8.91,8.09,0.14,-0.26,0,0,29.62,45643.37,6.16,21.173,4.53,4.53,32.79,1.19,0,0,176
7/22/2026 12:03,176,72226,190000,2.9,11.7,42249.95,108.76,8.14,2.249,3.47,8.68,8.04,0.12,-0.29,0,0,29.62,45641.05,6.16,21.11,4.05,4.05,29.84,1.2,0,0,177
7/22/2026 12:18,177,72226,191500,3.12,12.62,42318.86,113.59,8.49,2.242,3.52,8.81,8.07,0.15,-0.26,0,0,29.63,45651.96,6.16,21.177,4.75,4.75,29.84,1.2,0,0,178
7/22/2026 12:33,178,72226,193000,2.43,9.84,42255.55,110.88,8.29,2.23,3.5,8.77,8.04,0.1,-0.3,0,0,29.6,45616.9,6.16,21.142,7.34,7.34,32.69,1.21,0,0,179
7/22/2026 12:48,179,72226,194500,2.63,10.62,42158.65,105.08,7.88,2.221,3.54,8.87,8.01,0.11,-0.29,0,0,29.62,45632.05,6.16,21.015,5.67,5.67,32.69,1.21,0,0,180
7/22/2026 13:03,180,72226,200000,2.56,10.35,42118.14,105.16,7.89,2.21,3.47,8.66,8,0.13,-0.28,0,0,29.61,45623.39,6.16,20.977,5.91,5.91,29.93,1.2,0,0,181
7/22/2026 13:18,181,72226,201500,3.12,12.59,42272.54,108.11,8.08,2.237,3.58,8.99,8.03,0.14,-0.26,0,0,29.62,45633.42,6.16,21.144,5.6,5.6,29.93,1.2,0,0,182
7/22/2026 13:33,182,72226,203000,3.07,12.4,42430.95,111.58,8.32,2.226,3.28,8.11,8.04,0.13,-0.27,0,0,29.62,45639.67,6.15,21.319,5.93,5.93,29.96,1.2,0,0,183
7/22/2026 13:48,183,72226,204500,2.83,11.45,42469.41,111.42,8.3,2.251,3.14,7.69,8.04,0.12,-0.28,0,0,29.62,45638.97,6.15,21.364,6.96,6.96,29.96,1.2,0,0,184
7/22/2026 14:03,184,72226,210000,2.78,11.24,42546.72,112.56,8.37,2.282,3.52,8.82,8.05,0.11,-0.29,0,0,29.62,45646.52,6.16,21.445,6.02,6.02,30.08,1.19,0,0,185
7/22/2026 14:18,185,72226,211500,2.62,10.61,42574.25,112.61,8.37,2.307,3.22,7.93,8.05,0.1,-0.3,0,0,29.63,45654.05,6.16,21.468,6.47,6.47,30.08,1.19,0,0,186
7/22/2026 14:33,186,72226,213000,2.95,11.9,42435.58,112.9,8.41,2.358,3.17,7.78,8.04,0.1,-0.3,0,0,29.62,45641.08,6.16,21.323,6.61,6.61,32.33,1.2,0,0,187
7/22/2026 14:48,187,72226,214500,3.09,12.5,42475.4,108.56,8.08,2.408,3.6,9.07,8.05,0.12,-0.28,0,0,29.63,45652.99,6.16,21.356,6.26,6.26,32.33,1.2,0,0,188
7/22/2026 15:03,188,72226,220000,3.17,12.8,42800.86,121.24,8.97,2.464,3.34,8.29,8.1,0.17,-0.24,0,0,29.63,45658.33,6.16,21.723,5.75,5.75,30.47,1.2,0,0,189
7/22/2026 15:18,189,72226,221500,2.71,10.96,42512.08,114.29,8.5,2.512,3.69,9.33,8.05,0.11,-0.29,0,0,29.62,45643.79,6.16,21.408,6.94,6.94,30.47,1.2,0,0,190
7/22/2026 15:33,190,72226,223000,2.88,11.64,42525.85,113.2,8.42,2.586,3.29,8.12,8.04,0.12,-0.29,0,0,29.62,45645.51,6.16,21.422,6.78,6.78,29.87,1.19,0,0,191
7/22/2026 15:48,191,72226,224500,3.38,13.67,42694.41,116.95,8.67,2.641,3.37,8.36,8.07,0.11,-0.29,0,0,29.62,45649.2,6.16,21.611,6.04,6.04,29.87,1.19,0,0,192
7/22/2026 16:03,192,72226,230000,2.77,11.19,42519.04,113.9,8.47,2.705,3.41,8.48,8.05,0.08,-0.32,0,0,29.62,45641.51,6.16,21.418,7.35,7.35,30.17,1.19,0,0,193
7/22/2026 16:18,193,72226,231500,2.76,11.15,42546.64,113.6,8.45,2.761,3.38,8.39,8.05,0.09,-0.31,0,0,29.62,45645.21,6.15,21.446,6.35,6.35,30.17,1.19,0,0,194
7/22/2026 16:33,194,72226,233000,2.42,9.77,42564.45,113.36,8.43,2.837,3.47,8.66,8.05,0.08,-0.33,0,0,29.62,45643.5,6.16,21.468,6.57,6.57,32.64,1.2,0,0,195
7/22/2026 16:48,195,72226,234500,2.84,11.49,42664.05,116.4,8.63,2.889,3.43,8.54,8.07,0.12,-0.29,0,0,29.61,45633.61,6.16,21.593,5.91,5.91,32.64,1.19,0,0,196
7/22/2026 17:03,196,72326,0,2.82,11.4,42638.82,116.31,8.63,2.964,3.45,8.62,8.06,0.08,-0.33,0,0,29.62,45645.14,6.16,21.552,5.87,5.87,29.81,1.19,0,0,197
7/22/2026 17:18,197,72326,1500,3.17,12.82,42657.14,118.38,8.78,3.008,3.42,8.52,8.08,0.14,-0.26,0,0,29.63,45653.11,6.16,21.564,5.63,5.63,29.81,1.19,0,0,198
7/22/2026 17:33,198,72326,3000,2.87,11.58,42508.73,115.83,8.61,3.08,3.47,8.66,8.06,0.11,-0.29,0,0,29.6,45610.54,6.16,21.439,6.23,6.23,30.02,1.19,0,0,199
7/22/2026 17:48,199,72326,4500,3.55,14.33,42626.02,114.99,8.54,3.118,3.47,8.66,8.07,0.12,-0.29,0,0,29.63,45652.92,6.16,21.529,5.85,5.85,30.02,1.19,0,0,200
7/22/2026 18:03,200,72326,10000,4.16,16.8,42464.85,115.58,8.61,3.158,3.62,9.13,8.06,0.17,-0.23,0,0,29.63,45653.25,6.16,21.344,6.09,6.09,29.63,1.2,0,0,201
7/22/2026 18:18,201,72326,11500,3.83,15.46,42414.16,112.21,8.37,3.193,3.15,7.7,8.05,0.13,-0.28,0,0,29.62,45645.05,6.16,21.294,6.32,6.32,29.63,1.2,0,0,202
7/22/2026 18:33,202,72326,13000,3.42,13.8,42402.64,113.16,8.44,3.222,3.13,7.64,8.04,0.13,-0.27,0,0,29.62,45646.56,6.16,21.279,6.28,6.28,30.58,1.21,0,0,203
7/22/2026 18:48,203,72326,14500,3.81,15.38,42423.59,113.78,8.48,3.244,3.33,8.24,8.05,0.14,-0.26,0,0,29.63,45649.23,6.16,21.301,5.96,5.96,30.58,1.21,0,0,204
7/22/2026 19:03,204,72326,20000,3.35,13.54,42286.84,110.38,8.25,3.276,3.42,8.52,8.02,0.1,-0.3,0,0,29.61,45628.53,6.16,21.166,6.87,6.87,30.67,1.19,0,0,205
7/22/2026 19:18,205,72326,21500,3.4,13.74,42307.42,109.69,8.2,3.284,3.45,8.6,8.02,0.13,-0.27,0,0,29.61,45632.66,6.16,21.185,6.08,6.08,30.67,1.19,0,0,206
7/22/2026 19:33,206,72326,23000,4,16.13,42330.71,110.96,8.28,3.287,3.43,8.55,8.03,0.17,-0.24,0,0,29.61,45627.25,6.16,21.217,6.17,6.17,29.39,1.19,0,0,207
7/22/2026 19:48,207,72326,24500,3.83,15.45,42362.9,112.11,8.37,3.263,3.38,8.41,8.04,0.15,-0.25,0,0,29.62,45637.64,6.16,21.243,8.03,8.03,29.39,1.19,0,0,208
7/22/2026 20:03,208,72326,30000,5.09,20.53,42365.79,111.09,8.29,3.236,3.47,8.66,8.04,0.19,-0.21,0,0,29.62,45635.32,6.16,21.249,6.59,6.59,32.69,1.2,0,0,209
7/22/2026 20:18,209,72326,31500,4.83,19.5,42374.22,113.36,8.46,3.195,3.17,7.77,8.05,0.19,-0.21,0,0,29.62,45639.89,6.16,21.254,6.73,6.73,32.69,1.2,0,0,210
7/22/2026 20:33,210,72326,33000,5.4,21.79,42393.24,112.96,8.43,3.143,3.37,8.38,8.05,0.22,-0.19,0,0,29.62,45645.18,6.16,21.27,6.07,6.07,31.03,1.21,0,0,211
7/22/2026 20:48,211,72326,34500,4.08,16.46,42345.73,104.55,7.8,3.1,3.13,7.64,8.03,0.15,-0.26,0,0,29.61,45628.65,6.16,21.233,7.06,7.06,31.03,1.21,0,0,212
7/22/2026 21:03,212,72326,40000,4.16,16.78,42288.13,107.08,8,3.039,3.42,8.52,8.01,0.13,-0.28,0,0,29.61,45625.88,6.16,21.17,7.66,7.66,29.52,1.2,0,0,213
7/22/2026 21:18,213,72326,41500,4.62,18.64,42289.43,99.87,7.46,2.971,3.48,8.7,8.02,0.19,-0.21,0,0,29.61,45625.59,6.16,21.172,6.56,6.56,29.52,1.2,0,0,214
7/22/2026 21:33,214,72326,43000,4.58,18.48,42284.65,107.51,8.04,2.896,3.43,8.56,8.02,0.19,-0.21,0,0,29.61,45632.49,6.16,21.159,6.65,6.65,30.75,1.19,0,0,215
7/22/2026 21:48,215,72326,44500,4.41,17.81,42289.12,107.05,8,2.797,3.46,8.65,8.03,0.18,-0.22,0,0,29.61,45632.04,6.16,21.164,6.91,6.91,30.75,1.19,0,0,216
7/22/2026 22:03,216,72326,50000,3.81,15.38,42302.47,107.23,8.01,2.714,3.54,8.87,8.03,0.16,-0.24,0,0,29.62,45635.07,6.16,21.177,6.23,6.23,30.56,1.2,0,0,217
7/22/2026 22:18,217,72326,51500,3.36,13.59,42270.54,89.79,6.71,2.609,3.52,8.82,8.03,0.13,-0.28,0,0,29.61,45627.01,6.16,21.148,6.51,6.51,30.56,1.2,0,0,218
7/22/2026 22:33,218,72326,53000,4.26,17.19,42268.85,106.99,8,2.529,3.47,8.67,8.04,0.16,-0.24,0,0,29.62,45638.68,6.16,21.134,6.54,6.54,30.44,1.2,0,0,219
7/22/2026 22:48,219,72326,54500,3.46,13.99,42275.04,105.45,7.88,2.442,3.58,9.01,8.03,0.13,-0.28,0,0,29.62,45632.7,6.16,21.148,6.27,6.27,30.44,1.2,0,0,220
7/22/2026 23:03,220,72326,60000,3.87,15.61,42290.05,107.71,8.05,2.338,3.51,8.79,8.03,0.12,-0.28,0,0,29.62,45637.57,6.16,21.16,6.4,6.4,30.43,1.19,0,0,221
7/22/2026 23:18,221,72326,61500,4.01,16.19,42278.88,102.3,7.65,2.244,3.54,8.87,8.02,0.15,-0.25,0,0,29.61,45626.48,6.16,21.159,6.11,6.11,30.43,1.19,0,0,222
7/22/2026 23:33,222,72326,63000,4.38,17.66,42372.53,111.13,8.29,2.166,3.25,8,8.08,0.16,-0.25,0,0,29.63,45652.59,6.16,21.238,5.57,5.57,31.86,1.2,0,0,223
7/22/2026 23:48,223,72326,64500,5.44,21.95,42549.09,117,8.7,2.068,3.45,8.61,8.13,0.23,-0.18,0,0,29.64,45674.95,6.16,21.417,5.14,5.14,31.86,1.2,0,0,224
7/23/2026 0:03,224,72326,70000,5.84,23.57,42576.92,118.11,8.78,1.999,3.6,9.07,8.14,0.22,-0.19,0,0,29.64,45668.84,6.16,21.455,4.97,4.97,32,1.19,0,0,225
7/23/2026 0:18,225,72326,71500,5.89,23.78,42607.91,117.57,8.73,1.932,3.59,9.04,8.15,0.22,-0.18,0,0,29.64,45670.14,6.16,21.489,4.85,4.85,32,1.19,0,0,226
7/23/2026 0:33,226,72326,73000,5.32,21.46,42591.87,117.55,8.73,1.855,3.6,9.05,8.14,0.19,-0.21,0,0,29.64,45667.44,6.16,21.474,5.04,5.04,28.51,1.2,0,0,227
7/23/2026 0:48,227,72326,74500,5.6,22.58,42603.74,117.77,8.75,1.79,3.66,9.25,8.14,0.21,-0.19,0,0,29.64,45673.64,6.16,21.481,5.2,5.2,28.51,1.2,0,0,228
7/23/2026 1:03,228,72326,80000,5.26,21.22,42571.48,117.71,8.75,1.729,3.58,8.99,8.14,0.18,-0.23,0,0,29.63,45658.32,6.16,21.46,5.2,5.2,29.45,1.2,0,0,229
7/23/2026 1:18,229,72326,81500,5.3,21.4,42558.91,113.49,8.44,1.666,3.56,8.93,8.13,0.17,-0.23,0,0,29.64,45676.43,6.16,21.427,5.56,5.56,29.45,1.2,0,0,230
7/23/2026 1:33,230,72326,83000,5.52,22.27,42540.18,115.28,8.57,1.629,3.56,8.94,8.13,0.2,-0.2,0,0,29.63,45658.8,6.16,21.424,4.82,4.82,29.04,1.19,0,0,231
7/23/2026 1:48,231,72326,84500,5.06,20.42,42538.95,111.52,8.3,1.58,3.53,8.86,8.12,0.17,-0.23,0,0,29.63,45659.04,6.16,21.422,5.21,5.21,29.04,1.19,0,0,232
7/23/2026 2:03,232,72326,90000,4.38,17.68,42408.23,109.58,8.17,1.553,3.68,9.31,8.07,0.15,-0.26,0,0,29.63,45651.92,6.16,21.28,5.63,5.63,29.43,1.2,0,0,233
7/23/2026 2:18,233,72326,91500,4.16,16.79,42375.04,106.21,7.92,1.527,3.3,8.16,8.07,0.14,-0.26,0,0,29.61,45624.25,6.16,21.271,6.29,6.29,29.43,1.2,0,0,234
7/23/2026 2:33,234,72326,93000,4.06,16.38,42299.2,105.12,7.85,1.516,3.58,8.99,8.02,0.16,-0.24,0,0,29.61,45621.09,6.16,21.188,6.09,6.09,30.12,1.2,0,0,235
7/23/2026 2:48,235,72326,94500,3.31,13.36,42257.59,98.63,7.38,1.511,3.67,9.26,8.01,0.1,-0.3,0,0,29.61,45626.75,6.16,21.134,5.32,5.32,30.12,1.2,0,0,236
7/23/2026 3:03,236,72326,100000,4.08,16.46,42316.17,103.18,7.71,1.493,3.64,9.17,8.04,0.16,-0.24,0,0,29.62,45633.84,6.16,21.194,6.26,6.26,30.46,1.2,0,0,237
7/23/2026 3:18,237,72326,101500,3.64,14.68,42280.25,102.15,7.64,1.504,3.66,9.24,8.02,0.13,-0.27,0,0,29.61,45631.36,6.16,21.155,6.93,6.93,30.46,1.2,0,0,238
7/23/2026 3:33,238,72326,103000,3.68,14.87,42257.68,101.8,7.62,1.537,3.66,9.25,8.01,0.12,-0.28,0,0,29.63,45645.25,6.16,21.114,6.18,6.18,28.79,1.2,0,0,239
7/23/2026 3:48,239,72326,104500,4,16.14,42258.98,102.26,7.65,1.566,3.72,9.43,8.03,0.13,-0.27,0,0,29.62,45642.45,6.16,21.119,5.64,5.64,28.79,1.2,0,0,240
7/23/2026 4:03,240,72326,110000,3.55,14.33,42209.29,102.7,7.69,1.608,3.66,9.25,8.02,0.12,-0.28,0,0,29.61,45627.9,6.16,21.077,5.94,5.94,31.46,1.2,0,0,241
7/23/2026 4:18,241,72326,111500,3.23,13.06,42157.24,96.34,7.22,1.639,3.67,9.28,7.98,0.13,-0.28,0,0,29.61,45630.06,6.16,21.015,6.15,6.15,31.46,1.2,0,0,242
7/23/2026 4:33,242,72326,113000,3.64,14.71,42167.62,101.93,7.64,1.692,3.61,9.1,8.03,0.13,-0.27,0,0,29.61,45624.13,6.16,21.033,5.45,5.45,30.3,1.19,0,0,243
7/23/2026 4:48,243,72326,114500,3.63,14.64,42161.05,99.81,7.48,1.745,3.67,9.26,8.03,0.11,-0.29,0,0,29.62,45633.83,6.16,21.016,6.08,6.08,30.3,1.19,0,0,244
7/23/2026 5:03,244,72326,120000,3.47,14.01,42142.36,101.88,7.64,1.789,3.64,9.18,8.03,0.13,-0.28,0,0,29.62,45636.59,6.16,20.991,5.62,5.62,30.33,1.2,0,0,245
7/23/2026 5:18,245,72326,121500,3.22,13,42135.51,100.07,7.5,1.871,3.71,9.39,8.02,0.12,-0.29,0,0,29.62,45630.23,6.16,20.99,6.32,6.32,30.33,1.2,0,0,246
7/23/2026 5:33,246,72326,123000,3.12,12.61,42131.94,101.14,7.58,1.928,3.62,9.13,8.02,0.1,-0.3,0,0,29.62,45642.77,6.16,20.973,7.48,7.48,31.93,1.2,0,0,247
7/23/2026 5:48,247,72326,124500,3.1,12.51,42091.71,98.03,7.36,2.001,3.58,9,8.01,0.11,-0.3,0,0,29.62,45633.47,6.16,20.936,5.05,5.05,31.93,1.2,0,0,248
7/23/2026 6:03,248,72326,130000,3.27,13.21,42092.78,98.42,7.39,2.07,3.53,8.85,8.01,0.1,-0.3,0,0,29.62,45640.9,6.16,20.93,6.69,6.69,30.61,1.2,0,0,249
7/23/2026 6:18,249,72326,131500,3.3,13.32,42106.97,86.07,6.46,2.133,3.56,8.94,8.03,0.11,-0.3,0,0,29.62,45643,6.16,20.944,6.92,6.92,30.61,1.2,0,0,250
7/23/2026 6:33,250,72326,133000,2.64,10.68,42009.46,97.72,7.35,2.194,3.57,8.96,7.99,0.09,-0.32,0,0,29.64,45658.79,6.16,20.816,9.01,9.01,29.39,1.2,0,0,251
7/23/2026 6:48,251,72326,134500,2.62,10.58,42022.36,97.21,7.31,2.25,3.55,8.91,8,0.06,-0.34,0,0,29.62,45641.06,6.16,20.849,8,8,29.39,1.2,0,0,252
7/23/2026 7:03,252,72326,140000,2.61,10.56,42039.49,96.91,7.28,2.314,3.52,8.82,8,0.12,-0.29,0,0,29.63,45646.55,6.16,20.863,7.52,7.52,30.26,1.2,0,0,253
7/23/2026 7:18,253,72326,141500,2.55,10.3,42046.16,97.18,7.3,2.379,3.59,9.02,8,0.07,-0.34,0,0,29.63,45643.77,6.16,20.873,6.72,6.72,30.26,1.2,0,0,254
7/23/2026 7:33,254,72326,143000,3.77,15.23,42156.92,102.38,7.68,2.436,3.65,9.22,8.07,0.13,-0.27,0,0,29.64,45660.65,6.16,20.983,5.23,5.23,30.66,1.2,0,0,255
7/23/2026 7:48,255,72326,144500,3.01,12.16,42213.82,98.48,7.38,2.496,3.68,9.3,8.07,0.09,-0.31,0,0,29.64,45667.67,6.16,21.04,5.74,5.74,30.66,1.2,0,0,256
7/23/2026 8:03,256,72326,150000,2.84,11.49,42203.71,97.99,7.34,2.526,3.65,9.22,8.05,0.08,-0.33,0,0,29.64,45666.87,6.16,21.03,6.34,6.34,32.64,1.2,0,0,257
7/23/2026 8:18,257,72326,151500,2.85,11.52,42203.11,95.6,7.16,2.576,3.72,9.41,8.05,0.09,-0.31,0,0,29.64,45669.51,6.16,21.026,6.55,6.55,32.64,1.2,0,0,258
7/23/2026 8:33,258,72326,153000,2.29,9.27,42153.19,97.38,7.3,2.629,3.63,9.14,8.02,0.06,-0.35,0,0,29.63,45653.94,6.16,20.985,7.77,7.77,29.96,1.2,0,0,259
7/23/2026 8:48,259,72326,154500,2.34,9.45,42175.04,93.43,7,2.637,3.66,9.24,8.04,0.08,-0.33,0,0,29.64,45664.14,6.16,21,6.82,6.82,29.96,1.2,0,0,260
7/23/2026 9:03,260,72326,160000,1.93,7.82,42086.02,96.96,7.28,2.674,3.63,9.14,8.02,0.04,-0.37,0,0,29.63,45651.71,6.16,20.911,6.79,6.79,31.84,1.2,0,0,261
7/23/2026 9:18,261,72326,161500,1.95,7.9,42090.89,93.64,7.03,2.689,3.65,9.2,8.02,0.05,-0.36,0,0,29.63,45651.16,6.16,20.917,6.79,6.79,31.84,1.2,0,0,262
7/23/2026 9:33,262,72326,163000,2.36,9.55,42139.61,98.94,7.42,2.687,3.58,9.01,8.04,0.09,-0.31,0,0,29.64,45661.32,6.16,20.962,6.02,6.02,30.73,1.2,0,0,263
7/23/2026 9:48,263,72326,164500,2.29,9.27,42135.47,97.76,7.33,2.701,3.67,9.27,8.04,0.04,-0.37,0,0,29.64,45658.75,6.16,20.96,5.56,5.56,30.73,1.2,0,0,264
7/23/2026 10:03,264,72326,170000,1.86,7.54,42109.14,95.39,7.16,2.689,3.64,9.17,8.03,0.05,-0.36,0,0,29.63,45656.73,6.16,20.932,6.53,6.53,29.91,1.19,0,0,265
7/23/2026 10:18,265,72326,171500,1.75,7.1,42054.71,95.78,7.2,2.672,3.71,9.38,8.03,0.07,-0.33,0,0,29.63,45652.63,6.16,20.874,8.27,8.27,29.91,1.19,0,0,266
7/23/2026 10:33,266,72326,173000,1.53,6.22,41992.13,96.65,7.27,2.671,3.66,9.23,8.02,0.04,-0.37,0,0,29.63,45650.08,6.16,20.805,6.39,6.39,32.25,1.19,0,0,267
7/23/2026 10:48,267,72326,174500,1.52,6.17,42012.93,94.5,7.11,2.632,3.64,9.19,8.02,0.02,-0.38,0,0,29.63,45655,6.16,20.823,6.75,6.75,32.25,1.19,0,0,268
7/23/2026 11:03,268,72326,180000,1.44,5.84,42021.49,94.77,7.13,2.613,3.58,9,8.02,0.04,-0.37,0,0,29.64,45655.96,6.16,20.832,6.51,6.51,30.5,1.19,0,0,269
7/23/2026 11:18,269,72326,181500,1.49,6.04,41982.83,95.7,7.2,2.574,3.59,9.04,8.02,0.02,-0.38,0,0,29.63,45642.32,6.16,20.802,6.56,6.56,30.5,1.19,0,0,270
7/23/2026 11:33,270,72326,183000,1.57,6.36,41987.3,97,7.3,2.549,3.66,9.24,8.02,0.05,-0.35,0,0,29.64,45655.48,6.16,20.793,7.16,7.16,31.63,1.2,0,0,271
7/23/2026 11:48,271,72326,184500,1.65,6.69,41983.07,98.64,7.42,2.503,3.66,9.25,8.02,0.05,-0.36,0,0,29.63,45653.87,6.16,20.79,5.78,5.78,31.63,1.2,0,0,272
7/23/2026 12:03,272,72326,190000,2.24,9.07,42023.38,102.7,7.72,2.486,3.63,9.15,8.05,0.08,-0.32,0,0,29.64,45660,6.16,20.83,4.7,4.7,29.92,1.2,0,0,273
7/23/2026 12:18,273,72326,191500,1.77,7.18,42021.64,99.02,7.44,2.444,3.65,9.21,8.03,0.06,-0.35,0,0,29.63,45654.46,6.16,20.834,5.21,5.21,29.92,1.2,0,0,274
7/23/2026 12:33,274,72326,193000,1.75,7.1,41955.04,97.99,7.38,2.418,3.62,9.12,8.02,0.04,-0.37,0,0,29.62,45637.15,6.16,20.776,5.69,5.69,30.38,1.2,0,0,275
7/23/2026 12:48,275,72326,194500,2.17,8.78,42070.32,99.02,7.44,2.381,3.61,9.09,8.04,0.08,-0.33,0,0,29.63,45652.59,6.16,20.892,5.61,5.61,30.38,1.2,0,0,276
7/23/2026 13:03,276,72326,200000,2.23,9.03,42079.85,102.1,7.67,2.341,3.57,8.96,8.04,0.08,-0.33,0,0,29.63,45652.3,6.16,20.903,5.44,5.44,30.3,1.19,0,0,277
7/23/2026 13:18,277,72326,201500,1.57,6.35,41966.79,99.03,7.45,2.317,3.68,9.3,8.02,0.04,-0.36,0,0,29.61,45627.61,6.16,20.799,6.27,6.27,30.3,1.19,0,0,278
7/23/2026 13:33,278,72326,203000,2.93,11.84,42165.93,109.23,8.19,2.3,3.67,9.28,8.07,0.11,-0.29,0,0,29.62,45642.46,6.16,21.012,5.28,5.28,30.19,1.19,0,0,279
7/23/2026 13:48,279,72326,204500,2.77,11.18,42168.13,105.2,7.88,2.307,3.68,9.29,8.06,0.11,-0.29,0,0,29.63,45647.32,6.16,21.009,5.82,5.82,30.19,1.19,0,0,280
7/23/2026 14:03,280,72326,210000,3.01,12.15,42422.11,111.76,8.33,2.297,3.59,9.04,8.09,0.16,-0.25,0,0,29.63,45659.23,6.16,21.288,4.93,4.93,32.52,1.2,0,0,281
7/23/2026 14:18,281,72326,211500,2.39,9.66,42367.15,103.11,7.7,2.3,3.64,9.17,8.08,0.09,-0.32,0,0,29.64,45665.38,6.16,21.219,6.09,6.09,32.52,1.2,0,0,282
7/23/2026 14:33,282,72326,213000,2.85,11.52,42301.17,109.06,8.15,2.311,3.6,9.05,8.06,0.09,-0.32,0,0,29.63,45658.48,6.16,21.15,5.33,5.33,30.6,1.21,0,0,283
7/23/2026 14:48,283,72326,214500,2.95,11.93,42376.72,111.25,8.3,2.324,3.54,8.89,8.08,0.11,-0.3,0,0,29.63,45648.63,6.16,21.247,6.1,6.1,30.6,1.21,0,0,284
7/23/2026 15:03,284,72326,220000,2.91,11.78,42412.33,111.5,8.32,2.34,3.56,8.94,8.07,0.12,-0.29,0,0,29.63,45655.49,6.16,21.281,5.7,5.7,30.56,1.2,0,0,285
7/23/2026 15:18,285,72326,221500,3.58,14.47,42632.14,115.11,8.55,2.377,3.34,8.29,8.1,0.17,-0.24,0,0,29.64,45675.9,6.16,21.511,5.79,5.79,30.56,1.2,0,0,286
7/23/2026 15:33,286,72326,223000,3.33,13.44,42633.44,114.57,8.51,2.4,3.54,8.87,8.1,0.14,-0.26,0,0,29.64,45668.86,6.16,21.52,6.08,6.08,30.2,1.19,0,0,287
7/23/2026 15:48,287,72326,224500,3.03,12.23,42696.56,119.82,8.88,2.449,3.55,8.9,8.11,0.12,-0.29,0,0,29.63,45659.34,6.16,21.603,5.55,5.55,30.2,1.19,0,0,288
7/23/2026 16:03,288,72326,230000,3.15,12.72,42633.86,118.94,8.83,2.498,3.46,8.64,8.1,0.12,-0.28,0,0,29.63,45654.97,6.16,21.535,7.29,7.29,30.08,1.19,0,0,289
7/23/2026 16:18,289,72326,231500,2.95,11.9,42724.36,117.67,8.72,2.539,3.5,8.77,8.1,0.12,-0.29,0,0,29.63,45661.79,6.16,21.632,7.33,7.33,30.08,1.19,0,0,290
7/23/2026 16:33,290,72326,233000,3.41,13.78,42652.98,114.65,8.51,2.607,3.44,8.57,8.07,0.14,-0.26,0,0,29.62,45644.36,6.16,21.569,6.67,6.67,30.38,1.2,0,0,291
7/23/2026 16:48,291,72326,234500,3.41,13.77,42617.03,112.69,8.37,2.661,3.51,8.78,8.06,0.14,-0.27,0,0,29.62,45641.56,6.16,21.531,7.62,7.62,30.38,1.2,0,0,292
7/23/2026 17:03,292,72426,0,3.33,13.45,42674.89,114.56,8.5,2.74,3.55,8.91,8.06,0.14,-0.27,0,0,29.62,45642.35,6.16,21.596,6.92,6.92,29.91,1.19,0,0,293
7/23/2026 17:18,293,72426,1500,2.86,11.57,42697.13,115.04,8.53,2.784,3.5,8.77,8.07,0.13,-0.28,0,0,29.61,45630.8,6.16,21.634,7.09,7.09,29.91,1.19,0,0,294
7/23/2026 17:33,294,72426,3000,3.09,12.48,42658.21,116.56,8.65,2.854,3.55,8.92,8.06,0.14,-0.27,0,0,29.61,45635.03,6.16,21.585,6.55,6.55,30,1.19,0,0,295
7/23/2026 17:48,295,72426,4500,3.17,12.79,42684.7,113.69,8.43,2.903,3.52,8.82,8.07,0.12,-0.28,0,0,29.61,45636.46,6.16,21.614,6.27,6.27,30,1.19,0,0,296
7/23/2026 18:03,296,72426,10000,3.64,14.7,42726.87,118.93,8.81,2.965,3.55,8.92,8.09,0.12,-0.28,0,0,29.61,45638.49,6.16,21.66,6.2,6.2,30.57,1.2,0,0,297
7/23/2026 18:18,297,72426,11500,3.48,14.06,42739.98,117.9,8.73,3.01,3.56,8.93,8.08,0.12,-0.29,0,0,29.61,45636.43,6.16,21.677,6.2,6.2,30.57,1.2,0,0,298
7/23/2026 18:33,298,72426,13000,3.14,12.68,42569.09,113.63,8.44,3.063,3.65,9.2,8.06,0.13,-0.27,0,0,29.61,45624.09,6.16,21.494,6.98,6.98,30.97,1.2,0,0,299
7/23/2026 18:48,299,72426,14500,3.2,12.92,42553.82,110.5,8.21,3.117,3.52,8.82,8.05,0.14,-0.26,0,0,29.59,45603.05,6.16,21.499,6.17,6.17,30.97,1.2,0,0,300
7/23/2026 19:03,300,72426,20000,3.28,13.23,42486.63,112.5,8.37,3.15,3.2,7.87,8.05,0.13,-0.28,0,0,29.6,45615.8,6.16,21.408,6.2,6.2,30.66,1.2,0,0,301
7/23/2026 19:18,301,72426,21500,3.88,15.67,42592.56,113.17,8.4,3.174,3.48,8.7,8.07,0.15,-0.25,0,0,29.61,45627.35,6.16,21.518,6,6,30.66,1.2,0,0,302
7/23/2026 19:33,302,72426,23000,3.49,14.08,42359.26,111.2,8.3,3.212,3.28,8.11,8.03,0.14,-0.26,0,0,29.59,45604.11,6.16,21.275,7.54,7.54,30.45,1.19,0,0,303
7/23/2026 19:48,303,72426,24500,3.53,14.25,42298.7,108.28,8.09,3.244,3.43,8.56,8.03,0.16,-0.24,0,0,29.59,45602.22,6.16,21.207,6.66,6.66,30.45,1.19,0,0,304
7/23/2026 20:03,304,72426,30000,4.41,17.79,42338.29,109.51,8.17,3.247,3.52,8.83,8.04,0.19,-0.22,0,0,29.6,45610.09,6.16,21.244,6.19,6.19,32.44,1.2,0,0,305
7/23/2026 20:18,305,72426,31500,4.3,17.38,42300.79,111.21,8.31,3.263,3.33,8.24,8.04,0.16,-0.24,0,0,29.59,45605.52,6.16,21.206,5.78,5.78,32.44,1.2,0,0,306
7/23/2026 20:33,306,72426,33000,3.81,15.38,42279.73,108.81,8.13,3.256,3.43,8.56,8.03,0.14,-0.26,0,0,29.59,45598.31,6.16,21.19,6.58,6.58,32.28,1.2,0,0,307
7/23/2026 20:48,307,72426,34500,4.66,18.81,42342.45,109.54,8.18,3.227,3.47,8.68,8.05,0.19,-0.21,0,0,29.61,45628.56,6.16,21.229,5.47,5.47,32.28,1.2,0,0,308
7/23/2026 21:03,308,72426,40000,4.26,17.21,42387.45,110.37,8.23,3.201,3.82,9.72,8.05,0.18,-0.23,0,0,29.61,45620.91,6.16,21.289,6.35,6.35,30.34,1.2,0,0,309
7/23/2026 21:18,309,72426,41500,3.93,15.88,42424.5,110.94,8.27,3.166,3.7,9.35,8.05,0.15,-0.25,0,0,29.6,45616.74,6.16,21.336,6.14,6.14,30.34,1.2,0,0,310
7/23/2026 21:33,310,72426,43000,3.55,14.36,42347.9,107.96,8.06,3.111,3.17,7.78,8.03,0.11,-0.29,0,0,29.59,45603.69,6.17,21.262,6.37,6.37,30.59,1.2,0,0,311
7/23/2026 21:48,311,72426,44500,3.65,14.74,42204.63,98.04,7.33,3.048,3.54,8.88,8,0.15,-0.26,0,0,29.58,45578.43,6.16,21.124,6.93,6.93,30.59,1.2,0,0,312
7/23/2026 22:03,312,72426,50000,3.83,15.48,42188.21,103.7,7.76,2.984,3.55,8.9,8,0.15,-0.25,0,0,29.58,45581.1,6.16,21.103,6.74,6.74,30.09,1.19,0,0,313
7/23/2026 22:18,313,72426,51500,3.73,15.06,42151.01,88.97,6.66,2.881,3.53,8.86,8,0.12,-0.28,0,0,29.57,45576,6.16,21.065,6.58,6.58,30.09,1.19,0,0,314
7/23/2026 22:33,314,72426,53000,3.67,14.81,42115.64,102.1,7.65,2.807,3.48,8.69,7.99,0.18,-0.22,0,0,29.57,45573.07,6.16,21.028,6.78,6.78,30.48,1.19,0,0,315
7/23/2026 22:48,315,72426,54500,3.45,13.95,42112.79,102.17,7.66,2.716,3.52,8.83,7.99,0.13,-0.28,0,0,29.57,45571.95,6.16,21.026,6.85,6.85,30.48,1.19,0,0,316
7/23/2026 23:03,316,72426,60000,3.15,12.74,42097.77,101.09,7.58,2.621,3.59,9.04,7.98,0.1,-0.3,0,0,29.58,45575.91,6.16,21.004,6.81,6.81,31.99,1.2,0,0,317
7/23/2026 23:18,317,72426,61500,3.22,13.01,42101.74,95.35,7.15,2.521,3.65,9.2,7.99,0.11,-0.29,0,0,29.58,45579.68,6.16,21.005,6.32,6.32,31.99,1.2,0,0,318
7/23/2026 23:33,318,72426,63000,3.47,14.02,42099.46,102.38,7.68,2.434,3.54,8.88,8,0.14,-0.27,0,0,29.58,45580.36,6.16,21.002,6.1,6.1,30,1.2,0,0,319
7/23/2026 23:48,319,72426,64500,3.68,14.86,42138.73,93.21,6.98,2.322,3.63,9.16,8.01,0.13,-0.27,0,0,29.59,45597,6.16,21.029,6.13,6.13,30,1.2,0,0,320
7/24/2026 0:03,320,72426,70000,3.21,12.97,42103.31,100.6,7.54,2.218,3.64,9.17,7.99,0.1,-0.3,0,0,29.58,45585.28,6.16,21.001,6.01,6.01,30.14,1.19,0,0,321
7/24/2026 0:18,321,72426,71500,3.13,12.64,42101.81,99.41,7.45,2.123,3.61,9.09,8,0.11,-0.29,0,0,29.58,45582.83,6.16,21.002,5.78,5.78,30.14,1.19,0,0,322
7/24/2026 0:33,322,72426,73000,3.19,12.88,42111.21,98.98,7.42,2.025,3.52,8.82,7.99,0.12,-0.28,0,0,29.59,45591.03,6.16,21.004,6.52,6.52,29.84,1.2,0,0,323
7/24/2026 0:48,323,72426,74500,3.29,13.29,42094.97,89.54,6.71,1.944,3.6,9.06,8,0.13,-0.28,0,0,29.58,45587.02,6.16,20.989,5.92,5.92,29.84,1.2,0,0,324
7/24/2026 1:03,324,72426,80000,3.26,13.17,42074.54,100.91,7.57,1.872,3.82,9.73,8,0.1,-0.3,0,0,29.58,45585.11,6.17,20.968,7.29,7.29,30.47,1.2,0,0,325
7/24/2026 1:18,325,72426,81500,3.51,14.17,42150.57,100.59,7.54,1.785,3.74,9.46,8.01,0.14,-0.26,0,0,29.59,45597.99,6.17,21.042,5.79,5.79,30.47,1.2,0,0,326
7/24/2026 1:33,326,72426,83000,3.54,14.28,42197.97,101.53,7.6,1.716,3.68,9.3,8.02,0.12,-0.28,0,0,29.6,45616.17,6.16,21.077,5.39,5.39,30.38,1.2,0,0,327
7/24/2026 1:48,327,72426,84500,3.5,14.11,42208.71,99.38,7.44,1.653,3.7,9.35,8.01,0.12,-0.29,0,0,29.6,45610.51,6.16,21.095,5.21,5.21,30.38,1.2,0,0,328
7/24/2026 2:03,328,72426,90000,3.44,13.9,42188.33,100.69,7.54,1.573,3.67,9.26,8.02,0.1,-0.3,0,0,29.61,45621.27,6.16,21.06,5.46,5.46,29.87,1.19,0,0,329
7/24/2026 2:18,329,72426,91500,3.15,12.73,42133.87,98.67,7.39,1.518,3.79,9.64,8.01,0.1,-0.31,0,0,29.58,45588.25,6.16,21.033,5.22,5.22,29.87,1.19,0,0,330
7/24/2026 2:33,330,72426,93000,3.38,13.65,42152.86,99.4,7.45,1.469,3.75,9.51,8.02,0.13,-0.28,0,0,29.6,45613.47,6.16,21.028,5.6,5.6,30.29,1.19,0,0,331
7/24/2026 2:48,331,72426,94500,3.22,13.02,42138.08,90.23,6.76,1.432,3.7,9.37,8.01,0.11,-0.29,0,0,29.59,45597.8,6.16,21.028,5.52,5.52,30.29,1.19,0,0,332
7/24/2026 3:03,332,72426,100000,3.48,14.07,42150.79,100.63,7.54,1.401,3.69,9.34,8.03,0.13,-0.28,0,0,29.6,45605.55,6.16,21.034,5.46,5.46,32.4,1.19,0,0,333
7/24/2026 3:18,333,72426,101500,3.82,15.44,42232.78,101.82,7.62,1.383,3.69,9.32,8.05,0.14,-0.26,0,0,29.61,45622.86,6.16,21.11,5.45,5.45,32.4,1.19,0,0,334
7/24/2026 3:33,334,72426,103000,4.06,16.39,42245.36,103.08,7.71,1.371,3.74,9.48,8.06,0.12,-0.28,0,0,29.61,45629.48,6.16,21.117,5.38,5.38,30.45,1.2,0,0,335
7/24/2026 3:48,335,72426,104500,3.55,14.32,42235.53,94.6,7.08,1.35,3.71,9.4,8.04,0.11,-0.29,0,0,29.61,45625.15,6.16,21.11,5.42,5.42,30.45,1.2,0,0,336
7/24/2026 4:03,336,72426,110000,3.95,15.96,42231.18,100.94,7.55,1.352,3.69,9.34,8.03,0.14,-0.26,0,0,29.61,45627.98,6.16,21.102,5.97,5.97,30.54,1.2,0,0,337
7/24/2026 4:18,337,72426,111500,3.8,15.36,42227.22,100.89,7.55,1.369,3.7,9.37,8.02,0.14,-0.26,0,0,29.59,45597.39,6.16,21.13,4.11,4.11,30.54,1.2,0,0,338
7/24/2026 4:33,338,72426,113000,4.08,16.45,42189.97,98.23,7.35,1.379,3.76,9.53,8.03,0.14,-0.27,0,0,29.59,45597.14,6.16,21.088,5.37,5.37,30.51,1.19,0,0,339
7/24/2026 4:48,339,72426,114500,3.84,15.52,42208.21,96.44,7.21,1.427,3.79,9.64,8.04,0.14,-0.26,0,0,29.58,45589.06,6.16,21.117,5.21,5.21,30.51,1.19,0,0,340
7/24/2026 5:03,340,72426,120000,3.9,15.73,42234.92,95.57,7.15,1.472,3.83,9.76,8.04,0.15,-0.26,0,0,29.6,45615.76,6.16,21.12,5.79,5.79,29.6,1.19,0,0,341
7/24/2026 5:18,341,72426,121500,4.68,18.87,42231.41,94.81,7.09,1.507,3.48,8.69,8.03,0.13,-0.27,0,0,29.59,45591.52,6.16,21.141,4.86,4.86,29.6,1.19,0,0,342
7/24/2026 5:33,342,72426,123000,2.38,9.61,42157.39,89.08,6.67,1.563,3.98,10.19,7.99,0.07,-0.33,0,0,29.58,45586.98,6.16,21.061,5.06,5.06,32.66,1.19,0,0,343
7/24/2026 5:48,343,72426,124500,3.16,12.78,42182.25,88.57,6.63,1.617,3.72,9.42,8.01,0.09,-0.31,0,0,29.59,45596.55,6.16,21.08,4.93,4.93,32.66,1.19,0,0,344
7/24/2026 6:03,344,72426,130000,2.32,9.38,42137.29,88.12,6.6,1.678,3.72,9.42,7.98,0.04,-0.36,0,0,29.58,45581.62,6.16,21.044,4.85,4.85,29.62,1.19,0,0,345
7/24/2026 6:18,345,72426,131500,1.7,6.87,42063.83,85.04,6.38,1.761,3.72,9.42,7.95,0.03,-0.38,0,0,29.57,45574.07,6.16,20.967,4.28,4.28,29.62,1.19,0,0,346
7/24/2026 6:33,346,72426,133000,2.54,10.28,42105.73,93.44,7.01,1.828,3.75,9.52,7.99,0.09,-0.31,0,0,29.59,45597.01,6.16,20.991,5.65,5.65,29.37,1.19,0,0,347
7/24/2026 6:48,347,72426,134500,1.96,7.95,41997.23,87.18,6.55,1.904,3.58,8.99,7.94,0.06,-0.35,0,0,29.58,45581.74,6.16,20.883,6.56,6.56,29.37,1.19,0,0,348
7/24/2026 7:03,348,72426,140000,1.44,5.85,42018.3,83.44,6.27,1.969,3.57,8.97,7.92,0.02,-0.38,0,0,29.59,45590.64,6.16,20.898,5.59,5.59,30.44,1.2,0,0,349
7/24/2026 7:18,349,72426,141500,1.34,5.43,41904.68,82.91,6.24,2.044,3.58,9.01,7.9,0.02,-0.39,0,0,29.58,45581.94,6.17,20.776,6.14,6.14,30.44,1.2,0,0,350
7/24/2026 7:33,350,72426,143000,1.24,5.04,41923.8,81.73,6.15,2.121,3.62,9.12,7.9,0.04,-0.36,0,0,29.58,45580.13,6.16,20.8,5.84,5.84,29.88,1.2,0,0,351
7/24/2026 7:48,351,72426,144500,1.15,4.68,41864.59,81.77,6.16,2.189,3.64,9.18,7.89,0,-0.4,0,0,29.57,45564.95,6.16,20.748,5.66,5.66,29.88,1.2,0,0,352
7/24/2026 8:03,352,72426,150000,1.2,4.86,41823.08,83.61,6.3,2.259,3.34,8.29,7.89,0.01,-0.39,0,0,29.58,45577.79,6.17,20.687,6.25,6.25,28.95,1.19,0,0,353
7/24/2026 8:18,353,72426,151500,1.22,4.95,41730.43,81.66,6.17,2.336,3.31,8.2,7.89,0.04,-0.37,0,0,29.57,45561.81,6.16,20.597,6.34,6.34,28.95,1.19,0,0,354
7/24/2026 8:33,354,72426,153000,1.11,4.49,41725.47,81.69,6.17,2.389,3.25,8,7.86,0.02,-0.38,0,0,29.57,45558.55,6.16,20.595,7.6,7.6,29.85,1.19,0,0,355
7/24/2026 8:48,355,72426,154500,1.42,5.75,41801.86,84.7,6.39,2.444,3.35,8.32,7.9,0.03,-0.37,0,0,29.58,45579.03,6.16,20.661,6.49,6.49,29.85,1.19,0,0,356
7/24/2026 9:03,356,72426,160000,1.43,5.81,41870.73,86.28,6.5,2.498,3.68,9.29,7.91,0.03,-0.38,0,0,29.59,45587.84,6.17,20.731,7.31,7.31,30,1.2,0,0,357
7/24/2026 9:18,357,72426,161500,1.73,7.01,41895.96,88,6.63,2.547,3.82,9.71,7.94,0.06,-0.35,0,0,29.59,45589.66,6.16,20.758,6.86,6.86,30,1.2,0,0,358
7/24/2026 9:33,358,72426,163000,1.57,6.36,41915.21,93.83,7.06,2.586,3.88,9.9,7.96,0.07,-0.33,0,0,29.59,45596.56,6.16,20.773,6.5,6.5,30.06,1.2,0,0,359
7/24/2026 9:48,359,72426,164500,1.52,6.15,41948.3,94.7,7.12,2.632,3.54,8.87,7.96,0.03,-0.38,0,0,29.58,45583.07,6.17,20.825,6.65,6.65,30.06,1.2,0,0,360
7/24/2026 10:03,360,72426,170000,2.08,8.39,42212.89,100.09,7.49,2.666,3.65,9.2,7.98,0.09,-0.32,0,0,29.58,45588.95,6.16,21.123,5.44,5.44,30.36,1.19,0,0,361
7/24/2026 10:18,361,72426,171500,1.9,7.7,42154.44,98.8,7.4,2.694,3.77,9.56,7.98,0.08,-0.32,0,0,29.55,45543.54,6.16,21.104,4.75,4.75,30.36,1.19,0,0,362
7/24/2026 10:33,362,72426,173000,2.22,8.97,42211.71,98.69,7.37,2.701,3.89,9.92,7.98,0.1,-0.3,0,0,29.52,45504.52,6.17,21.211,4.7,4.7,32.44,1.19,0,0,363
7/24/2026 10:48,363,72426,174500,1.54,6.23,42255.67,97.79,7.3,2.707,3.84,9.79,7.97,0.06,-0.34,0,0,29.53,45521,6.17,21.244,4.52,4.52,32.44,1.19,0,0,364
7/24/2026 11:03,364,72426,180000,1.82,7.37,42397.64,100.91,7.52,2.695,3.64,9.18,8.03,0.05,-0.35,0,0,29.61,45628.68,6.16,21.293,4.72,4.72,30.45,1.19,0,0,365
7/24/2026 11:18,365,72426,181500,1.66,6.73,42377.23,99.32,7.4,2.698,3.77,9.57,8.01,0.06,-0.34,0,0,29.58,45586.43,6.16,21.314,5.01,5.01,30.45,1.19,0,0,366
7/24/2026 11:33,366,72426,183000,1.84,7.46,42431.09,101.38,7.55,2.69,4.04,10.39,8.03,0.06,-0.34,0,0,29.6,45608.25,6.16,21.353,4.86,4.86,30.3,1.19,0,0,367
7/24/2026 11:48,367,72426,184500,1.63,6.6,42303.52,99.64,7.44,2.663,3.65,9.22,8.01,0.07,-0.34,0,0,29.6,45609.23,6.16,21.205,5.41,5.41,30.3,1.19,0,0,368
7/24/2026 12:03,368,72426,190000,1.7,6.87,42262.79,99.41,7.43,2.656,3.64,9.18,8,0.06,-0.34,0,0,29.59,45601.59,6.17,21.167,6.04,6.04,29.44,1.2,0,0,369
7/24/2026 12:18,369,72426,191500,1.79,7.23,42388.17,101.12,7.54,2.618,3.78,9.6,8.02,0.07,-0.33,0,0,29.6,45615.63,6.16,21.296,4.84,4.84,29.44,1.2,0,0,370
7/24/2026 12:33,370,72426,193000,1.84,7.43,42461.87,102.96,7.67,2.565,3.77,9.58,8.03,0.05,-0.35,0,0,29.6,45620.33,6.17,21.375,4.88,4.88,32.94,1.19,0,0,371
7/24/2026 12:48,371,72426,194500,1.63,6.61,42419.51,102.94,7.67,2.529,3.63,9.15,8.03,0.04,-0.37,0,0,29.58,45585.38,6.16,21.364,4.99,4.99,32.94,1.19,0,0,372
7/24/2026 13:03,372,72426,200000,1.86,7.53,42116.65,99.33,7.45,2.493,3.64,9.19,7.99,0.03,-0.37,0,0,29.58,45587.86,6.16,21.013,5.59,5.59,30.59,1.2,0,0,373
7/28/2026 9:18,741,72826,161500,1.02,4.13,42324.88,90.46,6.76,1.731,4.28,11.1,8.04,0.01,-0.39,0,0,29.67,45702.54,6.17,21.131,6.72,6.72,30.22,1.19,0,0,742
7/28/2026 9:33,742,72826,163000,1.05,4.25,42328.44,92.39,6.91,1.829,4.26,11.03,8.03,0.04,-0.36,0,0,29.67,45704.39,6.17,21.133,5.33,5.33,30.4,1.19,0,0,743
7/28/2026 9:48,743,72826,164500,1,4.08,42324.21,83.11,6.21,1.928,4.23,10.95,7.98,0.01,-0.4,0,0,29.66,45695.29,6.17,21.138,4.91,4.91,30.4,1.19,0,0,744
7/28/2026 10:03,744,72826,170000,0.95,3.85,42327.86,81,6.06,2.013,4.27,11.07,7.96,0.03,-0.38,0,0,29.66,45698.29,6.17,21.139,4.87,4.87,30.08,1.19,0,0,745
7/28/2026 10:18,745,72826,171500,0.91,3.72,42326.88,81.3,6.08,2.12,4.36,11.34,7.96,0,-0.41,0,0,29.66,45694.31,6.18,21.142,4.65,4.65,30.08,1.19,0,0,746
7/28/2026 10:33,746,72826,173000,0.91,3.71,42327.68,82.9,6.2,2.211,4.18,10.8,7.98,-0.01,-0.41,0,0,29.66,45699.13,6.17,21.137,5.7,5.7,32.81,1.2,0,0,747
7/28/2026 10:48,747,72826,174500,0.85,3.45,42267.07,86.6,6.48,2.3,4.27,11.07,7.98,0.01,-0.4,0,0,29.67,45707.93,6.17,21.059,7.14,7.14,32.81,1.2,0,0,748
7/28/2026 11:03,748,72826,180000,1.18,4.77,42232.77,97.79,7.33,2.376,4.09,10.53,8.02,0.02,-0.38,0,0,29.68,45722.08,6.18,21.004,7.42,7.42,30.49,1.2,0,0,749
7/28/2026 11:18,749,72826,181500,1.21,4.91,42238.43,96.99,7.27,2.456,4.11,10.6,8.02,0.05,-0.35,0,0,29.68,45713.9,6.17,21.02,7.08,7.08,30.49,1.2,0,0,750
7/28/2026 11:33,750,72826,183000,1.19,4.81,42298.28,96.36,7.21,2.528,4.16,10.74,8.03,0.04,-0.37,0,0,29.68,45718.34,6.17,21.083,6.57,6.57,29.68,1.19,0,0,751
7/28/2026 11:48,751,72826,184500,1.53,6.2,42424.51,100.83,7.52,2.604,4.55,11.91,8.06,0.08,-0.32,0,0,29.67,45705.66,6.17,21.241,5.59,5.59,29.68,1.19,0,0,752
7/28/2026 12:03,752,72826,190000,1.82,7.35,42617.15,103.93,7.72,2.664,4.14,10.68,8.06,0.09,-0.32,0,0,29.66,45704.42,6.17,21.463,4.35,4.35,33.02,1.19,0,0,753
7/28/2026 12:18,753,72826,191500,1.7,6.9,42496.64,108.23,8.06,2.72,3.8,9.65,8.08,0.07,-0.34,0,0,29.67,45717.31,6.17,21.312,5.09,5.09,33.02,1.19,0,0,754
7/28/2026 12:33,754,72826,193000,1.83,7.39,42639.05,111.42,8.28,2.756,4.08,10.49,8.09,0.08,-0.33,0,0,29.67,45711.22,6.17,21.481,5.68,5.68,30.6,1.19,0,0,755
7/28/2026 12:48,755,72826,194500,1.85,7.48,42733.68,109.93,8.15,2.791,4.07,10.47,8.08,0.08,-0.33,0,0,29.67,45718.95,6.18,21.581,5.05,5.05,30.6,1.19,0,0,756
7/28/2026 13:03,756,72826,200000,2.2,8.89,42734.82,113.07,8.38,2.817,4.02,10.31,8.09,0.1,-0.3,0,0,29.67,45708.67,6.18,21.593,5.47,5.47,30.33,1.2,0,0,757
7/28/2026 13:18,757,72826,201500,2.27,9.19,42804.14,117.3,8.68,2.841,4.1,10.56,8.11,0.11,-0.3,0,0,29.67,45716.57,6.18,21.665,5.06,5.06,30.33,1.2,0,0,758
7/28/2026 13:33,758,72826,203000,2.57,10.4,42813.41,114.56,8.48,2.855,4.09,10.52,8.09,0.11,-0.29,0,0,29.67,45711.16,6.18,21.681,5.11,5.11,30.64,1.2,0,0,759
7/28/2026 13:48,759,72826,204500,2.82,11.4,42900.48,110.7,8.18,2.846,4.08,10.49,8.11,0.12,-0.29,0,0,29.67,45716.57,6.17,21.775,4.7,4.7,30.64,1.2,0,0,760
7/28/2026 14:03,760,72826,210000,1.81,7.35,42629.21,111.76,8.3,2.841,4.11,10.6,8.07,0.06,-0.34,0,0,29.67,45706.42,6.17,21.475,5.66,5.66,30.9,1.19,0,0,761
7/28/2026 14:18,761,72826,211500,1.77,7.15,42579.96,106.99,7.96,2.813,4.06,10.45,8.06,0.05,-0.36,0,0,29.66,45701.41,6.17,21.424,6.11,6.11,30.9,1.19,0,0,762
7/28/2026 14:33,762,72826,213000,1.7,6.9,42543.64,109.16,8.12,2.767,4.18,10.81,8.05,0.05,-0.35,0,0,29.65,45689.99,6.17,21.395,5.95,5.95,30.03,1.2,0,0,763
7/28/2026 14:48,763,72826,214500,1.8,7.28,42560.09,106.8,7.94,2.726,4.03,10.35,8.04,0.06,-0.34,0,0,29.66,45694.26,6.17,21.409,6.52,6.52,30.03,1.2,0,0,764
7/28/2026 15:03,764,72826,220000,1.54,6.23,42342.3,101.25,7.56,2.667,3.86,9.84,7.99,0.04,-0.37,0,0,29.62,45641.32,6.18,21.215,6.15,6.15,32.24,1.2,0,0,765
7/28/2026 15:18,765,72826,221500,2.07,8.37,42623.59,107.86,8.01,2.621,4.06,10.44,8.04,0.08,-0.32,0,0,29.66,45703.23,6.17,21.472,5.49,5.49,32.24,1.2,0,0,766
7/28/2026 15:33,766,72826,223000,2.61,10.56,42848.18,117.02,8.65,2.579,4.12,10.62,8.09,0.11,-0.3,0,0,29.66,45701.73,6.17,21.731,5.38,5.38,29.64,1.19,0,0,767
7/28/2026 15:48,767,72826,224500,1.81,7.32,42580.45,106.12,7.89,2.522,4.02,10.31,8.03,0.05,-0.35,0,0,29.66,45698.93,6.17,21.427,6.22,6.22,29.64,1.19,0,0,768
7/28/2026 16:03,768,72826,230000,2.16,8.75,42709.71,108.99,8.08,2.458,4.04,10.37,8.04,0.06,-0.34,0,0,29.66,45703.7,6.17,21.57,5.39,5.39,29.75,1.19,0,0,769
7/28/2026 16:18,769,72826,231500,2.31,9.32,42767.64,107.67,7.98,2.397,3.99,10.24,8.05,0.06,-0.35,0,0,29.66,45698.56,6.17,21.642,5.55,5.55,29.75,1.19,0,0,770
7/28/2026 16:33,770,72826,233000,2.55,10.3,42809.88,111.02,8.22,2.318,4,10.27,8.04,0.1,-0.3,0,0,29.66,45701.78,6.17,21.687,5.35,5.35,30.48,1.19,0,0,771
7/28/2026 16:48,771,72826,234500,2.74,11.07,42863.41,112.41,8.31,2.264,3.99,10.24,8.05,0.11,-0.29,0,0,29.65,45690.67,6.17,21.76,4.82,4.82,30.48,1.19,0,0,772
7/28/2026 17:03,772,72926,0,2.33,9.42,42846.43,111.29,8.23,2.244,4.04,10.37,8.05,0.08,-0.32,0,0,29.66,45707.36,6.17,21.723,5.02,5.02,29.96,1.19,0,0,773
7/28/2026 17:18,773,72926,1500,3.06,12.35,42909.48,113.17,8.36,2.217,4.02,10.33,8.06,0.11,-0.29,0,0,29.67,45714.82,6.17,21.787,4.9,4.9,29.96,1.19,0,0,774
7/28/2026 17:33,774,72926,3000,3.2,12.94,42961.89,112.41,8.29,2.219,3.79,9.64,8.05,0.12,-0.28,0,0,29.66,45708.76,6.17,21.854,4.81,4.81,29.85,1.19,0,0,775
7/28/2026 17:48,775,72926,4500,3.28,13.24,43012.8,115.35,8.5,2.196,4.21,10.89,8.06,0.12,-0.28,0,0,29.66,45712.14,6.18,21.908,4.76,4.76,29.85,1.19,0,0,776
7/28/2026 18:03,776,72926,10000,3.15,12.72,43079.77,115.3,8.49,2.167,4.16,10.73,8.07,0.11,-0.29,0,0,29.67,45720.91,6.17,21.976,4.34,4.34,32.37,1.19,0,0,777
7/28/2026 18:18,777,72926,11500,3.39,13.69,43093.88,115.8,8.52,2.166,4.24,10.97,8.08,0.13,-0.27,0,0,29.67,45722.68,6.18,21.99,4.12,4.12,32.37,1.19,0,0,778
7/28/2026 18:33,778,72926,13000,3.35,13.53,43102.63,114.54,8.43,2.161,4.15,10.71,8.08,0.12,-0.29,0,0,29.67,45717.26,6.18,22.006,3.86,3.86,30.22,1.2,0,0,779
7/28/2026 18:48,779,72926,14500,2.89,11.69,43024.04,121.88,8.98,2.189,3.82,9.73,8.11,0.11,-0.29,0,0,29.67,45724.8,6.17,21.908,4.66,4.66,30.22,1.2,0,0,780
7/28/2026 19:03,780,72926,20000,3.11,12.54,42960.96,121.72,8.98,2.231,3.91,10,8.11,0.12,-0.29,0,0,29.67,45723.7,6.17,21.837,4.93,4.93,30.23,1.21,0,0,781
7/28/2026 19:18,781,72926,21500,2.87,11.58,42937.98,122.7,9.06,2.283,3.95,10.12,8.13,0.12,-0.29,0,0,29.68,45728.77,6.17,21.805,4.78,4.78,30.23,1.21,0,0,782
7/28/2026 19:33,782,72926,23000,3.4,13.75,42911.9,121.24,8.96,2.334,3.92,10.03,8.13,0.13,-0.27,0,0,29.68,45726.34,6.17,21.778,5.02,5.02,29.84,1.2,0,0,783
7/28/2026 19:48,783,72926,24500,2.87,11.58,42978.63,120.93,8.92,2.392,4.22,10.92,8.1,0.1,-0.3,0,0,29.67,45721.79,6.17,21.859,4.79,4.79,29.84,1.2,0,0,784
7/28/2026 20:03,784,72926,30000,3.47,14.03,42968.68,120.35,8.88,2.441,4.04,10.37,8.11,0.15,-0.25,0,0,29.67,45719.99,6.17,21.849,4.73,4.73,30.4,1.19,0,0,785
7/28/2026 20:18,785,72926,31500,3.91,15.81,42974.34,117.58,8.68,2.513,4.02,10.31,8.1,0.15,-0.25,0,0,29.67,45722.52,6.17,21.853,4.46,4.46,30.4,1.19,0,0,786
7/28/2026 20:33,786,72926,33000,3.48,14.07,42948.81,112.96,8.34,2.575,4.08,10.49,8.07,0.14,-0.26,0,0,29.67,45720.94,6.17,21.826,4.39,4.39,32.43,1.2,0,0,787
7/28/2026 20:48,787,72926,34500,3.04,12.27,42924.91,109.6,8.09,2.667,4.12,10.62,8.07,0.11,-0.3,0,0,29.67,45719.85,6.17,21.799,4.49,4.49,32.43,1.2,0,0,788
7/28/2026 21:03,788,72926,40000,3.68,14.86,42936.09,115.46,8.53,2.74,4.11,10.58,8.09,0.14,-0.26,0,0,29.68,45727.58,6.18,21.804,4.44,4.44,30.78,1.2,0,0,789
7/28/2026 21:18,789,72926,41500,2.46,9.96,42660.05,109.06,8.1,2.815,4.04,10.37,8.06,0.08,-0.32,0,0,29.66,45705.84,6.17,21.511,5.41,5.41,30.78,1.2,0,0,790
7/28/2026 21:33,790,72926,43000,5.16,20.81,42897.37,116.43,8.61,2.883,4.12,10.61,8.1,0.21,-0.19,0,0,29.69,45741.98,6.17,21.744,4.83,4.83,29.89,1.19,0,0,791
7/28/2026 21:48,791,72926,44500,2.94,11.9,42802.19,112.78,8.35,2.961,4.14,10.68,8.07,0.1,-0.3,0,0,29.67,45709.79,6.17,21.67,5.77,5.77,29.89,1.19,0,0,792
7/28/2026 22:03,792,72926,50000,3.05,12.31,42723.93,111.96,8.3,3.023,4.07,10.46,8.07,0.11,-0.3,0,0,29.67,45721.13,6.17,21.568,6.77,6.77,32.6,1.2,0,0,793
7/28/2026 22:18,793,72926,51500,2.99,12.1,42732.2,110.87,8.22,3.096,4.07,10.46,8.07,0.1,-0.3,0,0,29.68,45726.55,6.17,21.572,6,6,32.6,1.2,0,0,794
7/28/2026 22:33,794,72926,53000,2.87,11.6,42697.3,114.63,8.51,3.138,4.07,10.47,8.09,0.1,-0.3,0,0,29.68,45730.4,6.18,21.527,6.24,6.24,30.06,1.2,0,0,795
7/28/2026 22:48,795,72926,54500,2.96,11.96,42690.64,103.08,7.65,3.204,4.06,10.44,8.08,0.11,-0.3,0,0,29.68,45725.51,6.17,21.525,5.97,5.97,30.06,1.2,0,0,796
7/28/2026 23:03,796,72926,60000,2.52,10.17,42667.55,110.84,8.23,3.246,4.09,10.54,8.07,0.09,-0.31,0,0,29.68,45728.83,6.17,21.495,5.6,5.6,30.57,1.2,0,0,797
7/28/2026 23:18,797,72926,61500,2.94,11.86,42664.88,111.42,8.27,3.291,4.23,10.96,8.08,0.1,-0.3,0,0,29.68,45725.56,6.18,21.496,5.4,5.4,30.57,1.2,0,0,798
7/28/2026 23:33,798,72926,63000,2.95,11.93,42653.36,112.73,8.37,3.303,4,10.27,8.08,0.12,-0.29,0,0,29.68,45728.28,6.17,21.479,6.45,6.45,30.11,1.19,0,0,799
7/28/2026 23:48,799,72926,64500,3.01,12.15,42707.8,119.53,8.87,3.324,4.12,10.63,8.14,0.12,-0.28,0,0,29.69,45736.2,6.17,21.533,4.97,4.97,30.11,1.19,0,0,800
7/29/2026 0:03,800,72926,70000,4.17,16.82,42723.67,120.27,8.92,3.308,4.05,10.4,8.14,0.21,-0.2,0,0,29.68,45729.97,6.17,21.558,4.87,4.87,30.33,1.19,0,0,801
7/29/2026 0:18,801,72926,71500,3.24,13.1,42626.13,114.2,8.49,3.301,4.14,10.69,8.1,0.14,-0.26,0,0,29.68,45725.06,6.17,21.452,4.66,4.66,30.33,1.19,0,0,802
7/29/2026 0:33,802,72926,73000,3.04,12.27,42717.21,120.55,8.94,3.254,4.14,10.67,8.16,0.11,-0.3,0,0,29.68,45728.22,6.17,21.553,4.39,4.39,33.11,1.2,0,0,803
7/29/2026 0:48,803,72926,74500,3.05,12.31,42674.68,118.52,8.8,3.21,4.08,10.5,8.14,0.13,-0.27,0,0,29.67,45712.24,6.17,21.521,4.91,4.91,33.11,1.2,0,0,804
7/29/2026 1:03,804,72926,80000,2.86,11.54,42564.44,111.67,8.31,3.138,4.07,10.46,8.09,0.11,-0.3,0,0,29.69,45734.93,6.18,21.371,5.28,5.28,30.44,1.19,0,0,805
7/29/2026 1:18,805,72926,81500,2.9,11.7,42505.55,107.14,7.98,3.06,3.89,9.94,8.08,0.1,-0.31,0,0,29.68,45728.39,6.17,21.31,5.13,5.13,30.44,1.19,0,0,806
7/29/2026 1:33,806,72926,83000,2.74,11.08,42579.35,113.24,8.43,2.973,4.18,10.81,8.11,0.1,-0.3,0,0,29.69,45733.6,6.17,21.389,4.59,4.59,30.99,1.19,0,0,807
7/29/2026 1:48,807,72926,84500,2.71,10.97,42574.56,114.45,8.52,2.869,4.34,11.29,8.11,0.09,-0.32,0,0,29.69,45734.45,6.17,21.383,4.6,4.6,30.99,1.19,0,0,808
7/29/2026 2:03,808,72926,90000,2.78,11.23,42556.71,112.27,8.36,2.746,4.41,11.49,8.1,0.08,-0.33,0,0,29.69,45733.16,6.17,21.364,4.89,4.89,31.73,1.2,0,0,809
7/29/2026 2:18,809,72926,91500,3.46,13.99,42557.95,112.25,8.35,2.64,4.07,10.48,8.08,0.13,-0.27,0,0,29.68,45719.49,6.17,21.38,4.24,4.24,31.73,1.2,0,0,810
7/29/2026 2:33,810,72926,93000,2.81,11.37,42558.21,110.86,8.25,2.507,4.22,10.92,8.1,0.09,-0.31,0,0,29.68,45727.22,6.17,21.372,4.65,4.65,29.65,1.2,0,0,811
7/29/2026 2:48,811,72926,94500,2.6,10.49,42563.13,111.37,8.29,2.379,4.29,11.13,8.1,0.08,-0.33,0,0,29.68,45727.24,6.17,21.377,4.25,4.25,29.65,1.2,0,0,812
7/29/2026 3:03,812,72926,100000,2.7,10.9,42561.62,111.53,8.3,2.247,4.02,10.31,8.1,0.06,-0.34,0,0,29.69,45734.49,6.17,21.368,4.2,4.2,30.47,1.2,0,0,813
7/29/2026 3:18,813,72926,101500,2.44,9.87,42552.14,104.58,7.78,2.112,4.18,10.8,8.06,0.05,-0.36,0,0,29.68,45724.61,6.17,21.367,4.07,4.07,30.47,1.2,0,0,814
7/29/2026 3:33,814,72926,103000,2.34,9.48,42538,105.01,7.82,2.003,4.22,10.91,8.06,0.07,-0.34,0,0,29.68,45722.72,6.17,21.353,4.01,4.01,30.67,1.19,0,0,815
7/29/2026 3:48,815,72926,104500,2.51,10.13,42537.97,105.26,7.84,1.905,4.11,10.59,8.05,0.07,-0.34,0,0,29.68,45722.48,6.17,21.353,4.34,4.34,30.67,1.19,0,0,816
7/29/2026 4:03,816,72926,110000,2.38,9.62,42507.85,109.82,8.18,1.806,4.46,11.63,8.09,0.05,-0.35,0,0,29.68,45729.59,6.17,21.311,4.41,4.41,30.56,1.2,0,0,817
7/29/2026 4:18,817,72926,111500,2.58,10.41,42481.1,109.79,8.18,1.7,4.44,11.57,8.09,0.07,-0.33,0,0,29.68,45719.64,6.17,21.291,4.4,4.4,30.56,1.2,0,0,818
7/29/2026 4:33,818,72926,113000,2.49,10.08,42461.78,109.86,8.19,1.598,4.26,11.04,8.1,0.08,-0.32,0,0,29.67,45711.03,6.18,21.278,4.31,4.31,32.58,1.2,0,0,819
7/29/2026 4:48,819,72926,114500,2.73,11.02,42494.01,114.19,8.51,1.506,4.45,11.61,8.12,0.09,-0.32,0,0,29.68,45727.75,6.18,21.298,4.03,4.03,32.58,1.2,0,0,820
7/29/2026 5:03,820,72926,120000,2.82,11.37,42486.45,111.59,8.32,1.417,4.42,11.52,8.12,0.08,-0.33,0,0,29.68,45718.08,6.18,21.299,3.8,3.8,29.74,1.19,0,0,821
7/29/2026 5:18,821,72926,121500,2.8,11.3,42503.86,112.88,8.41,1.347,4.28,11.1,8.12,0.1,-0.3,0,0,29.69,45732.72,6.17,21.304,3.94,3.94,29.74,1.19,0,0,822
7/29/2026 5:33,822,72926,123000,2.66,10.75,42488.99,112.53,8.39,1.261,4.45,11.6,8.12,0.06,-0.34,0,0,29.68,45721.78,6.18,21.298,4.58,4.58,32,1.19,0,0,823
7/29/2026 5:48,823,72926,124500,2.41,9.75,42475.21,110.16,8.21,1.203,3.86,9.85,8.09,0.06,-0.35,0,0,29.68,45718.57,6.18,21.286,3.94,3.94,32,1.19,0,0,824
7/29/2026 6:03,824,72926,130000,2.33,9.41,42459.04,109.21,8.14,1.159,3.98,10.2,8.1,0.09,-0.31,0,0,29.68,45716.34,6.18,21.27,4.21,4.21,30.26,1.19,0,0,825
7/29/2026 6:18,825,72926,131500,2.61,10.55,42492.16,105.04,7.83,1.121,4.52,11.81,8.1,0.1,-0.31,0,0,29.69,45736.08,6.18,21.287,4.71,4.71,30.26,1.19,0,0,826
7/29/2026 6:33,826,72926,133000,2.18,8.81,42475.3,102.82,7.67,1.084,4.34,11.27,8.09,0.07,-0.33,0,0,29.68,45724.13,6.18,21.28,5.04,5.04,32.97,1.19,0,0,827
7/29/2026 6:48,827,72926,134500,2.3,9.29,42448.87,102.89,7.67,1.06,4.57,11.98,8.09,0.1,-0.31,0,0,29.68,45717.66,6.17,21.257,5.2,5.2,32.97,1.19,0,0,828
7/29/2026 7:03,828,72926,140000,2.28,9.22,42471.34,106.48,7.94,1.044,3.99,10.22,8.09,0.07,-0.33,0,0,29.68,45729.37,6.18,21.27,4.94,4.94,30.38,1.2,0,0,829
7/29/2026 7:18,829,72926,141500,1.97,7.96,42447.86,101.68,7.59,1.048,3.97,10.16,8.07,0.06,-0.34,0,0,29.69,45736.08,6.18,21.236,6.33,6.33,30.38,1.2,0,0,830
7/29/2026 7:33,830,72926,143000,2.08,8.4,42437.94,103.33,7.71,1.073,4.34,11.28,8.07,0.07,-0.33,0,0,29.69,45733.3,6.18,21.227,6.85,6.85,30.67,1.21,0,0,831
7/29/2026 7:48,831,72926,144500,2.03,8.21,42419.49,102.6,7.66,1.104,3.89,9.94,8.07,0.08,-0.32,0,0,29.68,45726.21,6.17,21.214,7.25,7.25,30.67,1.21,0,0,832
7/29/2026 8:03,832,72926,150000,2.06,8.33,42428.31,104.59,7.81,1.147,4.45,11.62,8.08,0.07,-0.33,0,0,29.69,45735.86,6.18,21.214,7.08,7.08,30.52,1.19,0,0,833
7/29/2026 8:18,833,72926,151500,2.16,8.72,42441.96,104.64,7.81,1.216,4.35,11.3,8.08,0.07,-0.33,0,0,29.7,45746.88,6.17,21.218,6.84,6.84,30.52,1.19,0,0,834
7/29/2026 8:33,834,72926,153000,2.44,9.85,42418.71,102.59,7.66,1.279,4.33,11.25,8.07,0.1,-0.3,0,0,29.69,45730.19,6.17,21.209,7.05,7.05,30.3,1.19,0,0,835
7/29/2026 8:48,835,72926,154500,2.52,10.17,42428.8,103.8,7.75,1.359,3.72,9.41,8.08,0.09,-0.31,0,0,29.69,45738.21,6.18,21.212,6.29,6.29,30.3,1.19,0,0,836
7/29/2026 9:03,836,72926,160000,1.73,7.01,42433.39,102.49,7.65,1.438,3.91,10,8.07,0.08,-0.33,0,0,29.69,45742.27,6.17,21.213,6.6,6.6,32.88,1.2,0,0,837
7/29/2026 9:18,837,72926,161500,1.63,6.61,42440.47,101.27,7.56,1.543,4.39,11.43,8.06,0.03,-0.37,0,0,29.7,45743.66,6.18,21.219,5.71,5.71,32.88,1.2,0,0,838
7/29/2026 9:33,838,72926,163000,1.42,5.75,42431.55,98.45,7.35,1.648,4.26,11.04,8.05,0.04,-0.37,0,0,29.69,45742.24,6.17,21.211,5.69,5.69,29.52,1.2,0,0,839
7/29/2026 9:48,839,72926,164500,1.62,6.57,42433.43,104.47,7.8,1.742,3.81,9.68,8.06,0.04,-0.36,0,0,29.69,45740.61,6.18,21.215,6.03,6.03,29.52,1.2,0,0,840
7/29/2026 10:03,840,72926,170000,1.93,7.8,42438.96,104.05,7.77,1.841,4.44,11.59,8.07,0.08,-0.32,0,0,29.7,45745.42,6.18,21.216,5.93,5.93,30.23,1.19,0,0,841
7/29/2026 10:18,841,72926,171500,1.65,6.69,42441.94,103.6,7.73,1.941,4.42,11.52,8.07,0.05,-0.36,0,0,29.69,45740.02,6.17,21.225,7.2,7.2,30.23,1.19,0,0,842
7/29/2026 10:33,842,72926,173000,1.56,6.31,42444.53,100.42,7.49,2.038,4.24,10.98,8.05,0.06,-0.34,0,0,29.69,45738.15,6.17,21.23,5.58,5.58,30.23,1.19,0,0,843
7/29/2026 10:48,843,72926,174500,1.5,6.09,42457.65,99.94,7.46,2.138,3.75,9.5,8.06,0.05,-0.36,0,0,29.69,45742.25,6.18,21.24,6.36,6.36,30.23,1.19,0,0,844
7/29/2026 11:03,844,72926,180000,1.36,5.49,42455.28,100.93,7.53,2.23,4.13,10.66,8.06,0.02,-0.38,0,0,29.7,45744.02,6.18,21.236,5.58,5.58,32.17,1.2,0,0,845
7/29/2026 11:18,845,72926,181500,1.37,5.57,42476.82,101.01,7.53,2.325,3.99,10.23,8.06,0.04,-0.36,0,0,29.7,45747.67,6.18,21.257,5.92,5.92,32.17,1.2,0,0,846
7/29/2026 11:33,846,72926,183000,1.45,5.89,42488.27,102.66,7.65,2.409,3.86,9.83,8.07,0.03,-0.38,0,0,29.69,45743.48,6.18,21.274,5.6,5.6,29.71,1.2,0,0,847
7/29/2026 11:48,847,72926,184500,1.32,5.35,42505.1,99.9,7.45,2.477,4.1,10.57,8.05,0.04,-0.36,0,0,29.7,45752.93,6.18,21.283,4.81,4.81,29.71,1.2,0,0,848
7/29/2026 12:03,848,72926,190000,1.49,6.05,42464.09,107.74,8.04,2.565,3.81,9.7,8.09,0.06,-0.35,0,0,29.69,45733.35,6.18,21.257,4.68,4.68,30.44,1.2,0,0,849
7/29/2026 12:18,849,72926,191500,2.28,9.21,42648.82,110.72,8.23,2.631,4.02,10.33,8.11,0.1,-0.3,0,0,29.7,45756.17,6.17,21.444,4.58,4.58,30.44,1.2,0,0,850
7/29/2026 12:33,850,72926,193000,2.12,8.59,42660.97,113.66,8.45,2.683,4.08,10.49,8.11,0.12,-0.29,0,0,29.7,45756.91,6.17,21.458,4.47,4.47,29.76,1.19,0,0,851
7/29/2026 12:48,851,72926,194500,2.21,8.93,42671.71,117.24,8.71,2.753,4.14,10.67,8.13,0.1,-0.3,0,0,29.71,45762.31,6.17,21.464,4.32,4.32,29.76,1.19,0,0,852
7/29/2026 13:03,852,72926,200000,2.02,8.18,42701.39,120.18,8.92,2.789,4.13,10.64,8.14,0.1,-0.3,0,0,29.71,45770.84,6.17,21.489,4.28,4.28,29.59,1.19,0,0,853
7/29/2026 13:18,853,72926,201500,1.53,6.21,42676.17,115.42,8.57,2.825,4.1,10.56,8.13,0.04,-0.36,0,0,29.7,45755.65,6.17,21.476,4.61,4.61,29.59,1.19,0,0,854
7/29/2026 13:33,854,72926,203000,1.91,7.71,42683.34,117.13,8.7,2.859,4.09,10.53,8.12,0.07,-0.33,0,0,29.71,45768.11,6.17,21.471,4.21,4.21,29.59,1.19,0,0,855
7/29/2026 13:48,855,72926,204500,2.04,8.25,42705.19,116.27,8.63,2.874,4.14,10.67,8.13,0.08,-0.32,0,0,29.71,45763.2,6.17,21.501,4.01,4.01,29.59,1.19,0,0,856
7/29/2026 14:03,856,72926,210000,2.24,9.08,42775.65,118.52,8.78,2.878,4.03,10.35,8.13,0.11,-0.29,0,0,29.69,45739.23,6.17,21.608,4.43,4.43,29.35,1.19,0,0,857
7/29/2026 14:18,857,72926,211500,2.27,9.19,42654.1,114.15,8.48,2.873,4.1,10.55,8.11,0.08,-0.32,0,0,29.69,45739.22,6.18,21.469,6.15,6.15,29.35,1.19,0,0,858
7/29/2026 14:33,858,72926,213000,2.15,8.71,42603.43,111.56,8.3,2.869,4.06,10.43,8.09,0.07,-0.34,0,0,29.7,45749.92,6.18,21.399,6.59,6.59,30.23,1.19,0,0,859
7/29/2026 14:48,859,72926,214500,2.29,9.28,42673.63,117.28,8.71,2.842,4.02,10.33,8.11,0.06,-0.35,0,0,29.7,45758.77,6.17,21.47,5.04,5.04,30.23,1.19,0,0,860
7/29/2026 15:03,860,72926,220000,2.52,10.18,42690.99,116.95,8.69,2.806,4.06,10.45,8.11,0.08,-0.32,0,0,29.71,45768.81,6.18,21.479,5.07,5.07,29.66,1.2,0,0,861
7/29/2026 15:18,861,72926,221500,1.68,6.81,42269.44,98.24,7.36,2.748,4.24,10.99,8,0.05,-0.35,0,0,29.69,45731.09,6.18,21.037,5.69,5.69,29.66,1.2,0,0,862
7/29/2026 15:33,862,72926,223000,3.04,12.3,42739.91,118.36,8.78,2.686,3.96,10.14,8.12,0.1,-0.31,0,0,29.7,45759.11,6.17,21.546,5.1,5.1,32.54,1.21,0,0,863
7/29/2026 15:48,863,72926,224500,3.06,12.35,42805.38,122.35,9.07,2.629,4.03,10.34,8.14,0.13,-0.28,0,0,29.71,45768.84,6.17,21.61,4.59,4.59,32.54,1.21,0,0,864
7/29/2026 16:03,864,72926,230000,2.78,11.23,42864.29,126.89,9.39,2.561,4.07,10.47,8.15,0.1,-0.31,0,0,29.7,45763.93,6.18,21.683,4.23,4.23,30.52,1.19,0,0,865
7/29/2026 16:18,865,72926,231500,2.93,11.84,42793.94,122.49,9.08,2.501,4.01,10.3,8.14,0.1,-0.3,0,0,29.7,45757.64,6.18,21.609,4.69,4.69,30.52,1.19,0,0,866
7/29/2026 16:33,866,72926,233000,2.75,11.11,42749,119.56,8.87,2.439,4.02,10.33,8.12,0.09,-0.31,0,0,29.7,45753.7,6.18,21.562,4.48,4.48,30.49,1.19,0,0,867
7/29/2026 16:48,867,72926,234500,2.62,10.59,42875.79,119.36,8.83,2.374,3.89,9.93,8.13,0.07,-0.33,0,0,29.7,45763.82,6.18,21.696,4.13,4.13,30.49,1.19,0,0,868
7/29/2026 17:03,868,73026,0,2.94,11.89,42954.86,129.59,9.57,2.323,4.07,10.47,8.17,0.09,-0.32,0,0,29.7,45762.28,6.18,21.788,4.39,4.39,32.72,1.19,0,0,869
7/29/2026 17:18,869,73026,1500,3.21,12.97,42940.2,124.02,9.16,2.271,4.01,10.28,8.14,0.13,-0.27,0,0,29.7,45765.25,6.17,21.768,4.15,4.15,32.72,1.19,0,0,870
7/29/2026 17:33,870,73026,3000,3.25,13.14,42885.39,122.99,9.1,2.201,3.94,10.08,8.13,0.11,-0.29,0,0,29.7,45758.81,6.18,21.712,5.19,5.19,29.37,1.2,0,0,871
7/29/2026 17:48,871,73026,4500,3.35,13.54,42881.83,119.77,8.86,2.18,3.92,10.03,8.1,0.12,-0.29,0,0,29.7,45761.25,6.17,21.706,4.31,4.31,29.37,1.2,0,0,872
7/29/2026 18:03,872,73026,10000,2.98,12.02,42879.2,116.52,8.62,2.135,3.86,9.84,8.09,0.08,-0.33,0,0,29.7,45764.2,6.17,21.699,4.84,4.84,30.72,1.2,0,0,873
7/29/2026 18:18,873,73026,11500,3.36,13.56,42903.43,115.69,8.55,2.119,3.95,10.1,8.09,0.1,-0.3,0,0,29.7,45764.77,6.18,21.727,7.1,7.1,30.72,1.2,0,0,874
7/29/2026 18:33,874,73026,13000,2.91,11.78,42937.4,113.69,8.4,2.107,4.19,10.83,8.08,0.11,-0.29,0,0,29.7,45764.49,6.17,21.766,3.67,3.67,30.7,1.2,0,0,875
7/29/2026 18:48,875,73026,14500,2.87,11.59,42935.91,115.31,8.52,2.105,4.02,10.31,8.1,0.11,-0.3,0,0,29.71,45770.57,6.17,21.757,7.14,7.14,30.7,1.2,0,0,876
7/29/2026 19:03,876,73026,20000,3.33,13.47,42973.86,116.4,8.59,2.122,3.93,10.06,8.09,0.13,-0.28,0,0,29.71,45767.98,6.17,21.804,3.86,3.86,30.33,1.2,0,0,877
7/29/2026 19:18,877,73026,21500,3.94,15.91,42957.16,117.72,8.69,2.146,4.11,10.59,8.11,0.19,-0.22,0,0,29.7,45762.16,6.17,21.791,4.2,4.2,30.33,1.2,0,0,878
7/29/2026 19:33,878,73026,23000,3.8,15.33,42956.22,116.32,8.59,2.151,4.18,10.81,8.09,0.13,-0.27,0,0,29.7,45761.32,6.17,21.791,3.36,3.36,30.08,1.19,0,0,879
7/29/2026 19:48,879,73026,24500,2.9,11.73,42954.91,110.35,8.15,2.208,4.09,10.54,8.06,0.1,-0.3,0,0,29.7,45754.08,6.17,21.797,3.41,3.41,30.08,1.19,0,0,880
7/29/2026 20:03,880,73026,30000,3.4,13.74,42934.93,112.82,8.34,2.24,4.13,10.64,8.08,0.1,-0.31,0,0,29.7,45761.58,6.17,21.766,4.06,4.06,29.87,1.19,0,0,881
7/29/2026 20:18,881,73026,31500,3.71,14.99,42924.16,116.91,8.64,2.292,4.05,10.42,8.1,0.14,-0.26,0,0,29.7,45760.46,6.17,21.755,4.18,4.18,29.87,1.19,0,0,882
7/29/2026 20:33,882,73026,33000,2.97,11.99,42905.69,115.57,8.54,2.372,4.02,10.31,8.09,0.1,-0.31,0,0,29.71,45766.13,6.18,21.728,4.65,4.65,30.03,1.19,0,0,883
7/29/2026 20:48,883,73026,34500,3.89,15.72,42874.57,117.89,8.72,2.433,3.98,10.2,8.1,0.14,-0.26,0,0,29.7,45758,6.18,21.701,4.1,4.1,30.03,1.19,0,0,884
7/29/2026 21:03,884,73026,40000,3.57,14.42,42870.46,113.9,8.43,2.523,4.17,10.77,8.09,0.14,-0.27,0,0,29.7,45764.25,6.17,21.689,4.87,4.87,29.84,1.19,0,0,885
7/29/2026 21:18,885,73026,41500,4.2,16.96,42823.79,114.58,8.49,2.608,4.13,10.65,8.09,0.19,-0.22,0,0,29.71,45771.27,6.17,21.628,5.24,5.24,29.84,1.19,0,0,886
7/29/2026 21:33,886,73026,43000,3.38,13.67,42755.75,112.38,8.34,2.668,4.02,10.33,8.08,0.13,-0.27,0,0,29.71,45769.56,6.17,21.553,4.96,4.96,30.55,1.2,0,0,887
7/29/2026 21:48,887,73026,44500,3.69,14.91,42762.57,113.64,8.43,2.751,4.19,10.82,8.07,0.14,-0.26,0,0,29.7,45760.4,6.18,21.57,4.57,4.57,30.55,1.2,0,0,888
7/29/2026 22:03,888,73026,50000,4.3,17.37,42747.98,112.87,8.37,2.831,4.25,11.02,8.08,0.16,-0.24,0,0,29.72,45777.53,6.18,21.535,4.92,4.92,30.58,1.2,0,0,889
7/29/2026 22:18,889,73026,51500,3.84,15.5,42740.62,112.66,8.36,2.914,4.2,10.86,8.08,0.16,-0.25,0,0,29.71,45770.84,6.18,21.534,5.04,5.04,30.58,1.2,0,0,890
7/29/2026 22:33,890,73026,53000,3.91,15.78,42738,114.52,8.5,2.979,4,10.27,8.1,0.17,-0.23,0,0,29.72,45776.25,6.18,21.525,5.68,5.68,30.43,1.2,0,0,891
7/29/2026 22:48,891,73026,54500,3.64,14.71,42714.24,114.16,8.48,3.053,4.06,10.44,8.09,0.13,-0.27,0,0,29.72,45780.78,6.17,21.493,5.6,5.6,30.43,1.2,0,0,892
7/29/2026 23:03,892,73026,60000,3.37,13.61,42677.73,115.06,8.55,3.104,4,10.27,8.1,0.11,-0.3,0,0,29.72,45782.04,6.18,21.45,5.35,5.35,29.79,1.2,0,0,893
7/29/2026 23:18,893,73026,61500,3.48,14.06,42665.7,114.9,8.54,3.16,4.07,10.46,8.1,0.13,-0.27,0,0,29.72,45783.8,6.18,21.434,5.31,5.31,29.79,1.2,0,0,894
7/29/2026 23:33,894,73026,63000,2.9,11.73,42554.55,114.39,8.52,3.222,4.08,10.49,8.1,0.09,-0.31,0,0,29.72,45773.88,6.18,21.318,4.93,4.93,33.43,1.2,0,0,895
7/29/2026 23:48,895,73026,64500,2.83,11.42,42491.99,108.67,8.11,3.268,4.04,10.38,8.07,0.08,-0.32,0,0,29.72,45784.59,6.18,21.235,4.6,4.6,33.43,1.2,0,0,896
7/30/2026 0:03,896,73026,70000,3.09,12.47,42381.59,108.34,8.1,3.307,4,10.27,8.05,0.09,-0.31,0,0,29.72,45778.19,6.18,21.115,4.83,4.83,29.99,1.19,0,0,897
7/30/2026 0:18,897,73026,71500,2.98,12.04,42385.46,106.07,7.93,3.323,4.03,10.36,8.05,0.1,-0.3,0,0,29.72,45781.6,6.18,21.116,4.54,4.54,29.99,1.19,0,0,898
7/30/2026 0:33,898,73026,73000,3.37,13.61,42419.86,110.8,8.28,3.328,3.99,10.22,8.08,0.12,-0.28,0,0,29.73,45787.08,6.18,21.15,4.45,4.45,30.75,1.19,0,0,899
7/30/2026 0:48,899,73026,74500,2.82,11.41,42401.7,110.38,8.25,3.317,4.13,10.65,8.09,0.11,-0.29,0,0,29.72,45778.52,6.18,21.138,4.49,4.49,30.75,1.19,0,0,900
7/30/2026 1:03,900,73026,80000,2.96,11.97,42390.41,111.08,8.3,3.287,4.12,10.61,8.09,0.09,-0.31,0,0,29.73,45785.63,6.17,21.118,4.55,4.55,31.84,1.2,0,0,901
7/30/2026 1:18,901,73026,81500,2.67,10.78,42370.1,108.73,8.13,3.25,4.1,10.57,8.08,0.06,-0.35,0,0,29.72,45781.73,6.17,21.098,4.86,4.86,31.84,1.2,0,0,902
7/30/2026 1:33,902,73026,83000,2.84,11.49,42359.42,109.34,8.18,3.199,4.13,10.66,8.08,0.09,-0.31,0,0,29.73,45787.99,6.18,21.08,4.48,4.48,30,1.2,0,0,903
7/30/2026 1:48,903,73026,84500,2.86,11.57,42344.97,108.56,8.12,3.117,4.09,10.53,8.08,0.1,-0.3,0,0,29.72,45782.06,6.18,21.069,4.18,4.18,30,1.2,0,0,904
7/30/2026 2:03,904,73026,90000,2.74,11.08,42327.26,108.03,8.09,3.039,4.05,10.4,8.08,0.09,-0.32,0,0,29.72,45781.95,6.18,21.049,4.56,4.56,32.99,1.21,0,0,905
7/30/2026 2:18,905,73026,91500,2.54,10.26,42311.66,106.95,8.01,2.937,4.09,10.52,8.08,0.07,-0.33,0,0,29.72,45782.82,6.18,21.03,4.61,4.61,32.99,1.21,0,0,906
7/30/2026 2:33,906,73026,93000,2.74,11.08,42334.73,108.81,8.14,2.817,4.16,10.73,8.1,0.08,-0.33,0,0,29.73,45790.32,6.18,21.049,4.45,4.45,30.17,1.21,0,0,907
7/30/2026 2:48,907,73026,94500,2.95,11.91,42343.05,103.01,7.71,2.717,4.16,10.73,8.09,0.09,-0.32,0,0,29.73,45790.14,6.17,21.059,4.24,4.24,30.17,1.21,0,0,908
7/30/2026 3:03,908,73026,100000,2.83,11.44,42330.12,111.1,8.32,2.582,4.14,10.68,8.12,0.1,-0.31,0,0,29.73,45796.43,6.17,21.037,4.04,4.04,30.38,1.2,0,0,909
7/30/2026 3:18,909,73026,101500,2.83,11.43,42330.97,108.28,8.1,2.455,4.14,10.67,8.12,0.07,-0.33,0,0,29.73,45787.57,6.17,21.048,4.37,4.37,30.38,1.2,0,0,910
7/30/2026 3:33,910,73026,103000,2.66,10.75,42330.4,111.37,8.34,2.334,4.19,10.82,8.12,0.07,-0.33,0,0,29.73,45788.95,6.17,21.045,4.42,4.42,30.38,1.2,0,0,911
7/30/2026 3:48,911,73026,104500,2.49,10.06,42316.35,109.28,8.18,2.202,4.16,10.74,8.11,0.08,-0.33,0,0,29.73,45783.39,6.18,21.035,4.12,4.12,30.38,1.2,0,0,912
7/30/2026 4:03,912,73026,110000,2.89,11.67,42320.5,110.34,8.26,2.082,4.15,10.71,8.11,0.08,-0.33,0,0,29.73,45788.73,6.18,21.034,4.29,4.29,30.48,1.2,0,0,913
7/30/2026 4:18,913,73026,111500,2.69,10.89,42327.09,108.71,8.14,1.975,4.12,10.63,8.11,0.06,-0.34,0,0,29.73,45785.25,6.17,21.046,4.32,4.32,30.48,1.2,0,0,914
7/30/2026 4:33,914,73026,113000,2.64,10.65,42290.59,107.81,8.08,1.855,4.2,10.87,8.11,0.07,-0.34,0,0,29.73,45787.6,6.18,21.001,4.35,4.35,32.66,1.19,0,0,915
7/30/2026 4:48,915,73026,114500,2.43,9.82,42274.61,109.06,8.17,1.757,4.15,10.72,8.12,0.06,-0.34,0,0,29.73,45789.29,6.17,20.981,4.22,4.22,32.66,1.19,0,0,916
7/30/2026 5:03,916,73026,120000,3.07,12.42,42254.55,108.52,8.13,1.673,4.15,10.72,8.12,0.08,-0.33,0,0,29.73,45783.31,6.18,20.965,4.07,4.07,29.68,1.19,0,0,917
7/30/2026 5:18,917,73026,121500,3.1,12.51,42307.28,112.14,8.4,1.569,4.18,10.79,8.15,0.11,-0.3,0,0,29.74,45803.75,6.17,21.003,3.87,3.87,29.68,1.19,0,0,918
7/30/2026 5:33,918,73026,123000,2.86,11.54,42313.1,113.02,8.46,1.484,4.2,10.86,8.15,0.09,-0.32,0,0,29.74,45800.05,6.18,21.014,3.93,3.93,30.59,1.2,0,0,919
7/30/2026 5:48,919,73026,124500,3.03,12.23,42307.28,112.35,8.41,1.405,4.19,10.83,8.14,0.1,-0.31,0,0,29.73,45788.62,6.18,21.019,4.64,4.64,30.59,1.2,0,0,920
7/30/2026 6:03,920,73026,130000,3.29,13.3,42299.52,112.13,8.4,1.33,4.14,10.68,8.15,0.1,-0.3,0,0,29.74,45800.43,6.17,20.998,6.94,6.94,30.11,1.2,0,0,921
7/30/2026 6:18,921,73026,131500,2.99,12.07,42258.47,109.57,8.21,1.266,4.2,10.86,8.14,0.08,-0.32,0,0,29.71,45767.73,6.18,20.985,4.19,4.19,30.11,1.2,0,0,922
7/30/2026 6:33,922,73026,133000,3.01,12.16,42261.56,108.89,8.16,1.22,4.2,10.85,8.13,0.11,-0.29,0,0,29.73,45787.23,6.18,20.969,4.44,4.44,30.7,1.19,0,0,923
7/30/2026 6:48,923,73026,134500,2.97,12,42250.39,109.52,8.21,1.164,4.1,10.55,8.13,0.1,-0.3,0,0,29.73,45792.85,6.18,20.95,4.76,4.76,30.7,1.19,0,0,924
7/30/2026 7:03,924,73026,140000,2.72,10.97,42215.3,107.46,8.06,1.136,4.12,10.62,8.13,0.09,-0.31,0,0,29.73,45782.31,6.17,20.921,7.42,7.42,30.64,1.2,0,0,925
7/30/2026 7:18,925,73026,141500,2.67,10.77,42288.85,109.01,8.17,1.109,4.14,10.68,8.14,0.11,-0.29,0,0,29.74,45805.67,6.18,20.98,5.71,5.71,30.64,1.2,0,0,926
7/30/2026 7:33,926,73026,143000,2.87,11.58,42284.45,108.72,8.15,1.105,4.14,10.69,8.14,0.11,-0.29,0,0,29.74,45803.75,6.17,20.977,5.31,5.31,32.77,1.2,0,0,927
7/30/2026 7:48,927,73026,144500,2.98,12.05,42213.54,106.66,8,1.113,4.07,10.46,8.13,0.16,-0.25,0,0,29.73,45786.76,6.18,20.914,8.34,8.34,32.77,1.2,0,0,928
7/30/2026 8:03,928,73026,150000,2.7,10.9,42257.7,109.29,8.19,1.137,4.08,10.49,8.14,0.11,-0.29,0,0,29.74,45803.89,6.18,20.947,5.41,5.41,30.62,1.21,0,0,929
7/30/2026 8:18,929,73026,151500,3.22,12.99,42244.41,109.49,8.21,1.167,4.1,10.56,8.15,0.17,-0.23,0,0,29.74,45798.33,6.18,20.937,5.8,5.8,30.62,1.21,0,0,930
7/30/2026 8:33,930,73026,153000,3.32,13.4,42228.43,109.3,8.2,1.216,4.14,10.68,8.15,0.21,-0.19,0,0,29.74,45796.9,6.18,20.92,6.41,6.41,29.96,1.2,0,0,931
7/30/2026 8:48,931,73026,154500,2.75,11.13,42228.98,107.76,8.08,1.267,4.22,10.91,8.16,0.17,-0.24,0,0,29.73,45790.93,6.17,20.927,6.12,6.12,29.96,1.2,0,0,932
7/30/2026 9:03,932,73026,160000,3.23,13.05,42286.38,112.44,8.43,1.342,4.08,10.49,8.17,0.22,-0.19,0,0,29.74,45807.32,6.18,20.976,5.32,5.32,29.87,1.19,0,0,933
7/30/2026 9:18,933,73026,161500,2.71,10.95,42290.55,112.51,8.43,1.411,4.08,10.51,8.16,0.14,-0.26,0,0,29.74,45808.66,6.18,20.979,4.79,4.79,29.87,1.19,0,0,934
7/30/2026 9:33,934,73026,163000,2.22,8.99,42289.66,109.92,8.24,1.503,4.16,10.75,8.16,0.09,-0.31,0,0,29.74,45805.23,6.18,20.982,4.64,4.64,30.29,1.2,0,0,935
7/30/2026 9:48,935,73026,164500,1.52,6.17,42262.21,100.65,7.55,1.603,4.09,10.53,8.13,0.03,-0.37,0,0,29.74,45803.51,6.17,20.952,5.04,5.04,30.29,1.2,0,0,936
7/30/2026 10:03,936,73026,170000,1.76,7.11,42253.26,106.96,8.02,1.699,4.18,10.81,8.14,0.05,-0.36,0,0,29.74,45800.11,6.18,20.945,5.46,5.46,29.63,1.21,0,0,937
7/30/2026 10:18,937,73026,171500,1.41,5.7,42239.39,102.33,7.68,1.808,4.19,10.82,8.12,0.03,-0.37,0,0,29.74,45806.88,6.18,20.922,5.51,5.51,29.63,1.21,0,0,938
7/30/2026 10:33,938,73026,173000,1.41,5.72,42149.18,98.04,7.37,1.915,4.06,10.45,8.08,0.03,-0.38,0,0,29.74,45797.09,6.18,20.83,4.79,4.79,30.93,1.2,0,0,939
7/30/2026 10:48,939,73026,174500,1.2,4.86,42174.73,92.95,6.98,1.997,4.12,10.62,8.06,0.06,-0.35,0,0,29.74,45806.42,6.18,20.849,4.89,4.89,30.93,1.2,0,0,940
7/30/2026 11:03,940,73026,180000,1.24,5.03,42191.11,88.32,6.63,2.112,4.24,10.98,8.01,0.05,-0.36,0,0,29.73,45793.8,6.17,20.881,5.04,5.04,29.72,1.19,0,0,941
7/30/2026 11:18,941,73026,181500,1.37,5.57,42168.13,98.57,7.4,2.185,4.1,10.55,8.08,0.06,-0.34,0,0,29.74,45802.27,6.18,20.846,5.47,5.47,29.72,1.2,0,0,942
7/30/2026 11:33,942,73026,183000,1.67,6.77,42154.55,104.6,7.86,2.293,4.23,10.96,8.1,0.04,-0.37,0,0,29.75,45811.99,6.17,20.82,5.5,5.5,32.33,1.19,0,0,943
7/30/2026 11:48,943,73026,184500,1.53,6.2,42206.09,103.89,7.8,2.391,4.2,10.86,8.1,0.05,-0.35,0,0,29.74,45807.11,6.18,20.884,4.92,4.92,32.33,1.19,0,0,944
7/30/2026 12:03,944,73026,190000,1.86,7.52,42329.43,104.59,7.83,2.477,4.1,10.57,8.08,0.07,-0.33,0,0,29.73,45795.38,6.18,21.038,4.18,4.18,29.76,1.19,0,0,945
7/30/2026 12:18,945,73026,191500,2.11,8.55,42352.49,105.07,7.86,2.558,4.23,10.94,8.08,0.08,-0.33,0,0,29.74,45802.91,6.18,21.056,4.1,4.1,29.76,1.19,0,0,946
7/30/2026 12:33,946,73026,193000,2.11,8.54,42403.61,106.25,7.94,2.634,4.17,10.76,8.08,0.08,-0.33,0,0,29.73,45795.57,6.17,21.122,3.96,3.96,30.81,1.2,0,0,947
7/30/2026 12:48,947,73026,194500,2.01,8.14,42410.32,118.14,8.83,2.705,4.12,10.62,8.14,0.1,-0.31,0,0,29.75,45814.5,6.18,21.11,4.55,4.55,30.81,1.2,0,0,948
7/30/2026 13:03,948,73026,200000,2.43,9.83,42627.09,121.25,9.02,2.774,4.08,10.51,8.16,0.13,-0.28,0,0,29.75,45823.48,6.18,21.348,4.41,4.41,30.04,1.21,0,0,949
7/30/2026 13:18,949,73026,201500,3.13,12.66,42823.49,133.12,9.87,2.809,4,10.26,8.24,0.2,-0.21,0,0,29.76,45832.47,6.18,21.563,4.66,4.66,30.04,1.21,0,0,950
7/30/2026 13:33,950,73026,203000,2.88,11.63,42674.29,126.95,9.44,2.857,4.25,11.01,8.18,0.17,-0.23,0,0,29.75,45817.3,6.18,21.408,5.07,5.07,30.84,1.2,0,0,951
7/30/2026 13:48,951,73026,204500,2.69,10.87,42723.12,125.74,9.34,2.9,3.94,10.07,8.17,0.12,-0.28,0,0,29.75,45827.71,6.18,21.453,4.87,4.87,30.84,1.2,0,0,952
7/30/2026 14:03,952,73026,210000,3,12.13,42772.6,123.59,9.17,2.938,3.93,10.05,8.15,0.16,-0.25,0,0,29.74,45813.11,6.18,21.525,5.11,5.11,30.4,1.19,0,0,953
7/30/2026 14:18,953,73026,211500,2.8,11.3,42646.94,103.75,7.72,2.953,4.32,11.22,8.12,0.13,-0.28,0,0,29.74,45807.83,6.18,21.387,4.88,4.88,30.4,1.19,0,0,954
7/30/2026 14:33,954,73026,213000,2.92,11.78,42652.55,118.31,8.8,2.958,4.09,10.53,8.12,0.13,-0.27,0,0,29.74,45804.59,6.17,21.397,5.09,5.09,32.97,1.19,0,0,955
7/30/2026 14:48,955,73026,214500,2.4,9.71,42647.94,115.28,8.57,2.937,4.09,10.54,8.12,0.07,-0.34,0,0,29.74,45802.05,6.18,21.395,5.79,5.79,32.97,1.19,0,0,956
7/30/2026 15:03,956,73026,220000,2.6,10.52,42658.95,119.41,8.88,2.929,4.01,10.28,8.11,0.09,-0.31,0,0,29.73,45799.96,6.18,21.409,5.56,5.56,30.74,1.2,0,0,957
7/30/2026 15:18,957,73026,221500,2.69,10.87,42699.84,118.95,8.84,2.89,3.96,10.14,8.11,0.08,-0.32,0,0,29.73,45800.47,6.18,21.456,4.92,4.92,30.74,1.2,0,0,958
7/30/2026 15:33,958,73026,223000,2.58,10.42,42672.04,118.4,8.8,2.848,3.96,10.15,8.11,0.09,-0.31,0,0,29.73,45793.72,6.18,21.431,5.11,5.11,32.56,1.2,0,0,959
7/30/2026 15:48,959,73026,224500,1.94,7.84,42446.08,103.07,7.7,2.79,3.81,9.69,8.02,0.06,-0.35,0,0,29.73,45786.11,6.18,21.181,6.47,6.47,32.56,1.2,0,0,960
7/30/2026 16:03,960,73026,230000,1.5,6.09,42241.13,95.27,7.14,2.728,3.93,10.06,7.95,0.03,-0.37,0,0,29.71,45758.22,6.18,20.976,7.51,7.51,29.99,1.2,0,0,961
7/30/2026 16:18,961,73026,231500,1.97,7.97,42390.19,99.95,7.47,2.647,3.89,9.92,8,0.06,-0.35,0,0,29.73,45784.21,6.18,21.119,6.62,6.62,29.99,1.2,0,0,962
7/30/2026 16:33,962,73026,233000,2,8.1,42460.89,101.79,7.6,2.583,3.55,8.9,8.01,0.06,-0.35,0,0,29.73,45788.45,6.18,21.195,5.98,5.98,30.84,1.2,0,0,963
7/30/2026 16:48,963,73026,234500,2.41,9.75,42635.68,111.4,8.29,2.501,3.98,10.18,8.06,0.08,-0.33,0,0,29.73,45795.07,6.18,21.388,6.04,6.04,30.84,1.2,0,0,964
7/30/2026 17:03,964,73126,0,1.6,6.49,42820.59,109.13,8.09,2.429,3.94,10.09,8.06,0.04,-0.36,0,0,29.74,45805.3,6.18,21.588,3.78,3.78,30.67,1.19,0,0,965
7/30/2026 17:18,965,73126,1500,2.63,10.64,42787.82,120.42,8.93,2.373,4.02,10.33,8.1,0.09,-0.32,0,0,29.72,45787.01,6.17,21.57,5.15,5.15,30.67,1.19,0,0,966
7/30/2026 17:33,966,73126,3000,2.53,10.22,42855.09,117.68,8.71,2.318,3.96,10.13,8.09,0.09,-0.31,0,0,29.73,45799.32,6.18,21.634,5.2,5.2,30.25,1.2,0,0,967
7/30/2026 17:48,967,73126,4500,2.84,11.48,42840.35,114.46,8.48,2.252,3.84,9.77,8.07,0.12,-0.29,0,0,29.73,45796.62,6.17,21.62,5.07,5.07,30.25,1.2,0,0,968
7/30/2026 18:03,968,73126,10000,2.78,11.22,42853.04,114.78,8.5,2.2,3.96,10.14,8.07,0.1,-0.3,0,0,29.73,45801.44,6.18,21.63,4.84,4.84,30.24,1.19,0,0,969
7/30/2026 18:18,969,73126,11500,2.88,11.64,42869.41,113.4,8.4,2.138,3.92,10.02,8.07,0.12,-0.28,0,0,29.73,45798.11,6.18,21.652,4.7,4.7,30.24,1.19,0,0,970
7/30/2026 18:33,970,73126,13000,3.34,13.49,42897.37,113.29,8.38,2.099,3.95,10.12,8.06,0.1,-0.3,0,0,29.73,45800.55,6.18,21.681,5,5,30.14,1.2,0,0,971
7/30/2026 18:48,971,73126,14500,3.25,13.11,42927.39,115.32,8.53,2.055,3.93,10.06,8.08,0.12,-0.29,0,0,29.73,45803.43,6.18,21.713,4.46,4.46,30.14,1.2,0,0,972
7/30/2026 19:03,972,73126,20000,3.41,13.77,42941.73,117.31,8.67,2.052,3.99,10.23,8.09,0.14,-0.26,0,0,29.73,45805.23,6.18,21.727,4.4,4.4,30.48,1.2,0,0,973
7/30/2026 19:18,973,73126,21500,2.94,11.87,42895.25,110.57,8.18,2.052,3.89,9.92,8.06,0.1,-0.31,0,0,29.73,45801.25,6.17,21.678,6.81,6.81,30.48,1.2,0,0,974
7/30/2026 19:33,974,73126,23000,3.24,13.09,42906.2,115.2,8.52,2.054,4.03,10.36,8.07,0.11,-0.3,0,0,29.73,45798.95,6.18,21.693,4.68,4.68,30.2,1.2,0,0,975
7/30/2026 19:48,975,73126,24500,3.67,14.82,42920.69,115.65,8.55,2.073,4.02,10.32,8.08,0.11,-0.3,0,0,29.72,45791.26,6.18,21.718,4.39,4.39,30.2,1.2,0,0,976
7/30/2026 20:03,976,73126,30000,3.72,15.01,42903.35,115.89,8.57,2.081,3.99,10.24,8.08,0.12,-0.28,0,0,29.73,45799.99,6.18,21.689,4.64,4.64,30.09,1.19,0,0,977
7/30/2026 20:18,977,73126,31500,3.02,12.19,42853.95,112.18,8.31,2.117,3.92,10.01,8.06,0.1,-0.3,0,0,29.73,45796.52,6.18,21.636,4.8,4.8,30.09,1.19,0,0,978
7/30/2026 20:33,978,73126,33000,3.57,14.42,42845.56,116.57,8.63,2.166,3.93,10.05,8.08,0.11,-0.29,0,0,29.73,45801.91,6.18,21.621,5.18,5.18,30.76,1.19,0,0,979
7/30/2026 20:48,979,73126,34500,3.72,15.03,42812.4,112.3,8.32,2.214,4.01,10.28,8.06,0.11,-0.29,0,0,29.73,45798.9,6.18,21.586,5.34,5.34,30.76,1.19,0,0,980
7/30/2026 21:03,980,73126,40000,3.41,13.79,42832.38,111.3,8.25,2.294,3.93,10.06,8.05,0.12,-0.29,0,0,29.73,45796.81,6.18,21.611,5.34,5.34,30.36,1.19,0,0,981
7/30/2026 21:18,981,73126,41500,3.57,14.43,42823.71,113.52,8.41,2.349,4.09,10.52,8.07,0.1,-0.3,0,0,29.73,45795.23,6.18,21.603,5.43,5.43,30.36,1.19,0,0,982
7/30/2026 21:33,982,73126,43000,3.37,13.61,42753.36,108.55,8.05,2.433,3.95,10.11,8.04,0.13,-0.28,0,0,29.71,45765.64,6.18,21.554,5.56,5.56,32.2,1.2,0,0,983
7/30/2026 21:48,983,73126,44500,3.72,15.04,42758.87,107.65,7.99,2.511,4.15,10.7,8.05,0.12,-0.29,0,0,29.72,45780.87,6.18,21.544,4.96,4.96,32.2,1.2,0,0,984
7/30/2026 22:03,984,73126,50000,3.1,12.54,42728.96,106.98,7.94,2.588,4.22,10.91,8.04,0.11,-0.29,0,0,29.72,45777.95,6.17,21.513,5.9,5.9,29.98,1.2,0,0,985
7/30/2026 22:18,985,73126,51500,3.71,14.99,42774.82,108.68,8.06,2.671,4.17,10.77,8.05,0.14,-0.26,0,0,29.72,45788.2,6.18,21.554,4.71,4.71,29.98,1.2,0,0,986
7/30/2026 22:33,986,73126,53000,3.24,13.09,42654.38,105.58,7.85,2.743,4.13,10.66,8.02,0.1,-0.31,0,0,29.73,45791.76,6.18,21.413,5.87,5.87,30.83,1.19,0,0,987
7/30/2026 22:48,987,73126,54500,3.39,13.67,42676.17,110.17,8.19,2.826,3.93,10.05,8.06,0.12,-0.28,0,0,29.73,45796.5,6.18,21.433,6.7,6.7,30.83,1.19,0,0,988
7/30/2026 23:03,988,73126,60000,3.64,14.71,42684.25,111.65,8.3,2.897,4.05,10.42,8.06,0.15,-0.26,0,0,29.73,45800.9,6.18,21.437,5.76,5.76,32.87,1.19,0,0,989
7/30/2026 23:18,989,73126,61500,3.54,14.29,42680.98,108.03,8.03,2.953,4.03,10.34,8.05,0.14,-0.26,0,0,29.73,45791.13,6.17,21.444,5.92,5.92,32.87,1.19,0,0,990
7/30/2026 23:33,990,73126,63000,3.34,13.48,42673.28,109.01,8.1,3.029,4.11,10.58,8.05,0.13,-0.28,0,0,29.73,45800.39,6.18,21.425,5.64,5.64,32.4,1.19,0,0,991
7/30/2026 23:48,991,73126,64500,2.91,11.77,42649.47,88.83,6.61,3.09,3.9,9.96,8.04,0.11,-0.3,0,0,29.73,45798.04,6.17,21.401,5.5,5.5,32.4,1.19,0,0,992
7/31/2026 0:03,992,73126,70000,3.69,14.91,42644.91,107.75,8.01,3.138,4.35,11.31,8.05,0.17,-0.23,0,0,29.74,45808.88,6.18,21.384,5.92,5.92,30.31,1.2,0,0,993
7/31/2026 0:18,993,73126,71500,3.57,14.44,42629.92,106.96,7.96,3.194,4.47,11.68,8.04,0.14,-0.26,0,0,29.74,45810.15,6.18,21.365,5.06,5.06,30.31,1.2,0,0,994
7/31/2026 0:33,994,73126,73000,4.05,16.35,42608.38,107.88,8.03,3.23,3.87,9.86,8.05,0.15,-0.25,0,0,29.73,45796.53,6.18,21.355,5.37,5.37,30.53,1.2,0,0,995
7/31/2026 0:48,995,73126,74500,4.05,16.36,42607.21,108.82,8.1,3.252,4.24,10.97,8.06,0.14,-0.26,0,0,29.74,45803.25,6.18,21.347,4.9,4.9,30.53,1.2,0,0,996
7/31/2026 1:03,996,73126,80000,4.1,16.56,42606.43,111.03,8.27,3.276,3.77,9.57,8.07,0.14,-0.26,0,0,29.74,45809.9,6.18,21.339,4.96,4.96,30.88,1.2,0,0,997
7/31/2026 1:18,997,73126,81500,3.93,15.88,42575.75,108.96,8.11,3.267,3.76,9.54,8.06,0.16,-0.24,0,0,29.72,45776.87,6.18,21.339,4.95,4.95,30.88,1.2,0,0,998
7/31/2026 1:33,998,73126,83000,3.87,15.61,42590.03,107.86,8.03,3.262,3.93,10.06,8.05,0.19,-0.22,0,0,29.73,45798.65,6.18,21.332,5.46,5.46,30.19,1.2,0,0,999
7/31/2026 1:48,999,73126,84500,2.8,11.32,42456.97,107.21,8,3.223,4.14,10.67,8.05,0.08,-0.33,0,0,29.73,45793.83,6.17,21.185,6.31,6.31,30.19,1.2,0,0,1000
7/31/2026 2:03,1000,73126,90000,3.13,12.66,42353.99,101.8,7.61,3.171,4.19,10.82,8.02,0.09,-0.31,0,0,29.72,45775,6.18,21.087,5.54,5.54,32.63,1.2,0,0,1001
7/31/2026 2:18,1001,73126,91500,3.3,13.34,42399.53,101.38,7.58,3.122,4.59,12.02,8.02,0.09,-0.31,0,0,29.73,45788.79,6.18,21.125,5.42,5.42,32.63,1.2,0,0,1002
7/31/2026 2:33,1002,73126,93000,2.74,11.06,42417.45,99.37,7.43,3.036,4.01,10.3,8.01,0.08,-0.32,0,0,29.74,45801.27,6.18,21.132,5.37,5.37,29.89,1.2,0,0,1003
7/31/2026 2:48,1003,73126,94500,2.65,10.7,42366.79,91.73,6.86,2.949,3.98,10.19,7.99,0.08,-0.32,0,0,29.72,45774.52,6.18,21.102,5.5,5.5,29.89,1.2,0,0,1004
7/31/2026 3:03,1004,73126,100000,3.2,12.91,42426.61,104.25,7.79,2.852,3.96,10.15,8.04,0.11,-0.29,0,0,29.74,45800.05,6.18,21.144,5.19,5.19,30.14,1.21,0,0,1005
7/31/2026 3:18,1005,73126,101500,2.83,11.42,42345.89,102.14,7.65,2.726,4.07,10.47,8.02,0.09,-0.32,0,0,29.75,45815.73,6.18,21.035,5.62,5.62,30.14,1.21,0,0,1006
7/31/2026 3:33,1006,73126,103000,3.04,12.28,42355.17,102.74,7.69,2.606,4.1,10.56,8.03,0.11,-0.29,0,0,29.73,45788.99,6.18,21.074,5.58,5.58,30.22,1.19,0,0,1007
7/31/2026 3:48,1007,73126,104500,2.84,11.46,42395.21,104.42,7.81,2.486,4.09,10.54,8.04,0.09,-0.32,0,0,29.75,45817.6,6.17,21.089,5.47,5.47,30.22,1.19,0,0,1008
7/31/2026 4:03,1008,73126,110000,2.84,11.47,42357.51,104.17,7.8,2.362,4.04,10.38,8.03,0.06,-0.34,0,0,29.75,45815.28,6.18,21.049,5.43,5.43,29.76,1.19,0,0,1009
7/31/2026 4:18,1009,73126,111500,2.46,9.94,42359.11,98.23,7.35,2.243,4.14,10.67,8,0.05,-0.35,0,0,29.74,45807.33,6.17,21.059,4.96,4.96,29.76,1.19,0,0,1010
7/31/2026 4:33,1010,73126,113000,2.73,11.03,42357.77,97.54,7.3,2.123,4.11,10.59,8.02,0.06,-0.35,0,0,29.75,45813.83,6.18,21.05,4.99,4.99,30.63,1.19,0,0,1011
7/31/2026 4:48,1011,73126,114500,2.59,10.48,42323.45,69.65,5.22,2.011,4.11,10.59,8.04,0.08,-0.32,0,0,29.74,45809.07,6.18,21.016,4.83,4.83,30.63,1.19,0,0,1012
7/31/2026 5:03,1012,73126,120000,2.49,10.05,42285.39,100.23,7.51,1.898,4.13,10.65,8.03,0.08,-0.33,0,0,29.74,45800.46,6.18,20.982,4.51,4.51,30.26,1.2,0,0,1013
7/31/2026 5:18,1013,73126,121500,2.81,11.34,42269.71,99.74,7.48,1.81,4.17,10.76,8.05,0.09,-0.32,0,0,29.74,45805.29,6.18,20.959,4.64,4.64,30.26,1.2,0,0,1014
7/31/2026 5:33,1014,73126,123000,3.08,12.44,42273.37,105.55,7.91,1.714,4.18,10.8,8.06,0.09,-0.31,0,0,29.74,45799.27,6.18,20.969,4.51,4.51,30.29,1.2,0,0,1015
7/31/2026 5:48,1015,73126,124500,3.5,14.15,42273.8,104.75,7.85,1.628,4.07,10.46,8.05,0.1,-0.3,0,0,29.74,45799.29,6.18,20.97,4.65,4.65,30.29,1.2,0,0,1016
7/31/2026 6:03,1016,73126,130000,3.32,13.43,42294.53,104.29,7.81,1.544,4.1,10.56,8.05,0.12,-0.29,0,0,29.74,45803.73,6.18,20.989,4.99,4.99,30.48,1.2,0,0,1017
7/31/2026 6:18,1017,73126,131500,3.48,14.05,42303.54,106.07,7.95,1.464,4.15,10.71,8.06,0.1,-0.31,0,0,29.74,45806.36,6.18,20.996,4.84,4.84,30.48,1.2,0,0,1018
7/31/2026 6:33,1018,73126,133000,4.06,16.38,42344.94,106.81,8,1.393,4.13,10.64,8.1,0.17,-0.24,0,0,29.77,45837.93,6.17,21.01,5.02,5.02,30.15,1.2,0,0,1019
7/31/2026 6:48,1019,73126,134500,3.44,13.91,42355.35,104.34,7.81,1.329,3.98,10.21,8.09,0.1,-0.3,0,0,29.75,45814.97,6.18,21.046,5.4,5.4,30.15,1.2,0,0,1020
7/31/2026 7:03,1020,73126,140000,2.92,11.79,42302.33,106.43,7.97,1.286,4.13,10.66,8.08,0.09,-0.31,0,0,29.75,45813.41,6.18,20.988,6.75,6.75,29.64,1.19,0,0,1021
7/31/2026 7:18,1021,73126,141500,2.99,12.09,42275.62,104.95,7.87,1.25,4.12,10.62,8.08,0.1,-0.3,0,0,29.75,45813.59,6.18,20.957,6.7,6.7,29.64,1.19,0,0,1022
7/31/2026 7:33,1022,73126,143000,2.93,11.86,42262.23,106.36,7.98,1.207,4.08,10.51,8.08,0.12,-0.28,0,0,29.75,45821.48,6.18,20.933,6.98,6.98,32.68,1.19,0,0,1023
7/31/2026 7:48,1023,73126,144500,2.97,12.01,42239.29,102.8,7.71,1.185,4.01,10.28,8.06,0.09,-0.31,0,0,29.75,45814.19,6.18,20.915,7.06,7.06,32.68,1.19,0,0,1024
7/31/2026 8:03,1024,73126,150000,3.11,12.55,42251.31,107.4,8.06,1.172,4.02,10.33,8.08,0.11,-0.29,0,0,29.75,45818.37,6.18,20.924,6.1,6.1,30.82,1.2,0,0,1025
7/31/2026 8:18,1025,73126,151500,3.14,12.69,42213.7,105.73,7.93,1.173,4.08,10.51,8.07,0.12,-0.29,0,0,29.74,45803.41,6.18,20.897,7,7,30.82,1.2,0,0,1026
7/31/2026 8:33,1026,73126,153000,2.98,12.02,42252.51,107.59,8.07,1.191,4.03,10.36,8.08,0.11,-0.29,0,0,29.75,45820.54,6.18,20.923,5.8,5.8,30.29,1.19,0,0,1027
7/31/2026 8:48,1027,73126,154500,3.05,12.33,42284.28,104.53,7.84,1.234,4.06,10.45,8.09,0.13,-0.28,0,0,29.76,45825.34,6.18,20.954,6.12,6.12,30.29,1.19,0,0,1028
7/31/2026 9:03,1028,73126,160000,2.84,11.5,42294.59,106.35,7.97,1.262,3.98,10.2,8.07,0.09,-0.32,0,0,29.76,45826.5,6.18,20.965,5.65,5.65,31.22,1.2,0,0,1029
